# File generated by ImageToStl.com - Free Image and 3D model conversion tools

o obj1
v 0.10153043 0.175 -0.01
v 0.10153043 0.175 -0
v 0.10153043 0.17125 -0.01
v 0.10153043 0.17125 -0
v 0.10153043 0.15075 -0.01
v 0.10153043 0.15075 -0
v 0.10153043 0.040625 -0.01
v 0.10153043 0.039375 -0
v 0.10153043 0.037375 -0.01
v 0.10153043 0.037375 -0
v 0.10153043 0.03452147 -0.01
v 0.10153043 0.03452147 -0
v 0.10153043 0.03264647 -0.01
v 0.10153043 0.03264647 -0
v 0.10153043 0.02897795 -0.01
v 0.10153043 0.02897795 -0
v 0.10153043 0.02686648 -0.01
v 0.10153043 0.02686648 -0
v 0.10153043 0.02286648 -0.01
v 0.10153043 0.02286648 -0
v 0.10153043 0.00925 -0.01
v 0.10153043 0.00925 -0
v 0.10153043 -0.00925 -0.01
v 0.10153043 -0.00925 -0
v 0.10153043 -0.02066 -0.01
v 0.10153043 -0.02066 -0
v 0.10153043 -0.02286648 -0.01
v 0.10153043 -0.02286648 -0
v 0.10153043 -0.02897795 -0.01
v 0.10153043 -0.02897795 -0
v 0.10153043 -0.03452147 -0.01
v 0.10153043 -0.03452147 -0
v 0.10153043 -0.037375 -0.01
v 0.10153043 -0.037375 -0
v 0.10153043 -0.040625 -0.01
v 0.10153043 -0.039375 -0
v 0.10153043 -0.08925 -0.01
v 0.10153043 -0.0905 -0
v 0.10153043 -0.15075 -0.01
v 0.10153043 -0.15075 -0
v 0.10153043 -0.175 -0.01
v 0.10153043 -0.175 -0
v -0.10166956 0.175 -0
v -0.10166956 0.175 -0.01
v -0.10166956 0.17125 -0
v -0.10166956 0.17125 -0.01
v -0.10166956 0.15075 -0
v -0.10166956 0.15075 -0.01
v -0.10166956 0.039375 -0
v -0.10166956 0.040625 -0.01
v -0.10166956 0.037375 -0
v -0.10166956 0.037375 -0.01
v -0.10166956 0.03452147 -0
v -0.10166956 0.03452147 -0.01
v -0.10166956 0.03264647 -0
v -0.10166956 0.03264647 -0.01
v -0.10166956 0.02897795 -0
v -0.10166956 0.02897795 -0.01
v -0.10166956 0.02686648 -0
v -0.10166956 0.02686648 -0.01
v -0.10166956 0.02286648 -0
v -0.10166956 0.02286648 -0.01
v -0.10166956 0.00925 -0
v -0.10166956 0.00925 -0.01
v -0.10166956 -0.00925 -0
v -0.10166956 -0.00925 -0.01
v -0.10166956 -0.02066 -0
v -0.10166956 -0.02066 -0.01
v -0.10166956 -0.02286648 -0
v -0.10166956 -0.02286648 -0.01
v -0.10166956 -0.02897795 -0
v -0.10166956 -0.02897795 -0.01
v -0.10166956 -0.03452147 -0
v -0.10166956 -0.03452147 -0.01
v -0.10166956 -0.037375 -0
v -0.10166956 -0.037375 -0.01
v -0.10166956 -0.039375 -0
v -0.10166956 -0.040625 -0.01
v -0.10166956 -0.0905 -0
v -0.10166956 -0.08925 -0.01
v -0.10166956 -0.15075 -0
v -0.10166956 -0.15075 -0.01
v -0.10166956 -0.175 -0
v -0.10166956 -0.175 -0.01
v -0.03944457 -0.0905 -0
v -0.06116957 -0.0905 -0
v -0.06116957 -0.15075 -0
v 0.0297769 -0.02286648 -0
v 0.02858043 -0.02286648 -0
v 0.02858043 -0.02897795 -0
v -0.03243457 0.02897795 -0
v -0.03459104 0.02897795 -0
v -0.03459104 0.02686648 -0
v -0.02089457 0.039375 -0
v -0.02871957 0.039375 -0
v -0.02871957 0.037375 -0
v -0.00931957 0.17125 -0
v -0.02089457 0.17125 -0
v -0.02089457 0.15075 -0
v 0.06103043 0.175 -0
v 0.03930543 0.175 -0
v 0.03930543 0.17125 -0
v -0.03579957 0.036 -0
v -0.03454957 0.03566507 -0
v -0.03459104 0.037375 -0
v -0.03329957 0.0335 -0
v -0.03363451 0.03225 -0
v -0.03243457 0.03264647 -0
v -0.03363451 -0.03475 -0
v -0.03454957 -0.03566507 -0
v -0.03459104 -0.037375 -0
v -0.03579957 -0.031 -0
v -0.03454957 -0.03133494 -0
v -0.03459104 -0.02897795 -0
v -0.02773252 0.02616295 -0
v -0.02753156 0.02691295 -0
v -0.02871957 0.02686648 -0
v -0.02031957 0.03204294 -0
v -0.02008511 0.03291794 -0
v -0.02089457 0.03264647 -0
v 0.02230296 0.02217476 -0
v 0.02208043 0.02286648 -0
v 0.02122774 0.02320936 -0
v 0.03197337 0.02025 -0
v 0.03284837 0.02001555 -0
v 0.0325769 0.02286648 -0
v 0.02122774 -0.02320936 -0
v 0.02208043 -0.02286648 -0
v 0.02230296 -0.02217476 -0
v -0.02419997 -0.02024781 -0
v -0.02966989 -0.01077363 -0
v -0.02871957 -0.02066 -0
v -0.03156957 0 -0
v -0.02966989 0.01077363 -0
v -0.03243457 0.00925 -0
v -0.07826956 -0.13846411 -0
v -0.07973367 -0.13699999 -0
v -0.07951956 -0.15075 -0
v 0.02733043 0.13846411 -0
v 0.02879453 0.13699999 -0
v 0.02858043 0.15075 -0
v -0.08026957 0.13500001 -0
v -0.07973367 0.13699999 -0
v -0.07951956 0.15075 -0
v -0.08031957 0.15075 -0
v -0.08031957 0.039375 -0
v -0.07280546 0.13699999 -0
v -0.07226957 0.13500001 -0
v -0.06116957 0.15075 -0
v -0.07973367 0.133 -0
v -0.07951956 0.039375 -0
v -0.07826956 0.1315359 -0
v -0.07626957 0.131 -0
v -0.06116957 0.039375 -0
v -0.07280546 0.133 -0
v -0.07426956 0.1315359 -0
v -0.07826956 0.13846411 -0
v -0.07626957 0.139 -0
v -0.07426956 0.13846411 -0
v -0.02991604 0.039375 -0
v -0.02946957 0.13500001 -0
v -0.02991604 0.15075 -0
v -0.02893367 0.13699999 -0
v -0.02546957 0.139 -0
v -0.02871957 0.15075 -0
v -0.02746957 0.13846411 -0
v -0.02893367 0.133 -0
v -0.02746957 0.1315359 -0
v -0.02546957 0.131 -0
v -0.02346957 0.1315359 -0
v -0.02200547 0.133 -0
v -0.02346957 0.13846411 -0
v -0.02200547 0.13699999 -0
v -0.02146957 0.13500001 -0
v 0.02075543 0.039375 -0
v 0.02133043 0.13500001 -0
v 0.02075543 0.15075 -0
v 0.02186633 0.13699999 -0
v 0.02858043 0.039375 -0
v 0.02879453 0.133 -0
v 0.02733043 0.1315359 -0
v 0.02186633 0.133 -0
v 0.02208043 0.039375 -0
v 0.02333043 0.1315359 -0
v 0.02533043 0.131 -0
v 0.02933043 0.13500001 -0
v 0.0297769 0.15075 -0
v 0.0297769 0.039375 -0
v 0.02208043 0.15075 -0
v 0.02333043 0.13846411 -0
v 0.02533043 0.139 -0
v 0.07813043 0.1315359 -0
v 0.07613043 0.131 -0
v 0.07288043 0.039375 -0
v 0.07959454 0.13699999 -0
v 0.08013044 0.13500001 -0
v 0.07413043 0.1315359 -0
v 0.07266633 0.133 -0
v 0.06103043 0.15075 -0
v 0.07213043 0.13500001 -0
v 0.07266633 0.13699999 -0
v 0.07959454 0.133 -0
v 0.07413043 0.13846411 -0
v 0.07288043 0.15075 -0
v 0.07613043 0.139 -0
v 0.07813043 0.13846411 -0
v -0.08031957 -0.15075 -0
v -0.08026957 -0.13500001 -0
v -0.08031957 -0.0905 -0
v -0.07973367 -0.133 -0
v -0.07951956 -0.0905 -0
v -0.07826956 -0.1315359 -0
v -0.07626957 -0.131 -0
v -0.07226957 -0.13500001 -0
v -0.07280546 -0.133 -0
v -0.07426956 -0.1315359 -0
v -0.07280546 -0.13699999 -0
v -0.07426956 -0.13846411 -0
v -0.07626957 -0.139 -0
v -0.02871957 -0.0905 -0
v -0.02893367 -0.133 -0
v -0.02746957 -0.1315359 -0
v -0.02546957 -0.139 -0
v -0.02746957 -0.13846411 -0
v -0.02871957 -0.15075 -0
v -0.02893367 -0.13699999 -0
v -0.02991604 -0.15075 -0
v -0.02346957 -0.13846411 -0
v -0.02089457 -0.15075 -0
v -0.02200547 -0.13699999 -0
v -0.02546957 -0.131 -0
v -0.02346957 -0.1315359 -0
v -0.02089457 -0.0905 -0
v -0.02200547 -0.133 -0
v -0.02146957 -0.13500001 -0
v 0.02533043 -0.139 -0
v 0.02333043 -0.13846411 -0
v 0.02208043 -0.15075 -0
v 0.02186633 -0.13699999 -0
v 0.02075543 -0.15075 -0
v 0.02733043 -0.13846411 -0
v 0.02858043 -0.15075 -0
v 0.02879453 -0.13699999 -0
v 0.0297769 -0.15075 -0
v 0.02933043 -0.13500001 -0
v 0.02333043 -0.1315359 -0
v 0.02533043 -0.131 -0
v 0.02858043 -0.0905 -0
v 0.02733043 -0.1315359 -0
v 0.07213043 -0.13500001 -0
v 0.06103043 -0.15075 -0
v 0.07266633 -0.13699999 -0
v 0.07288043 -0.15075 -0
v 0.07413043 -0.13846411 -0
v 0.07613043 -0.131 -0
v 0.07288043 -0.0905 -0
v 0.07413043 -0.1315359 -0
v 0.07266633 -0.133 -0
v 0.08013044 -0.13500001 -0
v 0.07959454 -0.133 -0
v 0.07813043 -0.1315359 -0
v 0.07959454 -0.13699999 -0
v 0.07813043 -0.13846411 -0
v 0.07613043 -0.139 -0
v -0.03036251 -0.0185 -0
v -0.03059697 -0.019375 -0
v -0.02991604 -0.02066 -0
v -0.03123751 -0.02001555 -0
v -0.03243457 -0.00925 -0
v -0.03123751 -0.01698446 -0
v -0.03059697 -0.017625 -0
v -0.02871957 -0.02286648 -0
v -0.02698252 -0.02486391 -0
v -0.02623252 -0.02466295 -0
v -0.02118856 -0.02337174 -0
v -0.02136688 -0.02320936 -0
v -0.02548252 -0.02486391 -0
v -0.02377704 -0.0207414 -0
v -0.02493348 -0.02541295 -0
v -0.02473252 -0.02616295 -0
v -0.02089457 -0.02897795 -0
v -0.02493348 -0.02691295 -0
v -0.02548252 -0.02746199 -0
v -0.02623252 -0.02766295 -0
v -0.02698252 -0.02746199 -0
v -0.02871957 -0.02897795 -0
v -0.02753156 -0.02691295 -0
v -0.02773252 -0.02616295 -0
v -0.02753156 -0.02541295 -0
v -0.01705403 -0.03291794 -0
v -0.01769457 -0.03355848 -0
v -0.00931957 -0.03452147 -0
v -0.01856957 -0.03379294 -0
v -0.01944457 -0.03355848 -0
v -0.02089457 -0.03452147 -0
v -0.02008511 -0.03291794 -0
v -0.02031957 -0.03204294 -0
v -0.02008511 -0.03116794 -0
v -0.01944457 -0.0305274 -0
v -0.01581957 -0.0272798 -0
v -0.01681957 -0.03204294 -0
v -0.01856957 -0.03029294 -0
v -0.01769457 -0.0305274 -0
v -0.00553949 -0.03102144 -0
v -0.01705403 -0.03116794 -0
v 0.00540035 -0.03102144 -0
v 0.01668043 -0.03204294 -0
v 0.01691489 -0.03116794 -0
v 0.02104942 -0.02337174 -0
v 0.02075543 -0.02897795 -0
v 0.01568043 -0.0272798 -0
v 0.01843043 -0.03029294 -0
v 0.01755543 -0.0305274 -0
v 0.01930543 -0.0305274 -0
v 0.01994598 -0.03116794 -0
v 0.02018043 -0.03204294 -0
v 0.02075543 -0.03452147 -0
v 0.01994598 -0.03291794 -0
v 0.01930543 -0.03355848 -0
v 0.01843043 -0.03379294 -0
v 0.01755543 -0.03355848 -0
v 0.00918043 -0.03452147 -0
v 0.01691489 -0.03291794 -0
v 0.02208043 -0.02897795 -0
v 0.0236379 -0.0207414 -0
v 0.0297769 -0.02066 -0
v 0.02953075 -0.01077363 -0
v 0.02858043 -0.02066 -0
v 0.02406083 -0.02024781 -0
v 0.03143043 -0 -0
v 0.0325769 -0.00925 -0
v 0.03109837 -0.01698446 -0
v 0.03348891 -0.019375 -0
v 0.03284837 -0.02001555 -0
v 0.0325769 -0.02066 -0
v 0.03197337 -0.02025 -0
v 0.03109837 -0.02001555 -0
v 0.03045783 -0.019375 -0
v 0.03022337 -0.0185 -0
v 0.03045783 -0.017625 -0
v 0.03109837 0.02001555 -0
v 0.03022337 0.0185 -0
v 0.03045783 0.019375 -0
v 0.0297769 0.02286648 -0
v 0.02858043 0.02286648 -0
v 0.02406083 0.02024781 -0
v 0.02953075 0.01077363 -0
v 0.02075543 0.03264647 -0
v 0.02018043 0.03204294 -0
v 0.02075543 0.02897795 -0
v 0.01994598 0.03116794 -0
v 0.01930543 0.0305274 -0
v 0.02104942 0.02337174 -0
v 0.02075543 0.02686648 -0
v 0.01624149 0.02694809 -0
v 0.01568043 0.0272798 -0
v 0.01843043 0.03029294 -0
v 0.01755543 0.0305274 -0
v 0.00540035 0.03102144 -0
v -0.00931957 0.03264647 -0
v -0.00553949 0.03102144 -0
v -0.01769457 0.0305274 -0
v -0.01581957 0.0272798 -0
v -0.01705403 0.03116794 -0
v -0.01681957 0.03204294 -0
v -0.01705403 0.03291794 -0
v -0.01856957 0.03029294 -0
v -0.01944457 0.0305274 -0
v -0.02089457 0.02897795 -0
v -0.02008511 0.03116794 -0
v -0.02118856 0.02337174 -0
v -0.01638063 0.02694809 -0
v -0.02089457 0.02686648 -0
v -0.02493348 0.02691295 -0
v -0.02473252 0.02616295 -0
v -0.02753156 0.02541295 -0
v -0.02493348 0.02541295 -0
v -0.02136688 0.02320936 -0
v -0.02548252 0.02486391 -0
v -0.02623252 0.02466295 -0
v -0.02871957 0.02286648 -0
v -0.02698252 0.02486391 -0
v -0.02419997 0.02024781 -0
v -0.03211251 0.02025 -0
v -0.03123751 0.02001555 -0
v -0.02991604 0.02286648 -0
v -0.03059697 0.019375 -0
v -0.03036251 0.0185 -0
v -0.01769457 0.03355848 -0
v -0.00931957 0.03452147 -0
v -0.01856957 0.03379294 -0
v -0.03298751 0.01698446 -0
v -0.03459104 0.00925 -0
v -0.03211251 0.01675 -0
v -0.03123751 0.01698446 -0
v -0.03059697 0.017625 -0
v -0.03362805 0.017625 -0
v -0.03386251 0.0185 -0
v -0.03459104 0.02286648 -0
v -0.03362805 0.019375 -0
v -0.03298751 -0.02001555 -0
v -0.03362805 -0.019375 -0
v -0.03459104 -0.02066 -0
v -0.03386251 -0.0185 -0
v -0.03459104 -0.00925 -0
v -0.03362805 -0.017625 -0
v -0.03298751 -0.01698446 -0
v -0.03211251 -0.01675 -0
v -0.00158511 -0.036125 -0
v -0.00094457 -0.03548446 -0
v -6.957E-05 -0.03525 -0
v 0.00080543 -0.03548446 -0
v 0.00144598 -0.036125 -0
v 0.00918043 -0.037375 -0
v 0.00168043 -0.037 -0
v 0.00918043 -0.039375 -0
v 0.00144598 -0.037875 -0
v 0.00080543 -0.03851555 -0
v -0.00158511 -0.037875 -0
v -0.00931957 -0.039375 -0
v -0.00094457 -0.03851555 -0
v -6.957E-05 -0.03875 -0
v 0.03197337 -0.01675 -0
v 0.03284837 -0.01698446 -0
v 0.03930543 -0.00925 -0
v 0.03348891 -0.017625 -0
v -0.00094457 0.03548446 -0
v -0.00158511 0.036125 -0
v -6.957E-05 0.03525 -0
v 0.00918043 0.03452147 -0
v 0.00080543 0.03548446 -0
v 0.00144598 0.036125 -0
v -0.00181957 0.037 -0
v -0.00158511 0.037875 -0
v -0.00931957 0.039375 -0
v -0.00094457 0.03851555 -0
v -6.957E-05 0.03875 -0
v 0.00168043 0.037 -0
v 0.00918043 0.037375 -0
v 0.00144598 0.037875 -0
v 0.00918043 0.039375 -0
v 0.00080543 0.03851555 -0
v 0.01691489 0.03116794 -0
v 0.01668043 0.03204294 -0
v 0.00918043 0.03264647 -0
v 0.01691489 0.03291794 -0
v 0.01755543 0.03355848 -0
v 0.01843043 0.03379294 -0
v 0.02075543 0.03452147 -0
v 0.01930543 0.03355848 -0
v 0.01994598 0.03291794 -0
v 0.03348891 0.019375 -0
v 0.03930543 0.02286648 -0
v 0.03372337 0.0185 -0
v 0.03930543 0.00925 -0
v 0.03348891 0.017625 -0
v 0.0325769 0.00925 -0
v 0.03284837 0.01698446 -0
v 0.03197337 0.01675 -0
v -0.08536956 0.02357 -0
v -0.08503463 0.02482 -0
v -0.08411957 0.02573506 -0
v -0.08286957 0.02607 -0
v -0.08031957 0.02686648 -0
v -0.08161957 0.02573506 -0
v -0.0807045 0.02482 -0
v -0.08036957 0.02357 -0
v -0.08031957 0.02286648 -0
v -0.0807045 0.02232 -0
v -0.08031957 0.00925 -0
v -0.08161957 0.02140494 -0
v -0.08286957 0.02107 -0
v -0.08411957 0.02140494 -0
v -0.08503463 0.02232 -0
v -0.08031957 -0.02897795 -0
v -0.08161957 -0.02573506 -0
v -0.08286957 -0.02607 -0
v -0.08411957 -0.02573506 -0
v -0.08503463 -0.02482 -0
v -0.08536956 -0.02357 -0
v -0.08503463 -0.02232 -0
v -0.08411957 -0.02140494 -0
v -0.08286957 -0.02107 -0
v -0.08161957 -0.02140494 -0
v -0.08031957 -0.02066 -0
v -0.0807045 -0.02232 -0
v -0.08031957 -0.02286648 -0
v -0.08036957 -0.02357 -0
v -0.0807045 -0.02482 -0
v -0.03363451 -0.03225 -0
v -0.03243457 -0.02897795 -0
v -0.03243457 -0.03452147 -0
v -0.03944457 -0.03452147 -0
v -0.03796463 -0.03475 -0
v -0.03829957 -0.0335 -0
v -0.03944457 -0.02897795 -0
v -0.03796463 -0.03225 -0
v -0.03704957 -0.03133494 -0
v -0.03704957 -0.03566507 -0
v -0.03944457 -0.037375 -0
v -0.03579957 -0.036 -0
v -0.03579957 0.031 -0
v -0.03704957 0.03133494 -0
v -0.03944457 0.02897795 -0
v -0.03944457 0.03264647 -0
v -0.03363451 0.03475 -0
v -0.03243457 0.03452147 -0
v -0.03243457 0.037375 -0
v -0.03796463 0.03225 -0
v -0.03829957 0.0335 -0
v -0.03944457 0.03452147 -0
v -0.03796463 0.03475 -0
v -0.03944457 0.037375 -0
v -0.03704957 0.03566507 -0
v 0.02739242 0.02541295 -0
v 0.02759338 0.02616295 -0
v 0.02858043 0.02686648 -0
v 0.02739242 0.02691295 -0
v 0.02534338 0.02486391 -0
v 0.02609338 0.02466295 -0
v 0.02684338 0.02486391 -0
v 0.02479434 0.02541295 -0
v 0.02208043 0.02686648 -0
v 0.02684338 0.02746199 -0
v 0.02858043 0.02897795 -0
v 0.02609338 0.02766295 -0
v 0.02459338 0.02616295 -0
v 0.02479434 0.02691295 -0
v 0.02208043 0.02897795 -0
v 0.02534338 0.02746199 -0
v -0.02623252 0.02766295 -0
v -0.02548252 0.02746199 -0
v 0.07288043 0.175 -0
v 0.07288043 0.17125 -0
v 0.02208043 0.175 -0
v 0.02208043 0.17125 -0
v 0.02858043 0.175 -0
v 0.02858043 0.17125 -0
v -0.02871957 0.175 -0
v -0.02871957 0.17125 -0
v -0.02089457 0.175 -0
v -0.00931957 0.175 -0
v 0.00918043 0.175 -0
v -0.07951956 0.175 -0
v -0.07951956 0.17125 -0
v -0.06116957 0.175 -0
v -0.06116957 0.17125 -0
v -0.03944457 0.175 -0
v -0.03944457 0.17125 -0
v 0.0782955 0.16625001 -0
v 0.07863043 0.16500001 -0
v 0.07488044 0.16283494 -0
v 0.07396537 0.16374999 -0
v 0.07363044 0.16500001 -0
v 0.07396537 0.16625001 -0
v 0.0782955 0.16374999 -0
v 0.07738043 0.16283494 -0
v 0.07613043 0.16249999 -0
v 0.07488044 0.16716507 -0
v 0.07613043 0.1675 -0
v 0.07738043 0.16716507 -0
v 0.06103043 0.17125 -0
v 0.0297769 0.17125 -0
v 0.0297769 0.175 -0
v 0.02658043 0.16283494 -0
v 0.02533043 0.16249999 -0
v 0.02408043 0.16283494 -0
v 0.02316537 0.16374999 -0
v 0.02283043 0.16500001 -0
v 0.02316537 0.16625001 -0
v 0.02408043 0.16716507 -0
v 0.02533043 0.1675 -0
v 0.02658043 0.16716507 -0
v 0.02749549 0.16625001 -0
v 0.02783043 0.16500001 -0
v 0.02749549 0.16374999 -0
v 0.02075543 0.17125 -0
v 0.02075543 0.175 -0
v 0.00918043 0.17125 -0
v -0.00931957 0.15075 -0
v -0.02546957 0.16249999 -0
v -0.02671957 0.16283494 -0
v -0.02763463 0.16374999 -0
v -0.02796957 0.16500001 -0
v -0.02763463 0.16625001 -0
v -0.02421957 0.16283494 -0
v -0.02671957 0.16716507 -0
v -0.02546957 0.1675 -0
v -0.02421957 0.16716507 -0
v -0.02330451 0.16625001 -0
v -0.02296957 0.16500001 -0
v -0.02330451 0.16374999 -0
v -0.02991604 0.17125 -0
v -0.02991604 0.175 -0
v -0.07751957 0.16283494 -0
v -0.07843463 0.16374999 -0
v -0.07876956 0.16500001 -0
v -0.07843463 0.16625001 -0
v -0.0741045 0.16625001 -0
v -0.07376957 0.16500001 -0
v -0.03944457 0.15075 -0
v -0.07751957 0.16716507 -0
v -0.07626957 0.1675 -0
v -0.07501957 0.16716507 -0
v -0.0741045 0.16374999 -0
v -0.07501957 0.16283494 -0
v -0.07626957 0.16249999 -0
v -0.08031957 0.17125 -0
v -0.08031957 0.175 -0
v 0.03930543 0.15075 -0
v 0.04243043 0.04933013 -0
v 0.04493043 0.05 -0
v 0.04243043 0.04066987 -0
v 0.0406003 0.0425 -0
v 0.03930543 0.039375 -0
v 0.03993043 0.045 -0
v 0.0406003 0.0475 -0
v 0.06103043 0.039375 -0
v 0.04743043 0.04066987 -0
v 0.04493043 0.04 -0
v 0.04743043 0.04933013 -0
v 0.04926056 0.0475 -0
v 0.04993043 0.045 -0
v 0.04926056 0.0425 -0
v 0.00918043 0.15075 -0
v -0.04256957 0.04066987 -0
v -0.04506957 0.04 -0
v -0.03944457 0.039375 -0
v -0.04756957 0.04066987 -0
v -0.0493997 0.0425 -0
v -0.05006957 0.045 -0
v -0.0493997 0.0475 -0
v -0.04756957 0.04933013 -0
v -0.04506957 0.05 -0
v -0.04256957 0.04933013 -0
v -0.04073944 0.0475 -0
v -0.04006957 0.045 -0
v -0.04073944 0.0425 -0
v -0.02991604 0.03452147 -0
v -0.02991604 0.037375 -0
v -0.03243457 0.039375 -0
v -0.03459104 0.039375 -0
v -0.03243457 0.15075 -0
v -0.03459104 0.15075 -0
v -0.03243457 0.17125 -0
v -0.03459104 0.17125 -0
v -0.03243457 0.175 -0
v -0.03459104 0.175 -0
v 0.02075543 0.037375 -0
v -0.01944457 0.03355848 -0
v -0.02089457 0.03452147 -0
v -0.00931957 0.037375 -0
v -0.02089457 0.037375 -0
v -0.02871957 0.03452147 -0
v -0.02991604 0.03264647 -0
v -0.03454957 0.03133494 -0
v 0.02858043 0.03264647 -0
v 0.02208043 0.03264647 -0
v 0.02858043 0.03452147 -0
v 0.02208043 0.03452147 -0
v 0.02858043 0.037375 -0
v 0.02208043 0.037375 -0
v -0.02698252 0.02746199 -0
v -0.02871957 0.02897795 -0
v 0.07288043 0.037375 -0
v 0.07288043 0.03452147 -0
v 0.07288043 0.03264647 -0
v 0.07288043 0.02897795 -0
v 0.07288043 0.02686648 -0
v 0.06103043 0.02286648 -0
v 0.06103043 0.02686648 -0
v 0.06103043 0.02897795 -0
v 0.06103043 0.03264647 -0
v 0.06103043 0.03452147 -0
v 0.06103043 0.037375 -0
v -0.02871957 0.03264647 -0
v -0.02991604 0.02897795 -0
v -0.03243457 0.02686648 -0
v -0.08031957 0.02897795 -0
v -0.08031957 0.03264647 -0
v -0.08031957 0.03452147 -0
v -0.08031957 0.037375 -0
v 0.07288043 0.02286648 -0
v 0.03930543 0.02686648 -0
v 0.03930543 0.02897795 -0
v 0.03930543 0.03264647 -0
v 0.03930543 0.03452147 -0
v 0.03930543 0.037375 -0
v 0.0325769 0.02686648 -0
v 0.0325769 0.02897795 -0
v 0.0325769 0.03264647 -0
v 0.0325769 0.03452147 -0
v 0.0325769 0.037375 -0
v 0.0325769 0.039375 -0
v 0.0325769 0.15075 -0
v 0.0325769 0.17125 -0
v 0.0325769 0.175 -0
v 0.0297769 0.02686648 -0
v 0.0297769 0.02897795 -0
v 0.0297769 0.03264647 -0
v 0.0297769 0.03452147 -0
v 0.0297769 0.037375 -0
v 0.03045783 0.017625 -0
v -0.03298751 0.02001555 -0
v -0.03243457 0.02286648 -0
v -0.02991604 0.02686648 -0
v -0.03944457 0.02686648 -0
v -0.03944457 0.02286648 -0
v -0.03944457 0.00925 -0
v 0.07288043 0.00925 -0
v 0.06103043 0.00925 -0
v 0.06103043 -0.00925 -0
v 0.03930543 -0.02066 -0
v 0.03372337 -0.0185 -0
v 0.03780543 0.00151554 -0
v 0.03844598 0.000875 -0
v 0.03868043 -0 -0
v 0.03844598 -0.000875 -0
v 0.03541489 -0.000875 -0
v 0.03518043 -0 -0
v 0.03109837 0.01698446 -0
v 0.03541489 0.000875 -0
v 0.03605543 0.00151554 -0
v 0.03693043 0.00175 -0
v 0.03780543 -0.00151554 -0
v 0.03693043 -0.00175 -0
v 0.03605543 -0.00151554 -0
v -0.03794457 0.00151554 -0
v -0.03706957 0.00175 -0
v -0.03555403 -0.000875 -0
v -0.03619457 -0.00151554 -0
v -0.03944457 -0.00925 -0
v -0.03706957 -0.00175 -0
v -0.03794457 -0.00151554 -0
v -0.03619457 0.00151554 -0
v -0.03555403 0.000875 -0
v -0.03531957 0 -0
v -0.03858512 -0.000875 -0
v -0.03881957 0 -0
v -0.03858512 0.000875 -0
v -0.08031957 -0.00925 -0
v 0.02609338 -0.02466295 -0
v 0.02684338 -0.02486391 -0
v 0.02534338 -0.02486391 -0
v 0.02609338 -0.02766295 -0
v 0.02534338 -0.02746199 -0
v 0.02739242 -0.02541295 -0
v 0.02759338 -0.02616295 -0
v 0.02739242 -0.02691295 -0
v 0.02684338 -0.02746199 -0
v 0.02479434 -0.02691295 -0
v 0.02459338 -0.02616295 -0
v 0.02479434 -0.02541295 -0
v -0.02991604 -0.03452147 -0
v -0.02991604 -0.02897795 -0
v -0.02991604 -0.02286648 -0
v -0.03243457 -0.02286648 -0
v -0.03459104 -0.02286648 -0
v -0.03243457 -0.02066 -0
v -0.03211251 -0.02025 -0
v -0.03944457 -0.02286648 -0
v -0.03944457 -0.02066 -0
v -0.03243457 -0.037375 -0
v 0.07288043 -0.037375 -0
v 0.02208043 -0.03452147 -0
v 0.02075543 -0.037375 -0
v -0.06116957 -0.039375 -0
v -0.06116957 -0.037375 -0
v -0.06116957 -0.03452147 -0
v -0.06116957 -0.02897795 -0
v -0.06116957 -0.02286648 -0
v -0.06116957 -0.02066 -0
v -0.06116957 -0.00925 -0
v -0.06116957 0.00925 -0
v -0.06116957 0.02286648 -0
v -0.06116957 0.02686648 -0
v -0.06116957 0.02897795 -0
v -0.06116957 0.03264647 -0
v -0.06116957 0.03452147 -0
v -0.06116957 0.037375 -0
v 0.07288043 -0.039375 -0
v 0.06103043 -0.0905 -0
v 0.04243043 -0.04066987 -0
v 0.03930543 -0.039375 -0
v 0.0406003 -0.0425 -0
v 0.03993043 -0.045 -0
v 0.04926056 -0.0475 -0
v 0.04743043 -0.04933013 -0
v 0.04243043 -0.04933013 -0
v 0.0406003 -0.0475 -0
v 0.03930543 -0.0905 -0
v 0.04493043 -0.05 -0
v 0.04493043 -0.04 -0
v 0.04743043 -0.04066987 -0
v 0.06103043 -0.039375 -0
v 0.04926056 -0.0425 -0
v 0.04993043 -0.045 -0
v 0.06103043 -0.037375 -0
v 0.07288043 -0.03452147 -0
v 0.0325769 -0.0905 -0
v 0.0297769 -0.0905 -0
v 0.0325769 -0.039375 -0
v 0.03930543 -0.037375 -0
v 0.06103043 -0.03452147 -0
v 0.07288043 -0.02897795 -0
v 0.02879453 -0.133 -0
v 0.0297769 -0.039375 -0
v 0.0325769 -0.037375 -0
v 0.03930543 -0.03452147 -0
v 0.06103043 -0.02897795 -0
v 0.07288043 -0.02286648 -0
v 0.02186633 -0.133 -0
v 0.02208043 -0.0905 -0
v 0.02858043 -0.039375 -0
v 0.0297769 -0.037375 -0
v 0.0325769 -0.03452147 -0
v 0.03930543 -0.02897795 -0
v 0.06103043 -0.02286648 -0
v 0.07288043 -0.02066 -0
v 0.02133043 -0.13500001 -0
v 0.02075543 -0.0905 -0
v 0.02208043 -0.039375 -0
v 0.02858043 -0.037375 -0
v 0.0297769 -0.03452147 -0
v 0.0325769 -0.02897795 -0
v 0.03930543 -0.02286648 -0
v 0.06103043 -0.02066 -0
v 0.07288043 -0.00925 -0
v -0.00931957 -0.0905 -0
v -0.02089457 -0.039375 -0
v -0.00931957 -0.037375 -0
v -0.00181957 -0.037 -0
v -0.02946957 -0.13500001 -0
v -0.02991604 -0.0905 -0
v -0.02871957 -0.039375 -0
v -0.02089457 -0.037375 -0
v -0.0493997 -0.0425 -0
v -0.04756957 -0.04066987 -0
v -0.03944457 -0.039375 -0
v -0.04506957 -0.04 -0
v -0.0493997 -0.0475 -0
v -0.05006957 -0.045 -0
v -0.04256957 -0.04066987 -0
v -0.04073944 -0.0425 -0
v -0.04006957 -0.045 -0
v -0.04073944 -0.0475 -0
v -0.04256957 -0.04933013 -0
v -0.04506957 -0.05 -0
v -0.04756957 -0.04933013 -0
v -0.03329957 -0.0335 -0
v -0.03459104 -0.039375 -0
v -0.07951956 -0.039375 -0
v -0.07951956 -0.037375 -0
v -0.07951956 -0.03452147 -0
v -0.07951956 -0.02897795 -0
v -0.07951956 -0.02286648 -0
v -0.07951956 -0.02066 -0
v -0.07951956 -0.00925 -0
v -0.07951956 0.00925 -0
v -0.07951956 0.02286648 -0
v -0.07951956 0.02686648 -0
v -0.07951956 0.02897795 -0
v -0.07951956 0.03264647 -0
v -0.07951956 0.03452147 -0
v -0.07951956 0.037375 -0
v -0.08031957 -0.039375 -0
v -0.08031957 -0.037375 -0
v -0.08031957 -0.03452147 -0
v 0.0325769 -0.15075 -0
v 0.03930543 -0.15075 -0
v 0.00918043 -0.15075 -0
v -0.00931957 -0.15075 -0
v 0.00918043 -0.0905 -0
v 0.02075543 -0.039375 -0
v 0.02208043 -0.037375 -0
v 0.02858043 -0.03452147 -0
v 0.0297769 -0.02897795 -0
v 0.0325769 -0.02286648 -0
v -0.03243457 -0.15075 -0
v 0.07363044 -0.16500001 -0
v 0.07396537 -0.16374999 -0
v 0.0782955 -0.16625001 -0
v 0.07738043 -0.16716507 -0
v 0.07488044 -0.16716507 -0
v 0.07396537 -0.16625001 -0
v 0.07288043 -0.175 -0
v 0.07613043 -0.1675 -0
v 0.0782955 -0.16374999 -0
v 0.07863043 -0.16500001 -0
v 0.07488044 -0.16283494 -0
v 0.07613043 -0.16249999 -0
v 0.07738043 -0.16283494 -0
v 0.02408043 -0.16716507 -0
v 0.02316537 -0.16625001 -0
v 0.02208043 -0.175 -0
v 0.02658043 -0.16283494 -0
v 0.02749549 -0.16374999 -0
v 0.02283043 -0.16500001 -0
v 0.02316537 -0.16374999 -0
v 0.02408043 -0.16283494 -0
v 0.02533043 -0.16249999 -0
v 0.02783043 -0.16500001 -0
v 0.02749549 -0.16625001 -0
v 0.02858043 -0.175 -0
v 0.02658043 -0.16716507 -0
v 0.02533043 -0.1675 -0
v 0.06103043 -0.175 -0
v 0.03930543 -0.175 -0
v 0.0325769 -0.175 -0
v 0.0297769 -0.175 -0
v -0.02671957 -0.16716507 -0
v -0.02763463 -0.16625001 -0
v -0.02871957 -0.175 -0
v -0.02796957 -0.16500001 -0
v -0.02763463 -0.16374999 -0
v -0.02296957 -0.16500001 -0
v -0.02330451 -0.16625001 -0
v -0.02089457 -0.175 -0
v -0.02421957 -0.16716507 -0
v -0.02546957 -0.1675 -0
v -0.02671957 -0.16283494 -0
v -0.02546957 -0.16249999 -0
v -0.02421957 -0.16283494 -0
v -0.02330451 -0.16374999 -0
v 0.02075543 -0.175 -0
v 0.00918043 -0.175 -0
v -0.00931957 -0.175 -0
v -0.02991604 -0.175 -0
v -0.03243457 -0.175 -0
v -0.03459104 -0.175 -0
v -0.02871957 -0.037375 -0
v -0.02991604 -0.039375 -0
v -0.03243457 -0.0905 -0
v -0.03459104 -0.15075 -0
v -0.03944457 -0.175 -0
v -0.06116957 -0.175 -0
v -0.03944457 -0.15075 -0
v -0.03459104 -0.0905 -0
v -0.03243457 -0.039375 -0
v -0.02991604 -0.037375 -0
v -0.02871957 -0.03452147 -0
v -0.07751957 -0.16716507 -0
v -0.07843463 -0.16625001 -0
v -0.07951956 -0.175 -0
v -0.07876956 -0.16500001 -0
v -0.07843463 -0.16374999 -0
v -0.0741045 -0.16374999 -0
v -0.07376957 -0.16500001 -0
v -0.07751957 -0.16283494 -0
v -0.07626957 -0.16249999 -0
v -0.07501957 -0.16283494 -0
v -0.0741045 -0.16625001 -0
v -0.07501957 -0.16716507 -0
v -0.07626957 -0.1675 -0
v -0.08031957 -0.175 -0
v 0.07288043 0.17125 -0.01
v -0.03243457 0.00925 -0.01
v -0.03243457 -0.00925 -0.01
v -0.03459104 -0.00925 -0.01
v -0.04069457 -0.15075 -0.01
v -0.04069457 -0.175 -0.01
v -0.05991957 -0.175 -0.01
v -0.02330451 -0.16625001 -0.01
v -0.02296957 -0.16500001 -0.01
v -0.02089457 -0.175 -0.01
v 0.0297769 -0.15075 -0.01
v 0.0297769 -0.175 -0.01
v 0.02858043 -0.175 -0.01
v 0.0782955 -0.16625001 -0.01
v 0.07863043 -0.16500001 -0.01
v 0.03348891 0.019375 -0.01
v 0.03284837 0.02001555 -0.01
v 0.0325769 0.02286648 -0.01
v -0.00158511 0.037875 -0.01
v -0.00181957 0.037 -0.01
v -0.00931957 0.037375 -0.01
v 0.00144598 0.036125 -0.01
v 0.00168043 0.037 -0.01
v 0.00918043 0.037375 -0.01
v -0.01581957 -0.0272798 -0.01
v -0.02089457 -0.02897795 -0.01
v -0.02118856 -0.02337174 -0.01
v 0.02122774 0.02320936 -0.01
v 0.02104942 0.02337174 -0.01
v 0.02075543 0.02686648 -0.01
v 0.07413043 0.13846411 -0.01
v 0.07266633 0.13699999 -0.01
v 0.07288043 0.15075 -0.01
v 0.02186633 0.133 -0.01
v 0.02208043 0.040625 -0.01
v 0.02075543 0.040625 -0.01
v -0.08026957 0.13500001 -0.01
v -0.07973367 0.133 -0.01
v -0.07951956 0.040625 -0.01
v -0.07826956 0.1315359 -0.01
v -0.07226957 0.13500001 -0.01
v -0.05991957 0.15075 -0.01
v -0.07280546 0.133 -0.01
v -0.05991957 0.040625 -0.01
v -0.07426956 0.1315359 -0.01
v -0.07626957 0.131 -0.01
v -0.07280546 0.13699999 -0.01
v -0.07426956 0.13846411 -0.01
v -0.07951956 0.15075 -0.01
v -0.07626957 0.139 -0.01
v -0.07826956 0.13846411 -0.01
v -0.02946957 0.13500001 -0.01
v -0.02991604 0.15075 -0.01
v -0.02893367 0.13699999 -0.01
v -0.02871957 0.15075 -0.01
v -0.02746957 0.13846411 -0.01
v -0.02893367 0.133 -0.01
v -0.02746957 0.1315359 -0.01
v -0.02871957 0.040625 -0.01
v -0.02546957 0.131 -0.01
v -0.02089457 0.040625 -0.01
v -0.02346957 0.1315359 -0.01
v -0.02200547 0.133 -0.01
v -0.02146957 0.13500001 -0.01
v -0.02200547 0.13699999 -0.01
v -0.02089457 0.15075 -0.01
v -0.02346957 0.13846411 -0.01
v -0.02546957 0.139 -0.01
v 0.02208043 0.15075 -0.01
v 0.02858043 0.15075 -0.01
v 0.02533043 0.139 -0.01
v 0.02133043 0.13500001 -0.01
v 0.02075543 0.15075 -0.01
v 0.02186633 0.13699999 -0.01
v 0.02333043 0.13846411 -0.01
v 0.02333043 0.1315359 -0.01
v 0.02533043 0.131 -0.01
v 0.02858043 0.040625 -0.01
v 0.02733043 0.1315359 -0.01
v 0.02879453 0.133 -0.01
v 0.0297769 0.040625 -0.01
v 0.02933043 0.13500001 -0.01
v 0.0297769 0.15075 -0.01
v 0.02879453 0.13699999 -0.01
v 0.02733043 0.13846411 -0.01
v 0.05978043 0.15075 -0.01
v 0.07288043 0.040625 -0.01
v 0.07266633 0.133 -0.01
v 0.07413043 0.1315359 -0.01
v 0.08013044 0.13500001 -0.01
v 0.07959454 0.133 -0.01
v 0.07813043 0.1315359 -0.01
v 0.07613043 0.131 -0.01
v 0.07959454 0.13699999 -0.01
v 0.07813043 0.13846411 -0.01
v 0.07613043 0.139 -0.01
v -0.08026957 -0.13500001 -0.01
v -0.07973367 -0.13699999 -0.01
v -0.07951956 -0.15075 -0.01
v -0.07426956 -0.1315359 -0.01
v -0.07626957 -0.131 -0.01
v -0.07951956 -0.08925 -0.01
v -0.07826956 -0.1315359 -0.01
v -0.07226957 -0.13500001 -0.01
v -0.07280546 -0.133 -0.01
v -0.05991957 -0.08925 -0.01
v -0.07826956 -0.13846411 -0.01
v -0.07626957 -0.139 -0.01
v -0.05991957 -0.15075 -0.01
v -0.07426956 -0.13846411 -0.01
v -0.07280546 -0.13699999 -0.01
v -0.02946957 -0.13500001 -0.01
v -0.02991604 -0.15075 -0.01
v -0.02991604 -0.08925 -0.01
v -0.02893367 -0.133 -0.01
v -0.02346957 -0.1315359 -0.01
v -0.02546957 -0.131 -0.01
v -0.02871957 -0.08925 -0.01
v -0.02746957 -0.1315359 -0.01
v -0.02893367 -0.13699999 -0.01
v -0.02746957 -0.13846411 -0.01
v -0.02871957 -0.15075 -0.01
v -0.02546957 -0.139 -0.01
v -0.02089457 -0.15075 -0.01
v -0.02346957 -0.13846411 -0.01
v -0.02200547 -0.133 -0.01
v -0.02089457 -0.08925 -0.01
v -0.02146957 -0.13500001 -0.01
v -0.02200547 -0.13699999 -0.01
v 0.02133043 -0.13500001 -0.01
v 0.02075543 -0.15075 -0.01
v 0.02075543 -0.08925 -0.01
v 0.02186633 -0.133 -0.01
v 0.02858043 -0.08925 -0.01
v 0.02879453 -0.133 -0.01
v 0.02733043 -0.1315359 -0.01
v 0.02533043 -0.131 -0.01
v 0.02333043 -0.1315359 -0.01
v 0.02208043 -0.08925 -0.01
v 0.0297769 -0.08925 -0.01
v 0.02933043 -0.13500001 -0.01
v 0.02879453 -0.13699999 -0.01
v 0.02858043 -0.15075 -0.01
v 0.02733043 -0.13846411 -0.01
v 0.02533043 -0.139 -0.01
v 0.02333043 -0.13846411 -0.01
v 0.02208043 -0.15075 -0.01
v 0.02186633 -0.13699999 -0.01
v 0.07813043 -0.1315359 -0.01
v 0.07613043 -0.131 -0.01
v 0.07288043 -0.08925 -0.01
v 0.07413043 -0.1315359 -0.01
v 0.07266633 -0.133 -0.01
v 0.07959454 -0.133 -0.01
v 0.08013044 -0.13500001 -0.01
v 0.07959454 -0.13699999 -0.01
v 0.07266633 -0.13699999 -0.01
v 0.07413043 -0.13846411 -0.01
v 0.07288043 -0.15075 -0.01
v 0.07613043 -0.139 -0.01
v 0.07813043 -0.13846411 -0.01
v -0.02966989 -0.01077363 -0.01
v -0.03156957 0 -0.01
v -0.02966989 0.01077363 -0.01
v -0.03211251 0.01675 -0.01
v -0.03123751 0.01698446 -0.01
v -0.03059697 0.017625 -0.01
v -0.03036251 0.0185 -0.01
v -0.02991604 0.02286648 -0.01
v -0.03059697 0.019375 -0.01
v -0.02871957 0.02286648 -0.01
v -0.02136688 0.02320936 -0.01
v -0.02419997 0.02024781 -0.01
v -0.02753156 0.02541295 -0.01
v -0.02773252 0.02616295 -0.01
v -0.02871957 0.02686648 -0.01
v -0.02753156 0.02691295 -0.01
v -0.02698252 0.02486391 -0.01
v -0.02623252 0.02466295 -0.01
v -0.02548252 0.02486391 -0.01
v -0.02118856 0.02337174 -0.01
v -0.02089457 0.03264647 -0.01
v -0.02031957 0.03204294 -0.01
v -0.02089457 0.02897795 -0.01
v -0.02008511 0.03116794 -0.01
v -0.01944457 0.0305274 -0.01
v -0.02493348 0.02541295 -0.01
v -0.02089457 0.02686648 -0.01
v -0.01638063 0.02694809 -0.01
v -0.01581957 0.0272798 -0.01
v -0.01856957 0.03029294 -0.01
v -0.01769457 0.0305274 -0.01
v -0.00553949 0.03102144 -0.01
v -0.01705403 0.03116794 -0.01
v -0.00931957 0.03264647 -0.01
v 0.00918043 0.03264647 -0.01
v 0.01668043 0.03204294 -0.01
v 0.00540035 0.03102144 -0.01
v 0.01691489 0.03116794 -0.01
v 0.01568043 0.0272798 -0.01
v 0.01755543 0.0305274 -0.01
v 0.01843043 0.03029294 -0.01
v 0.02075543 0.02897795 -0.01
v 0.01930543 0.0305274 -0.01
v 0.01994598 0.03116794 -0.01
v 0.02075543 0.03264647 -0.01
v 0.01624149 0.02694809 -0.01
v 0.02858043 0.02286648 -0.01
v 0.02953075 0.01077363 -0.01
v 0.02406083 0.02024781 -0.01
v 0.02208043 0.02286648 -0.01
v 0.03197337 0.02025 -0.01
v 0.03109837 0.02001555 -0.01
v 0.0297769 0.02286648 -0.01
v 0.03045783 0.019375 -0.01
v 0.03022337 0.0185 -0.01
v 0.03109837 -0.02001555 -0.01
v 0.03197337 -0.02025 -0.01
v 0.0325769 -0.02066 -0.01
v 0.03109837 -0.01698446 -0.01
v 0.02953075 -0.01077363 -0.01
v 0.03197337 -0.01675 -0.01
v 0.0325769 -0.00925 -0.01
v 0.03045783 -0.017625 -0.01
v 0.03022337 -0.0185 -0.01
v 0.0297769 -0.02066 -0.01
v 0.03045783 -0.019375 -0.01
v 0.02230296 -0.02217476 -0.01
v 0.02208043 -0.02286648 -0.01
v 0.02122774 -0.02320936 -0.01
v 0.02208043 -0.02897795 -0.01
v 0.02104942 -0.02337174 -0.01
v 0.02075543 -0.03452147 -0.01
v 0.01843043 -0.03379294 -0.01
v 0.01930543 -0.03355848 -0.01
v 0.00540035 -0.03102144 -0.01
v 0.01668043 -0.03204294 -0.01
v 0.00918043 -0.03452147 -0.01
v 0.01691489 -0.03291794 -0.01
v 0.01755543 -0.03355848 -0.01
v 0.01994598 -0.03291794 -0.01
v 0.02018043 -0.03204294 -0.01
v 0.02075543 -0.02897795 -0.01
v 0.01994598 -0.03116794 -0.01
v 0.01930543 -0.0305274 -0.01
v 0.01568043 -0.0272798 -0.01
v 0.01843043 -0.03029294 -0.01
v 0.01755543 -0.0305274 -0.01
v 0.01691489 -0.03116794 -0.01
v -0.02008511 -0.03291794 -0.01
v -0.01944457 -0.03355848 -0.01
v -0.02089457 -0.03452147 -0.01
v -0.01856957 -0.03379294 -0.01
v -0.01769457 -0.03355848 -0.01
v -0.00931957 -0.03452147 -0.01
v -0.01705403 -0.03291794 -0.01
v -0.00553949 -0.03102144 -0.01
v -0.01681957 -0.03204294 -0.01
v -0.01705403 -0.03116794 -0.01
v -0.02031957 -0.03204294 -0.01
v -0.02008511 -0.03116794 -0.01
v -0.01769457 -0.0305274 -0.01
v -0.01856957 -0.03029294 -0.01
v -0.01944457 -0.0305274 -0.01
v -0.02773252 -0.02616295 -0.01
v -0.02753156 -0.02691295 -0.01
v -0.02871957 -0.02897795 -0.01
v -0.02698252 -0.02746199 -0.01
v -0.02623252 -0.02766295 -0.01
v -0.02548252 -0.02746199 -0.01
v -0.02493348 -0.02691295 -0.01
v -0.02473252 -0.02616295 -0.01
v -0.02493348 -0.02541295 -0.01
v -0.02136688 -0.02320936 -0.01
v -0.02548252 -0.02486391 -0.01
v -0.02623252 -0.02466295 -0.01
v -0.02871957 -0.02286648 -0.01
v -0.02698252 -0.02486391 -0.01
v -0.02753156 -0.02541295 -0.01
v -0.02871957 -0.02066 -0.01
v -0.02377704 -0.0207414 -0.01
v -0.03123751 -0.02001555 -0.01
v -0.03059697 -0.019375 -0.01
v -0.02991604 -0.02066 -0.01
v -0.03036251 -0.0185 -0.01
v -0.02419997 -0.02024781 -0.01
v -0.01681957 0.03204294 -0.01
v -0.01705403 0.03291794 -0.01
v -0.00931957 0.03452147 -0.01
v -0.01769457 0.03355848 -0.01
v -0.01856957 0.03379294 -0.01
v -0.02089457 0.03452147 -0.01
v -0.01944457 0.03355848 -0.01
v -0.02008511 0.03291794 -0.01
v -0.03211251 0.02025 -0.01
v -0.03298751 0.02001555 -0.01
v -0.03459104 0.02286648 -0.01
v -0.03362805 0.019375 -0.01
v -0.03386251 0.0185 -0.01
v -0.03459104 0.00925 -0.01
v -0.03362805 0.017625 -0.01
v -0.03298751 0.01698446 -0.01
v -0.03211251 -0.02025 -0.01
v -0.03243457 -0.02066 -0.01
v -0.03298751 -0.02001555 -0.01
v -0.03459104 -0.02066 -0.01
v -0.03362805 -0.019375 -0.01
v -0.03386251 -0.0185 -0.01
v -0.03362805 -0.017625 -0.01
v -0.03059697 -0.017625 -0.01
v -0.03123751 -0.01698446 -0.01
v -0.03211251 -0.01675 -0.01
v -0.03298751 -0.01698446 -0.01
v -6.957E-05 -0.03525 -0.01
v 0.00080543 -0.03548446 -0.01
v -0.00094457 -0.03548446 -0.01
v -0.00158511 -0.036125 -0.01
v -0.00931957 -0.037375 -0.01
v -0.00181957 -0.037 -0.01
v -0.00931957 -0.040625 -0.01
v -0.00158511 -0.037875 -0.01
v -0.00094457 -0.03851555 -0.01
v -6.957E-05 -0.03875 -0.01
v 0.00080543 -0.03851555 -0.01
v 0.00918043 -0.040625 -0.01
v 0.00144598 -0.037875 -0.01
v 0.00918043 -0.037375 -0.01
v 0.00168043 -0.037 -0.01
v 0.00144598 -0.036125 -0.01
v 0.03284837 -0.02001555 -0.01
v 0.03348891 -0.019375 -0.01
v 0.04055543 -0.02066 -0.01
v 0.03372337 -0.0185 -0.01
v 0.04055543 -0.00925 -0.01
v 0.03348891 -0.017625 -0.01
v 0.03284837 -0.01698446 -0.01
v -0.00158511 0.036125 -0.01
v -0.00094457 0.03548446 -0.01
v 0.00918043 0.03452147 -0.01
v 0.00080543 0.03548446 -0.01
v -6.957E-05 0.03525 -0.01
v 0.00144598 0.037875 -0.01
v 0.00918043 0.040625 -0.01
v 0.00080543 0.03851555 -0.01
v -6.957E-05 0.03875 -0.01
v -0.00931957 0.040625 -0.01
v -0.00094457 0.03851555 -0.01
v 0.02018043 0.03204294 -0.01
v 0.01994598 0.03291794 -0.01
v 0.02075543 0.03452147 -0.01
v 0.01930543 0.03355848 -0.01
v 0.01843043 0.03379294 -0.01
v 0.01755543 0.03355848 -0.01
v 0.01691489 0.03291794 -0.01
v 0.03372337 0.0185 -0.01
v 0.04055543 0.02286648 -0.01
v 0.03348891 0.017625 -0.01
v 0.04055543 0.00925 -0.01
v 0.03284837 0.01698446 -0.01
v 0.0325769 0.00925 -0.01
v 0.03197337 0.01675 -0.01
v 0.03143043 -0 -0.01
v 0.03109837 0.01698446 -0.01
v 0.03045783 0.017625 -0.01
v -0.08286957 0.02607 -0.01
v -0.08411957 0.02573506 -0.01
v -0.08503463 0.02482 -0.01
v -0.08031957 0.00925 -0.01
v -0.0807045 0.02232 -0.01
v -0.08031957 0.02286648 -0.01
v -0.08036957 0.02357 -0.01
v -0.08031957 0.02686648 -0.01
v -0.0807045 0.02482 -0.01
v -0.08161957 0.02573506 -0.01
v -0.08536956 0.02357 -0.01
v -0.08503463 0.02232 -0.01
v -0.08411957 0.02140494 -0.01
v -0.08286957 0.02107 -0.01
v -0.08161957 0.02140494 -0.01
v -0.08286957 -0.02607 -0.01
v -0.08161957 -0.02573506 -0.01
v -0.08031957 -0.02897795 -0.01
v -0.08503463 -0.02482 -0.01
v -0.08536956 -0.02357 -0.01
v -0.08503463 -0.02232 -0.01
v -0.08411957 -0.02573506 -0.01
v -0.08411957 -0.02140494 -0.01
v -0.08286957 -0.02107 -0.01
v -0.08161957 -0.02140494 -0.01
v -0.08031957 -0.02066 -0.01
v -0.0807045 -0.02232 -0.01
v -0.08031957 -0.02286648 -0.01
v -0.08036957 -0.02357 -0.01
v -0.0807045 -0.02482 -0.01
v -0.03454957 -0.03133494 -0.01
v -0.03459104 -0.02897795 -0.01
v -0.03363451 -0.03225 -0.01
v -0.03243457 -0.02897795 -0.01
v -0.03329957 -0.0335 -0.01
v -0.03243457 -0.03452147 -0.01
v -0.03363451 -0.03475 -0.01
v -0.03243457 -0.037375 -0.01
v -0.03454957 -0.03566507 -0.01
v -0.04069457 -0.037375 -0.01
v -0.04069457 -0.03452147 -0.01
v -0.03796463 -0.03475 -0.01
v -0.03704957 -0.03566507 -0.01
v -0.03579957 -0.036 -0.01
v -0.03459104 -0.037375 -0.01
v -0.03579957 -0.031 -0.01
v -0.03704957 -0.03133494 -0.01
v -0.04069457 -0.02897795 -0.01
v -0.03796463 -0.03225 -0.01
v -0.03829957 -0.0335 -0.01
v -0.04069457 0.03264647 -0.01
v -0.04069457 0.03452147 -0.01
v -0.03796463 0.03475 -0.01
v -0.03704957 0.03566507 -0.01
v -0.04069457 0.037375 -0.01
v -0.03579957 0.036 -0.01
v -0.03459104 0.037375 -0.01
v -0.03454957 0.03566507 -0.01
v -0.03363451 0.03475 -0.01
v -0.03243457 0.03452147 -0.01
v -0.03329957 0.0335 -0.01
v -0.03243457 0.03264647 -0.01
v -0.03363451 0.03225 -0.01
v -0.03243457 0.02897795 -0.01
v -0.03454957 0.03133494 -0.01
v -0.03829957 0.0335 -0.01
v -0.03796463 0.03225 -0.01
v -0.04069457 0.02897795 -0.01
v -0.03704957 0.03133494 -0.01
v -0.03579957 0.031 -0.01
v -0.03459104 0.02897795 -0.01
v 0.02208043 0.02686648 -0.01
v 0.02479434 0.02691295 -0.01
v 0.02459338 0.02616295 -0.01
v 0.02479434 0.02541295 -0.01
v 0.02534338 0.02486391 -0.01
v 0.02609338 0.02466295 -0.01
v 0.02684338 0.02486391 -0.01
v 0.02739242 0.02541295 -0.01
v 0.02858043 0.02686648 -0.01
v 0.02759338 0.02616295 -0.01
v 0.02739242 0.02691295 -0.01
v 0.02858043 0.02897795 -0.01
v 0.02684338 0.02746199 -0.01
v 0.02534338 0.02746199 -0.01
v 0.02208043 0.02897795 -0.01
v 0.02609338 0.02766295 -0.01
v -0.02698252 0.02746199 -0.01
v -0.02871957 0.02897795 -0.01
v -0.02623252 0.02766295 -0.01
v -0.02473252 0.02616295 -0.01
v -0.02493348 0.02691295 -0.01
v -0.02548252 0.02746199 -0.01
v 0.07488044 -0.16283494 -0.01
v 0.07396537 -0.16374999 -0.01
v 0.07363044 -0.16500001 -0.01
v 0.07288043 -0.175 -0.01
v 0.07396537 -0.16625001 -0.01
v 0.0782955 -0.16374999 -0.01
v 0.07738043 -0.16283494 -0.01
v 0.07613043 -0.16249999 -0.01
v 0.07488044 -0.16716507 -0.01
v 0.07613043 -0.1675 -0.01
v 0.07738043 -0.16716507 -0.01
v 0.05978043 -0.175 -0.01
v 0.05978043 -0.15075 -0.01
v 0.07213043 -0.13500001 -0.01
v 0.02408043 -0.16716507 -0.01
v 0.02533043 -0.1675 -0.01
v 0.02208043 -0.175 -0.01
v 0.02783043 -0.16500001 -0.01
v 0.02749549 -0.16374999 -0.01
v 0.02658043 -0.16716507 -0.01
v 0.02749549 -0.16625001 -0.01
v 0.02658043 -0.16283494 -0.01
v 0.02533043 -0.16249999 -0.01
v 0.02408043 -0.16283494 -0.01
v 0.02316537 -0.16374999 -0.01
v 0.02283043 -0.16500001 -0.01
v 0.02316537 -0.16625001 -0.01
v 0.02075543 -0.175 -0.01
v -0.02671957 -0.16716507 -0.01
v -0.02546957 -0.1675 -0.01
v -0.02871957 -0.175 -0.01
v -0.02421957 -0.16716507 -0.01
v -0.02330451 -0.16374999 -0.01
v -0.02421957 -0.16283494 -0.01
v -0.02546957 -0.16249999 -0.01
v -0.02671957 -0.16283494 -0.01
v -0.02763463 -0.16374999 -0.01
v -0.02796957 -0.16500001 -0.01
v -0.02763463 -0.16625001 -0.01
v -0.02991604 -0.175 -0.01
v -0.0741045 -0.16625001 -0.01
v -0.07376957 -0.16500001 -0.01
v -0.04069457 -0.08925 -0.01
v -0.07751957 -0.16283494 -0.01
v -0.07843463 -0.16374999 -0.01
v -0.07876956 -0.16500001 -0.01
v -0.07951956 -0.175 -0.01
v -0.07843463 -0.16625001 -0.01
v -0.07751957 -0.16716507 -0.01
v -0.07626957 -0.1675 -0.01
v -0.07501957 -0.16716507 -0.01
v -0.0741045 -0.16374999 -0.01
v -0.07501957 -0.16283494 -0.01
v -0.07626957 -0.16249999 -0.01
v -0.08031957 -0.175 -0.01
v -0.08031957 -0.15075 -0.01
v -0.08031957 -0.08925 -0.01
v -0.07973367 -0.133 -0.01
v 0.04368043 -0.04283494 -0.01
v 0.04055543 -0.040625 -0.01
v 0.04493043 -0.0425 -0.01
v 0.04618043 -0.04283494 -0.01
v 0.04276537 -0.04375 -0.01
v 0.04243043 -0.045 -0.01
v 0.04055543 -0.08925 -0.01
v 0.04276537 -0.04625 -0.01
v 0.04368043 -0.04716506 -0.01
v 0.04493043 -0.0475 -0.01
v 0.05978043 -0.08925 -0.01
v 0.04055543 -0.15075 -0.01
v 0.04055543 -0.175 -0.01
v 0.04618043 -0.04716506 -0.01
v 0.04709549 -0.04625 -0.01
v 0.05978043 -0.040625 -0.01
v 0.04743043 -0.045 -0.01
v 0.04709549 -0.04375 -0.01
v 0.00918043 -0.175 -0.01
v -0.00931957 -0.175 -0.01
v 0.00918043 -0.15075 -0.01
v -0.00931957 -0.15075 -0.01
v 0.00918043 -0.08925 -0.01
v -0.00931957 -0.08925 -0.01
v -0.04506957 -0.0475 -0.01
v -0.04381957 -0.04716506 -0.01
v -0.04506957 -0.0425 -0.01
v -0.04631957 -0.04283494 -0.01
v -0.05991957 -0.040625 -0.01
v -0.04631957 -0.04716506 -0.01
v -0.04290451 -0.04625 -0.01
v -0.04256957 -0.045 -0.01
v -0.04069457 -0.040625 -0.01
v -0.04290451 -0.04375 -0.01
v -0.04381957 -0.04283494 -0.01
v -0.04723463 -0.04375 -0.01
v -0.04756957 -0.045 -0.01
v -0.04723463 -0.04625 -0.01
v -0.03243457 -0.175 -0.01
v -0.03459104 -0.175 -0.01
v -0.03243457 -0.15075 -0.01
v -0.03459104 -0.15075 -0.01
v -0.03243457 -0.08925 -0.01
v -0.03459104 -0.08925 -0.01
v -0.03243457 -0.040625 -0.01
v -0.03459104 -0.040625 -0.01
v 0.02075543 -0.040625 -0.01
v 0.02075543 -0.037375 -0.01
v -0.02089457 -0.040625 -0.01
v -0.02089457 -0.037375 -0.01
v 0.02208043 -0.040625 -0.01
v 0.02208043 -0.037375 -0.01
v 0.02208043 -0.03452147 -0.01
v -0.02871957 -0.040625 -0.01
v -0.02871957 -0.037375 -0.01
v -0.02871957 -0.03452147 -0.01
v -0.02991604 -0.040625 -0.01
v -0.02991604 -0.037375 -0.01
v -0.02991604 -0.03452147 -0.01
v -0.02991604 -0.02897795 -0.01
v -0.08031957 -0.040625 -0.01
v -0.08031957 -0.037375 -0.01
v -0.08031957 -0.03452147 -0.01
v 0.02858043 -0.02286648 -0.01
v 0.02684338 -0.02486391 -0.01
v 0.02609338 -0.02466295 -0.01
v 0.02479434 -0.02691295 -0.01
v 0.02534338 -0.02746199 -0.01
v 0.02858043 -0.02066 -0.01
v 0.0236379 -0.0207414 -0.01
v 0.02406083 -0.02024781 -0.01
v 0.02534338 -0.02486391 -0.01
v 0.02479434 -0.02541295 -0.01
v 0.02459338 -0.02616295 -0.01
v 0.02609338 -0.02766295 -0.01
v 0.02684338 -0.02746199 -0.01
v 0.02858043 -0.02897795 -0.01
v 0.02739242 -0.02691295 -0.01
v 0.02759338 -0.02616295 -0.01
v 0.02739242 -0.02541295 -0.01
v 0.02858043 -0.040625 -0.01
v 0.02858043 -0.037375 -0.01
v 0.02858043 -0.03452147 -0.01
v -0.02991604 -0.02286648 -0.01
v -0.03243457 -0.02286648 -0.01
v -0.03459104 -0.02286648 -0.01
v 0.0325769 -0.175 -0.01
v 0.0325769 -0.15075 -0.01
v 0.0325769 -0.08925 -0.01
v 0.0325769 -0.040625 -0.01
v 0.04055543 -0.037375 -0.01
v 0.0325769 -0.037375 -0.01
v 0.04055543 -0.03452147 -0.01
v 0.0325769 -0.03452147 -0.01
v 0.04055543 -0.02897795 -0.01
v 0.0325769 -0.02897795 -0.01
v 0.04055543 -0.02286648 -0.01
v 0.0325769 -0.02286648 -0.01
v 0.0297769 -0.040625 -0.01
v 0.0297769 -0.037375 -0.01
v 0.0297769 -0.03452147 -0.01
v 0.0297769 -0.02897795 -0.01
v 0.0297769 -0.02286648 -0.01
v 0.03844598 0.000875 -0.01
v 0.03868043 -0 -0.01
v 0.03844598 -0.000875 -0.01
v 0.03780543 -0.00151554 -0.01
v 0.03780543 0.00151554 -0.01
v 0.03693043 0.00175 -0.01
v 0.03605543 0.00151554 -0.01
v 0.03541489 0.000875 -0.01
v 0.03518043 -0 -0.01
v 0.03541489 -0.000875 -0.01
v 0.03605543 -0.00151554 -0.01
v 0.03693043 -0.00175 -0.01
v -0.03619457 0.00151554 -0.01
v -0.03555403 0.000875 -0.01
v -0.03531957 0 -0.01
v -0.03706957 0.00175 -0.01
v -0.03794457 0.00151554 -0.01
v -0.04069457 0.00925 -0.01
v -0.04069457 -0.02286648 -0.01
v -0.04069457 -0.02066 -0.01
v -0.04069457 -0.00925 -0.01
v -0.03794457 -0.00151554 -0.01
v -0.03706957 -0.00175 -0.01
v -0.03619457 -0.00151554 -0.01
v -0.03555403 -0.000875 -0.01
v -0.03858512 0.000875 -0.01
v -0.03881957 0 -0.01
v -0.03858512 -0.000875 -0.01
v -0.08031957 -0.00925 -0.01
v -0.03123751 0.02001555 -0.01
v -0.03243457 0.02286648 -0.01
v -0.03243457 0.02686648 -0.01
v -0.03459104 0.02686648 -0.01
v -0.04069457 0.02286648 -0.01
v -0.04069457 0.02686648 -0.01
v 0.02858043 0.03452147 -0.01
v 0.0297769 0.03452147 -0.01
v 0.02858043 0.03264647 -0.01
v 0.0297769 0.03264647 -0.01
v 0.0297769 0.02897795 -0.01
v 0.0297769 0.02686648 -0.01
v 0.02208043 0.03264647 -0.01
v 0.02208043 0.03452147 -0.01
v 0.02230296 0.02217476 -0.01
v -0.02871957 0.03264647 -0.01
v -0.02871957 0.03452147 -0.01
v -0.02991604 0.02686648 -0.01
v -0.02991604 0.02897795 -0.01
v -0.02991604 0.03264647 -0.01
v -0.02991604 0.03452147 -0.01
v 0.02075543 0.037375 -0.01
v 0.02208043 0.037375 -0.01
v 0.02858043 0.037375 -0.01
v 0.0297769 0.037375 -0.01
v -0.03243457 0.037375 -0.01
v -0.02991604 0.037375 -0.01
v -0.02871957 0.037375 -0.01
v -0.02089457 0.037375 -0.01
v 0.07288043 -0.040625 -0.01
v 0.07288043 -0.037375 -0.01
v 0.07288043 -0.03452147 -0.01
v 0.07288043 -0.02897795 -0.01
v 0.07288043 -0.02286648 -0.01
v 0.07288043 -0.02066 -0.01
v 0.07288043 -0.00925 -0.01
v 0.07288043 0.00925 -0.01
v 0.07288043 0.02286648 -0.01
v 0.07288043 0.02686648 -0.01
v 0.07288043 0.02897795 -0.01
v 0.07288043 0.03264647 -0.01
v 0.07288043 0.03452147 -0.01
v 0.07288043 0.037375 -0.01
v 0.07213043 0.13500001 -0.01
v 0.05978043 0.040625 -0.01
v 0.05978043 0.037375 -0.01
v 0.05978043 0.03452147 -0.01
v 0.05978043 0.03264647 -0.01
v 0.05978043 0.02897795 -0.01
v 0.05978043 0.02686648 -0.01
v 0.05978043 0.02286648 -0.01
v 0.05978043 0.00925 -0.01
v 0.05978043 -0.00925 -0.01
v 0.05978043 -0.02066 -0.01
v 0.05978043 -0.02286648 -0.01
v 0.05978043 -0.02897795 -0.01
v 0.05978043 -0.03452147 -0.01
v 0.05978043 -0.037375 -0.01
v -0.02991604 0.040625 -0.01
v -0.03243457 0.040625 -0.01
v -0.03459104 0.040625 -0.01
v -0.04069457 0.040625 -0.01
v -0.07951956 -0.040625 -0.01
v -0.05991957 -0.037375 -0.01
v -0.07951956 -0.037375 -0.01
v -0.05991957 -0.03452147 -0.01
v -0.07951956 -0.03452147 -0.01
v -0.05991957 -0.02897795 -0.01
v -0.07951956 -0.02897795 -0.01
v -0.05991957 -0.02286648 -0.01
v -0.07951956 -0.02286648 -0.01
v -0.05991957 -0.02066 -0.01
v -0.07951956 -0.02066 -0.01
v -0.05991957 -0.00925 -0.01
v -0.07951956 -0.00925 -0.01
v -0.05991957 0.00925 -0.01
v -0.07951956 0.00925 -0.01
v -0.05991957 0.02286648 -0.01
v -0.07951956 0.02286648 -0.01
v -0.05991957 0.02686648 -0.01
v -0.07951956 0.02686648 -0.01
v -0.05991957 0.02897795 -0.01
v -0.07951956 0.02897795 -0.01
v -0.05991957 0.03264647 -0.01
v -0.07951956 0.03264647 -0.01
v -0.05991957 0.03452147 -0.01
v -0.07951956 0.03452147 -0.01
v -0.05991957 0.037375 -0.01
v -0.07951956 0.037375 -0.01
v -0.08031957 0.02897795 -0.01
v -0.08031957 0.03264647 -0.01
v -0.08031957 0.03452147 -0.01
v -0.08031957 0.037375 -0.01
v -0.08031957 0.040625 -0.01
v -0.08031957 0.15075 -0.01
v -0.07973367 0.13699999 -0.01
v 0.04493043 0.0425 -0.01
v 0.04618043 0.04283494 -0.01
v 0.04709549 0.04375 -0.01
v 0.04743043 0.045 -0.01
v 0.04368043 0.04283494 -0.01
v 0.04055543 0.040625 -0.01
v 0.04055543 0.037375 -0.01
v 0.04055543 0.03452147 -0.01
v 0.04055543 0.03264647 -0.01
v 0.04055543 0.02897795 -0.01
v 0.04055543 0.02686648 -0.01
v 0.04709549 0.04625 -0.01
v 0.04618043 0.04716506 -0.01
v 0.04055543 0.15075 -0.01
v 0.04493043 0.0475 -0.01
v 0.04368043 0.04716506 -0.01
v 0.04276537 0.04625 -0.01
v 0.04243043 0.045 -0.01
v 0.04276537 0.04375 -0.01
v 0.0325769 0.02686648 -0.01
v 0.0325769 0.02897795 -0.01
v 0.0325769 0.03264647 -0.01
v 0.0325769 0.03452147 -0.01
v 0.0325769 0.037375 -0.01
v 0.0325769 0.040625 -0.01
v 0.0325769 0.15075 -0.01
v -0.00931957 0.15075 -0.01
v 0.00918043 0.15075 -0.01
v -0.03243457 0.15075 -0.01
v -0.03459104 0.15075 -0.01
v -0.04069457 0.15075 -0.01
v -0.04381957 0.04716506 -0.01
v -0.04506957 0.0475 -0.01
v -0.04723463 0.04375 -0.01
v -0.04631957 0.04283494 -0.01
v -0.04631957 0.04716506 -0.01
v -0.04723463 0.04625 -0.01
v -0.04756957 0.045 -0.01
v -0.04506957 0.0425 -0.01
v -0.04381957 0.04283494 -0.01
v -0.04290451 0.04375 -0.01
v -0.04256957 0.045 -0.01
v -0.04290451 0.04625 -0.01
v 0.07863043 0.16500001 -0.01
v 0.0782955 0.16374999 -0.01
v 0.07363044 0.16500001 -0.01
v 0.07396537 0.16625001 -0.01
v 0.07488044 0.16716507 -0.01
v 0.07396537 0.16374999 -0.01
v 0.0782955 0.16625001 -0.01
v 0.07738043 0.16716507 -0.01
v 0.07613043 0.1675 -0.01
v 0.07488044 0.16283494 -0.01
v 0.07613043 0.16249999 -0.01
v 0.07738043 0.16283494 -0.01
v 0.05978043 0.17125 -0.01
v 0.04055543 0.17125 -0.01
v 0.0325769 0.17125 -0.01
v 0.0297769 0.17125 -0.01
v 0.02858043 0.17125 -0.01
v 0.02658043 0.16283494 -0.01
v 0.02533043 0.16249999 -0.01
v 0.02408043 0.16283494 -0.01
v 0.02316537 0.16374999 -0.01
v 0.02749549 0.16374999 -0.01
v 0.02783043 0.16500001 -0.01
v 0.02749549 0.16625001 -0.01
v 0.02316537 0.16625001 -0.01
v 0.02283043 0.16500001 -0.01
v 0.02208043 0.17125 -0.01
v 0.02658043 0.16716507 -0.01
v 0.02533043 0.1675 -0.01
v 0.02408043 0.16716507 -0.01
v -0.00931957 0.17125 -0.01
v 0.00918043 0.17125 -0.01
v 0.02075543 0.17125 -0.01
v -0.02796957 0.16500001 -0.01
v -0.02763463 0.16374999 -0.01
v -0.02330451 0.16374999 -0.01
v -0.02296957 0.16500001 -0.01
v -0.02089457 0.17125 -0.01
v -0.02671957 0.16283494 -0.01
v -0.02546957 0.16249999 -0.01
v -0.02421957 0.16283494 -0.01
v -0.02546957 0.1675 -0.01
v -0.02871957 0.17125 -0.01
v -0.02421957 0.16716507 -0.01
v -0.02330451 0.16625001 -0.01
v -0.02671957 0.16716507 -0.01
v -0.02763463 0.16625001 -0.01
v -0.02991604 0.17125 -0.01
v -0.03243457 0.17125 -0.01
v -0.03459104 0.17125 -0.01
v -0.04069457 0.17125 -0.01
v -0.05991957 0.17125 -0.01
v -0.0741045 0.16374999 -0.01
v -0.07376957 0.16500001 -0.01
v -0.07843463 0.16374999 -0.01
v -0.07876956 0.16500001 -0.01
v -0.07951956 0.17125 -0.01
v -0.07843463 0.16625001 -0.01
v -0.07751957 0.16716507 -0.01
v -0.07751957 0.16283494 -0.01
v -0.07626957 0.16249999 -0.01
v -0.07501957 0.16283494 -0.01
v -0.0741045 0.16625001 -0.01
v -0.07501957 0.16716507 -0.01
v -0.07626957 0.1675 -0.01
v -0.08031957 0.17125 -0.01
v 0.07288043 0.175 -0.01
v 0.05978043 0.175 -0.01
v 0.04055543 0.175 -0.01
v 0.0325769 0.175 -0.01
v 0.0297769 0.175 -0.01
v 0.02858043 0.175 -0.01
v 0.02208043 0.175 -0.01
v 0.02075543 0.175 -0.01
v 0.00918043 0.175 -0.01
v -0.00931957 0.175 -0.01
v -0.02089457 0.175 -0.01
v -0.02871957 0.175 -0.01
v -0.02991604 0.175 -0.01
v -0.03243457 0.175 -0.01
v -0.03459104 0.175 -0.01
v -0.04069457 0.175 -0.01
v -0.05991957 0.175 -0.01
v -0.07951956 0.175 -0.01
v -0.08031957 0.175 -0.01
v 0.04243043 0.045 -0.0063
v 0.04276537 0.04375 -0.0063
v 0.04368043 0.04283494 -0.0063
v 0.04493043 0.0425 -0.0063
v 0.04618043 0.04283494 -0.0063
v 0.04709549 0.04375 -0.0063
v 0.04743043 0.045 -0.0063
v 0.04709549 0.04625 -0.0063
v 0.04618043 0.04716506 -0.0063
v 0.04493043 0.0475 -0.0063
v 0.04368043 0.04716506 -0.0063
v 0.04276537 0.04625 -0.0063
v -0.04756957 -0.045 -0.0063
v -0.04723463 -0.04625 -0.0063
v -0.04631957 -0.04716506 -0.0063
v -0.04506957 -0.0475 -0.0063
v -0.04381957 -0.04716506 -0.0063
v -0.04290451 -0.04625 -0.0063
v -0.04256957 -0.045 -0.0063
v -0.04290451 -0.04375 -0.0063
v -0.04381957 -0.04283494 -0.0063
v -0.04506957 -0.0425 -0.0063
v -0.04631957 -0.04283494 -0.0063
v -0.04723463 -0.04375 -0.0063
v 0.04243043 -0.045 -0.0063
v 0.04276537 -0.04625 -0.0063
v 0.04368043 -0.04716506 -0.0063
v 0.04493043 -0.0475 -0.0063
v 0.04618043 -0.04716506 -0.0063
v 0.04709549 -0.04625 -0.0063
v 0.04743043 -0.045 -0.0063
v 0.04709549 -0.04375 -0.0063
v 0.04618043 -0.04283494 -0.0063
v 0.04493043 -0.0425 -0.0063
v 0.04368043 -0.04283494 -0.0063
v 0.04276537 -0.04375 -0.0063
v -0.04756957 0.045 -0.0063
v -0.04723463 0.04375 -0.0063
v -0.04631957 0.04283494 -0.0063
v -0.04506957 0.0425 -0.0063
v -0.04381957 0.04283494 -0.0063
v -0.04290451 0.04375 -0.0063
v -0.04256957 0.045 -0.0063
v -0.04290451 0.04625 -0.0063
v -0.04381957 0.04716506 -0.0063
v -0.04506957 0.0475 -0.0063
v -0.04631957 0.04716506 -0.0063
v -0.04723463 0.04625 -0.0063
v -0.04006957 0.045 -0.0063
v -0.04073944 0.0475 -0.0063
v -0.04256957 0.04933013 -0.0063
v -0.04506957 0.05 -0.0063
v -0.04756957 0.04933013 -0.0063
v -0.0493997 0.0475 -0.0063
v -0.05006957 0.045 -0.0063
v -0.0493997 0.0425 -0.0063
v -0.04756957 0.04066987 -0.0063
v -0.04506957 0.04 -0.0063
v -0.04256957 0.04066987 -0.0063
v -0.04073944 0.0425 -0.0063
v -0.0493997 -0.0475 -0.0063
v -0.04756957 -0.04933013 -0.0063
v -0.04506957 -0.05 -0.0063
v -0.04256957 -0.04933013 -0.0063
v -0.04073944 -0.0475 -0.0063
v -0.04006957 -0.045 -0.0063
v -0.04073944 -0.0425 -0.0063
v -0.04256957 -0.04066987 -0.0063
v -0.04506957 -0.04 -0.0063
v -0.04756957 -0.04066987 -0.0063
v -0.0493997 -0.0425 -0.0063
v -0.05006957 -0.045 -0.0063
v 0.04993043 -0.045 -0.0063
v 0.04926056 -0.0425 -0.0063
v 0.04743043 -0.04066987 -0.0063
v 0.04493043 -0.04 -0.0063
v 0.04243043 -0.04066987 -0.0063
v 0.0406003 -0.0425 -0.0063
v 0.03993043 -0.045 -0.0063
v 0.0406003 -0.0475 -0.0063
v 0.04243043 -0.04933013 -0.0063
v 0.04493043 -0.05 -0.0063
v 0.04743043 -0.04933013 -0.0063
v 0.04926056 -0.0475 -0.0063
v 0.0406003 0.0425 -0.0063
v 0.04243043 0.04066987 -0.0063
v 0.04493043 0.04 -0.0063
v 0.04743043 0.04066987 -0.0063
v 0.04926056 0.0425 -0.0063
v 0.04993043 0.045 -0.0063
v 0.04926056 0.0475 -0.0063
v 0.04743043 0.04933013 -0.0063
v 0.04493043 0.05 -0.0063
v 0.04243043 0.04933013 -0.0063
v 0.0406003 0.0475 -0.0063
v 0.03993043 0.045 -0.0063
v -0.03156957 0 -0
v -0.03881957 0 -0
v 0.03518043 -0 -0
v -0.02129769 -0.02217785 -0.01
v -0.02465852 -0.01838134 -0.01
v -6.957E-05 0 -0.01
v -0.01735781 -0.02536941 -0.01
v -0.00319962 -0.03054002 -0.01
v -0.00818365 -0.0296083 -0.01
v -0.01294635 -0.02786895 -0.01
v 0.01171308 -0.02834888 -0.01
v 0.00688631 -0.0299016 -0.01
v 0.00186979 -0.03063868 -0.01
v 0.02378554 -0.01932418 -0.01
v 0.02027953 -0.02298704 -0.01
v 0.01621845 -0.02602288 -0.01
v 0.03010766 -0.00564133 -0.01
v 0.02876755 -0.0105314 -0.01
v 0.02664084 -0.0151342 -0.01
v 0.02915549 0.00940137 -0.01
v 0.03030431 0.00446286 -0.01
v 0.03062462 -0.00059738 -0.01
v 0.02115855 0.02217785 -0.01
v 0.02451938 0.01838134 -0.01
v 0.02720948 0.01408344 -0.01
v 0.00804451 0.0296083 -0.01
v 0.01280721 0.02786895 -0.01
v 0.01721867 0.02536941 -0.01
v -0.00702544 0.0299016 -0.01
v -0.00200893 0.03063868 -0.01
v 0.00306048 0.03054002 -0.01
v -0.02041867 0.02298704 -0.01
v -0.01635759 0.02602288 -0.01
v -0.01185222 0.02834888 -0.01
v -0.02890669 0.0105314 -0.01
v -0.02677998 0.0151342 -0.01
v -0.02392467 0.01932418 -0.01
v -0.03044345 -0.00446286 -0.01
v -0.03076376 0.00059738 -0.01
v -0.0302468 0.00564133 -0.01
v -0.02734862 -0.01408344 -0.01
v -0.02929463 -0.00940137 -0.01
v 0.01331135 0.0009 0.009
v 0.01479197 1.26E-06 0.009
v 0.01334937 0.00263164 0.009
v 0.01631062 0.00083415 0.009
v 0.01486802 0.00346453 0.009
v 0.01634865 0.00256578 0.009
v -0.00753945 0.01113821 0.009
v -0.00750143 0.01286985 0.009
v -0.0090581 0.01030532 0.009
v -0.00898206 0.01376859 0.009
v -0.01053873 0.01120407 0.009
v -0.01050071 0.0129357 0.009
v -0.00453799 -0.0146686 0.009
v -0.00449997 -0.01293696 0.009
v -0.00605664 -0.01550148 0.009
v -0.0059806 -0.01203822 0.009
v -0.00753727 -0.01460274 0.009
v -0.00749925 -0.01287111 0.009
v 0.01634865 0.00256578 0.0115
v 0.01486802 0.00346453 0.0115
v 0.01334937 0.00263164 0.0115
v 0.01331135 0.0009 0.0115
v 0.01479197 1.26E-06 0.0115
v 0.01631062 0.00083415 0.0115
v -0.01050071 0.0129357 0.0115
v -0.01053873 0.01120407 0.0115
v -0.0090581 0.01030532 0.0115
v -0.00753945 0.01113821 0.0115
v -0.00750143 0.01286985 0.0115
v -0.00898206 0.01376859 0.0115
v -0.00605664 -0.01550148 0.0115
v -0.00453799 -0.0146686 0.0115
v -0.00449997 -0.01293696 0.0115
v -0.0059806 -0.01203822 0.0115
v -0.00749925 -0.01287111 0.0115
v -0.00753727 -0.01460274 0.0115
v 0.00185059 -0.01650971 0.004
v 0.00263058 -0.01620036 0.004
v 0.00166332 -0.01489957 0.004
v 0.00315139 -0.01554246 0.004
v 0.00327347 -0.0147123 0.004
v 5.318E-05 -0.01508683 0.004
v 0.00036253 -0.01586682 0.004
v 0.00102043 -0.01638763 0.004
v 0.00147606 -0.01328942 0.004
v 0.00069607 -0.01359877 0.004
v 0.00017526 -0.01425667 0.004
v 0.00296412 -0.01393231 0.004
v 0.00230622 -0.01341151 0.004
v -0.01191926 -0.01056066 0.004
v -0.01113927 -0.01025131 0.004
v -0.01210653 -0.00895051 0.004
v -0.01061846 -0.00959341 0.004
v -0.01049638 -0.00876325 0.004
v -0.01371667 -0.00913778 0.004
v -0.01340732 -0.00991776 0.004
v -0.01274942 -0.01043857 0.004
v -0.01229379 -0.00734037 0.004
v -0.01307378 -0.00764972 0.004
v -0.01359459 -0.00830762 0.004
v -0.01080573 -0.00798326 0.004
v -0.01146363 -0.00746245 0.004
v -0.01365215 0.00433891 0.004
v -0.01287217 0.00464826 0.004
v -0.01383942 0.00594905 0.004
v -0.01235136 0.00530616 0.004
v -0.01222927 0.00613632 0.004
v -0.01544956 0.00576178 0.004
v -0.01514021 0.0049818 0.004
v -0.01448231 0.00446099 0.004
v -0.01402669 0.0075592 0.004
v -0.01480667 0.00724985 0.004
v -0.01532748 0.00659195 0.004
v -0.01253862 0.00691631 0.004
v -0.01319652 0.00743712 0.004
v 0.00407577 0.01507665 0.0152
v 0.00327993 0.0140562 0.0152
v 0.00558203 0.01308136 0.0152
v 0.00310093 0.01277454 0.0152
v 0.00358674 0.0115751 0.0152
v 0.00757732 0.01458762 0.0152
v 0.00655687 0.01538346 0.0152
v 0.00527522 0.01556246 0.0152
v 0.00708829 0.01108607 0.0152
v 0.00788414 0.01210652 0.0152
v 0.00806313 0.01338817 0.0152
v 0.00460719 0.01077925 0.0152
v 0.00588885 0.01060026 0.0152
v 0.01091452 -0.01112829 0.0152
v 0.01042871 -0.00992885 0.0152
v 0.00843342 -0.01143511 0.0152
v 0.00940826 -0.009133 0.0152
v 0.00812661 -0.00895401 0.0152
v 0.00874023 -0.01391621 0.0152
v 0.00993968 -0.0134304 0.0152
v 0.01073552 -0.01240995 0.0152
v 0.00595232 -0.01174192 0.0152
v 0.00643813 -0.01294137 0.0152
v 0.00745858 -0.01373721 0.0152
v 0.00692716 -0.00943982 0.0152
v 0.00613131 -0.01046027 0.0152
v 0.01215466 0.00734037 0.004
v 0.01293464 0.00764972 0.004
v 0.01196739 0.00895051 0.004
v 0.01345545 0.00830762 0.004
v 0.01357753 0.00913778 0.004
v 0.01035724 0.00876325 0.004
v 0.01066659 0.00798326 0.004
v 0.01132449 0.00746245 0.004
v 0.01178012 0.01056066 0.004
v 0.01100013 0.01025131 0.004
v 0.01047933 0.00959341 0.004
v 0.01326818 0.00991776 0.004
v 0.01261028 0.01043857 0.004
v 0.00290496 0.00688493 0.006
v 0.00050826 0.00747771 0.006
v -6.957E-05 0 0.006
v 0.00732117 0.00127552 0.006
v 0.00650656 0.00360618 0.006
v 0.00497932 0.00554605 0.006
v 0.00504061 -0.00548964 0.006
v 0.00654621 -0.00353292 0.006
v 0.00733488 -0.00119336 0.006
v -0.00187031 -0.00728061 0.006
v 0.00059127 -0.00747083 0.006
v 0.00298124 -0.00685146 0.006
v -0.00714956 -0.0024746 0.006
v -0.00596245 -0.00463939 0.006
v -0.00413675 -0.00630143 0.006
v -0.00601361 0.00457366 0.006
v -0.00717661 0.00239581 0.006
v -0.00756945 -4.165E-05 0.006
v -0.00195106 0.00726017 0.006
v -0.00420649 0.00625587 0.006
v 0.01426459 -0.00131511 0.0115
v 0.01495702 -0.0013645 0.0115
v 0.01782147 0.00254596 0.0115
v 0.01756554 0.00319124 0.0115
v 0.01717244 0.0037634 0.0115
v 0.01666189 0.00423373 0.0115
v 0.01605947 0.00457866 0.0115
v 0.0153954 0.0047809 0.0115
v 0.01489805 0.00483215 0.0115
v 0.01173074 0.00180094 0.0115
v 0.011782 0.0022983 0.0115
v 0.01198423 0.00296236 0.0115
v 0.01232916 0.00356478 0.0115
v 0.0117326 0.00160588 0.0115
v 0.01183852 0.00091982 0.0115
v 0.01209445 0.00027454 0.0115
v 0.01401693 0.00472437 0.0115
v 0.01337165 0.00446844 0.0115
v 0.0127995 0.00407534 0.0115
v 0.01733083 -9.899E-05 0.0115
v 0.01767577 0.00050342 0.0115
v 0.017878 0.00116749 0.0115
v 0.01792739 0.00185991 0.0115
v 0.01564307 -0.00125858 0.0115
v 0.01628835 -0.00100265 0.0115
v 0.0168605 -0.00060955 0.0115
v 0.01248755 -0.00029761 0.0115
v 0.01299811 -0.00076794 0.0115
v 0.01360053 -0.00111288 0.0115
v 0.01388755 -0.0075592 0.004
v 0.01466753 -0.00724985 0.004
v 0.01370028 -0.00594905 0.004
v 0.01518834 -0.00659195 0.004
v 0.01531043 -0.00576178 0.004
v 0.01209013 -0.00613632 0.004
v 0.01239949 -0.00691631 0.004
v 0.01305739 -0.00743712 0.004
v 0.01351301 -0.00433891 0.004
v 0.01273303 -0.00464826 0.004
v 0.01221222 -0.00530616 0.004
v 0.01500108 -0.0049818 0.004
v 0.01434318 -0.00446099 0.004
v -0.00161519 0.01328942 0.004
v -0.00083521 0.01359877 0.004
v -0.00180246 0.01489957 0.004
v -0.0003144 0.01425667 0.004
v -0.00019232 0.01508683 0.004
v -0.00341261 0.0147123 0.004
v -0.00310326 0.01393231 0.004
v -0.00244536 0.01341151 0.004
v -0.00198973 0.01650971 0.004
v -0.00276972 0.01620036 0.004
v -0.00329052 0.01554246 0.004
v -0.00050167 0.01586682 0.004
v -0.00115957 0.01638763 0.004
v -0.01175563 0.01057861 0.0115
v -0.01173814 0.01054626 0.0115
v -0.00602861 0.01285002 0.0115
v -0.00628453 0.01349531 0.0115
v -0.00958548 0.00898895 0.0115
v -0.00889306 0.00893956 0.0115
v -0.00845468 0.01508496 0.0115
v -0.0091471 0.01513435 0.0115
v -0.00983315 0.01502843 0.0115
v -0.01152092 0.01386885 0.0115
v -0.01105058 0.0143794 0.0115
v -0.01047843 0.0147725 0.0115
v -0.01201156 0.01122389 0.0115
v -0.00667763 0.01406746 0.0115
v -0.00718819 0.01453779 0.0115
v -0.00779061 0.01488273 0.0115
v -0.00651925 0.01020507 0.0115
v -0.00617431 0.01080749 0.0115
v -0.00597208 0.01147155 0.0115
v -0.00592269 0.01216397 0.0115
v -0.00698958 0.00969451 0.0115
v -0.00752939 0.0093189 0.0115
v -0.00820701 0.00904548 0.0115
v -0.00756173 0.00930141 0.0115
v -0.01135045 0.0099926 0.0115
v -0.01085197 0.00953612 0.0115
v -0.01024955 0.00919119 0.0115
v -0.01186585 0.01326643 0.0115
v -0.01206808 0.01260236 0.0115
v -0.01211748 0.01190994 0.0115
v -0.015199 -0.00394835 0.0152
v -0.01391734 -0.00412735 0.0152
v -0.01422416 -0.00164625 0.0152
v -0.0127179 -0.00364154 0.0152
v -0.01192205 -0.00262109 0.0152
v -0.01652626 -0.00067141 0.0152
v -0.01670526 -0.00195306 0.0152
v -0.01621945 -0.00315251 0.0152
v -0.01324931 0.00065586 0.0152
v -0.01453097 0.00083485 0.0152
v -0.01573042 0.00034904 0.0152
v -0.01174306 -0.00133943 0.0152
v -0.01222887 -0.00013999 0.0152
v -0.00545322 -0.01072185 0.0115
v -0.00614564 -0.01067245 0.0115
v -0.0090101 -0.01458292 0.0115
v -0.00875417 -0.0152282 0.0115
v -0.00658402 -0.01681785 0.0115
v -0.0058916 -0.01686725 0.0115
v -0.00520555 -0.01676133 0.0115
v -0.00317285 -0.01499932 0.0115
v -0.00297062 -0.01433525 0.0115
v -0.00292123 -0.01364283 0.0115
v -0.00456027 -0.0165054 0.0115
v -0.00398812 -0.0161123 0.0115
v -0.00336862 -0.01537841 0.0115
v -0.00836107 -0.01580035 0.0115
v -0.00785051 -0.01627069 0.0115
v -0.00724809 -0.01661562 0.0115
v -0.00851946 -0.01193796 0.0115
v -0.00886439 -0.01254038 0.0115
v -0.00906663 -0.01320445 0.0115
v -0.00911602 -0.01389687 0.0115
v -0.00302715 -0.01295678 0.0115
v -0.00328308 -0.0123115 0.0115
v -0.00367617 -0.01173935 0.0115
v -0.00418673 -0.01126901 0.0115
v -0.00441006 -0.01111984 0.0115
v -0.00478915 -0.01092408 0.0115
v -0.00683169 -0.01077837 0.0115
v -0.00747697 -0.0110343 0.0115
v -0.00804912 -0.0114274 0.0115
v 6.77E-06 -0.02803401 0.0092
v 6.087E-05 -0.02816364 0.0092
v 0.00027571 -0.02799787 0.0092
v 0.00017254 -0.02824885 0.0092
v 0.00031185 -0.02826681 0.0092
v 0.00023957 -0.02772893 0.0092
v 0.00010994 -0.02778303 0.0092
v 2.473E-05 -0.0278947 0.0092
v 0.00054465 -0.02796173 0.0092
v 0.00049055 -0.02783211 0.0092
v 0.00037888 -0.0277469 0.0092
v 0.00044147 -0.02821271 0.0092
v 0.00052668 -0.02810104 0.0092
v 0.01970313 -0.01958947 0.0092
v 0.01975723 -0.0197191 0.0092
v 0.01997206 -0.01955334 0.0092
v 0.01986889 -0.01980431 0.0092
v 0.0200082 -0.01982227 0.0092
v 0.01993593 -0.0192844 0.0092
v 0.0198063 -0.0193385 0.0092
v 0.01972109 -0.01945016 0.0092
v 0.020241 -0.0195172 0.0092
v 0.0201869 -0.01938757 0.0092
v 0.02007524 -0.01930236 0.0092
v 0.02013783 -0.01976817 0.0092
v 0.02022304 -0.01965651 0.0092
v 0.02765936 0.00030914 0.0092
v 0.02771346 0.00017951 0.0092
v 0.0279283 0.00034528 0.0092
v 0.02782513 9.43E-05 0.0092
v 0.02796444 7.634E-05 0.0092
v 0.02789216 0.00061422 0.0092
v 0.02776254 0.00056012 0.0092
v 0.02767733 0.00044845 0.0092
v 0.02819724 0.00038142 0.0092
v 0.02814314 0.00051104 0.0092
v 0.02803148 0.00059625 0.0092
v 0.02809407 0.00013044 0.0092
v 0.02817928 0.0002421 0.0092
v 0.01921483 0.0200055 0.0092
v 0.01926893 0.01987587 0.0092
v 0.01948377 0.02004163 0.0092
v 0.01938059 0.01979066 0.0092
v 0.0195199 0.0197727 0.0092
v 0.01944763 0.02031057 0.0092
v 0.019318 0.02025647 0.0092
v 0.01923279 0.02014481 0.0092
v 0.01975271 0.02007777 0.0092
v 0.0196986 0.0202074 0.0092
v 0.01958694 0.02029261 0.0092
v 0.01964953 0.01982679 0.0092
v 0.01973474 0.01993846 0.0092
v -0.00068378 0.02796173 0.0092
v -0.00062969 0.02783211 0.0092
v -0.00041485 0.02799787 0.0092
v -0.00051802 0.0277469 0.0092
v -0.00037871 0.02772893 0.0092
v -0.00045098 0.02826681 0.0092
v -0.00058061 0.02821271 0.0092
v -0.00066582 0.02810104 0.0092
v -0.00014591 0.02803401 0.0092
v -0.00020001 0.02816364 0.0092
v -0.00031167 0.02824885 0.0092
v -0.00024908 0.02778303 0.0092
v -0.00016387 0.0278947 0.0092
v -0.02038014 0.0195172 0.0092
v -0.02032604 0.01938757 0.0092
v -0.0201112 0.01955334 0.0092
v -0.02021438 0.01930236 0.0092
v -0.02007506 0.0192844 0.0092
v -0.02014734 0.01982227 0.0092
v -0.02027697 0.01976817 0.0092
v -0.02036218 0.01965651 0.0092
v -0.01984227 0.01958947 0.0092
v -0.01989636 0.0197191 0.0092
v -0.02000803 0.01980431 0.0092
v -0.01994544 0.0193385 0.0092
v -0.01986023 0.01945016 0.0092
v -0.02833638 -0.00038142 0.0092
v -0.02828228 -0.00051104 0.0092
v -0.02806744 -0.00034528 0.0092
v -0.02817061 -0.00059625 0.0092
v -0.0280313 -0.00061422 0.0092
v -0.02810358 -7.634E-05 0.0092
v -0.02823321 -0.00013044 0.0092
v -0.02831841 -0.0002421 0.0092
v -0.0277985 -0.00030914 0.0092
v -0.0278526 -0.00017951 0.0092
v -0.02796427 -9.43E-05 0.0092
v -0.02790168 -0.00056012 0.0092
v -0.02781647 -0.00044845 0.0092
v -0.01989184 -0.02007777 0.0092
v -0.01983774 -0.0202074 0.0092
v -0.01962291 -0.02004163 0.0092
v -0.01972608 -0.02029261 0.0092
v -0.01958677 -0.02031057 0.0092
v -0.01965904 -0.0197727 0.0092
v -0.01978867 -0.01982679 0.0092
v -0.01987388 -0.01993846 0.0092
v -0.01935397 -0.0200055 0.0092
v -0.01940807 -0.01987587 0.0092
v -0.01951973 -0.01979066 0.0092
v -0.01945714 -0.02025647 0.0092
v -0.01937193 -0.02014481 0.0092
v 0.00315139 -0.01554246 0.0115
v 0.00327347 -0.0147123 0.0115
v 0.00296412 -0.01393231 0.0115
v 0.00230622 -0.01341151 0.0115
v 0.00147606 -0.01328942 0.0115
v 0.00069607 -0.01359877 0.0115
v 0.00017526 -0.01425667 0.0115
v 5.318E-05 -0.01508683 0.0115
v 0.00036253 -0.01586682 0.0115
v 0.00102043 -0.01638763 0.0115
v 0.00185059 -0.01650971 0.0115
v 0.00263058 -0.01620036 0.0115
v -0.01061846 -0.00959341 0.0115
v -0.01049638 -0.00876325 0.0115
v -0.01080573 -0.00798326 0.0115
v -0.01146363 -0.00746245 0.0115
v -0.01229379 -0.00734037 0.0115
v -0.01307378 -0.00764972 0.0115
v -0.01359459 -0.00830762 0.0115
v -0.01371667 -0.00913778 0.0115
v -0.01340732 -0.00991776 0.0115
v -0.01274942 -0.01043857 0.0115
v -0.01191926 -0.01056066 0.0115
v -0.01113927 -0.01025131 0.0115
v -0.01235136 0.00530616 0.0115
v -0.01222927 0.00613632 0.0115
v -0.01253862 0.00691631 0.0115
v -0.01319652 0.00743712 0.0115
v -0.01402669 0.0075592 0.0115
v -0.01480667 0.00724985 0.0115
v -0.01532748 0.00659195 0.0115
v -0.01544956 0.00576178 0.0115
v -0.01514021 0.0049818 0.0115
v -0.01448231 0.00446099 0.0115
v -0.01365215 0.00433891 0.0115
v -0.01287217 0.00464826 0.0115
v 0.00328706 0.01407287 0.0115
v 0.00327993 0.0140562 0.0115
v 0.00310093 0.01277454 0.0115
v 0.00358674 0.0115751 0.0115
v 0.00460719 0.01077925 0.0115
v 0.00588885 0.01060026 0.0115
v 0.00708829 0.01108607 0.0115
v 0.00788414 0.01210652 0.0115
v 0.00806313 0.01338817 0.0115
v 0.00757732 0.01458762 0.0115
v 0.00655687 0.01538346 0.0115
v 0.00527522 0.01556246 0.0115
v 0.00407577 0.01507665 0.0115
v 0.00613844 -0.0104436 0.0115
v 0.00613131 -0.01046027 0.0115
v 0.00595232 -0.01174192 0.0115
v 0.00643813 -0.01294137 0.0115
v 0.00745858 -0.01373721 0.0115
v 0.00874023 -0.01391621 0.0115
v 0.00993968 -0.0134304 0.0115
v 0.01073552 -0.01240995 0.0115
v 0.01091452 -0.01112829 0.0115
v 0.01042871 -0.00992885 0.0115
v 0.00940826 -0.009133 0.0115
v 0.00812661 -0.00895401 0.0115
v 0.00692716 -0.00943982 0.0115
v 0.01345545 0.00830762 0.0115
v 0.01357753 0.00913778 0.0115
v 0.01326818 0.00991776 0.0115
v 0.01261028 0.01043857 0.0115
v 0.01178012 0.01056066 0.0115
v 0.01100013 0.01025131 0.0115
v 0.01047933 0.00959341 0.0115
v 0.01035724 0.00876325 0.0115
v 0.01066659 0.00798326 0.0115
v 0.01132449 0.00746245 0.0115
v 0.01215466 0.00734037 0.0115
v 0.01293464 0.00764972 0.0115
v 0.00173117 0.00728061 0.0115
v 0.00050826 0.00747771 0.0115
v -0.00073041 0.00747083 0.0115
v -0.00195106 0.00726017 0.0115
v -0.00312038 0.00685146 0.0115
v -0.00420649 0.00625587 0.0115
v -0.00517975 0.00548964 0.0115
v -0.00601361 0.00457366 0.0115
v -0.00668534 0.00353292 0.0115
v -0.00717661 0.00239581 0.0115
v -0.00747402 0.00119336 0.0115
v -0.00756945 -4.165E-05 0.0115
v -0.00746031 -0.00127552 0.0115
v -0.00714956 -0.0024746 0.0115
v -0.0066457 -0.00360618 0.0115
v -0.00596245 -0.00463939 0.0115
v -0.00511846 -0.00554605 0.0115
v -0.00413675 -0.00630143 0.0115
v -0.0030441 -0.00688493 0.0115
v -0.00187031 -0.00728061 0.0115
v -0.0006474 -0.00747771 0.0115
v 0.00059127 -0.00747083 0.0115
v 0.00181192 -0.00726017 0.0115
v 0.00298124 -0.00685146 0.0115
v 0.00406735 -0.00625587 0.0115
v 0.00654621 -0.00353292 0.0115
v 0.00587448 -0.00457366 0.0115
v 0.00504061 -0.00548964 0.0115
v 0.00681536 -0.00297453 0.0115
v 0.00703747 -0.00239581 0.0115
v 0.00733488 -0.00119336 0.0115
v 0.00743032 4.165E-05 0.0115
v 0.00732117 0.00127552 0.0115
v 0.00701043 0.0024746 0.0115
v 0.00650656 0.00360618 0.0115
v 0.00582331 0.00463939 0.0115
v 0.00497932 0.00554605 0.0115
v 0.00399761 0.00630143 0.0115
v 0.00290496 0.00688493 0.0115
v 0.01490526 0.00516046 0.01132839
v 0.01542919 0.00496305 0.01145451
v 0.01545529 0.00510378 0.01132839
v 0.01613295 0.00474873 0.01145451
v 0.01618971 0.00488012 0.01132839
v 0.01677136 0.00438319 0.01145451
v 0.01685594 0.00449865 0.01132839
v 0.01731244 0.00388474 0.01145451
v 0.01742058 0.00397849 0.01132839
v 0.01772903 0.0032784 0.01145451
v 0.01785533 0.00334573 0.01132839
v 0.01800025 0.00259455 0.01145451
v 0.01813836 0.00263209 0.01132839
v 0.0181125 0.0018675 0.01145451
v 0.01825551 0.00187337 0.01132839
v 0.01806016 0.0011337 0.01145451
v 0.01820088 0.0011076 0.01132839
v 0.01784584 0.00042995 0.01145451
v 0.01797722 0.00037318 0.01132839
v 0.01748029 -0.00020847 0.01145451
v 0.01759575 -0.00029305 0.01132839
v 0.01698185 -0.00074954 0.01145451
v 0.01707559 -0.00085769 0.01132839
v 0.0163755 -0.00116614 0.01145451
v 0.01644283 -0.00129243 0.01132839
v 0.01569166 -0.00143736 0.01145451
v 0.0157292 -0.00157547 0.01132839
v 0.01496461 -0.00154961 0.01145451
v 0.01497047 -0.00169262 0.01132839
v 0.01423081 -0.00149726 0.01145451
v 0.0142047 -0.00163799 0.01132839
v 0.01352705 -0.00128294 0.01145451
v 0.01347029 -0.00141433 0.01132839
v 0.01288863 -0.0009174 0.01145451
v 0.01280405 -0.00103286 0.01132839
v 0.01234756 -0.00041896 0.01145451
v 0.01223941 -0.0005127 0.01132839
v 0.01193097 0.00018739 0.01145451
v 0.01180467 0.00012006 0.01132839
v 0.01165975 0.00087123 0.01145451
v 0.01152163 0.00083369 0.01132839
v 0.01154749 0.00159828 0.01145451
v 0.01140449 0.00159242 0.01132839
v 0.01159984 0.00233209 0.01145451
v 0.01145911 0.00235819 0.01132839
v 0.01181416 0.00303584 0.01145451
v 0.01168277 0.0030926 0.01132839
v 0.01217971 0.00367426 0.01145451
v 0.01206424 0.00375884 0.01132839
v 0.01267815 0.00421533 0.01145451
v 0.0125844 0.00432348 0.01132839
v 0.01328449 0.00463192 0.01145451
v 0.01321716 0.00475822 0.01132839
v 0.01396834 0.00490315 0.01145451
v 0.0139308 0.00504126 0.01132839
v 0.01490211 0.00501736 0.01145451
v 0.01518834 -0.00659195 0.0115
v 0.01531043 -0.00576178 0.0115
v 0.01500108 -0.0049818 0.0115
v 0.01434318 -0.00446099 0.0115
v 0.01351301 -0.00433891 0.0115
v 0.01273303 -0.00464826 0.0115
v 0.01221222 -0.00530616 0.0115
v 0.01209013 -0.00613632 0.0115
v 0.01239949 -0.00691631 0.0115
v 0.01305739 -0.00743712 0.0115
v 0.01388755 -0.0075592 0.0115
v 0.01466753 -0.00724985 0.0115
v -0.0003144 0.01425667 0.0115
v -0.00019232 0.01508683 0.0115
v -0.00050167 0.01586682 0.0115
v -0.00115957 0.01638763 0.0115
v -0.00198973 0.01650971 0.0115
v -0.00276972 0.01620036 0.0115
v -0.00329052 0.01554246 0.0115
v -0.00341261 0.0147123 0.0115
v -0.00310326 0.01393231 0.0115
v -0.00244536 0.01341151 0.0115
v -0.00161519 0.01328942 0.0115
v -0.00083521 0.01359877 0.0115
v -0.00740725 0.00901163 0.01132839
v -0.00747458 0.00913793 0.01145451
v -0.00815842 0.0088667 0.01145451
v -0.00812088 0.00872859 0.01132839
v -0.00888547 0.00875445 0.01145451
v -0.00887961 0.00861145 0.01132839
v -0.00961927 0.0088068 0.01145451
v -0.00964538 0.00866607 0.01132839
v -0.01032303 0.00902112 0.01145451
v -0.01037979 0.00888973 0.01132839
v -0.01096145 0.00938666 0.01145451
v -0.01104603 0.0092712 0.01132839
v -0.01148972 0.00987042 0.01145451
v -0.01159731 0.00977604 0.01132839
v -0.01190058 0.01045718 0.01145451
v -0.01202607 0.01038835 0.01132839
v -0.01191911 0.01049145 0.01145451
v -0.01204541 0.01042412 0.01132839
v -0.01219033 0.0111753 0.01145451
v -0.01232845 0.01113776 0.01132839
v -0.01230259 0.01190235 0.01145451
v -0.01244559 0.01189648 0.01132839
v -0.01225024 0.01263615 0.01145451
v -0.01239096 0.01266225 0.01132839
v -0.01203592 0.0133399 0.01145451
v -0.01216731 0.01339667 0.01132839
v -0.01167038 0.01397832 0.01145451
v -0.01178584 0.0140629 0.01132839
v -0.01117193 0.01451939 0.01145451
v -0.01126568 0.01462754 0.01132839
v -0.01056559 0.01493599 0.01145451
v -0.01063292 0.01506228 0.01132839
v -0.00988174 0.01520721 0.01145451
v -0.00991928 0.01534532 0.01132839
v -0.00915469 0.01531946 0.01145451
v -0.00916055 0.01546247 0.01132839
v -0.00842089 0.01526712 0.01145451
v -0.00839479 0.01540784 0.01132839
v -0.00771713 0.01505279 0.01145451
v -0.00766037 0.01518418 0.01132839
v -0.00707872 0.01468725 0.01145451
v -0.00699414 0.01480271 0.01132839
v -0.00653764 0.01418881 0.01145451
v -0.00642949 0.01428255 0.01132839
v -0.00612105 0.01358246 0.01145451
v -0.00599475 0.01364979 0.01132839
v -0.00584983 0.01289862 0.01145451
v -0.00571172 0.01293616 0.01132839
v -0.00573758 0.01217156 0.01145451
v -0.00559457 0.01217743 0.01132839
v -0.00578992 0.01143776 0.01145451
v -0.0056492 0.01141166 0.01132839
v -0.00600424 0.01073401 0.01145451
v -0.00587286 0.01067725 0.01132839
v -0.00636979 0.01009559 0.01145451
v -0.00625433 0.01001101 0.01132839
v -0.00686823 0.00955452 0.01145451
v -0.00677449 0.00944637 0.01132839
v -0.01651913 -0.00065474 0.0115
v -0.01652626 -0.00067141 0.0115
v -0.01670526 -0.00195306 0.0115
v -0.01621945 -0.00315251 0.0115
v -0.015199 -0.00394835 0.0115
v -0.01391734 -0.00412735 0.0115
v -0.0127179 -0.00364154 0.0115
v -0.01192205 -0.00262109 0.0115
v -0.01174306 -0.00133943 0.0115
v -0.01222887 -0.00013999 0.0115
v -0.01324931 0.00065586 0.0115
v -0.01453097 0.00083485 0.0115
v -0.01573042 0.00034904 0.0115
v -0.00399268 -0.01100409 0.01132839
v -0.00407726 -0.01111956 0.01145451
v -0.00353618 -0.011618 0.01145451
v -0.00342803 -0.01152425 0.01132839
v -0.00311959 -0.01222435 0.01145451
v -0.00299329 -0.01215702 0.01132839
v -0.00284837 -0.01290819 0.01145451
v -0.00271026 -0.01287065 0.01132839
v -0.00273612 -0.01363524 0.01145451
v -0.00259311 -0.01362938 0.01132839
v -0.00278846 -0.01436904 0.01145451
v -0.00264774 -0.01439515 0.01132839
v -0.00300278 -0.0150728 0.01145451
v -0.0028714 -0.01512956 0.01132839
v -0.00321025 -0.01547454 0.01145451
v -0.0030879 -0.01554881 0.01132839
v -0.00386677 -0.01625229 0.01145451
v -0.00377303 -0.01636044 0.01132839
v -0.00447312 -0.01666888 0.01145451
v -0.00440579 -0.01679518 0.01132839
v -0.00515696 -0.0169401 0.01145451
v -0.00511942 -0.01707822 0.01132839
v -0.00588401 -0.01705235 0.01145451
v -0.00587815 -0.01719536 0.01132839
v -0.00661781 -0.01700001 0.01145451
v -0.00664392 -0.01714073 0.01132839
v -0.00732157 -0.01678569 0.01145451
v -0.00737833 -0.01691708 0.01132839
v -0.00795999 -0.01642014 0.01145451
v -0.00804457 -0.0165356 0.01132839
v -0.00850106 -0.0159217 0.01145451
v -0.00860921 -0.01601545 0.01132839
v -0.00891765 -0.01531535 0.01145451
v -0.00904395 -0.01538268 0.01132839
v -0.00918887 -0.01463151 0.01145451
v -0.00932699 -0.01466905 0.01132839
v -0.00930113 -0.01390446 0.01145451
v -0.00944413 -0.01391032 0.01132839
v -0.00924878 -0.01317066 0.01145451
v -0.00938951 -0.01314455 0.01132839
v -0.00903446 -0.0124669 0.01145451
v -0.00916585 -0.01241014 0.01132839
v -0.00866891 -0.01182848 0.01145451
v -0.00878438 -0.01174391 0.01132839
v -0.00817047 -0.01128741 0.01145451
v -0.00826422 -0.01117926 0.01132839
v -0.00756413 -0.01087082 0.01145451
v -0.00763146 -0.01074452 0.01132839
v -0.00688028 -0.0105996 0.01145451
v -0.00691782 -0.01046148 0.01132839
v -0.00615323 -0.01048735 0.01145451
v -0.0061591 -0.01034434 0.01132839
v -0.00541943 -0.01053969 0.01145451
v -0.00539333 -0.01039897 0.01132839
v -0.00471568 -0.01075401 0.01145451
v -0.00465891 -0.01062262 0.01132839
v 0.00012867 -0.0291808 0.00973156
v -0.00016154 -0.0290615 0.00970729
v -0.00045175 -0.0289422 0.00973156
v -0.00077563 -0.02880906 0.00981
v -0.00086405 -0.02815102 0.00970729
v -0.00095247 -0.02749298 0.00981
v -0.0004268 -0.02708739 0.00970729
v 9.887E-05 -0.02668179 0.00981
v 0.00045255 -0.02931395 0.00981
v 0.00097822 -0.02890836 0.00970729
v 0.00150389 -0.02850276 0.00981
v 0.00141547 -0.02784472 0.00970729
v 0.00132705 -0.02718668 0.00981
v 0.00100317 -0.02705354 0.00973156
v 0.00071296 -0.02693424 0.00970729
v 0.00042275 -0.02681494 0.00973156
v 0.01982502 -0.02073627 0.00973156
v 0.01953482 -0.02061697 0.00970729
v 0.01924461 -0.02049767 0.00973156
v 0.01892073 -0.02036452 0.00981
v 0.01883231 -0.01970649 0.00970729
v 0.01874389 -0.01904844 0.00981
v 0.01926955 -0.01864285 0.00970729
v 0.01979522 -0.01823726 0.00981
v 0.0201489 -0.02086941 0.00981
v 0.02067457 -0.02046382 0.00970729
v 0.02120024 -0.02005823 0.00981
v 0.02111182 -0.01940019 0.00970729
v 0.0210234 -0.01874215 0.00981
v 0.02069952 -0.018609 0.00973156
v 0.02040931 -0.0184897 0.00970729
v 0.0201191 -0.0183704 0.00973156
v 0.02778126 -0.00083766 0.00973156
v 0.02749106 -0.00071836 0.00970729
v 0.02720085 -0.00059905 0.00973156
v 0.02687697 -0.00046591 0.00981
v 0.02678855 0.00019213 0.00970729
v 0.02670012 0.00085017 0.00981
v 0.02722579 0.00125576 0.00970729
v 0.02775146 0.00166136 0.00981
v 0.02810514 -0.0009708 0.00981
v 0.02863081 -0.00056521 0.00970729
v 0.02915648 -0.00015961 0.00981
v 0.02906806 0.00049843 0.00970729
v 0.02897964 0.00115647 0.00981
v 0.02865576 0.00128961 0.00973156
v 0.02836555 0.00140891 0.00970729
v 0.02807534 0.00152821 0.00973156
v 0.01933673 0.0188587 0.00973156
v 0.01904652 0.018978 0.00970729
v 0.01875631 0.0190973 0.00973156
v 0.01843243 0.01923045 0.00981
v 0.01834401 0.01988848 0.00970729
v 0.01825559 0.02054652 0.00981
v 0.01878126 0.02095212 0.00970729
v 0.01930693 0.02135771 0.00981
v 0.01966061 0.01872556 0.00981
v 0.02018628 0.01913115 0.00970729
v 0.02071194 0.01953674 0.00981
v 0.02062352 0.02019478 0.00970729
v 0.0205351 0.02085282 0.00981
v 0.02021122 0.02098596 0.00973156
v 0.01992101 0.02110527 0.00970729
v 0.0196308 0.02122457 0.00973156
v -0.00056189 0.02681494 0.00973156
v -0.00085209 0.02693424 0.00970729
v -0.0011423 0.02705354 0.00973156
v -0.00146618 0.02718668 0.00981
v -0.0015546 0.02784472 0.00970729
v -0.00164302 0.02850276 0.00981
v -0.00111736 0.02890836 0.00970729
v -0.00059169 0.02931395 0.00981
v -0.00023801 0.02668179 0.00981
v 0.00028766 0.02708739 0.00970729
v 0.00081333 0.02749298 0.00981
v 0.00072491 0.02815102 0.00970729
v 0.00063649 0.02880906 0.00981
v 0.00031261 0.0289422 0.00973156
v 2.24E-05 0.0290615 0.00970729
v -0.00026781 0.0291808 0.00973156
v -0.02025824 0.0183704 0.00973156
v -0.02054845 0.0184897 0.00970729
v -0.02083866 0.018609 0.00973156
v -0.02116254 0.01874215 0.00981
v -0.02125096 0.01940019 0.00970729
v -0.02133938 0.02005823 0.00981
v -0.02081371 0.02046382 0.00970729
v -0.02028804 0.02086941 0.00981
v -0.01993436 0.01823726 0.00981
v -0.01940869 0.01864285 0.00970729
v -0.01888302 0.01904844 0.00981
v -0.01897145 0.01970649 0.00970729
v -0.01905986 0.02036452 0.00981
v -0.01938375 0.02049767 0.00973156
v -0.01967395 0.02061697 0.00970729
v -0.01996416 0.02073627 0.00973156
v -0.02821448 -0.00152821 0.00973156
v -0.02850469 -0.00140891 0.00970729
v -0.0287949 -0.00128961 0.00973156
v -0.02911878 -0.00115647 0.00981
v -0.0292072 -0.00049843 0.00970729
v -0.02929562 0.00015961 0.00981
v -0.02876995 0.00056521 0.00970729
v -0.02824428 0.0009708 0.00981
v -0.0278906 -0.00166136 0.00981
v -0.02736493 -0.00125576 0.00970729
v -0.02683926 -0.00085017 0.00981
v -0.02692768 -0.00019213 0.00970729
v -0.0270161 0.00046591 0.00981
v -0.02733998 0.00059905 0.00973156
v -0.02763019 0.00071836 0.00970729
v -0.0279204 0.00083766 0.00973156
v -0.01976994 -0.02122457 0.00973156
v -0.02006015 -0.02110527 0.00970729
v -0.02035036 -0.02098596 0.00973156
v -0.02067424 -0.02085282 0.00981
v -0.02076266 -0.02019478 0.00970729
v -0.02085108 -0.01953674 0.00981
v -0.02032541 -0.01913115 0.00970729
v -0.01979975 -0.01872556 0.00981
v -0.01944606 -0.02135771 0.00981
v -0.0189204 -0.02095212 0.00970729
v -0.01839473 -0.02054652 0.00981
v -0.01848315 -0.01988848 0.00970729
v -0.01857157 -0.01923045 0.00981
v -0.01889545 -0.0190973 0.00973156
v -0.01918566 -0.018978 0.00970729
v -0.01947587 -0.0188587 0.00973156
v -0.00044347 -0.0151446 0.012
v -3.87E-05 -0.01616517 0.012
v 0.00082213 -0.01684662 0.012
v 0.00190836 -0.01700637 0.012
v 0.00292893 -0.01660159 0.012
v 0.00361038 -0.01574076 0.012
v 0.00377012 -0.01465454 0.012
v 0.00336535 -0.01363396 0.012
v 0.00250452 -0.01295251 0.012
v 0.00141829 -0.01279277 0.012
v 0.00039772 -0.01319754 0.012
v -0.00028373 -0.01405837 0.012
v -0.01195442 -0.00683497 0.012
v -0.01159013 -0.00689334 0.012
v -0.01213879 -0.00682976 0.012
v -0.01235156 -0.00684371 0.012
v -0.01337213 -0.00724849 0.012
v -0.01405358 -0.00810932 0.012
v -0.01421332 -0.00919554 0.012
v -0.01380855 -0.01021612 0.012
v -0.01294772 -0.01089757 0.012
v -0.01186149 -0.01105731 0.012
v -0.01084092 -0.01065254 0.012
v -0.01015947 -0.00979171 0.012
v -0.00999973 -0.00870548 0.012
v -0.0104045 -0.00768491 0.012
v -0.01126533 -0.00700346 0.012
v -0.01594622 0.00570402 0.012
v -0.01554145 0.00468345 0.012
v -0.01468061 0.004002 0.012
v -0.01359439 0.00384225 0.012
v -0.01257382 0.00424703 0.012
v -0.01189236 0.00510786 0.012
v -0.01173262 0.00619408 0.012
v -0.01213739 0.00721466 0.012
v -0.01299822 0.00789611 0.012
v -0.01408445 0.00805585 0.012
v -0.01510502 0.00765108 0.012
v -0.01578647 0.00679025 0.012
v 0.00281951 0.01425117 0.012
v 0.00260471 0.01271318 0.012
v 0.00318768 0.01127385 0.012
v 0.00441222 0.01031883 0.012
v 0.00595021 0.01010404 0.012
v 0.00738954 0.01068701 0.012
v 0.00834456 0.01191155 0.012
v 0.00855935 0.01344953 0.012
v 0.00797638 0.01488887 0.012
v 0.00675184 0.01584388 0.012
v 0.00521386 0.01605868 0.012
v 0.00377452 0.01547571 0.012
v 0.00282806 0.01427117 0.012
v 0.00567089 -0.0102653 0.012
v 0.0054561 -0.01180329 0.012
v 0.00603907 -0.01324262 0.012
v 0.00726361 -0.01419763 0.012
v 0.0088016 -0.01441243 0.012
v 0.01024093 -0.01382946 0.012
v 0.01119594 -0.01260492 0.012
v 0.01141074 -0.01106693 0.012
v 0.01082777 -0.0096276 0.012
v 0.00960323 -0.00867258 0.012
v 0.00806524 -0.00845779 0.012
v 0.00662591 -0.00904076 0.012
v 0.00567945 -0.0102453 0.012
v 0.00986059 0.00870548 0.012
v 0.01026536 0.00768491 0.012
v 0.01112619 0.00700346 0.012
v 0.01221242 0.00684371 0.012
v 0.01323299 0.00724849 0.012
v 0.01391444 0.00810932 0.012
v 0.01407419 0.00919554 0.012
v 0.01366941 0.01021612 0.012
v 0.01280858 0.01089757 0.012
v 0.01172236 0.01105731 0.012
v 0.01070178 0.01065254 0.012
v 0.01002033 0.00979171 0.012
v 0.00185122 0.00776599 0.012
v 0.00054678 0.00797622 0.012
v -0.00077447 0.00796888 0.012
v -0.00207649 0.00774418 0.012
v -0.00332377 0.00730823 0.012
v -0.00448228 0.00667293 0.012
v -0.00552042 0.00585561 0.012
v -0.00640988 0.00487857 0.012
v -0.0071264 0.00376845 0.012
v -0.00765042 0.00255554 0.012
v -0.00796765 0.00127292 0.012
v -0.00806945 -4.443E-05 0.012
v -0.00795303 -0.00136056 0.012
v -0.00762156 -0.00263958 0.012
v -0.00708411 -0.00384659 0.012
v -0.00635531 -0.00494869 0.012
v -0.00545505 -0.00591579 0.012
v -0.00440789 -0.00672153 0.012
v -0.0032424 -0.00734392 0.012
v -0.00199035 -0.00776599 0.012
v -0.00068592 -0.00797622 0.012
v 0.00063533 -0.00796888 0.012
v 0.00193735 -0.00774418 0.012
v 0.00318463 -0.00730823 0.012
v 0.00434314 -0.00667293 0.012
v 0.00538129 -0.00585561 0.012
v 0.00627075 -0.00487857 0.012
v 0.00698726 -0.00376845 0.012
v 0.00727435 -0.00317283 0.012
v 0.00751128 -0.00255554 0.012
v 0.00782851 -0.00127292 0.012
v 0.00793031 4.443E-05 0.012
v 0.00781389 0.00136056 0.012
v 0.00748243 0.00263958 0.012
v 0.00694497 0.00384659 0.012
v 0.00621617 0.00494869 0.012
v 0.00531591 0.00591579 0.012
v 0.00426876 0.00672153 0.012
v 0.00310326 0.00734392 0.012
v 0.01106624 0.00335897 0.012
v 0.0121445 0.00483097 0.012
v 0.01375465 0.00568936 0.012
v 0.01557779 0.00576412 0.012
v 0.01725282 0.00504045 0.012
v 0.01844798 0.00366168 0.012
v 0.01892656 0.00190088 0.012
v 0.01859376 0.00010682 0.012
v 0.0175155 -0.00136518 0.012
v 0.01590535 -0.00222357 0.012
v 0.01408221 -0.00229834 0.012
v 0.01240718 -0.00157466 0.012
v 0.01121202 -0.00019589 0.012
v 0.01073344 0.0015649 0.012
v 0.01159348 -0.00619408 0.012
v 0.01199825 -0.00721466 0.012
v 0.01285908 -0.00789611 0.012
v 0.01394531 -0.00805585 0.012
v 0.01496588 -0.00765108 0.012
v 0.01564734 -0.00679025 0.012
v 0.01580708 -0.00570402 0.012
v 0.01540231 -0.00468345 0.012
v 0.01454148 -0.004002 0.012
v 0.01345525 -0.00384225 0.012
v 0.01243468 -0.00424703 0.012
v 0.01175322 -0.00510786 0.012
v -0.00390926 0.01465454 0.012
v -0.00350449 0.01363396 0.012
v -0.00264366 0.01295251 0.012
v -0.00155743 0.01279277 0.012
v -0.00053686 0.01319754 0.012
v 0.00014459 0.01405837 0.012
v 0.00030434 0.0151446 0.012
v -0.00010044 0.01616517 0.012
v -0.00096127 0.01684662 0.012
v -0.00204749 0.01700637 0.012
v -0.00306807 0.01660159 0.012
v -0.00374952 0.01574076 0.012
v -0.01009543 0.01599342 0.012
v -0.01170558 0.01513503 0.012
v -0.01278384 0.01366303 0.012
v -0.00827229 0.01606818 0.012
v -0.00659726 0.01534451 0.012
v -0.0054021 0.01396574 0.012
v -0.00492353 0.01220495 0.012
v -0.00525632 0.01041088 0.012
v -0.00633458 0.00893888 0.012
v -0.00794473 0.00808049 0.012
v -0.00976787 0.00800573 0.012
v -0.0114429 0.0087294 0.012
v -0.01263806 0.01010817 0.012
v -0.01311664 0.01186896 0.012
v -0.01698668 -0.00047644 0.012
v -0.01720148 -0.00201443 0.012
v -0.01661851 -0.00345376 0.012
v -0.01539397 -0.00440877 0.012
v -0.01385598 -0.00462357 0.012
v -0.01241665 -0.0040406 0.012
v -0.01146163 -0.00281606 0.012
v -0.01124684 -0.00127807 0.012
v -0.01182981 0.00016126 0.012
v -0.01305435 0.00111628 0.012
v -0.01459233 0.00133107 0.012
v -0.01603167 0.0007481 0.012
v -0.01697813 -0.00045644 0.012
v -0.00978238 -0.01214377 0.012
v -0.00870412 -0.01067177 0.012
v -0.00709397 -0.00981338 0.012
v -0.00527083 -0.00973862 0.012
v -0.0035958 -0.01046229 0.012
v -0.00240064 -0.01184107 0.012
v -0.00192207 -0.01360186 0.012
v -0.00225486 -0.01539592 0.012
v -0.00333312 -0.01686793 0.012
v -0.00494327 -0.01772632 0.012
v -0.00676641 -0.01780108 0.012
v -0.00844144 -0.01707741 0.012
v -0.0096366 -0.01569863 0.012
v -0.01011518 -0.01393784 0.012
v 0.00045255 -0.02931395 0.01085
v 0.00150389 -0.02850276 0.01085
v 0.00132705 -0.02718668 0.01085
v 9.887E-05 -0.02668179 0.01085
v -0.00095247 -0.02749298 0.01085
v -0.00077563 -0.02880906 0.01085
v 0.0201489 -0.02086941 0.01085
v 0.02120024 -0.02005823 0.01085
v 0.0210234 -0.01874215 0.01085
v 0.01979522 -0.01823726 0.01085
v 0.01874389 -0.01904844 0.01085
v 0.01892073 -0.02036452 0.01085
v 0.02810514 -0.0009708 0.01085
v 0.02915648 -0.00015961 0.01085
v 0.02897964 0.00115647 0.01085
v 0.02775146 0.00166136 0.01085
v 0.02670012 0.00085017 0.01085
v 0.02687697 -0.00046591 0.01085
v 0.01966061 0.01872556 0.01085
v 0.02071194 0.01953674 0.01085
v 0.0205351 0.02085282 0.01085
v 0.01930693 0.02135771 0.01085
v 0.01825559 0.02054652 0.01085
v 0.01843243 0.01923045 0.01085
v -0.00023801 0.02668179 0.01085
v 0.00081333 0.02749298 0.01085
v 0.00063649 0.02880906 0.01085
v -0.00059169 0.02931395 0.01085
v -0.00164302 0.02850276 0.01085
v -0.00146618 0.02718668 0.01085
v -0.01993436 0.01823726 0.01085
v -0.01888302 0.01904844 0.01085
v -0.01905986 0.02036452 0.01085
v -0.02028804 0.02086941 0.01085
v -0.02133938 0.02005823 0.01085
v -0.02116254 0.01874215 0.01085
v -0.0278906 -0.00166136 0.01085
v -0.02683926 -0.00085017 0.01085
v -0.0270161 0.00046591 0.01085
v -0.02824428 0.0009708 0.01085
v -0.02929562 0.00015961 0.01085
v -0.02911878 -0.00115647 0.01085
v -0.01944606 -0.02135771 0.01085
v -0.01839473 -0.02054652 0.01085
v -0.01857157 -0.01923045 0.01085
v -0.01979975 -0.01872556 0.01085
v -0.02085108 -0.01953674 0.01085
v -0.02067424 -0.02085282 0.01085
v -0.00207308 0.01715983 0.012
v 0.01196184 -0.01589191 0.012
v 0.02008544 0.00374507 0.012
v 0.01937255 0.00213514 0.012
v 0.02020157 0.00305467 0.012
v 0.01168257 0.01679694 0.012
v 0.01125936 0.01574924 0.012
v 0.0148232 0.01408742 0.012
v -0.00369279 0.01598067 0.012
v -0.00095539 -0.01147409 0.012
v 0.01874923 -0.00813037 0.012
v 0.01976338 -0.00518693 0.012
v 0.01661752 -0.00456665 0.012
v 0.01831328 -0.00907309 0.012
v 0.01169876 -0.01653185 0.012
v 0.01187151 -0.01666315 0.012
v 0.0125324 -0.01616912 0.012
v 0.01168594 -0.01679458 0.012
v 0.01174194 -0.01675525 0.012
v 0.01164805 -0.01665522 0.012
v 0.00983523 -0.0179484 0.012
v 0.00627769 -0.01444753 0.012
v 0.00601949 -0.01957482 0.012
v 0.00466474 -0.01378446 0.012
v 0.00195446 -0.02039983 0.012
v 0.00363907 -0.01336282 0.012
v -7.98E-05 -0.01183403 0.012
v -0.00350495 -0.0202101 0.012
v -0.00219342 -0.02038968 0.012
v 0.00074723 -0.02048372 0.012
v -0.00445046 -0.02002643 0.012
v -0.00625436 -0.01954478 0.012
v -0.01006209 -0.01789971 0.012
v -0.01206955 -0.01662078 0.012
v -0.00863214 -0.00831827 0.012
v -0.00920654 -0.00808214 0.012
v -0.01257994 -0.01624009 0.012
v -0.01346073 -0.01552182 0.012
v -0.01631113 -0.01250846 0.012
v -0.0184966 -0.00898301 0.012
v -0.02025172 -0.00359594 0.012
v -0.01992767 -0.0050898 0.012
v -0.01263802 -0.00577919 0.012
v -0.02027842 -0.00344274 0.012
v -0.0129011 -0.00641914 0.012
v -0.01295181 -0.0065425 0.012
v -0.0203982 -0.00264518 0.012
v -0.01035673 -0.0002298 0.012
v -0.02054574 -0.0009882 0.012
v -0.02032551 0.00315385 0.012
v -0.00998496 0.00067456 0.012
v -0.02000475 0.00477898 0.012
v -0.00798234 0.00554607 0.012
v -0.01927601 0.00716678 0.012
v -0.01744019 0.0108863 0.012
v -0.00773262 0.00615353 0.012
v -0.01489321 0.01416014 0.012
v -0.01173936 0.01685426 0.012
v -0.00810774 0.01885836 0.012
v -0.00192249 0.02041609 0.012
v -0.00414704 0.0200904 0.012
v -0.00304398 0.01755895 0.012
v -0.00024518 0.02049925 0.012
v -0.00073486 0.0204892 0.012
v 0.00410618 0.0200702 0.012
v -1.94E-05 0.02049994 0.012
v 0.00213263 0.01950113 0.012
v 0.00270703 0.01926501 0.012
v 0.01038378 0.01610918 0.012
v 0.0080608 0.01881879 0.012
v 0.01618552 0.00965393 0.012
v 0.01917171 0.00707269 0.012
v 0.01735412 0.01080116 0.012
v -0.0119302 -0.00681826 0.012
v -0.01166713 -0.00617831 0.012
v 0.00127569 0.01578319 0.012
v 0.00062688 0.01420491 0.012
v 0.00676911 0.00731627 0.012
v -0.00090764 0.01047209 0.012
v 0.00895244 0.01262736 0.012
v 0.00830363 0.01104908 0.012
v 0.00395286 -0.01259951 0.012
v 0.00497853 -0.01302115 0.012
v 0.00623415 -0.00705012 0.012
v 0.00659148 -0.01368421 0.012
v 0.0063284 -0.01432416 0.012
v 0.01324546 -0.01558717 0.012
v 0.01424313 -0.01034252 0.012
v 0.01136357 0.00542754 0.012
v 0.01238924 0.0050059 0.012
v 0.01553671 0.00807565 0.012
v 0.00982803 0.01226742 0.012
v 0.00917921 0.01068914 0.012
v 0.0076447 0.00695633 0.012
v 0.0135469 0.01073863 0.012
v 0.01457257 0.01031699 0.012
v 0.00660592 -0.00614576 0.012
v 0.00860854 -0.00127425 0.012
v 0.00885826 -0.00066679 0.012
v -0.00148204 0.01070822 0.012
v -0.00425641 0.01184874 0.012
v -0.00701144 0.00514695 0.012
v -0.00901406 0.00027543 0.012
v -0.00938584 -0.00062892 0.012
v -0.00889275 -0.00731883 0.012
v -0.00831835 -0.00755495 0.012
v -0.0006416 -0.01071078 0.012
v 0.00023399 -0.01107072 0.012
v 0.00988393 -0.00108844 0.012
v 0.01686724 -0.00395919 0.012
v 0.01149688 -0.0017515 0.012
v 0.00070129 0.01601931 0.012
v -0.00676173 0.0057544 0.012
v 0.00471545 -0.0136611 0.012
v 0.00368978 -0.01323946 0.012
v -2.909E-05 -0.01171067 0.012
v -0.00090467 -0.01135073 0.012
v -0.00858143 -0.0081949 0.012
v -0.00915582 -0.00795878 0.012
v 0.00725982 -0.00747176 0.012
v 0.00763159 -0.0065674 0.012
v 0.00963421 -0.00169589 0.012
v 0.00887277 -0.00813482 0.012
v 0.00924454 -0.00723047 0.012
v 0.01124716 -0.00235895 0.012
v 0.0146149 -0.00943816 0.012
v 0.01611058 -0.01258781 0.012
v 0.02040152 -0.00108841 0.012
v 0.01694885 0.01142906 0.012
v 0.0157446 0.01304461 0.012
v 0.01489704 0.01400895 0.012
v -0.00057952 -0.02688946 0.01085
v -0.00083726 -0.02714857 0.01085
v -0.00101915 -0.02746557 0.01085
v -0.0011128 -0.02781884 0.01085
v 0.00080801 -0.02670301 0.01085
v 0.00045474 -0.02660936 0.01085
v 8.927E-05 -0.02661034 0.01085
v -0.0002635 -0.02670588 0.01085
v -0.00025659 -0.02929273 0.01085
v 9.668E-05 -0.02938638 0.01085
v 0.00046215 -0.0293854 0.01085
v 0.00081492 -0.02928987 0.01085
v 0.00113094 -0.02910629 0.01085
v -0.00111182 -0.02818432 0.01085
v -0.00101629 -0.02853708 0.01085
v -0.00083271 -0.0288531 0.01085
v -0.00057359 -0.02911084 0.01085
v 0.00166421 -0.0281769 0.01085
v 0.00166324 -0.02781143 0.01085
v 0.00156771 -0.02745866 0.01085
v 0.00138412 -0.02714264 0.01085
v 0.00112501 -0.0268849 0.01085
v 0.00138868 -0.02884717 0.01085
v 0.00157057 -0.02853017 0.01085
v 0.02051127 -0.02084533 0.01085
v 0.02082729 -0.02066175 0.01085
v 0.02108503 -0.02040263 0.01085
v 0.02126692 -0.02008564 0.01085
v 0.02136057 -0.01973237 0.01085
v 0.02135959 -0.01936689 0.01085
v 0.02082136 -0.01844037 0.01085
v 0.02050436 -0.01825848 0.01085
v 0.02015109 -0.01816483 0.01085
v 0.01978562 -0.01816581 0.01085
v 0.01943285 -0.01826134 0.01085
v 0.02126406 -0.01901413 0.01085
v 0.02108048 -0.01869811 0.01085
v 0.01979304 -0.02094184 0.01085
v 0.02015851 -0.02094087 0.01085
v 0.01886365 -0.02040857 0.01085
v 0.01868007 -0.02009255 0.01085
v 0.01858453 -0.01973978 0.01085
v 0.01912277 -0.0206663 0.01085
v 0.01943976 -0.02084819 0.01085
v 0.01911684 -0.01844492 0.01085
v 0.0188591 -0.01870404 0.01085
v 0.01867721 -0.01902103 0.01085
v 0.01858356 -0.01937431 0.01085
v 0.02654077 0.00015884 0.01085
v 0.02663631 -0.00019393 0.01085
v 0.02681989 -0.00050995 0.01085
v 0.02707901 -0.00076769 0.01085
v 0.027396 -0.00094958 0.01085
v 0.02707307 0.00145369 0.01085
v 0.02681533 0.00119458 0.01085
v 0.02663345 0.00087758 0.01085
v 0.0265398 0.00052431 0.01085
v 0.0284606 0.00164014 0.01085
v 0.02810733 0.00173378 0.01085
v 0.02774186 0.00173281 0.01085
v 0.02738909 0.00163727 0.01085
v 0.02878353 -0.00076314 0.01085
v 0.02904127 -0.00050402 0.01085
v 0.02922316 -0.00018702 0.01085
v 0.02931681 0.00016625 0.01085
v 0.02931583 0.00053172 0.01085
v 0.0292203 0.00088449 0.01085
v 0.02903672 0.00120051 0.01085
v 0.0287776 0.00145824 0.01085
v 0.02774927 -0.00104323 0.01085
v 0.02811475 -0.00104225 0.01085
v 0.02846751 -0.00094672 0.01085
v 0.01818891 0.02057393 0.01085
v 0.0183708 0.02089093 0.01085
v 0.01862854 0.02115005 0.01085
v 0.02087227 0.0198626 0.01085
v 0.0208713 0.02022807 0.01085
v 0.02077576 0.02058084 0.01085
v 0.02059218 0.02089686 0.01085
v 0.02033306 0.0211546 0.01085
v 0.02001607 0.02133649 0.01085
v 0.0196628 0.02143014 0.01085
v 0.01929732 0.02142916 0.01085
v 0.01894456 0.02133363 0.01085
v 0.02002298 0.01874964 0.01085
v 0.020339 0.01893322 0.01085
v 0.02059673 0.01919234 0.01085
v 0.02077862 0.01950933 0.01085
v 0.01819177 0.01950242 0.01085
v 0.01837535 0.0191864 0.01085
v 0.01863447 0.01892867 0.01085
v 0.01809526 0.02022066 0.01085
v 0.01809624 0.01985519 0.01085
v 0.01895147 0.01874677 0.01085
v 0.01930474 0.01865313 0.01085
v 0.01967021 0.0186541 0.01085
v -0.00152781 0.02884717 0.01085
v -0.0017097 0.02853017 0.01085
v -0.00180335 0.0281769 0.01085
v -0.00060129 0.0293854 0.01085
v -0.00023582 0.02938638 0.01085
v 0.00011745 0.02929273 0.01085
v 0.00012436 0.02670588 0.01085
v 0.00044038 0.02688946 0.01085
v 0.00069812 0.02714857 0.01085
v 0.00088001 0.02746557 0.01085
v 0.00097366 0.02781884 0.01085
v 0.00097268 0.02818432 0.01085
v -0.00126414 0.0268849 0.01085
v -0.00094715 0.02670301 0.01085
v -0.00059388 0.02660936 0.01085
v -0.0002284 0.02661034 0.01085
v -0.00180238 0.02781143 0.01085
v -0.00170684 0.02745866 0.01085
v -0.00152326 0.02714264 0.01085
v -0.00095406 0.02928987 0.01085
v -0.00127008 0.02910629 0.01085
v 0.00087715 0.02853708 0.01085
v 0.00069357 0.0288531 0.01085
v 0.00043445 0.02911084 0.01085
v -0.01935004 0.02072834 0.01085
v -0.0195789 0.02084819 0.01085
v -0.02137692 0.01895503 0.01085
v -0.02107532 0.01853821 0.01085
v -0.02121096 0.02041967 0.01085
v -0.02144965 0.01996389 0.01085
v -0.0206435 0.01825848 0.01085
v -0.0201398 0.01815363 0.01085
v -0.02150758 0.01945267 0.01085
v -0.01982589 0.02092396 0.01085
v -0.02034029 0.02093447 0.01085
v -0.02082374 0.02075845 0.01085
v -0.01897698 0.02037403 0.01085
v -0.0187571 0.01990888 0.01085
v -0.01872011 0.01939571 0.01085
v -0.01963224 0.01823782 0.01085
v -0.01918936 0.01849967 0.01085
v -0.01887098 0.01890383 0.01085
v -0.02877998 0.00085983 0.01085
v -0.02829652 0.00103585 0.01085
v -0.02778213 0.00102534 0.01085
v -0.02753514 0.00094958 0.01085
v -0.02682722 -0.00099478 0.01085
v -0.02667634 -0.0005029 0.01085
v -0.02671334 1.026E-05 0.01085
v -0.02693321 0.00047541 0.01085
v -0.02730627 0.00082972 0.01085
v -0.0271456 -0.00139894 0.01085
v -0.02758848 -0.0016608 0.01085
v -0.02933316 -0.00094358 0.01085
v -0.02903155 -0.00136041 0.01085
v -0.02859974 -0.00164014 0.01085
v -0.02809604 -0.00174499 0.01085
v -0.0291672 0.00052106 0.01085
v -0.02940589 6.528E-05 0.01085
v -0.02946382 -0.00044595 0.01085
v -0.0190906 -0.01874677 0.01085
v -0.0193376 -0.01867101 0.01085
v -0.01985199 -0.0186605 0.01085
v -0.02033544 -0.01883652 0.01085
v -0.01838269 -0.02069114 0.01085
v -0.01823181 -0.02019926 0.01085
v -0.0182688 -0.01968609 0.01085
v -0.01848868 -0.01922094 0.01085
v -0.01886174 -0.01886663 0.01085
v -0.01870106 -0.0210953 0.01085
v -0.01914394 -0.02135715 0.01085
v -0.02088862 -0.02063994 0.01085
v -0.02058702 -0.02105676 0.01085
v -0.02015521 -0.02133649 0.01085
v -0.0196515 -0.02144134 0.01085
v -0.02072266 -0.0191753 0.01085
v -0.02096135 -0.01963108 0.01085
v -0.02101928 -0.0201423 0.01085
v -1.818E-05 0.02099994 0.0115
v -0.00424649 0.02058041 0.0115
v -0.00830379 0.01931832 0.0115
v -0.01202399 0.01726534 0.0115
v -0.01525476 0.01450551 0.0115
v -0.01786386 0.01115182 0.0115
v -0.01974446 0.00734158 0.0115
v -0.02081956 0.00323077 0.0115
v -0.02104516 -0.0010123 0.0115
v -0.02041201 -0.00521394 0.0115
v -0.01378734 -0.0159004 0.0115
v -0.01670727 -0.01281355 0.0115
v -0.01894604 -0.00920211 0.0115
v -0.01030581 -0.01833628 0.0115
v -0.00640521 -0.02002148 0.0115
v -0.00224523 -0.02088699 0.0115
v 0.01007681 -0.01838616 0.0115
v 0.006168 -0.02005225 0.0115
v 0.00200383 -0.02089739 0.0115
v 0.01357022 -0.01596735 0.0115
v 0.01650522 -0.01289483 0.0115
v 0.01876164 -0.00929439 0.0115
v 0.01920822 -0.00832867 0.0115
v 0.02069599 0.00312918 0.0115
v 0.02090081 -0.00111495 0.0115
v 0.02024711 -0.00531344 0.0115
v 0.01964102 0.0072452 0.0115
v 0.01777909 0.0110646 0.0115
v 0.01518644 0.01443101 0.0115
v 0.00420803 0.02055972 0.0115
v 0.00825911 0.01927779 0.0115
v 0.01196921 0.01720662 0.0115
v -0.0008079 -0.03063383 0.0094
v -0.00133537 -0.03010912 0.010125
v -0.00145322 -0.03026355 0.0094
v -0.0018269 -0.0296202 0.010125
v -0.00198071 -0.02973887 0.0094
v -0.00217515 -0.02902072 0.010125
v -0.00235443 -0.02909555 0.0094
v -0.00235637 -0.02835154 0.010125
v -0.0025489 -0.02837742 0.0094
v -0.00235822 -0.02765826 0.010125
v -0.00255089 -0.02763342 0.0094
v -0.00218058 -0.02698812 0.010125
v -0.00236025 -0.02691426 0.0094
v -0.00183554 -0.02638679 0.010125
v -0.00198997 -0.02626895 0.0094
v -0.00134662 -0.02589526 0.010125
v -0.00146529 -0.02574146 0.0094
v -0.00074715 -0.02554701 0.010125
v -0.00082197 -0.02536774 0.0094
v -7.796E-05 -0.02536579 0.010125
v -0.00010383 -0.02517326 0.0094
v 0.00061532 -0.02536394 0.010125
v 0.00064016 -0.02517127 0.0094
v 0.00128546 -0.02554158 0.010125
v 0.00135932 -0.02536191 0.0094
v 0.00188679 -0.02588663 0.010125
v 0.00200464 -0.02573219 0.0094
v 0.00237832 -0.02637554 0.010125
v 0.00253213 -0.02625687 0.0094
v 0.00272657 -0.02697502 0.010125
v 0.00290584 -0.0269002 0.0094
v 0.00290779 -0.0276442 0.010125
v 0.00310032 -0.02761833 0.0094
v 0.00290964 -0.02833748 0.010125
v 0.00310231 -0.02836232 0.0094
v 0.00273199 -0.02900762 0.010125
v 0.00291167 -0.02908148 0.0094
v 0.00238696 -0.02960895 0.010125
v 0.00254139 -0.0297268 0.0094
v 0.00189804 -0.03010048 0.010125
v 0.00201671 -0.03025429 0.0094
v 0.00129856 -0.03044873 0.010125
v 0.00137338 -0.03062801 0.0094
v 0.00062938 -0.03062995 0.010125
v 0.00065525 -0.03082249 0.0094
v -6.39E-05 -0.0306318 0.010125
v -8.874E-05 -0.03082447 0.0094
v -0.00073404 -0.03045416 0.010125
v -0.0010134 -0.0296872 0.01065574
v -0.00140671 -0.02929599 0.01065574
v -0.00168536 -0.02881631 0.01065574
v -0.00183036 -0.02828086 0.01065574
v -0.00183184 -0.02772613 0.01065574
v -0.0016897 -0.02718991 0.01065574
v -0.00141362 -0.02670876 0.01065574
v -0.00102241 -0.02631546 0.01065574
v -0.00054273 -0.02603681 0.01065574
v -7.28E-06 -0.0258918 0.01065574
v 0.00054745 -0.02589032 0.01065574
v 0.00108367 -0.02603246 0.01065574
v 0.00156482 -0.02630855 0.01065574
v 0.00195812 -0.02669976 0.01065574
v 0.00223677 -0.02717943 0.01065574
v 0.00238178 -0.02771488 0.01065574
v 0.00238326 -0.02826961 0.01065574
v 0.00224112 -0.02880583 0.01065574
v 0.00196503 -0.02928698 0.01065574
v 0.00157382 -0.02968029 0.01065574
v 0.00109415 -0.02995894 0.01065574
v 0.0005587 -0.03010394 0.01065574
v 3.97E-06 -0.03010543 0.01065574
v -0.00053225 -0.02996328 0.01065574
v 0.01888845 -0.02218929 0.0094
v 0.01836099 -0.02166458 0.010125
v 0.01824314 -0.02181902 0.0094
v 0.01786945 -0.02117567 0.010125
v 0.01771565 -0.02129434 0.0094
v 0.01752121 -0.02057619 0.010125
v 0.01734193 -0.02065101 0.0094
v 0.01733998 -0.01990701 0.010125
v 0.01714745 -0.01993288 0.0094
v 0.01733813 -0.01921372 0.010125
v 0.01714546 -0.01918888 0.0094
v 0.01751578 -0.01854358 0.010125
v 0.0173361 -0.01846972 0.0094
v 0.01786082 -0.01794226 0.010125
v 0.01770638 -0.01782441 0.0094
v 0.01834973 -0.01745072 0.010125
v 0.01823106 -0.01729692 0.0094
v 0.01894921 -0.01710248 0.010125
v 0.01887439 -0.0169232 0.0094
v 0.01961839 -0.01692125 0.010125
v 0.01959252 -0.01672872 0.0094
v 0.02031167 -0.0169194 0.010125
v 0.02033652 -0.01672673 0.0094
v 0.02098181 -0.01709705 0.010125
v 0.02105568 -0.01691738 0.0094
v 0.02158314 -0.01744209 0.010125
v 0.02170099 -0.01728765 0.0094
v 0.02207468 -0.017931 0.010125
v 0.02222848 -0.01781233 0.0094
v 0.02242292 -0.01853048 0.010125
v 0.0226022 -0.01845566 0.0094
v 0.02260415 -0.01919966 0.010125
v 0.02279668 -0.01917379 0.0094
v 0.022606 -0.01989295 0.010125
v 0.02279866 -0.01991779 0.0094
v 0.02242835 -0.02056309 0.010125
v 0.02260802 -0.02063695 0.0094
v 0.02208331 -0.02116441 0.010125
v 0.02223775 -0.02128226 0.0094
v 0.02159439 -0.02165595 0.010125
v 0.02171306 -0.02180975 0.0094
v 0.02099492 -0.02200419 0.010125
v 0.02106974 -0.02218347 0.0094
v 0.02032574 -0.02218542 0.010125
v 0.02035161 -0.02237795 0.0094
v 0.01963245 -0.02218727 0.010125
v 0.01960761 -0.02237994 0.0094
v 0.01896231 -0.02200962 0.010125
v 0.01868295 -0.02124266 0.01065574
v 0.01828965 -0.02085145 0.01065574
v 0.018011 -0.02037178 0.01065574
v 0.01786599 -0.01983633 0.01065574
v 0.01786451 -0.01928159 0.01065574
v 0.01800666 -0.01874538 0.01065574
v 0.01828274 -0.01826422 0.01065574
v 0.01867395 -0.01787092 0.01065574
v 0.01915362 -0.01759227 0.01065574
v 0.01968907 -0.01744726 0.01065574
v 0.02024381 -0.01744578 0.01065574
v 0.02078002 -0.01758793 0.01065574
v 0.02126117 -0.01786401 0.01065574
v 0.02165448 -0.01825522 0.01065574
v 0.02193313 -0.01873489 0.01065574
v 0.02207814 -0.01927034 0.01065574
v 0.02207962 -0.01982508 0.01065574
v 0.02193747 -0.02036129 0.01065574
v 0.02166139 -0.02084245 0.01065574
v 0.02127018 -0.02123575 0.01065574
v 0.02079051 -0.0215144 0.01065574
v 0.02025506 -0.02165941 0.01065574
v 0.01970032 -0.02166089 0.01065574
v 0.01916411 -0.02151874 0.01065574
v 0.02684469 -0.00229068 0.0094
v 0.02631722 -0.00176597 0.010125
v 0.02619938 -0.0019204 0.0094
v 0.02582569 -0.00127705 0.010125
v 0.02567189 -0.00139572 0.0094
v 0.02547744 -0.00067758 0.010125
v 0.02529817 -0.0007524 0.0094
v 0.02529622 -8.39E-06 0.010125
v 0.02510369 -3.427E-05 0.0094
v 0.02529437 0.00068489 0.010125
v 0.0251017 0.00070973 0.0094
v 0.02547202 0.00135503 0.010125
v 0.02529234 0.00142889 0.0094
v 0.02581706 0.00195636 0.010125
v 0.02566262 0.0020742 0.0094
v 0.02630597 0.00244789 0.010125
v 0.0261873 0.00260169 0.0094
v 0.02690545 0.00279614 0.010125
v 0.02683063 0.00297541 0.0094
v 0.02757463 0.00297736 0.010125
v 0.02754876 0.00316989 0.0094
v 0.02826791 0.00297921 0.010125
v 0.02829276 0.00317188 0.0094
v 0.02893805 0.00280156 0.010125
v 0.02901191 0.00298124 0.0094
v 0.02953938 0.00245653 0.010125
v 0.02965723 0.00261096 0.0094
v 0.03003092 0.00196761 0.010125
v 0.03018472 0.00208628 0.0094
v 0.03037916 0.00136813 0.010125
v 0.03055844 0.00144295 0.0094
v 0.03056038 0.00069895 0.010125
v 0.03075292 0.00072482 0.0094
v 0.03056224 5.67E-06 0.010125
v 0.0307549 -1.918E-05 0.0094
v 0.03038459 -0.00066447 0.010125
v 0.03056426 -0.00073833 0.0094
v 0.03003955 -0.0012658 0.010125
v 0.03019398 -0.00138365 0.0094
v 0.02955063 -0.00175733 0.010125
v 0.0296693 -0.00191114 0.0094
v 0.02895116 -0.00210558 0.010125
v 0.02902598 -0.00228486 0.0094
v 0.02828198 -0.0022868 0.010125
v 0.02830785 -0.00247934 0.0094
v 0.02758869 -0.00228865 0.010125
v 0.02756385 -0.00248132 0.0094
v 0.02691855 -0.00211101 0.010125
v 0.02663919 -0.00134405 0.01065574
v 0.02624589 -0.00095284 0.01065574
v 0.02596724 -0.00047316 0.01065574
v 0.02582223 6.229E-05 0.01065574
v 0.02582075 0.00061702 0.01065574
v 0.02596289 0.00115323 0.01065574
v 0.02623898 0.00163439 0.01065574
v 0.02663019 0.00202769 0.01065574
v 0.02710986 0.00230634 0.01065574
v 0.02764531 0.00245135 0.01065574
v 0.02820004 0.00245283 0.01065574
v 0.02873626 0.00231069 0.01065574
v 0.02921741 0.0020346 0.01065574
v 0.02961072 0.00164339 0.01065574
v 0.02988937 0.00116372 0.01065574
v 0.03003437 0.00062827 0.01065574
v 0.03003586 7.354E-05 0.01065574
v 0.02989371 -0.00046268 0.01065574
v 0.02961763 -0.00094383 0.01065574
v 0.02922642 -0.00133714 0.01065574
v 0.02874674 -0.00161579 0.01065574
v 0.02821129 -0.00176079 0.01065574
v 0.02765656 -0.00176228 0.01065574
v 0.02712035 -0.00162013 0.01065574
v 0.01840015 0.01740567 0.0094
v 0.01787269 0.01793038 0.010125
v 0.01775484 0.01777595 0.0094
v 0.01738115 0.0184193 0.010125
v 0.01722735 0.01830063 0.0094
v 0.01703291 0.01901878 0.010125
v 0.01685363 0.01894396 0.0094
v 0.01685168 0.01968796 0.010125
v 0.01665915 0.01966209 0.0094
v 0.01684983 0.02038124 0.010125
v 0.01665717 0.02040609 0.0094
v 0.01702748 0.02105138 0.010125
v 0.01684781 0.02112525 0.0094
v 0.01737252 0.02165271 0.010125
v 0.01721809 0.02177056 0.0094
v 0.01786144 0.02214424 0.010125
v 0.01774276 0.02229805 0.0094
v 0.01846091 0.02249249 0.010125
v 0.01838609 0.02267177 0.0094
v 0.01913009 0.02267371 0.010125
v 0.01910422 0.02286625 0.0094
v 0.01982338 0.02267557 0.010125
v 0.01984822 0.02286823 0.0094
v 0.02049352 0.02249792 0.010125
v 0.02056738 0.02267759 0.0094
v 0.02109485 0.02215288 0.010125
v 0.02121269 0.02230731 0.0094
v 0.02158638 0.02166396 0.010125
v 0.02174018 0.02178263 0.0094
v 0.02193462 0.02106449 0.010125
v 0.0221139 0.02113931 0.0094
v 0.02211585 0.02039531 0.010125
v 0.02230838 0.02042118 0.0094
v 0.0221177 0.01970202 0.010125
v 0.02231037 0.01967718 0.0094
v 0.02194005 0.01903188 0.010125
v 0.02211973 0.01895802 0.0094
v 0.02159501 0.01843055 0.010125
v 0.02174945 0.01831271 0.0094
v 0.0211061 0.01793902 0.010125
v 0.02122477 0.01778522 0.0094
v 0.02050662 0.01759077 0.010125
v 0.02058144 0.0174115 0.0094
v 0.01983744 0.01740955 0.010125
v 0.01986331 0.01721702 0.0094
v 0.01914416 0.0174077 0.010125
v 0.01911931 0.01721503 0.0094
v 0.01847402 0.01758535 0.010125
v 0.01819465 0.01835231 0.01065574
v 0.01780135 0.01874352 0.01065574
v 0.0175227 0.01922319 0.01065574
v 0.0173777 0.01975864 0.01065574
v 0.01737621 0.02031337 0.01065574
v 0.01751836 0.02084959 0.01065574
v 0.01779444 0.02133074 0.01065574
v 0.01818565 0.02172405 0.01065574
v 0.01866532 0.0220027 0.01065574
v 0.01920077 0.02214771 0.01065574
v 0.01975551 0.02214919 0.01065574
v 0.02029172 0.02200704 0.01065574
v 0.02077288 0.02173096 0.01065574
v 0.02116618 0.02133975 0.01065574
v 0.02144483 0.02086008 0.01065574
v 0.02158984 0.02032463 0.01065574
v 0.02159132 0.01976989 0.01065574
v 0.02144917 0.01923368 0.01065574
v 0.02117309 0.01875252 0.01065574
v 0.02078188 0.01835922 0.01065574
v 0.02030221 0.01808057 0.01065574
v 0.01976676 0.01793556 0.01065574
v 0.01921203 0.01793408 0.01065574
v 0.01867581 0.01807622 0.01065574
v -0.00305081 0.02908148 0.0094
v -0.00252609 0.02960895 0.010125
v -0.00268053 0.0297268 0.0094
v -0.00203718 0.03010048 0.010125
v -0.00215585 0.03025429 0.0094
v -0.0014377 0.03044873 0.010125
v -0.00151252 0.03062801 0.0094
v -0.00076852 0.03062995 0.010125
v -0.00079439 0.03082249 0.0094
v -7.524E-05 0.0306318 0.010125
v -5.039E-05 0.03082447 0.0094
v 0.0005949 0.03045416 0.010125
v 0.00066877 0.03063383 0.0094
v 0.00119623 0.03010912 0.010125
v 0.00131408 0.03026355 0.0094
v 0.00168777 0.0296202 0.010125
v 0.00184157 0.02973887 0.0094
v 0.00203601 0.02902072 0.010125
v 0.00221529 0.02909555 0.0094
v 0.00221723 0.02835154 0.010125
v 0.00240977 0.02837742 0.0094
v 0.00221909 0.02765826 0.010125
v 0.00241175 0.02763342 0.0094
v 0.00204144 0.02698812 0.010125
v 0.00222111 0.02691426 0.0094
v 0.0016964 0.02638679 0.010125
v 0.00185083 0.02626895 0.0094
v 0.00120748 0.02589526 0.010125
v 0.00132615 0.02574146 0.0094
v 0.00060801 0.02554701 0.010125
v 0.00068283 0.02536774 0.0094
v -6.117E-05 0.02536579 0.010125
v -3.53E-05 0.02517326 0.0094
v -0.00075446 0.02536394 0.010125
v -0.0007793 0.02517127 0.0094
v -0.0014246 0.02554158 0.010125
v -0.00149846 0.02536191 0.0094
v -0.00202593 0.02588663 0.010125
v -0.00214377 0.02573219 0.0094
v -0.00251746 0.02637554 0.010125
v -0.00267126 0.02625687 0.0094
v -0.00286571 0.02697502 0.010125
v -0.00304498 0.0269002 0.0094
v -0.00304693 0.0276442 0.010125
v -0.00323946 0.02761833 0.0094
v -0.00304878 0.02833748 0.010125
v -0.00324145 0.02836232 0.0094
v -0.00287113 0.02900762 0.010125
v -0.00210417 0.02928698 0.01065574
v -0.00171296 0.02968029 0.01065574
v -0.00123329 0.02995894 0.01065574
v -0.00069784 0.03010394 0.01065574
v -0.00014311 0.03010543 0.01065574
v 0.00039311 0.02996328 0.01065574
v 0.00087426 0.0296872 0.01065574
v 0.00126757 0.02929599 0.01065574
v 0.00154622 0.02881631 0.01065574
v 0.00169122 0.02828086 0.01065574
v 0.00169271 0.02772613 0.01065574
v 0.00155056 0.02718991 0.01065574
v 0.00127448 0.02670876 0.01065574
v 0.00088327 0.02631546 0.01065574
v 0.00040359 0.02603681 0.01065574
v -0.00013185 0.0258918 0.01065574
v -0.00068659 0.02589032 0.01065574
v -0.0012228 0.02603246 0.01065574
v -0.00170396 0.02630855 0.01065574
v -0.00209726 0.02669976 0.01065574
v -0.00237591 0.02717943 0.01065574
v -0.00252092 0.02771488 0.01065574
v -0.0025224 0.02826961 0.01065574
v -0.00238026 0.02880583 0.01065574
v -0.0183702 0.01729692 0.0094
v -0.01830727 0.01749145 0.00995489
v -0.01917393 0.01697903 0.00995489
v -0.0182346 0.01740838 0.0094
v -0.01758647 0.01823113 0.0094
v -0.01768425 0.01828234 0.00995489
v -0.01747524 0.01846972 0.0094
v -0.017389 0.01924488 0.00995489
v -0.01727932 0.01923245 0.0094
v -0.01728659 0.01993288 0.0094
v -0.01746139 0.02024909 0.00995489
v -0.01735464 0.02027711 0.0094
v -0.01780224 0.02122403 0.0094
v -0.01789166 0.02115932 0.00995489
v -0.01785479 0.02129434 0.0094
v -0.01862169 0.02185266 0.00995489
v -0.01856168 0.0219453 0.0094
v -0.01902759 0.02218929 0.0094
v -0.01955289 0.02223547 0.00995489
v -0.0195304 0.02234353 0.0094
v -0.02049075 0.02237795 0.0094
v -0.02055949 0.02225604 0.00995489
v -0.02057755 0.02236492 0.0094
v -0.02156172 0.0220066 0.0094
v -0.02150554 0.02191159 0.00995489
v -0.0218522 0.02180975 0.0094
v -0.02226329 0.02124865 0.00995489
v -0.02234999 0.02131695 0.0094
v -0.02274716 0.02063695 0.0094
v -0.02273038 0.02035674 0.00995489
v -0.0228359 0.02038911 0.0094
v -0.02295383 0.0193484 0.0094
v -0.02284374 0.01935633 0.00995489
v -0.02293582 0.01917379 0.0094
v -0.02258805 0.01838253 0.00995489
v -0.02268784 0.01833536 0.0094
v -0.02199785 0.01756685 0.00995489
v -0.02236762 0.01781233 0.0094
v -0.02207386 0.01748682 0.0094
v -0.02119481 0.01691738 0.0094
v -0.02115285 0.01701946 0.00995489
v -0.02016942 0.01670393 0.0094
v -0.02016717 0.01681428 0.00995489
v -0.01973166 0.01672872 0.0094
v -0.01913617 0.01687531 0.0094
v -0.01879259 0.02158886 0.0104253
v -0.01814631 0.02097507 0.0104253
v -0.01776541 0.02016926 0.0104253
v -0.01770132 0.01928027 0.0104253
v -0.01796269 0.01842816 0.0104253
v -0.01851424 0.01772801 0.0104253
v -0.01928146 0.01727438 0.0104253
v -0.02016075 0.01712854 0.0104253
v -0.02103334 0.01731018 0.0104253
v -0.02178139 0.01779477 0.0104253
v -0.02230388 0.01851686 0.0104253
v -0.02253023 0.01937894 0.0104253
v -0.02242988 0.02026457 0.0104253
v -0.02201638 0.02105414 0.0104253
v -0.02134557 0.02164102 0.0104253
v -0.02050806 0.02194595 0.0104253
v -0.01961694 0.02192774 0.0104253
v -0.01904835 0.02119405 0.01073963
v -0.01852742 0.02069931 0.01073963
v -0.0182204 0.0200498 0.01073963
v -0.01816874 0.01933323 0.01073963
v -0.01837942 0.0186464 0.01073963
v -0.01882399 0.01808205 0.01073963
v -0.0194424 0.01771641 0.01073963
v -0.02015114 0.01759885 0.01073963
v -0.02085448 0.01774526 0.01073963
v -0.02145744 0.01813586 0.01073963
v -0.02187858 0.0187179 0.01073963
v -0.02206103 0.01941276 0.01073963
v -0.02198014 0.02012661 0.01073963
v -0.02164685 0.02076304 0.01073963
v -0.02110615 0.02123609 0.01073963
v -0.02043108 0.02148188 0.01073963
v -0.01971281 0.0214672 0.01073963
v -0.02632644 -0.00260169 0.0094
v -0.02626351 -0.00240717 0.00995489
v -0.02713017 -0.00291959 0.00995489
v -0.02619083 -0.00249024 0.0094
v -0.02554271 -0.00166748 0.0094
v -0.02564049 -0.00161628 0.00995489
v -0.02543148 -0.00142889 0.0094
v -0.02534524 -0.00065373 0.00995489
v -0.02523556 -0.00066616 0.0094
v -0.02524283 3.427E-05 0.0094
v -0.02541763 0.00035047 0.00995489
v -0.02531088 0.0003785 0.0094
v -0.02575848 0.00132541 0.0094
v -0.0258479 0.00126071 0.00995489
v -0.02581102 0.00139572 0.0094
v -0.02657793 0.00195405 0.00995489
v -0.02651792 0.00204669 0.0094
v -0.02698383 0.00229068 0.0094
v -0.02750913 0.00233685 0.00995489
v -0.02748664 0.00244491 0.0094
v -0.02844698 0.00247934 0.0094
v -0.02851573 0.00235742 0.00995489
v -0.02853379 0.00246631 0.0094
v -0.02951796 0.00210798 0.0094
v -0.02946178 0.00201297 0.00995489
v -0.02980844 0.00191114 0.0094
v -0.03021953 0.00135003 0.00995489
v -0.03030623 0.00141833 0.0094
v -0.0307034 0.00073833 0.0094
v -0.03068662 0.00045813 0.00995489
v -0.03079214 0.0004905 0.0094
v -0.03091006 -0.00055022 0.0094
v -0.03079997 -0.00054228 0.00995489
v -0.03089206 -0.00072482 0.0094
v -0.03054428 -0.00151608 0.00995489
v -0.03064407 -0.00156325 0.0094
v -0.02995409 -0.00233176 0.00995489
v -0.03032386 -0.00208628 0.0094
v -0.0300301 -0.00241179 0.0094
v -0.02915105 -0.00298124 0.0094
v -0.02910909 -0.00287915 0.00995489
v -0.02812566 -0.00319468 0.0094
v -0.02812341 -0.00308433 0.00995489
v -0.0276879 -0.00316989 0.0094
v -0.0270924 -0.0030233 0.0094
v -0.02674882 0.00169025 0.0104253
v -0.02610255 0.00107645 0.0104253
v -0.02572165 0.00027065 0.0104253
v -0.02565756 -0.00061834 0.0104253
v -0.02591893 -0.00147045 0.0104253
v -0.02647048 -0.0021706 0.0104253
v -0.0272377 -0.00262423 0.0104253
v -0.02811698 -0.00277008 0.0104253
v -0.02898958 -0.00258844 0.0104253
v -0.02973763 -0.00210385 0.0104253
v -0.03026012 -0.00138175 0.0104253
v -0.03048647 -0.00051968 0.0104253
v -0.03038611 0.00036595 0.0104253
v -0.02997261 0.00115553 0.0104253
v -0.02930181 0.00174241 0.0104253
v -0.02846429 0.00204734 0.0104253
v -0.02757318 0.00202913 0.0104253
v -0.02700458 0.00129543 0.01073963
v -0.02648366 0.00080069 0.01073963
v -0.02617664 0.00015118 0.01073963
v -0.02612498 -0.00056538 0.01073963
v -0.02633566 -0.00125221 0.01073963
v -0.02678023 -0.00181656 0.01073963
v -0.02739864 -0.00218221 0.01073963
v -0.02810737 -0.00229976 0.01073963
v -0.02881072 -0.00215335 0.01073963
v -0.02941368 -0.00176275 0.01073963
v -0.02983482 -0.00118072 0.01073963
v -0.03001727 -0.00048585 0.01073963
v -0.02993638 0.000228 0.01073963
v -0.02960308 0.00086443 0.01073963
v -0.02906239 0.00133748 0.01073963
v -0.02838732 0.00158326 0.01073963
v -0.02766905 0.00156859 0.01073963
v -0.0178819 -0.02229805 0.0094
v -0.01781898 -0.02210352 0.00995489
v -0.01868563 -0.02261594 0.00995489
v -0.0177463 -0.02218659 0.0094
v -0.01709817 -0.02136384 0.0094
v -0.01719595 -0.02131263 0.00995489
v -0.01698695 -0.02112525 0.0094
v -0.0169007 -0.02035009 0.00995489
v -0.01679103 -0.02036252 0.0094
v -0.01679829 -0.01966209 0.0094
v -0.0169731 -0.01934588 0.00995489
v -0.01686634 -0.01931785 0.0094
v -0.01731394 -0.01837094 0.0094
v -0.01740337 -0.01843565 0.00995489
v -0.01736649 -0.01830063 0.0094
v -0.0181334 -0.01774231 0.00995489
v -0.01807339 -0.01764967 0.0094
v -0.01906459 -0.0173595 0.00995489
v -0.01853929 -0.01740567 0.0094
v -0.0190421 -0.01725144 0.0094
v -0.02000245 -0.01721702 0.0094
v -0.02007119 -0.01733893 0.00995489
v -0.02008925 -0.01723005 0.0094
v -0.02107342 -0.01758837 0.0094
v -0.02101725 -0.01768338 0.00995489
v -0.02136391 -0.01778522 0.0094
v -0.02177499 -0.01834632 0.00995489
v -0.02186169 -0.01827802 0.0094
v -0.02225886 -0.01895802 0.0094
v -0.02224208 -0.01923823 0.00995489
v -0.0223476 -0.01920586 0.0094
v -0.02246553 -0.02024657 0.0094
v -0.02235544 -0.02023863 0.00995489
v -0.02244752 -0.02042118 0.0094
v -0.02209975 -0.02121244 0.00995489
v -0.02219954 -0.02125961 0.0094
v -0.02150955 -0.02202811 0.00995489
v -0.02187932 -0.02178263 0.0094
v -0.02158556 -0.02210815 0.0094
v -0.02070652 -0.02267759 0.0094
v -0.02066455 -0.02257551 0.00995489
v -0.01968112 -0.02289104 0.0094
v -0.01967887 -0.02278069 0.00995489
v -0.01924336 -0.02286625 0.0094
v -0.01864787 -0.02271966 0.0094
v -0.02129309 -0.0218002 0.0104253
v -0.02181558 -0.02107811 0.0104253
v -0.02204193 -0.02021603 0.0104253
v -0.02194158 -0.0193304 0.0104253
v -0.02152808 -0.01854083 0.0104253
v -0.02085727 -0.01795395 0.0104253
v -0.02001976 -0.01764902 0.0104253
v -0.01912865 -0.01766722 0.0104253
v -0.01830429 -0.01800611 0.0104253
v -0.01765802 -0.0186199 0.0104253
v -0.01727711 -0.01942571 0.0104253
v -0.01721302 -0.0203147 0.0104253
v -0.0174744 -0.02116681 0.0104253
v -0.01802594 -0.02186696 0.0104253
v -0.01879317 -0.02232059 0.0104253
v -0.01967245 -0.02246643 0.0104253
v -0.02054504 -0.02228479 0.0104253
v -0.02096914 -0.02145911 0.01073963
v -0.02139029 -0.02087707 0.01073963
v -0.02157274 -0.02018221 0.01073963
v -0.02149185 -0.01946835 0.01073963
v -0.02115855 -0.01883192 0.01073963
v -0.02061785 -0.01835888 0.01073963
v -0.01994279 -0.01811309 0.01073963
v -0.01922451 -0.01812777 0.01073963
v -0.01856005 -0.01840092 0.01073963
v -0.01803913 -0.01889566 0.01073963
v -0.0177321 -0.01954517 0.01073963
v -0.01768044 -0.02026173 0.01073963
v -0.01789112 -0.02094857 0.01073963
v -0.01833569 -0.02151292 0.01073963
v -0.0189541 -0.02187856 0.01073963
v -0.01966284 -0.02199611 0.01073963
v -0.02036618 -0.02184971 0.01073963
v 0.01876164 -0.00929439 0.011
v 0.02024711 -0.00531344 0.011
v 0.02090081 -0.00111495 0.011
v 0.02069599 0.00312918 0.011
v 0.01964102 0.0072452 0.011
v 0.01777909 0.0110646 0.011
v 0.01518644 0.01443101 0.011
v 0.01196921 0.01720662 0.011
v 0.00825911 0.01927779 0.011
v 0.00420803 0.02055972 0.011
v -1.818E-05 0.02099994 0.011
v -0.00424649 0.02058041 0.011
v -0.00830379 0.01931832 0.011
v -0.01202399 0.01726534 0.011
v -0.01525476 0.01450551 0.011
v -0.01786386 0.01115182 0.011
v -0.01974446 0.00734158 0.011
v -0.02081956 0.00323077 0.011
v -0.02104516 -0.0010123 0.011
v -0.02041201 -0.00521394 0.011
v -0.01894604 -0.00920211 0.011
v -0.01670727 -0.01281355 0.011
v -0.01378734 -0.0159004 0.011
v -0.01030581 -0.01833628 0.011
v -0.00640521 -0.02002148 0.011
v -0.00224523 -0.02088699 0.011
v 0.00200383 -0.02089739 0.011
v 0.006168 -0.02005225 0.011
v 0.01007681 -0.01838616 0.011
v 0.01357022 -0.01596735 0.011
v 0.01650522 -0.01289483 0.011
v -0.0008079 -0.03063383 0.0092
v 0.00065525 -0.03082249 0.0092
v 0.00201671 -0.03025429 0.0092
v 0.00291167 -0.02908148 0.0092
v 0.00310032 -0.02761833 0.0092
v 0.00253213 -0.02625687 0.0092
v 0.00135932 -0.02536191 0.0092
v -0.00010383 -0.02517326 0.0092
v -0.00146529 -0.02574146 0.0092
v -0.00236025 -0.02691426 0.0092
v -0.0025489 -0.02837742 0.0092
v -0.00198071 -0.02973887 0.0092
v 0.0030878 -0.02930253 0.0092
v 0.0030878 -0.02930253 0.011
v 0.00336812 -0.02778108 0.0092
v 0.00336812 -0.02778108 0.011
v 0.00287827 -0.02631363 0.0092
v 0.00287827 -0.02631363 0.011
v 0.00174025 -0.02526563 0.0092
v 0.00174025 -0.02526563 0.011
v 0.00023748 -0.02489811 0.0092
v 0.00023748 -0.02489811 0.011
v -0.00125576 -0.02530258 0.0092
v -0.00125576 -0.02530258 0.011
v -0.00236759 -0.02637832 0.0092
v -0.00236759 -0.02637832 0.011
v -0.00282111 -0.02785741 0.0092
v -0.00282111 -0.02785741 0.011
v -0.00250335 -0.02937148 0.0092
v -0.00250335 -0.02937148 0.011
v 0.01888845 -0.02218929 0.0092
v 0.02035161 -0.02237795 0.0092
v 0.02171306 -0.02180975 0.0092
v 0.02260802 -0.02063695 0.0092
v 0.02279668 -0.01917379 0.0092
v 0.02222848 -0.01781233 0.0092
v 0.02105568 -0.01691738 0.0092
v 0.01959252 -0.01672872 0.0092
v 0.01823106 -0.01729692 0.0092
v 0.0173361 -0.01846972 0.0092
v 0.01714745 -0.01993288 0.0092
v 0.01771565 -0.02129434 0.0092
v 0.02288305 -0.01848742 0.0092
v 0.02288305 -0.01848742 0.011
v 0.02200544 -0.01721338 0.0092
v 0.02200544 -0.01721338 0.011
v 0.02062141 -0.01652211 0.0092
v 0.02062141 -0.01652211 0.011
v 0.01907567 -0.01658577 0.0092
v 0.01907567 -0.01658577 0.011
v 0.01775317 -0.0173885 0.0092
v 0.01775317 -0.0173885 0.011
v 0.01698329 -0.01873039 0.0092
v 0.01698329 -0.01873039 0.011
v 0.01695777 -0.02027724 0.0092
v 0.01695777 -0.02027724 0.011
v 0.01768296 -0.0216438 0.0092
v 0.01768296 -0.0216438 0.011
v 0.01897826 -0.02248972 0.0092
v 0.01897826 -0.02248972 0.011
v 0.02684469 -0.00229068 0.0092
v 0.02830785 -0.00247934 0.0092
v 0.0296693 -0.00191114 0.0092
v 0.03056426 -0.00073833 0.0092
v 0.03075292 0.00072482 0.0092
v 0.03018472 0.00208628 0.0092
v 0.02901191 0.00298124 0.0092
v 0.02754876 0.00316989 0.0092
v 0.0261873 0.00260169 0.0092
v 0.02529234 0.00142889 0.0092
v 0.02510369 -3.427E-05 0.0092
v 0.02567189 -0.00139572 0.0092
v 0.02923296 0.00315737 0.0092
v 0.02923296 0.00315737 0.011
v 0.02771151 0.00343769 0.0092
v 0.02771151 0.00343769 0.011
v 0.02624406 0.00294784 0.0092
v 0.02624406 0.00294784 0.011
v 0.02519606 0.00180982 0.0092
v 0.02519606 0.00180982 0.011
v 0.02482854 0.00030705 0.0092
v 0.02482854 0.00030705 0.011
v 0.02523301 -0.00118619 0.0092
v 0.02523301 -0.00118619 0.011
v 0.02630875 -0.00229802 0.0092
v 0.02630875 -0.00229802 0.011
v 0.02778784 -0.00275154 0.0092
v 0.02778784 -0.00275154 0.011
v 0.02930191 -0.00243378 0.0092
v 0.02930191 -0.00243378 0.011
v 0.01840015 0.01740567 0.0092
v 0.01986331 0.01721702 0.0092
v 0.02122477 0.01778522 0.0092
v 0.02211973 0.01895802 0.0092
v 0.02230838 0.02042118 0.0092
v 0.02174018 0.02178263 0.0092
v 0.02056738 0.02267759 0.0092
v 0.01910422 0.02286625 0.0092
v 0.01774276 0.02229805 0.0092
v 0.01684781 0.02112525 0.0092
v 0.01665915 0.01966209 0.0092
v 0.01722735 0.01830063 0.0092
v 0.01841785 0.02295262 0.0092
v 0.01841785 0.02295262 0.011
v 0.01714381 0.022075 0.0092
v 0.01714381 0.022075 0.011
v 0.01645254 0.02069098 0.0092
v 0.01645254 0.02069098 0.011
v 0.0165162 0.01914524 0.0092
v 0.0165162 0.01914524 0.011
v 0.01731893 0.01782274 0.0092
v 0.01731893 0.01782274 0.011
v 0.01866082 0.01705286 0.0092
v 0.01866082 0.01705286 0.011
v 0.02020767 0.01702734 0.0092
v 0.02020767 0.01702734 0.011
v 0.02157423 0.01775253 0.0092
v 0.02157423 0.01775253 0.011
v 0.02242015 0.01904783 0.0092
v 0.02242015 0.01904783 0.011
v -0.00149846 0.02536191 0.0092
v -3.53E-05 0.02517326 0.0092
v 0.00132615 0.02574146 0.0092
v 0.00222111 0.02691426 0.0092
v 0.00240977 0.02837742 0.0092
v 0.00184157 0.02973887 0.0092
v 0.00066877 0.03063383 0.0092
v -0.00079439 0.03082249 0.0092
v -0.00215585 0.03025429 0.0092
v -0.00305081 0.02908148 0.0092
v -0.00323946 0.02761833 0.0092
v -0.00267126 0.02625687 0.0092
v -0.00322694 0.02930253 0.0092
v -0.00322694 0.02930253 0.011
v -0.00350726 0.02778108 0.0092
v -0.00350726 0.02778108 0.011
v -0.00301741 0.02631363 0.0092
v -0.00301741 0.02631363 0.011
v -0.00187939 0.02526563 0.0092
v -0.00187939 0.02526563 0.011
v -0.00037662 0.02489811 0.0092
v -0.00037662 0.02489811 0.011
v 0.00111663 0.02530258 0.0092
v 0.00111663 0.02530258 0.011
v 0.00222846 0.02637832 0.0092
v 0.00222846 0.02637832 0.011
v 0.00268197 0.02785741 0.0092
v 0.00268197 0.02785741 0.011
v 0.00236422 0.02937148 0.0092
v 0.00236422 0.02937148 0.011
v -0.0183702 0.01729692 0.0092
v -0.01747524 0.01846972 0.0092
v -0.01973166 0.01672872 0.0092
v -0.01728659 0.01993288 0.0092
v -0.01785479 0.02129434 0.0092
v -0.01902759 0.02218929 0.0092
v -0.0218522 0.02180975 0.0092
v -0.02049075 0.02237795 0.0092
v -0.02274716 0.02063695 0.0092
v -0.02293582 0.01917379 0.0092
v -0.02236762 0.01781233 0.0092
v -0.02119481 0.01691738 0.0092
v -0.02302218 0.01848742 0.0092
v -0.02302218 0.01848742 0.011
v -0.02214457 0.01721338 0.0092
v -0.02214457 0.01721338 0.011
v -0.02076055 0.01652211 0.0092
v -0.02076055 0.01652211 0.011
v -0.0192148 0.01658577 0.0092
v -0.0192148 0.01658577 0.011
v -0.01789231 0.0173885 0.0092
v -0.01789231 0.0173885 0.011
v -0.01712243 0.01873039 0.0092
v -0.01712243 0.01873039 0.011
v -0.01709691 0.02027724 0.0092
v -0.01709691 0.02027724 0.011
v -0.0178221 0.0216438 0.0092
v -0.0178221 0.0216438 0.011
v -0.0191174 0.02248972 0.0092
v -0.0191174 0.02248972 0.011
v -0.02632644 -0.00260169 0.0092
v -0.0276879 -0.00316989 0.0092
v -0.02543148 -0.00142889 0.0092
v -0.02524283 3.427E-05 0.0092
v -0.02581102 0.00139572 0.0092
v -0.02698383 0.00229068 0.0092
v -0.02980844 0.00191114 0.0092
v -0.02844698 0.00247934 0.0092
v -0.0307034 0.00073833 0.0092
v -0.03089206 -0.00072482 0.0092
v -0.03032386 -0.00208628 0.0092
v -0.02915105 -0.00298124 0.0092
v -0.0293721 -0.00315737 0.0092
v -0.0293721 -0.00315737 0.011
v -0.02785065 -0.00343769 0.0092
v -0.02785065 -0.00343769 0.011
v -0.0263832 -0.00294784 0.0092
v -0.0263832 -0.00294784 0.011
v -0.0253352 -0.00180982 0.0092
v -0.0253352 -0.00180982 0.011
v -0.02496768 -0.00030705 0.0092
v -0.02496768 -0.00030705 0.011
v -0.02537215 0.00118619 0.0092
v -0.02537215 0.00118619 0.011
v -0.02644789 0.00229802 0.0092
v -0.02644789 0.00229802 0.011
v -0.02792698 0.00275154 0.0092
v -0.02792698 0.00275154 0.011
v -0.02944105 0.00243378 0.0092
v -0.02944105 0.00243378 0.011
v -0.0178819 -0.02229805 0.0092
v -0.01924336 -0.02286625 0.0092
v -0.01698695 -0.02112525 0.0092
v -0.01679829 -0.01966209 0.0092
v -0.01736649 -0.01830063 0.0092
v -0.01853929 -0.01740567 0.0092
v -0.02136391 -0.01778522 0.0092
v -0.02000245 -0.01721702 0.0092
v -0.02225886 -0.01895802 0.0092
v -0.02244752 -0.02042118 0.0092
v -0.02187932 -0.02178263 0.0092
v -0.02070652 -0.02267759 0.0092
v -0.01855699 -0.02295262 0.0092
v -0.01855699 -0.02295262 0.011
v -0.01728295 -0.022075 0.0092
v -0.01728295 -0.022075 0.011
v -0.01659168 -0.02069098 0.0092
v -0.01659168 -0.02069098 0.011
v -0.01665534 -0.01914524 0.0092
v -0.01665534 -0.01914524 0.011
v -0.01745807 -0.01782274 0.0092
v -0.01745807 -0.01782274 0.011
v -0.01879996 -0.01705286 0.0092
v -0.01879996 -0.01705286 0.011
v -0.02034681 -0.01702734 0.0092
v -0.02034681 -0.01702734 0.011
v -0.02171336 -0.01775253 0.0092
v -0.02171336 -0.01775253 0.011
v -0.02255929 -0.01904783 0.0092
v -0.02255929 -0.01904783 0.011
v 0.02964765 0.00306452 0.011
v 0.02977277 0.0030716 0.011
v 0.02965203 0.0040776 0.011
v -0.00313409 0.02971722 0.011
v -0.00314117 0.02984234 0.011
v -0.00658763 0.02928336 0.011
v 0.0227302 0.01949797 0.011
v 0.0226388 0.01941222 0.011
v 0.02412907 0.01773206 0.011
v 0.02671763 0.01350725 0.011
v 0.02857551 0.008914 0.011
v 0.01886021 0.02327367 0.011
v 0.01706033 0.02462857 0.011
v 0.01877674 0.02318018 0.011
v 0.00226516 0.02990901 0.011
v 0.00226116 0.02978375 0.011
v 0.00327383 0.02981311 0.011
v 0.0081353 0.0288562 0.011
v 0.02936562 -0.00579392 0.011
v 0.02983944 -0.00233473 0.011
v 0.02971418 -0.00233073 0.011
v -0.01131861 0.02781113 0.011
v 0.02588946 -0.01503759 0.011
v 0.02801052 -0.01055978 0.011
v 0.02311062 -0.01884631 0.011
v 0.0232041 -0.01892977 0.011
v 0.01560361 -0.02558029 0.011
v 0.0194284 -0.02279977 0.011
v 0.01934265 -0.02270837 0.011
v 0.01117948 -0.02781113 0.011
v 0.01277298 0.02711216 0.011
v -0.01574275 0.02558029 0.011
v -0.01956753 0.02279977 0.011
v -0.01948178 0.02270837 0.011
v -0.0260286 0.01503759 0.011
v -0.02814965 0.01055978 0.011
v -0.02324975 0.01884631 0.011
v -0.02334324 0.01892977 0.011
v -0.02991191 -0.0030716 0.011
v -0.02979116 -0.0040776 0.011
v -0.02978678 -0.00306452 0.011
v -0.02685677 -0.01350725 0.011
v -0.02871465 -0.008914 0.011
v 0.00644849 -0.02928336 0.011
v 0.00299495 -0.02971722 0.011
v 0.00300203 -0.02984234 0.011
v -0.02950476 0.00579392 0.011
v -0.02997858 0.00233473 0.011
v -0.02985332 0.00233073 0.011
v -0.01899934 -0.02327367 0.011
v -0.01719947 -0.02462857 0.011
v -0.01891587 -0.02318018 0.011
v -0.01291211 -0.02711216 0.011
v -0.02286934 -0.01949797 0.011
v -0.02277794 -0.01941222 0.011
v -0.02426821 -0.01773206 0.011
v -0.00827444 -0.0288562 0.011
v -0.00341297 -0.02981311 0.011
v -0.0024003 -0.02978375 0.011
v -0.00240429 -0.02990901 0.011
v -0.00247775 -0.03020159 0.01070255
v -0.00272171 -0.03054954 0.01033556
v -0.00308813 -0.03076476 0.0100875
v -0.00329243 -0.0308088 0.01002309
v -0.01897582 -0.02453843 0.0100229
v -0.01881793 -0.02468803 0.01
v -0.01914786 -0.02353623 0.01070255
v -0.01921104 -0.02395646 0.01033556
v -0.01909402 -0.02436499 0.0100875
v -0.01777047 -0.02544952 0.01
v -0.0133402 -0.0280159 0.01
v -0.00854794 -0.02981807 0.01
v -0.00352441 -0.03080688 0.01
v -0.00351083 -0.0308084 0.01
v -0.00351083 -0.0308084 0.0092
v -0.00308813 -0.03076476 0.0092
v -0.00272171 -0.03054954 0.0092
v -0.00247775 -0.03020159 0.0092
v -0.0024003 -0.02978375 0.0092
v 0.00159335 -0.03095537 0.0092
v 0.00413041 -0.03071417 0.0092
v 0.00370676 -0.03068097 0.0092
v 0.00333514 -0.03047484 0.0092
v 0.00308267 -0.03013301 0.0092
v 0.00299495 -0.02971722 0.0092
v 0.00308267 -0.03013301 0.01070255
v 0.00333514 -0.03047484 0.01033556
v 0.00370676 -0.03068097 0.0100875
v 0.00413041 -0.03071417 0.01
v 0.00391298 -0.03072003 0.0100229
v 0.01965687 -0.02347713 0.01033556
v 0.01958334 -0.02305859 0.01070255
v 0.01936428 -0.02350692 0.0105
v 0.00355845 -0.03028345 0.0105
v 0.01954996 -0.02388842 0.0100875
v 0.01943664 -0.02406402 0.01002309
v 0.01928192 -0.02421817 0.01
v 0.01612605 -0.02643297 0.01
v 0.01155444 -0.02873817 0.01
v 0.00666576 -0.03025947 0.01
v 0.01928192 -0.02421817 0.0092
v 0.01954996 -0.02388842 0.0092
v 0.01965687 -0.02347713 0.0092
v 0.01958334 -0.02305859 0.0092
v 0.01934265 -0.02270837 0.0092
v 0.02025589 -0.02340675 0.0092
v 0.0238313 -0.01974205 0.0092
v 0.02461846 -0.01874836 0.0092
v 0.02429542 -0.01902446 0.0092
v 0.02388689 -0.01914147 0.0092
v 0.02346666 -0.01907829 0.0092
v 0.02311062 -0.01884631 0.0092
v 0.02346666 -0.01907829 0.01070255
v 0.02388689 -0.01914147 0.01033556
v 0.02429542 -0.01902446 0.0100875
v 0.02461846 -0.01874836 0.01
v 0.02446886 -0.01890625 0.0100229
v 0.03047997 -0.00265214 0.01033556
v 0.03013202 -0.00240818 0.01070255
v 0.03029414 -0.0028801 0.0105
v 0.02390946 -0.01884824 0.0105
v 0.03069519 -0.00301856 0.0100875
v 0.03073923 -0.00322286 0.01002309
v 0.03073883 -0.00344126 0.01
v 0.03034679 -0.00598706 0.01
v 0.02894652 -0.01091177 0.01
v 0.02675476 -0.01553884 0.01
v 0.03073883 -0.00344126 0.0092
v 0.03069519 -0.00301856 0.0092
v 0.03047997 -0.00265214 0.0092
v 0.03013202 -0.00240818 0.0092
v 0.02971418 -0.00233073 0.0092
v 0.03091739 -0.00089903 0.0092
v 0.0306114 0.00377633 0.0092
v 0.03040527 0.00340471 0.0092
v 0.0306446 0.00419998 0.0092
v 0.03006345 0.00315224 0.0092
v 0.02964765 0.00306452 0.0092
v 0.03006345 0.00315224 0.01070255
v 0.03040527 0.00340471 0.01033556
v 0.0306114 0.00377633 0.0100875
v 0.0306446 0.00419998 0.01
v 0.03065046 0.00398255 0.0100229
v 0.02298902 0.01965291 0.01070255
v 0.02340756 0.01972644 0.01033556
v 0.02381885 0.01961953 0.0100875
v 0.02399445 0.0195062 0.01002309
v 0.03064275 0.00421352 0.01
v 0.02953035 0.00921113 0.01
v 0.02761054 0.01395749 0.01
v 0.02493569 0.01832312 0.01
v 0.0241486 0.01935149 0.01
v 0.0241486 0.01935149 0.0092
v 0.02381885 0.01961953 0.0092
v 0.02340756 0.01972644 0.0092
v 0.02298902 0.01965291 0.0092
v 0.0226388 0.01941222 0.0092
v 0.02157877 0.02218895 0.0092
v 0.01895489 0.02436499 0.0092
v 0.0190719 0.02395646 0.0092
v 0.01900872 0.02353623 0.0092
v 0.01877674 0.02318018 0.0092
v 0.01867879 0.02468803 0.0092
v 0.01900872 0.02353623 0.01070255
v 0.0190719 0.02395646 0.01033556
v 0.01895489 0.02436499 0.0100875
v 0.01867879 0.02468803 0.01
v 0.01883668 0.02453843 0.0100229
v 0.00233861 0.03020159 0.01070255
v 0.00258257 0.03054954 0.01033556
v 0.00294899 0.03076476 0.0100875
v 0.00315329 0.0308088 0.01002309
v 0.01763133 0.02544952 0.01
v 0.01320106 0.0280159 0.01
v 0.0084088 0.02981807 0.01
v 0.00338527 0.03080688 0.01
v 0.0033717 0.0308084 0.01
v 0.0033717 0.0308084 0.0092
v 0.00294899 0.03076476 0.0092
v 0.00258257 0.03054954 0.0092
v 0.00233861 0.03020159 0.0092
v 0.00226116 0.02978375 0.0092
v -0.00173249 0.03095537 0.0092
v -0.00426955 0.03071417 0.0092
v -0.00384589 0.03068097 0.0092
v -0.00347428 0.03047484 0.0092
v -0.00322181 0.03013301 0.0092
v -0.00313409 0.02971722 0.0092
v -0.00322181 0.03013301 0.01070255
v -0.00347428 0.03047484 0.01033556
v -0.00384589 0.03068097 0.0100875
v -0.00426955 0.03071417 0.01
v -0.00405212 0.03072003 0.0100229
v -0.01979601 0.02347713 0.01033556
v -0.01972248 0.02305859 0.01070255
v -0.01950342 0.02350692 0.0105
v -0.00369759 0.03028345 0.0105
v -0.0196891 0.02388842 0.0100875
v -0.01957577 0.02406402 0.01002309
v -0.01942106 0.02421817 0.01
v -0.01626519 0.02643297 0.01
v -0.01169358 0.02873817 0.01
v -0.0068049 0.03025947 0.01
v -0.01942106 0.02421817 0.0092
v -0.0196891 0.02388842 0.0092
v -0.01979601 0.02347713 0.0092
v -0.01972248 0.02305859 0.0092
v -0.01948178 0.02270837 0.0092
v -0.02039503 0.02340675 0.0092
v -0.02397044 0.01974205 0.0092
v -0.0247576 0.01874836 0.0092
v -0.02443456 0.01902446 0.0092
v -0.02402603 0.01914147 0.0092
v -0.0236058 0.01907829 0.0092
v -0.02324975 0.01884631 0.0092
v -0.0236058 0.01907829 0.01070255
v -0.02402603 0.01914147 0.01033556
v -0.02443456 0.01902446 0.0100875
v -0.0247576 0.01874836 0.01
v -0.024608 0.01890625 0.0100229
v -0.03061911 0.00265214 0.01033556
v -0.03027116 0.00240818 0.01070255
v -0.03043328 0.0028801 0.0105
v -0.0240486 0.01884824 0.0105
v -0.03083433 0.00301856 0.0100875
v -0.03087837 0.00322286 0.01002309
v -0.03087797 0.00344126 0.01
v -0.03048593 0.00598706 0.01
v -0.02908566 0.01091177 0.01
v -0.0268939 0.01553884 0.01
v -0.03087797 0.00344126 0.0092
v -0.03083433 0.00301856 0.0092
v -0.03061911 0.00265214 0.0092
v -0.03027116 0.00240818 0.0092
v -0.02985332 0.00233073 0.0092
v -0.03105653 0.00089903 0.0092
v -0.03078374 -0.00419998 0.0092
v -0.03075054 -0.00377633 0.0092
v -0.03054441 -0.00340471 0.0092
v -0.03020258 -0.00315224 0.0092
v -0.02978678 -0.00306452 0.0092
v -0.03020258 -0.00315224 0.01070255
v -0.03054441 -0.00340471 0.01033556
v -0.03075054 -0.00377633 0.0100875
v -0.03078374 -0.00419998 0.01
v -0.0307896 -0.00398255 0.0100229
v -0.02312816 -0.01965291 0.01070255
v -0.0235467 -0.01972644 0.01033556
v -0.02395798 -0.01961953 0.0100875
v -0.02413359 -0.0195062 0.01002309
v -0.03078188 -0.00421352 0.01
v -0.02966949 -0.00921113 0.01
v -0.02774968 -0.01395749 0.01
v -0.02507483 -0.01832312 0.01
v -0.02428774 -0.01935149 0.01
v -0.02428774 -0.01935149 0.0092
v -0.02395798 -0.01961953 0.0092
v -0.0235467 -0.01972644 0.0092
v -0.02312816 -0.01965291 0.0092
v -0.02277794 -0.01941222 0.0092
v -0.0217179 -0.02218895 0.0092
v -0.01909402 -0.02436499 0.0092
v -0.01921104 -0.02395646 0.0092
v -0.01914786 -0.02353623 0.0092
v -0.01881793 -0.02468803 0.0092
v -0.01891587 -0.02318018 0.0092
v -0.00352441 -0.03080688 0.0045
v 0.00159335 -0.03095537 0.0045
v 0.00666576 -0.03025947 0.0045
v 0.01612605 -0.02643297 0.0045
v 0.02025589 -0.02340675 0.0045
v 0.02211938 -0.02164834 0.0045
v 0.0238313 -0.01974205 0.0045
v 0.02675476 -0.01553884 0.0045
v 0.00338527 0.03080688 0.0045
v -0.00173249 0.03095537 0.0045
v -0.0068049 0.03025947 0.0045
v -0.01626519 0.02643297 0.0045
v -0.02039503 0.02340675 0.0045
v -0.02397044 0.01974205 0.0045
v -0.0268939 0.01553884 0.0045
v 0.03034679 -0.00598706 0.0045
v 0.03091739 -0.00089903 0.0045
v 0.03064275 0.00421352 0.0045
v 0.02953035 0.00921113 0.0045
v 0.02761054 0.01395749 0.0045
v 0.02493569 0.01832312 0.0045
v 0.02894652 -0.01091177 0.0045
v 0.01155444 -0.02873817 0.0045
v -0.02507483 -0.01832312 0.0045
v -0.0217179 -0.02218895 0.0045
v -0.01777047 -0.02544952 0.0045
v -0.0133402 -0.0280159 0.0045
v -0.00854794 -0.02981807 0.0045
v -0.03048593 0.00598706 0.0045
v -0.03105653 0.00089903 0.0045
v -0.03078188 -0.00421352 0.0045
v -0.02966949 -0.00921113 0.0045
v -0.02774968 -0.01395749 0.0045
v -0.02908566 0.01091177 0.0045
v -0.01169358 0.02873817 0.0045
v 0.02157877 0.02218895 0.0045
v 0.01763133 0.02544952 0.0045
v 0.01320106 0.0280159 0.0045
v 0.0084088 0.02981807 0.0045
v 0.02378554 -0.01932418 0.0045
v 0.02027953 -0.02298704 0.0045
v 0.01621845 -0.02602288 0.0045
v 0.01171308 -0.02834888 0.0045
v 0.00688631 -0.0299016 0.0045
v 0.00186979 -0.03063868 0.0045
v -0.00319962 -0.03054002 0.0045
v -0.00818365 -0.0296083 0.0045
v -0.01294635 -0.02786895 0.0045
v -0.01735781 -0.02536941 0.0045
v -0.02129769 -0.02217785 0.0045
v -0.02465852 -0.01838134 0.0045
v -0.02734862 -0.01408344 0.0045
v -0.02929463 -0.00940137 0.0045
v -0.03044345 -0.00446286 0.0045
v -0.03076376 0.00059738 0.0045
v -0.0302468 0.00564133 0.0045
v -0.02890669 0.0105314 0.0045
v -0.02677998 0.0151342 0.0045
v -0.02392467 0.01932418 0.0045
v -0.02041867 0.02298704 0.0045
v -0.01635759 0.02602288 0.0045
v -0.01185222 0.02834888 0.0045
v -0.00702544 0.0299016 0.0045
v -0.00200893 0.03063868 0.0045
v 0.00306048 0.03054002 0.0045
v 0.00804451 0.0296083 0.0045
v 0.01280721 0.02786895 0.0045
v 0.01721867 0.02536941 0.0045
v 0.02115855 0.02217785 0.0045
v 0.02451938 0.01838134 0.0045
v 0.02720948 0.01408344 0.0045
v 0.02915549 0.00940137 0.0045
v 0.03030431 0.00446286 0.0045
v 0.03062462 -0.00059738 0.0045
v 0.03010766 -0.00564133 0.0045
v 0.02876755 -0.0105314 0.0045
v 0.02664084 -0.0151342 0.0045
v -0.02150513 -0.02239457 0.0042
v -0.0248988 -0.01856096 0.0042
v -0.02761519 -0.01422106 0.0042
v -0.02958022 -0.00949324 0.0042
v -0.03074027 -0.00450647 0.0042
v -0.0310637 0.00060322 0.0042
v -0.03054169 0.00569646 0.0042
v -0.02918849 0.01063431 0.0042
v -0.02704099 0.01528209 0.0042
v -0.02415779 0.01951301 0.0042
v -0.02061752 0.02321167 0.0042
v -0.01651676 0.02627718 0.0042
v -0.01196736 0.02862591 0.0042
v -0.00709342 0.0301938 0.0042
v -0.00202788 0.03093808 0.0042
v 0.00309107 0.03083846 0.0042
v 0.0081238 0.02989764 0.0042
v 0.01293304 0.02814129 0.0042
v 0.01738761 0.02561732 0.0042
v 0.02136599 0.02239457 0.0042
v 0.02475966 0.01856096 0.0042
v 0.02747606 0.01422106 0.0042
v 0.02944108 0.00949324 0.0042
v 0.03060113 0.00450647 0.0042
v 0.03092456 -0.00060322 0.0042
v 0.03040255 -0.00569646 0.0042
v 0.02904935 -0.01063431 0.0042
v 0.02690185 -0.01528209 0.0042
v 0.02401865 -0.01951301 0.0042
v 0.02047838 -0.02321167 0.0042
v 0.01637762 -0.02627718 0.0042
v 0.01182822 -0.02862591 0.0042
v 0.00695428 -0.0301938 0.0042
v 0.00188875 -0.03093808 0.0042
v -0.0032302 -0.03083846 0.0042
v -0.00826294 -0.02989764 0.0042
v -0.01307218 -0.02814129 0.0042
v -0.01752675 -0.02561732 0.0042
v 0.01738761 0.02561732 -0.0097
v 0.01293304 0.02814129 -0.0097
v 0.0081238 0.02989764 -0.0097
v 0.00309107 0.03083846 -0.0097
v -0.00202788 0.03093808 -0.0097
v -0.00709342 0.0301938 -0.0097
v -0.01196736 0.02862591 -0.0097
v -0.01651676 0.02627718 -0.0097
v -0.02061752 0.02321167 -0.0097
v -0.02415779 0.01951301 -0.0097
v -0.02704099 0.01528209 -0.0097
v -0.02918849 0.01063431 -0.0097
v -0.03054169 0.00569646 -0.0097
v -0.0310637 0.00060322 -0.0097
v -0.03074027 -0.00450647 -0.0097
v -0.02958022 -0.00949324 -0.0097
v -0.02761519 -0.01422106 -0.0097
v -0.0248988 -0.01856096 -0.0097
v -0.02150513 -0.02239457 -0.0097
v -0.01752675 -0.02561732 -0.0097
v -0.01307218 -0.02814129 -0.0097
v -0.00826294 -0.02989764 -0.0097
v -0.0032302 -0.03083846 -0.0097
v 0.00188875 -0.03093808 -0.0097
v 0.00695428 -0.0301938 -0.0097
v 0.01182822 -0.02862591 -0.0097
v 0.01637762 -0.02627718 -0.0097
v 0.02047838 -0.02321167 -0.0097
v 0.02401865 -0.01951301 -0.0097
v 0.02690185 -0.01528209 -0.0097
v 0.02904935 -0.01063431 -0.0097
v 0.03040255 -0.00569646 -0.0097
v 0.03092456 -0.00060322 -0.0097
v 0.03060113 0.00450647 -0.0097
v 0.02944108 0.00949324 -0.0097
v 0.02747606 0.01422106 -0.0097
v 0.02475966 0.01856096 -0.0097
v 0.02136599 0.02239457 -0.0097
v -0.02501354 0.02632343 -0.01
v -0.02509661 0.02569244 -0.01
v -0.02325522 0.02823604 -0.01
v -0.02637754 0.01677292 -0.01
v -0.02889461 0.01193972 -0.01
v -0.02245031 0.00920047 -0.01
v 9.091E-05 -0.03821898 -0.01
v -0.00054008 -0.03813591 -0.01
v 0.00069892 -0.03860437 -0.01
v 0.03929693 -0.00229525 -0.01
v 0.03759986 -0.00150583 -0.01
v 0.03629106 -0.00357117 -0.01
v 0.03982199 -0.00177638 -0.01
v 0.03990557 -0.00141 -0.01
v 0.03806634 -0.00047051 -0.01
v 0.02875547 0.01193972 -0.01
v 0.0262384 0.01677292 -0.01
v 0.02336391 0.01652972 -0.01
v 0.02785931 0.02266752 -0.01
v 0.02816648 0.02318565 -0.01
v 0.02669302 0.02462799 -0.01
v 0.02706881 0.02691142 -0.01
v 0.02731236 0.02632343 -0.01
v 0.02919414 0.02726967 -0.01
v 0.02688194 0.02946368 -0.01
v 0.02651243 0.0295321 -0.01
v 0.02614376 0.02945931 -0.01
v 0.02656389 0.02729886 -0.01
v 0.0272001 0.02926371 -0.01
v 0.0259329 0.02738193 -0.01
v 0.02495747 0.02663346 -0.01
v 0.02219477 0.02748138 -0.01
v 0.0248744 0.02600247 -0.01
v 0.02066484 0.02611429 -0.01
v 0.02534491 0.02713838 -0.01
v 0.02311609 0.02823605 -0.01
v 0.02259795 0.02792888 -0.01
v 0.02561599 0.01872797 -0.01
v 0.02604473 0.02073441 -0.01
v 0.02741181 0.02226434 -0.01
v 0.01907953 0.00610766 -0.01
v 0.02722725 0.00275822 -0.01
v 0.03039322 0.0067423 -0.01
v 0.035955 -0.00074847 -0.01
v 0.03571145 -0.00016048 -0.01
v 0.03579452 0.00047051 -0.01
v 0.03618196 0.00097543 -0.01
v 0.03676995 0.00121898 -0.01
v 0.03740094 0.00113591 -0.01
v 0.03929693 0.00229525 -0.01
v 0.03790586 0.00074847 -0.01
v 0.03814941 0.00016048 -0.01
v 0.03629106 0.00357117 -0.01
v 0.03570749 0.00372034 -0.01
v 0.03510597 0.003689 -0.01
v 0.03305747 0.00380415 -0.01
v 0.03133554 0.00491976 -0.01
v 0.03960909 0.00208604 -0.01
v 0.03982199 0.00177638 -0.01
v 0.03990557 0.00141 -0.01
v 0.03960909 -0.00208604 -0.01
v 0.03039322 -0.0067423 -0.01
v 0.03133554 -0.00491976 -0.01
v 0.03305747 -0.00380415 -0.01
v 0.03510597 -0.003689 -0.01
v 0.03645992 -0.00113591 -0.01
v 0.03570749 -0.00372034 -0.01
v 0.03709091 -0.00121898 -0.01
v 0.01646015 -0.02343348 -0.01
v 0.02511795 -0.02691142 -0.01
v 0.0248744 -0.02632343 -0.01
v 0.0259329 -0.02494397 -0.01
v 0.02656389 -0.02502704 -0.01
v 0.02741181 -0.02226434 -0.01
v 0.02875547 -0.01193972 -0.01
v 0.02231118 -0.00920047 -0.01
v 0.0262384 -0.01677292 -0.01
v 0.02561599 -0.01872797 -0.01
v 0.02604473 -0.02073441 -0.01
v 0.02534491 -0.02518752 -0.01
v 0.02495747 -0.02569244 -0.01
v 0.02731236 -0.02600247 -0.01
v 0.02938974 -0.02621333 -0.01
v 0.02706881 -0.02541448 -0.01
v 0.02816648 -0.02318565 -0.01
v 0.02785931 -0.02266752 -0.01
v 0.02683275 -0.02769754 -0.01
v 0.02919414 -0.02726967 -0.01
v 0.02939411 -0.0269515 -0.01
v 0.02722929 -0.02663346 -0.01
v 0.02946253 -0.026582 -0.01
v 0.02614375 -0.02945931 -0.01
v 0.02651243 -0.0295321 -0.01
v 0.0272001 -0.02926371 -0.01
v 0.02688194 -0.02946369 -0.01
v 0.01670335 -0.02630797 -0.01
v 0.0186584 -0.02568556 -0.01
v 0.02066484 -0.0261143 -0.01
v 0.02219477 -0.02748138 -0.01
v 0.02684185 -0.02713838 -0.01
v 0.02625386 -0.02738193 -0.01
v 0.02562287 -0.02729886 -0.01
v 0.02311608 -0.02823604 -0.01
v 0.02259795 -0.02792888 -0.01
v 0.01187015 -0.02882504 -0.01
v 0.00831242 -0.02008404 -0.01
v 0.00667273 -0.03046279 -0.01
v 0.00373459 -0.03312704 -0.01
v 0.00496298 -0.02823177 -0.01
v 0.00485019 -0.03140511 -0.01
v 0.0035016 -0.03636063 -0.01
v 0.00365077 -0.03577706 -0.01
v 0.00361944 -0.03517554 -0.01
v 0.00170681 -0.03989156 -0.01
v 0.00201647 -0.03967866 -0.01
v 0.00222569 -0.03936649 -0.01
v -0.00147957 -0.03997514 -0.01
v 0.00134043 -0.03997514 -0.01
v 0.00114941 -0.03683952 -0.01
v 0.00106634 -0.03747051 -0.01
v 0.0006789 -0.03797543 -0.01
v -0.00023005 -0.03578102 -0.01
v 0.00040094 -0.03586409 -0.01
v 0.00090586 -0.03625153 -0.01
v -0.00184595 -0.03989156 -0.01
v -0.00215561 -0.03967866 -0.01
v -0.00236482 -0.03936649 -0.01
v -0.001045 -0.03774847 -0.01
v -0.00364074 -0.03636063 -0.01
v -0.00128855 -0.03716048 -0.01
v -0.00378991 -0.03577706 -0.01
v -0.00120548 -0.03652949 -0.01
v -0.00498933 -0.03140511 -0.01
v -0.00927004 -0.02238075 -0.01
v -0.00681187 -0.03046279 -0.01
v -0.01200929 -0.02882504 -0.01
v -0.02273709 -0.02792888 -0.01
v -0.02233391 -0.02748138 -0.01
v -0.02122873 -0.01746467 -0.01
v -0.02325522 -0.02823605 -0.01
v -0.02080398 -0.02611429 -0.01
v -0.01879754 -0.02568556 -0.01
v -0.01684249 -0.02630797 -0.01
v -0.02665156 -0.0295321 -0.01
v -0.02628289 -0.02945931 -0.01
v -0.02702107 -0.02946368 -0.01
v -0.02549278 -0.02783727 -0.01
v -0.02733924 -0.02926371 -0.01
v -0.02933328 -0.02726967 -0.01
v -0.02952887 -0.02621332 -0.01
v -0.02960167 -0.026582 -0.01
v -0.02953325 -0.02695151 -0.01
v -0.02509661 -0.02663346 -0.01
v -0.02548405 -0.02713838 -0.01
v -0.02501354 -0.02600247 -0.01
v -0.02607204 -0.02738193 -0.01
v -0.02670303 -0.02729886 -0.01
v -0.02720795 -0.02691142 -0.01
v -0.02575513 -0.01872797 -0.01
v -0.02637754 -0.01677292 -0.01
v -0.02889461 -0.01193972 -0.01
v -0.02618386 -0.02073441 -0.01
v -0.026393 -0.02494397 -0.01
v -0.02576201 -0.02502704 -0.01
v -0.02525709 -0.02541448 -0.01
v -0.0274515 -0.02632343 -0.01
v -0.02736843 -0.02569244 -0.01
v -0.02830561 -0.02318565 -0.01
v -0.02698099 -0.02518752 -0.01
v -0.02799845 -0.02266752 -0.01
v -0.02755095 -0.02226434 -0.01
v -0.01787929 -0.00931693 -0.01
v -0.02830134 -0.00503255 -0.01
v -0.03053235 -0.0067423 -0.01
v -0.03943606 -0.00229525 -0.01
v -0.0364302 -0.00357117 -0.01
v -0.03639962 -0.00170344 -0.01
v -0.03584663 -0.00372034 -0.01
v -0.03524511 -0.003689 -0.01
v -0.03319661 -0.00380415 -0.01
v -0.03147468 -0.00491976 -0.01
v -0.04004471 -0.00141 -0.01
v -0.03996113 -0.00177638 -0.01
v -0.03974823 -0.00208604 -0.01
v -0.03593366 -0.00047051 -0.01
v -0.0363211 -0.00097543 -0.01
v -0.03659906 0.00113591 -0.01
v -0.03609414 0.00074847 -0.01
v -0.03319661 0.00380415 -0.01
v -0.03585059 0.00016048 -0.01
v -0.03820548 0.00047051 -0.01
v -0.04004471 0.00141 -0.01
v -0.03828855 -0.00016048 -0.01
v -0.03996113 0.00177638 -0.01
v -0.03974823 0.00208604 -0.01
v -0.03943606 0.00229525 -0.01
v -0.03781804 0.00097543 -0.01
v -0.0364302 0.00357117 -0.01
v -0.03723005 0.00121898 -0.01
v -0.03584663 0.00372034 -0.01
v -0.03524511 0.003689 -0.01
v -0.03690909 -0.00121898 -0.01
v -0.03754008 -0.00113591 -0.01
v -0.038045 -0.00074847 -0.01
v -0.03147468 0.00491976 -0.01
v -0.03053236 0.0067423 -0.01
v -0.02575513 0.01872797 -0.01
v -0.02755095 0.02226434 -0.01
v -0.02563251 0.02448826 -0.01
v -0.02799845 0.02266752 -0.01
v -0.02830562 0.02318565 -0.01
v -0.026393 0.02738193 -0.01
v -0.02576201 0.02729886 -0.01
v -0.02628289 0.02945931 -0.01
v -0.0274515 0.02600247 -0.01
v -0.02952887 0.02621333 -0.01
v -0.02720795 0.02541448 -0.01
v -0.02525709 0.02691142 -0.01
v -0.02548405 0.02518752 -0.01
v -0.02607204 0.02494397 -0.01
v -0.02670303 0.02502704 -0.01
v -0.02960167 0.026582 -0.01
v -0.02953325 0.0269515 -0.01
v -0.02933328 0.02726967 -0.01
v -0.02736843 0.02663346 -0.01
v -0.02733924 0.02926371 -0.01
v -0.02698099 0.02713838 -0.01
v -0.02702107 0.02946369 -0.01
v -0.02665157 0.0295321 -0.01
v -0.01684248 0.02630797 -0.01
v -0.01879754 0.02568556 -0.01
v -0.01753423 0.02115916 -0.01
v -0.02618386 0.02073441 -0.01
v -0.02080398 0.0261143 -0.01
v -0.02233391 0.02748138 -0.01
v -0.02273709 0.02792888 -0.01
v -0.01200929 0.02882504 -0.01
v -0.00711218 0.01687477 -0.01
v -0.00681187 0.03046279 -0.01
v -0.00378991 0.03577706 -0.01
v -0.00375857 0.03517554 -0.01
v 0.00050132 0.0353951 -0.01
v -0.00387372 0.03312704 -0.01
v -0.00282779 0.02729682 -0.01
v -0.00498933 0.03140511 -0.01
v -0.00023005 0.03821898 -0.01
v 0.00040094 0.03813591 -0.01
v 0.00134043 0.03997514 -0.01
v 0.0006789 0.03602457 -0.01
v 9.091E-05 0.03578102 -0.01
v -0.00054008 0.03586409 -0.01
v -0.00364074 0.03636063 -0.01
v 0.00170681 0.03989156 -0.01
v 0.00201647 0.03967866 -0.01
v 0.00222569 0.03936649 -0.01
v -0.001045 0.03625153 -0.01
v -0.00128855 0.03683952 -0.01
v -0.00236482 0.03936649 -0.01
v -0.00120548 0.03747051 -0.01
v -0.00215561 0.03967866 -0.01
v -0.00081804 0.03797543 -0.01
v -0.00184595 0.03989156 -0.01
v -0.00147957 0.03997514 -0.01
v 0.00090586 0.03774847 -0.01
v 0.00114941 0.03716048 -0.01
v 0.0035016 0.03636063 -0.01
v 0.00106634 0.03652949 -0.01
v 0.00365077 0.03577706 -0.01
v 0.00361943 0.03517554 -0.01
v 0.00373459 0.03312704 -0.01
v 0.00485019 0.03140511 -0.01
v 0.00667273 0.03046279 -0.01
v 0.0091309 0.02238075 -0.01
v 0.01187015 0.02882504 -0.01
v 0.0186584 0.02568556 -0.01
v 0.02562287 0.02502704 -0.01
v 0.02511795 0.02541448 -0.01
v 0.01670335 0.02630797 -0.01
v 0.02939412 0.02695151 -0.01
v 0.02946253 0.026582 -0.01
v 0.02938974 0.02621332 -0.01
v 0.02722929 0.02569244 -0.01
v 0.02684185 0.02518752 -0.01
v 0.02625386 0.02494397 -0.01
v 0.0376789 -0.00097543 -0.01
v -0.0059206 -0.01423301 -0.01
v 0.00484651 0.01195869 -0.01
v -0.00081804 -0.03602457 -0.01
v -0.00387372 -0.03312704 -0.01
v -0.00375857 -0.03517554 -0.01
v -0.01202826 0.00491608 -0.01
v -6.957E-05 -0 -0.01
v 0.01416344 -0.00585103 -0.01
v 0.02625386 0.02494397 -0.018
v 0.02684185 0.02518752 -0.018
v 0.02609338 0.02616295 -0.018
v 0.02722929 0.02569244 -0.018
v 0.02731236 0.02632343 -0.018
v 0.0248744 0.02600247 -0.018
v 0.02511795 0.02541448 -0.018
v 0.02562287 0.02502704 -0.018
v 0.0259329 0.02738193 -0.018
v 0.02534491 0.02713838 -0.018
v 0.02495747 0.02663346 -0.018
v 0.02706881 0.02691142 -0.018
v 0.02656389 0.02729886 -0.018
v 0.03709091 -0.00121898 -0.018
v 0.0376789 -0.00097543 -0.018
v 0.03693043 -0 -0.018
v 0.03806634 -0.00047051 -0.018
v 0.03814941 0.00016048 -0.018
v 0.03571145 -0.00016048 -0.018
v 0.035955 -0.00074847 -0.018
v 0.03645992 -0.00113591 -0.018
v 0.03676995 0.00121898 -0.018
v 0.03618196 0.00097543 -0.018
v 0.03579452 0.00047051 -0.018
v 0.03790586 0.00074847 -0.018
v 0.03740094 0.00113591 -0.018
v 0.02625386 -0.02738193 -0.018
v 0.02684185 -0.02713838 -0.018
v 0.02609338 -0.02616295 -0.018
v 0.02722929 -0.02663346 -0.018
v 0.02731236 -0.02600247 -0.018
v 0.0248744 -0.02632343 -0.018
v 0.02511795 -0.02691142 -0.018
v 0.02562287 -0.02729886 -0.018
v 0.0259329 -0.02494397 -0.018
v 0.02534491 -0.02518752 -0.018
v 0.02495747 -0.02569244 -0.018
v 0.02706881 -0.02541448 -0.018
v 0.02656389 -0.02502704 -0.018
v 9.091E-05 -0.03821898 -0.018
v 0.0006789 -0.03797543 -0.018
v -6.957E-05 -0.037 -0.018
v 0.00106634 -0.03747051 -0.018
v 0.00114941 -0.03683952 -0.018
v -0.00128855 -0.03716048 -0.018
v -0.001045 -0.03774847 -0.018
v -0.00054008 -0.03813591 -0.018
v -0.00023005 -0.03578102 -0.018
v -0.00081804 -0.03602457 -0.018
v -0.00120548 -0.03652949 -0.018
v 0.00090586 -0.03625153 -0.018
v 0.00040094 -0.03586409 -0.018
v -0.02607204 -0.02738193 -0.018
v -0.02548405 -0.02713838 -0.018
v -0.02623252 -0.02616295 -0.018
v -0.02509661 -0.02663346 -0.018
v -0.02501354 -0.02600247 -0.018
v -0.0274515 -0.02632343 -0.018
v -0.02720795 -0.02691142 -0.018
v -0.02670303 -0.02729886 -0.018
v -0.026393 -0.02494397 -0.018
v -0.02698099 -0.02518752 -0.018
v -0.02736843 -0.02569244 -0.018
v -0.02525709 -0.02541448 -0.018
v -0.02576201 -0.02502704 -0.018
v -0.03690909 -0.00121898 -0.018
v -0.0363211 -0.00097543 -0.018
v -0.03706957 0 -0.018
v -0.03593366 -0.00047051 -0.018
v -0.03585059 0.00016048 -0.018
v -0.03828855 -0.00016048 -0.018
v -0.038045 -0.00074847 -0.018
v -0.03754008 -0.00113591 -0.018
v -0.03723005 0.00121898 -0.018
v -0.03781804 0.00097543 -0.018
v -0.03820548 0.00047051 -0.018
v -0.03609414 0.00074847 -0.018
v -0.03659906 0.00113591 -0.018
v -0.02607204 0.02494397 -0.018
v -0.02548405 0.02518752 -0.018
v -0.02623252 0.02616295 -0.018
v -0.02509661 0.02569244 -0.018
v -0.02501354 0.02632343 -0.018
v -0.0274515 0.02600247 -0.018
v -0.02720795 0.02541448 -0.018
v -0.02670303 0.02502704 -0.018
v -0.026393 0.02738193 -0.018
v -0.02698099 0.02713838 -0.018
v -0.02736843 0.02663346 -0.018
v -0.02525709 0.02691142 -0.018
v -0.02576201 0.02729886 -0.018
v 9.091E-05 0.03578102 -0.018
v 0.0006789 0.03602457 -0.018
v -6.957E-05 0.037 -0.018
v 0.00106634 0.03652949 -0.018
v 0.00114941 0.03716048 -0.018
v -0.00128855 0.03683952 -0.018
v -0.001045 0.03625153 -0.018
v -0.00054008 0.03586409 -0.018
v -0.00023005 0.03821898 -0.018
v -0.00081804 0.03797543 -0.018
v -0.00120548 0.03747051 -0.018
v 0.00090586 0.03774847 -0.018
v 0.00040094 0.03813591 -0.018
v 0.02027512 0.03901402 -0.024
v 0.01994872 0.03918249 -0.02436602
v 0.01950096 0.03940805 -0.0245
v 0.01950096 0.03940805 -0.0235
v 0.02036393 0.03896758 -0.02375912
v 0.02027512 0.03901402 -0.023
v 0.02036398 0.03896756 -0.02324107
v 0.0203943 0.03895164 -0.0235
v 0.01676833 0.04065077 -0.0225
v 0.01950096 0.03940805 -0.0225
v 0.01994872 0.03918249 -0.02263397
v 0.01676833 0.04065077 -0.0245
v 0.01395768 0.04170415 -0.0245
v 0.01395768 0.04170415 -0.0235
v 0.01303601 0.0420029 -0.02375915
v 0.01300326 0.04201311 -0.0235
v 0.01303596 0.04200292 -0.02324105
v 0.01313164 0.04197294 -0.023
v 0.01395768 0.04170415 -0.0225
v 0.01348157 0.04186128 -0.02263397
v 0.01348157 0.04186128 -0.02436602
v 0.01313164 0.04197294 -0.024
v 0.01869851 0.0191311 -0.042
v 0.02911593 0.03185038 -0.042
v 0.03178081 0.0291855 -0.042
v 0.02139891 0.01604196 -0.042
v 0.02622893 0.03427286 -0.042
v 0.01663095 0.02096027 -0.042
v 0.02314177 0.03643451 -0.042
v -0.01032548 -0.02475997 -0.042
v -0.00642569 -0.02603535 -0.042
v -0.01306006 -0.04120057 -0.042
v 0.0057867 -0.02615233 -0.042
v 0.00556916 -0.04283042 -0.042
v 0.00172593 -0.02673979 -0.042
v 0.00181479 -0.04315889 -0.042
v -0.00237692 -0.02670049 -0.042
v 0.01987797 0.03831887 -0.042
v 0.01637604 0.02096681 -0.042
v 0.01646235 0.03991159 -0.042
v -0.04289998 0.00563873 -0.042
v -0.02632928 0.00535423 -0.042
v -0.02683884 0.00128296 -0.042
v -0.00195393 -0.04315889 -0.042
v -0.0057083 -0.04283042 -0.042
v -0.00941976 -0.04217599 -0.042
v 0.0097102 -0.02495188 -0.042
v 0.01292092 -0.04120057 -0.042
v 0.00928062 -0.04217599 -0.042
v 0.00018711 0.02679877 -0.042
v 0.00556916 0.04283042 -0.042
v 0.00294251 0.0266302 -0.042
v 0.00928062 0.04217599 -0.042
v 0.00312739 0.02645457 -0.042
v 0.01292092 0.04120057 -0.042
v 0.00354587 0.02569875 -0.042
v -0.00390671 0.02652388 -0.042
v -0.00195393 0.04315889 -0.042
v 0.00181479 0.04315889 -0.042
v -0.00791059 0.0256273 -0.042
v -0.00941976 0.04217599 -0.042
v -0.0057083 0.04283042 -0.042
v -0.03191995 0.0291855 -0.042
v -0.01846776 0.01948708 -0.042
v -0.02122683 0.01645023 -0.042
v -0.03838844 -0.01994754 -0.042
v -0.02462854 -0.01072832 -0.042
v -0.02270305 -0.01435149 -0.042
v -0.01660149 -0.03991159 -0.042
v -0.02001711 -0.03831887 -0.042
v -0.01398488 -0.02290424 -0.042
v 0.02652295 -0.00332836 -0.042
v 0.04210642 -0.00935019 -0.042
v 0.02570322 -0.00734868 -0.042
v 0.041131 -0.01299049 -0.042
v 0.02427941 -0.01119676 -0.042
v 0.01554568 0.02072827 -0.042
v 0.01406995 0.02028245 -0.042
v -0.01173069 0.02413003 -0.042
v -0.01660149 0.0399116 -0.042
v -0.01306006 0.04120057 -0.042
v -0.02925507 0.03185038 -0.042
v -0.02636806 0.03427286 -0.042
v -0.01527746 0.02206717 -0.042
v -0.02328091 0.03643451 -0.042
v -0.02001711 0.03831887 -0.042
v -0.02349 0.0130278 -0.042
v -0.03650408 0.02321134 -0.042
v -0.03434243 0.0262985 -0.042
v -0.04224556 0.00935019 -0.042
v -0.04127014 0.01299049 -0.042
v -0.0252042 0.00930001 -0.042
v -0.03998116 0.01653192 -0.042
v -0.03838844 0.01994754 -0.042
v -0.02672096 -0.00281839 -0.042
v -0.04322845 -0.00188436 -0.042
v -0.04322845 0.00188436 -0.042
v -0.03998116 -0.01653192 -0.042
v -0.04127014 -0.01299049 -0.042
v -0.02597839 -0.00685367 -0.042
v -0.04224556 -0.00935019 -0.042
v -0.04289999 -0.00563873 -0.042
v -0.02024705 -0.01763828 -0.042
v -0.03434243 -0.02629849 -0.042
v -0.03650408 -0.02321134 -0.042
v -0.02328091 -0.03643451 -0.042
v -0.02636806 -0.03427286 -0.042
v -0.01731811 -0.02051165 -0.042
v -0.02925506 -0.03185038 -0.042
v -0.03191995 -0.0291855 -0.042
v 0.01340447 -0.02316658 -0.042
v 0.01987797 -0.03831887 -0.042
v 0.01646236 -0.0399116 -0.042
v 0.01976636 -0.01802154 -0.042
v 0.02911593 -0.03185038 -0.042
v 0.01678292 -0.02083827 -0.042
v 0.02622893 -0.03427286 -0.042
v 0.02314178 -0.03643451 -0.042
v 0.02228487 -0.01478239 -0.042
v 0.03420329 -0.0262985 -0.042
v 0.03178081 -0.0291855 -0.042
v 0.0235961 0.01257681 -0.042
v 0.03984203 0.01653192 -0.042
v 0.02523859 0.00881686 -0.042
v 0.041131 0.01299049 -0.042
v 0.02628788 0.00485026 -0.042
v 0.00427413 0.02434001 -0.042
v 0.00552756 0.02344253 -0.042
v 0.01254903 0.02053414 -0.042
v 0.03984202 -0.01653192 -0.042
v 0.0382493 -0.01994754 -0.042
v 0.03636494 -0.02321134 -0.042
v 0.02671937 0.00076997 -0.042
v 0.04308932 -0.00188436 -0.042
v 0.04276085 -0.00563873 -0.042
v 0.04210642 0.00935019 -0.042
v 0.04276085 0.00563873 -0.042
v 0.04308932 0.00188436 -0.042
v 0.03420329 0.02629849 -0.042
v 0.03636494 0.02321134 -0.042
v 0.0382493 0.01994754 -0.042
v -0.01593518 -0.00679124 -0.042
v -0.01609038 -0.00641655 -0.042
v -0.01531359 -0.00631428 -0.042
v -0.01603745 -0.00601445 -0.042
v -0.01579055 -0.00569269 -0.042
v -0.01483662 -0.00693587 -0.042
v -0.01521132 -0.00709108 -0.042
v -0.01561342 -0.00703814 -0.042
v -0.01469199 -0.00583731 -0.042
v -0.01453679 -0.00621201 -0.042
v -0.01458973 -0.00661411 -0.042
v -0.01541585 -0.00553748 -0.042
v -0.01501375 -0.00559042 -0.042
v 0.00562311 -0.01572098 -0.042
v 0.00546791 -0.01534628 -0.042
v 0.0062447 -0.01524401 -0.042
v 0.00552084 -0.01494418 -0.042
v 0.00576774 -0.01462242 -0.042
v 0.00672167 -0.01586561 -0.042
v 0.00634697 -0.01602081 -0.042
v 0.00594487 -0.01596787 -0.042
v 0.0068663 -0.01476705 -0.042
v 0.0070215 -0.01514175 -0.042
v 0.00696856 -0.01554385 -0.042
v 0.00614244 -0.01446722 -0.042
v 0.00654454 -0.01452015 -0.042
v 0.01455285 0.00583731 -0.042
v 0.01439764 0.00621201 -0.042
v 0.01517444 0.00631428 -0.042
v 0.01445058 0.00661411 -0.042
v 0.01469747 0.00693587 -0.042
v 0.0156514 0.00569268 -0.042
v 0.01527671 0.00553748 -0.042
v 0.01487461 0.00559042 -0.042
v 0.01579603 0.00679124 -0.042
v 0.01595124 0.00641654 -0.042
v 0.0158983 0.00601444 -0.042
v 0.01507217 0.00709107 -0.042
v 0.01547427 0.00703814 -0.042
v -0.00700544 0.01476705 -0.042
v -0.00716065 0.01514174 -0.042
v -0.00638385 0.01524401 -0.042
v -0.00710771 0.01554384 -0.042
v -0.00686081 0.0158656 -0.042
v -0.00590689 0.01462242 -0.042
v -0.00628158 0.01446721 -0.042
v -0.00668368 0.01452015 -0.042
v -0.00576226 0.01572097 -0.042
v -0.00560705 0.01534628 -0.042
v -0.00565999 0.01494418 -0.042
v -0.00648612 0.01602081 -0.042
v -0.00608402 0.01596787 -0.042
v -0.01064094 0.0235439 -0.042
v -0.01079614 0.0239186 -0.042
v -0.01001934 0.02402087 -0.042
v -0.0107432 0.0243207 -0.042
v -0.01049631 0.02464246 -0.042
v -0.00954238 0.02339927 -0.042
v -0.00991707 0.02324407 -0.042
v -0.01031917 0.02329701 -0.042
v -0.00939775 0.02449783 -0.042
v -0.00924254 0.02412313 -0.042
v -0.00929548 0.02372103 -0.042
v -0.01012161 0.02479766 -0.042
v -0.00971951 0.02474473 -0.042
v 0.0233297 0.0094728 -0.042
v 0.0231745 0.0098475 -0.042
v 0.0239513 0.00994977 -0.042
v 0.02322743 0.0102496 -0.042
v 0.02347433 0.01057136 -0.042
v 0.02442826 0.00932817 -0.042
v 0.02405356 0.00917297 -0.042
v 0.02365146 0.00922591 -0.042
v 0.02457289 0.01042673 -0.042
v 0.02472809 0.01005203 -0.042
v 0.02467516 0.00964993 -0.042
v 0.02384903 0.01072656 -0.042
v 0.02425113 0.01067363 -0.042
v 0.0092586 -0.02449783 -0.042
v 0.0091034 -0.02412314 -0.042
v 0.0098802 -0.02402087 -0.042
v 0.00915634 -0.02372104 -0.042
v 0.00940323 -0.02339928 -0.042
v 0.01035716 -0.02464246 -0.042
v 0.00998246 -0.02479767 -0.042
v 0.00958036 -0.02474473 -0.042
v 0.01050179 -0.02354391 -0.042
v 0.01065699 -0.0239186 -0.042
v 0.01060406 -0.0243207 -0.042
v 0.00977793 -0.02324407 -0.042
v 0.01018003 -0.02329701 -0.042
v -0.02471203 -0.01042674 -0.042
v -0.02486724 -0.01005204 -0.042
v -0.02409044 -0.00994977 -0.042
v -0.0248143 -0.00964994 -0.042
v -0.02456741 -0.00932818 -0.042
v -0.02361348 -0.01057136 -0.042
v -0.02398817 -0.01072657 -0.042
v -0.02439027 -0.01067363 -0.042
v -0.02346885 -0.00947281 -0.042
v -0.02331364 -0.0098475 -0.042
v -0.02336658 -0.0102496 -0.042
v -0.02419271 -0.00917297 -0.042
v -0.02379061 -0.00922591 -0.042
v -0.00933542 -0.01939783 -0.042
v -0.00916887 -0.01878357 -0.042
v -0.00810592 -0.01940147 -0.042
v -0.00871751 -0.01833487 -0.042
v -0.00810228 -0.01817198 -0.042
v -0.00810957 -0.02063097 -0.042
v -0.00872383 -0.02046442 -0.042
v -0.00917252 -0.02001306 -0.042
v -0.00687643 -0.01940512 -0.042
v -0.00704297 -0.02001937 -0.042
v -0.00749433 -0.02046807 -0.042
v -0.00748802 -0.01833852 -0.042
v -0.00703933 -0.01878988 -0.042
v 0.01952128 0.00274469 -0.042
v 0.01968782 0.00335895 -0.042
v 0.02075077 0.00274105 -0.042
v 0.02013918 0.00380765 -0.042
v 0.02075442 0.00397054 -0.042
v 0.02074713 0.00151156 -0.042
v 0.02013287 0.0016781 -0.042
v 0.01968418 0.00212946 -0.042
v 0.02198027 0.00273741 -0.042
v 0.02181372 0.00212315 -0.042
v 0.02136236 0.00167445 -0.042
v 0.02136867 0.003804 -0.042
v 0.02181737 0.00335264 -0.042
v -0.01408305 0.01666407 -0.042
v -0.0139165 0.01727833 -0.042
v -0.01285355 0.01666042 -0.042
v -0.01346514 0.01772702 -0.042
v -0.01284991 0.01788992 -0.042
v -0.0128572 0.01543093 -0.042
v -0.01347146 0.01559747 -0.042
v -0.01392015 0.01604883 -0.042
v -0.01162406 0.01665678 -0.042
v -0.0117906 0.01604252 -0.042
v -0.01224196 0.01559383 -0.042
v -0.01223565 0.01772337 -0.042
v -0.01178696 0.01727201 -0.042
v 0.00618735 -0.00987932 -0.042
v 0.01925703 0.00141111 -0.042
v 0.01024302 -0.01967055 -0.042
v 0.01989381 0.00093395 -0.042
v 0.01905125 -0.0173215 -0.042
v 0.02066624 0.00074284 -0.042
v 0.02231203 -0.01283371 -0.042
v 0.02145204 0.00086803 -0.042
v 0.02453809 -0.0077526 -0.042
v 0.00942769 -0.00022816 -0.042
v 0.0188567 0.00209878 -0.042
v 0.00870728 -0.0036355 -0.042
v 0.00680733 -0.00655425 -0.042
v 0.01225214 -0.02146402 -0.042
v 0.01104265 -0.02079686 -0.042
v 0.01363137 -0.02153957 -0.042
v 0.0149065 -0.02100851 -0.042
v 0.00595148 -0.00871782 -0.042
v 0.00616872 -0.00755269 -0.042
v 0.02299141 0.00103165 -0.042
v 0.02441796 0.00043052 -0.042
v 0.01134048 0.00256142 -0.042
v 0.01473458 0.0039673 -0.042
v 0.02562653 -0.00231309 -0.042
v 0.02537596 -0.00078547 -0.042
v 0.00968213 0.00092942 -0.042
v 0.01035238 0.0019069 -0.042
v 0.01597187 0.00420285 -0.042
v 0.01720075 0.00392674 -0.042
v 0.01821835 0.00318455 -0.042
v -0.00982127 -0.00092942 -0.042
v -0.01049152 -0.00190691 -0.042
v -0.01147962 -0.00256142 -0.042
v -0.02497054 0.00675138 -0.042
v -0.01467385 0.01583186 -0.042
v -0.02583817 0.00127231 -0.042
v -0.01420673 0.0151877 -0.042
v -0.0135254 0.01477665 -0.042
v -0.0119684 0.01486696 -0.042
v -0.00884643 0.00363549 -0.042
v -0.01273774 0.01466378 -0.042
v -0.00956683 0.00022815 -0.042
v -0.01987505 0.01653428 -0.042
v -0.01861768 0.01743729 -0.042
v -0.01708044 0.01761972 -0.042
v -0.02295173 0.01191832 -0.042
v -0.01564665 0.01703606 -0.042
v -0.02395968 -0.00646459 -0.042
v -0.02498836 -0.00554275 -0.042
v -0.02263269 -0.00684808 -0.042
v -0.0255145 -0.00426558 -0.042
v -0.02127085 -0.00661708 -0.042
v -0.00609062 0.00871782 -0.042
v -0.00630787 0.00755269 -0.042
v -0.00694648 0.00655425 -0.042
v -0.0095049 0.01498859 -0.042
v -0.00844071 0.01431488 -0.042
v -0.01074927 0.01518333 -0.042
v -0.00773238 0.01327342 -0.042
v -0.00632649 0.00987932 -0.042
v -0.02107808 -0.01497607 -0.042
v -0.02160914 -0.01370094 -0.042
v -0.01007864 -0.01907228 -0.042
v -0.00647822 -0.02056362 -0.042
v 0.00547318 -0.0249188 -0.042
v 0.00419601 -0.02544494 -0.042
v 0.00639502 -0.02389012 -0.042
v -0.00611721 -0.01961366 -0.042
v 0.0067785 -0.02256313 -0.042
v -0.00626966 -0.01860891 -0.042
v 0.00249184 -0.01141005 -0.042
v 0.0065475 -0.02120128 -0.042
v -0.00448594 -0.0254192 -0.042
v -0.00589665 -0.02478179 -0.042
v -0.00682326 -0.02354171 -0.042
v -0.00014605 -0.02579989 -0.042
v -0.00703469 -0.02200818 -0.042
v 0.00183732 -0.01042196 -0.042
v 0.00085984 -0.0097517 -0.042
v -0.00029773 -0.00949726 -0.042
v -0.00689622 -0.01780879 -0.042
v -0.00370506 -0.00877686 -0.042
v -0.00783511 -0.01741989 -0.042
v -0.00662381 -0.00687691 -0.042
v -0.00762225 -0.0062383 -0.042
v -0.00884393 -0.01754261 -0.042
v -0.00878738 -0.00602106 -0.042
v -0.02153359 -0.01232171 -0.042
v -0.02086643 -0.01111222 -0.042
v -0.00966219 -0.01814528 -0.042
v -0.01974012 -0.01031259 -0.042
v -0.00994888 -0.00625693 -0.042
v -0.01194049 -0.02142208 -0.042
v -0.01347257 -0.02164374 -0.042
v -0.01070662 -0.02048722 -0.042
v -0.01492081 -0.02109693 -0.042
v -0.01825876 -0.01829736 -0.042
v -0.00691765 0.02256312 -0.042
v -0.00653416 0.02389012 -0.042
v -0.00668664 0.02120128 -0.042
v -0.00561232 0.0249188 -0.042
v -0.00433515 0.02544494 -0.042
v -0.00118227 0.02577599 -0.042
v 0.00115999 0.02530586 -0.042
v 0.01095666 0.0175954 -0.042
v 0.00980974 0.00625693 -0.042
v 0.00864825 0.00602105 -0.042
v 0.02093894 0.01497607 -0.042
v 0.02147 0.01370094 -0.042
v 0.02139445 0.01232171 -0.042
v 0.00015859 0.00949726 -0.042
v 0.00577461 0.01933534 -0.042
v 0.00356592 0.00877685 -0.042
v 0.00947012 0.01780461 -0.042
v 0.00648467 0.00687691 -0.042
v 0.00748312 0.0062383 -0.042
v 0.00301676 0.02380267 -0.042
v 0.00396418 0.0216096 -0.042
v -0.00263098 0.01141005 -0.042
v 0.00457554 0.02023855 -0.042
v -0.00197647 0.01042195 -0.042
v -0.00099898 0.0097517 -0.042
v 0.01960098 0.01031259 -0.042
v 0.01235844 0.01813259 -0.042
v 0.0145791 0.01901339 -0.042
v 0.02072729 0.01111222 -0.042
v 0.0189436 0.01743958 -0.042
v 0.01695495 0.01876337 -0.042
v 0.01395768 0.04170415 -0.041
v 0.01395768 0.04170415 -0.04
v 0.0167685 0.0406507 -0.04
v 0.0130273 0.04200562 -0.04077748
v 0.01321223 0.04194751 -0.04037651
v 0.01354465 0.04184081 -0.04009903
v 0.0130273 0.04200562 -0.04122252
v 0.01354465 0.04184081 -0.04190097
v 0.01321223 0.04194751 -0.04162349
v 0.01950096 0.03940805 -0.041
v 0.01950096 0.03940805 -0.042
v 0.0167685 0.0406507 -0.042
v 0.01950096 0.03940805 -0.04
v 0.01395768 0.04170415 -0.042
v 0.02037201 0.03896334 -0.04122252
v 0.02020015 0.03905302 -0.04162349
v 0.01988964 0.03921263 -0.04190097
v 0.02037201 0.03896334 -0.04077748
v 0.02020015 0.03905302 -0.04037651
v 0.01988964 0.03921263 -0.04009903
v 0.00265958 -0.0012457 -0.046
v 0.00447901 -0.00207616 -0.046
v 0.00250236 -0.00154441 -0.046
v 0.00344721 -0.00355419 -0.046
v 0.00138558 -0.00262346 -0.046
v 0.00139266 -0.00478141 -0.046
v -0.0001211 -0.00299956 -0.046
v -0.00099686 -0.00491326 -0.046
v -0.00161398 -0.00257193 -0.046
v -0.00317395 -0.00391954 -0.046
v -0.00269303 -0.00145515 -0.046
v -0.00463986 -0.00202791 -0.046
v -0.00306913 5.153E-05 -0.046
v -0.00505878 0.0003283 -0.046
v -0.0026415 0.00154441 -0.046
v -0.00433473 0.0026093 -0.046
v -0.00152472 0.00262346 -0.046
v -0.00263358 0.00429253 -0.046
v -1.804E-05 0.00299956 -0.046
v -0.00034505 0.00499241 -0.046
v 0.00147484 0.00257193 -0.046
v 0.00200659 0.00454858 -0.046
v 0.00255389 0.00145515 -0.046
v 0.00388261 0.00306272 -0.046
v 0.00292999 -5.153E-05 -0.046
v 0.00485323 0.00087524 -0.046
v 0.0046961 -0.00151276 -0.046
v 0.01879492 0.00226516 -0.045
v 0.01879492 0.00226516 -0.044
v 0.01803154 0.00577495 -0.045
v 0.01803154 0.00577495 -0.044
v 0.01662126 0.00907835 -0.045
v 0.01662126 0.00907835 -0.044
v 0.00593565 -0.00248744 -0.047
v 0.00778341 -0.00325281 -0.047
v 0.00564274 -0.00310153 -0.047
v 0.00659345 -0.0052777 -0.047
v 0.00388738 -0.0051568 -0.047
v 0.00423699 -0.00732827 -0.047
v 0.00144783 -0.0063204 -0.047
v 0.0012989 -0.00838912 -0.047
v -0.0012541 -0.00639116 -0.047
v -0.00182401 -0.00831697 -0.047
v -0.00375121 -0.00535682 -0.047
v -0.00470997 -0.00712156 -0.047
v -0.00561173 -0.00339624 -0.047
v -0.00696922 -0.00496435 -0.047
v -0.00651396 -0.00084842 -0.047
v -0.00829664 -0.00213668 -0.047
v -0.0063019 0.0018461 -0.047
v -0.00851294 0.00097957 -0.047
v -0.00758891 0.00396351 -0.047
v -0.00501221 0.00422141 -0.047
v -0.00564936 0.00641217 -0.047
v -0.00286789 0.0058668 -0.047
v -0.00295623 0.00799482 -0.047
v -0.00023972 0.00649777 -0.047
v 0.00012676 0.00849773 -0.047
v 0.00241787 0.00600522 -0.047
v 0.00318324 0.00785298 -0.047
v 0.00464536 0.0044743 -0.047
v 0.00580041 0.00614763 -0.047
v 0.0060576 0.00216974 -0.047
v 0.0076248 0.00361202 -0.047
v 0.00641039 -0.00050998 -0.047
v 0.00841003 0.00058858 -0.047
v 0.00805004 -0.00251435 -0.047
v 0.03736229 0.01948579 -0.0445
v 0.03340994 0.02568973 -0.0445
v 0.01703446 0.02107871 -0.0445
v 0.01622174 0.02115575 -0.0445
v 0.01294548 0.02166878 -0.0445
v 0.0125493 0.02262525 -0.0445
v 0.02844034 0.0311131 -0.0445
v 0.01172796 0.02325549 -0.0445
v 0.02260447 0.03559112 -0.0445
v 0.00803245 0.02478624 -0.0445
v 0.01607967 0.03898772 -0.0445
v 0.00726708 0.02493848 -0.0445
v 0.00650171 0.02478624 -0.0445
v 0.01281274 0.02064816 -0.0445
v 0.01405702 0.02048203 -0.0445
v 0.01544594 0.02090163 -0.0445
v 0.04017729 0.01268978 -0.0445
v 0.01774868 0.02068333 -0.0445
v 0.0417694 0.00550821 -0.0445
v 0.00442439 0.02447199 -0.0445
v 0.00542172 0.02370962 -0.0445
v 0.00373898 0.02575081 -0.0445
v 0.00585286 0.02435269 -0.0445
v 0.00339543 0.02644671 -0.0445
v 0.00270439 0.02701807 -0.0445
v 0.00906418 0.04119969 -0.0445
v 0.00195633 0.02722473 -0.0445
v 0.00177117 0.04215984 -0.0445
v -0.0039572 0.02702178 -0.0445
v -0.00557778 0.04183897 -0.0445
v -0.00968811 0.02554944 -0.0445
v 0.04209027 -0.00184074 -0.0445
v 0.02178667 0.01635832 -0.0445
v 0.02479794 0.01126486 -0.0445
v 0.02664102 0.00564221 -0.0445
v 0.02722933 -0.00024548 -0.0445
v 0.04113012 -0.00913375 -0.0445
v 0.02653523 -0.00612165 -0.0445
v 0.03891815 -0.01614924 -0.0445
v 0.02459134 -0.01171024 -0.0445
v 0.03552155 -0.02267404 -0.0445
v 0.02148896 -0.01674872 -0.0445
v -0.02367104 -0.01372081 -0.0445
v -0.03354908 -0.02568973 -0.0445
v -0.02016034 -0.0184838 -0.0445
v -0.02857948 -0.0311131 -0.0445
v -0.01570585 -0.02237849 -0.0445
v -0.02274361 -0.03559112 -0.0445
v -0.01051682 -0.02522191 -0.0445
v -0.01621881 -0.03898772 -0.0445
v -0.00483702 -0.0268805 -0.0445
v -0.00920332 -0.04119969 -0.0445
v 0.00106674 -0.02727634 -0.0445
v -0.00191031 -0.04215984 -0.0445
v 0.00543864 -0.04183897 -0.0445
v 0.00691712 -0.02639083 -0.0445
v 0.01262021 -0.04024686 -0.0445
v 0.01243929 -0.02426558 -0.0445
v 0.01941622 -0.03743186 -0.0445
v 0.01737384 -0.02100042 -0.0445
v 0.02562016 -0.03347951 -0.0445
v 0.03104354 -0.02850991 -0.0445
v -0.02578786 0.00915749 -0.0445
v -0.04126926 0.00913375 -0.0445
v -0.02715689 0.00340103 -0.0445
v -0.04222941 0.00184074 -0.0445
v -0.02725346 -0.00251519 -0.0445
v -0.04190854 -0.00550821 -0.0445
v -0.02607302 -0.00831327 -0.0445
v -0.04031643 -0.01268978 -0.0445
v -0.03750142 -0.01948579 -0.0445
v -0.01275935 0.04024686 -0.0445
v -0.01955536 0.03743186 -0.0445
v -0.01496717 0.02287688 -0.0445
v -0.0257593 0.03347951 -0.0445
v -0.0195464 0.01912964 -0.0445
v -0.03118267 0.02850991 -0.0445
v -0.02321067 0.01448376 -0.0445
v -0.03566069 0.02267404 -0.0445
v -0.03905728 0.01614924 -0.0445
v 0.0155276 0.04549427 -0.042
v 0.02107087 0.04319816 -0.042
v -0.03121066 0.03195289 -0.0455
v -0.03110931 0.0327227 -0.0455
v -0.00224764 0.04432116 -0.0455
v -0.03534553 0.02793934 -0.0455
v -0.03475447 0.02904963 -0.0455
v -0.03317051 0.03114109 -0.0455
v -0.03378651 0.03161377 -0.0455
v -0.03240069 0.03103974 -0.0455
v -0.04169019 0.01710917 -0.0455
v -0.03168334 0.03133688 -0.0455
v -0.0011783 0.02727748 -0.0455
v -0.00701623 0.0264014 -0.0455
v 0.02973166 0.03216204 -0.0455
v 0.03141049 0.02998396 -0.0455
v 0.02351107 0.01375658 -0.0455
v 0.02000251 0.0185041 -0.0455
v -0.04164414 0.01722075 -0.0455
v -0.03886678 0.02279861 -0.0455
v -0.00405431 0.04506712 -0.0455
v -0.00279526 0.04563512 -0.0455
v -0.00305876 0.04583587 -0.0455
v -0.00281612 0.04613761 -0.0455
v -0.0345941 0.03029718 -0.0455
v -0.03488512 0.03152086 -0.0455
v -0.03408365 0.03233112 -0.0455
v -0.03509109 0.03269096 -0.0455
v -0.0339823 0.03310094 -0.0455
v -0.03473367 0.033824 -0.0455
v -0.03350962 0.03371694 -0.0455
v -0.03389357 0.0346641 -0.0455
v -0.03279227 0.03401408 -0.0455
v -0.03276052 0.03502152 -0.0455
v -0.03202246 0.03391273 -0.0455
v -0.03159044 0.03481555 -0.0455
v -0.03140645 0.03344005 -0.0455
v 0.02352282 0.03941515 -0.0455
v 0.0240572 0.03827402 -0.0455
v 0.00993404 0.04412402 -0.0455
v 0.00471147 0.02687809 -0.0455
v 0.03449675 0.03068211 -0.0455
v 0.03445496 0.03029718 -0.0455
v 0.03413618 0.03034884 -0.0455
v 0.03461533 0.02904963 -0.0455
v 0.03282222 0.02980123 -0.0455
v 0.03027927 0.03084808 -0.0455
v 0.0155554 0.02238639 -0.0455
v 0.01037769 0.02522191 -0.0455
v 0.02591703 0.00836582 -0.0455
v 0.02710788 0.00258388 -0.0455
v 0.03149318 -0.01297508 -0.0455
v 0.02702794 -0.00331888 -0.0455
v 0.03520639 0.02793934 -0.0455
v 0.03872764 0.02279861 -0.0455
v -0.01729032 0.04157458 -0.0455
v -0.01138229 0.04355482 -0.0455
v -0.00525734 0.04469997 -0.0455
v 0.00247338 0.04495315 -0.0455
v 0.02496107 0.03739608 -0.0455
v 0.02786977 0.03527596 -0.0455
v 0.02898006 0.0346849 -0.0455
v 0.02991439 0.03357377 -0.0455
v 0.03022761 0.03452453 -0.0455
v 0.03061254 0.03456632 -0.0455
v -0.03036675 0.03452453 -0.0455
v -0.0291192 0.0346849 -0.0455
v -0.02800891 0.03527596 -0.0455
v -0.02286818 0.03879721 -0.0455
v -0.01252934 0.02429082 -0.0455
v -0.01745985 0.02104443 -0.0455
v -0.0215772 0.01681403 -0.0455
v -0.02468889 0.01179742 -0.0455
v -0.02532172 0.01037396 -0.0455
v 0.00267699 0.04613761 -0.0455
v 0.00291962 0.04583587 -0.0455
v 0.01111881 0.04455306 -0.0455
v 0.01207486 0.04537386 -0.0455
v 0.02342718 0.04067157 -0.0455
v 0.00160927 0.04382192 -0.0455
v 0.00029531 0.04327431 -0.0455
v -0.00111642 0.04345705 -0.0455
v 0.00391517 0.04506712 -0.0455
v 0.0051182 0.04469997 -0.0455
v 0.00867412 0.04414236 -0.0455
v 0.02290105 0.04224508 -0.0455
v 0.02333498 0.04151545 -0.0455
v 0.02220357 0.04272899 -0.0455
v 0.0143949 0.04596344 -0.0455
v 0.01355954 0.04611446 -0.0455
v 0.01273678 0.04590537 -0.0455
v -0.04476953 0.00518777 -0.0455
v -0.04362439 0.01131272 -0.0455
v -0.0445824 0.00019579 -0.0455
v -0.04487954 0.00091314 -0.0455
v -0.0266494 0.00622918 -0.0455
v 0.02044841 -0.04005013 -0.0455
v 0.01715118 -0.04157458 -0.0455
v 0.02515234 -0.01044726 -0.0455
v 0.02518017 -0.01037983 -0.0455
v 0.02568095 -0.00906645 -0.0455
v 0.01124315 -0.04355482 -0.0455
v 0.00511821 -0.04469997 -0.0455
v 0.00210851 -0.04432116 -0.0455
v 0.00391517 -0.04506712 -0.0455
v 0.00265612 -0.04563512 -0.0455
v 0.00291962 -0.04583587 -0.0455
v 0.00267699 -0.04613761 -0.0455
v -0.04626536 0.00148717 -0.0455
v -0.04590544 0.00298919 -0.0455
v -0.04549554 0.00138582 -0.0455
v -0.04513669 0.00398474 -0.0455
v 0.00097728 -0.04345705 -0.0455
v 0.00969086 -0.02549557 -0.0455
v -0.02736707 0.00036967 -0.0455
v -0.02680833 -0.00550713 -0.0455
v -0.02499933 -0.01112642 -0.0455
v 0.01494346 -0.02280129 -0.0455
v 0.01949407 -0.01904085 -0.0455
v 0.0231299 -0.01439008 -0.0455
v -0.01802334 -0.0205658 -0.0455
v -0.01318255 -0.02394451 -0.0455
v -0.0017484 -0.04382192 -0.0455
v -0.00772862 -0.02620361 -0.0455
v -0.00043444 -0.04327431 -0.0455
v -0.00191655 -0.02723745 -0.0455
v 0.00398188 -0.0269977 -0.0455
v -0.04587378 -0.00148717 -0.0455
v -0.04590544 -0.00298919 -0.0455
v -0.04664359 -0.00138582 -0.0455
v -0.0469765 -0.0023297 -0.0455
v -0.0472596 -0.00091314 -0.0455
v -0.04794952 -0.00164796 -0.0455
v -0.04755674 -0.00019579 -0.0455
v -0.04849797 -0.00059404 -0.0455
v -0.04745539 0.00057403 -0.0455
v -0.04849797 0.00059404 -0.0455
v -0.04698271 0.00119003 -0.0455
v -0.04794952 0.00164796 -0.0455
v -0.0469765 0.00232969 -0.0455
v -0.02800891 -0.03527596 -0.0455
v -0.0291192 -0.0346849 -0.0455
v -0.03005353 -0.03357377 -0.0455
v -0.03036675 -0.03452453 -0.0455
v -0.03075168 -0.03456632 -0.0455
v -0.00281612 -0.04613761 -0.0455
v -0.00305876 -0.04583587 -0.0455
v -0.00261252 -0.04495315 -0.0455
v -0.00405431 -0.04506712 -0.0455
v -0.00525734 -0.04469997 -0.0455
v -0.04468375 -0.00057403 -0.0455
v -0.03296136 -0.02980123 -0.0455
v -0.03154963 -0.02998396 -0.0455
v -0.02202463 -0.01622545 -0.0455
v -0.03041841 -0.03084808 -0.0455
v -0.0298708 -0.03216204 -0.0455
v -0.02286818 -0.03879721 -0.0455
v -0.01138229 -0.04355482 -0.0455
v -0.01729032 -0.04157458 -0.0455
v -0.04515643 -0.00119003 -0.0455
v -0.04476954 -0.00518777 -0.0455
v -0.04513669 -0.00398474 -0.0455
v -0.03463589 -0.03068211 -0.0455
v -0.0345941 -0.03029718 -0.0455
v -0.03427532 -0.03034884 -0.0455
v -0.03475447 -0.02904963 -0.0455
v -0.03534553 -0.02793934 -0.0455
v -0.03886678 -0.02279861 -0.0455
v -0.04164415 -0.01722075 -0.0455
v -0.04362439 -0.01131272 -0.0455
v 0.03364737 -0.03161377 -0.0455
v 0.03445496 -0.03029718 -0.0455
v 0.03474598 -0.03152086 -0.0455
v 0.03226155 -0.03103974 -0.0455
v 0.0315442 -0.03133688 -0.0455
v 0.03107152 -0.03195289 -0.0455
v 0.03097018 -0.0327227 -0.0455
v 0.03394451 -0.03233112 -0.0455
v 0.03495196 -0.03269096 -0.0455
v 0.03384316 -0.03310094 -0.0455
v 0.03459453 -0.033824 -0.0455
v 0.03337048 -0.03371694 -0.0455
v 0.03375443 -0.0346641 -0.0455
v 0.03265313 -0.03401408 -0.0455
v 0.03262139 -0.03502152 -0.0455
v 0.03188332 -0.03391273 -0.0455
v 0.0314513 -0.03481555 -0.0455
v 0.03126731 -0.03344005 -0.0455
v 0.02272904 -0.03879721 -0.0455
v 0.02786977 -0.03527596 -0.0455
v 0.02898006 -0.0346849 -0.0455
v 0.03022761 -0.03452453 -0.0455
v 0.03461533 -0.02904963 -0.0455
v 0.03303137 -0.03114109 -0.0455
v 0.03520639 -0.02793934 -0.0455
v 0.04155106 -0.01710917 -0.0455
v 0.04150501 -0.01722075 -0.0455
v 0.03872764 -0.02279861 -0.0455
v 0.0446304 0.00518777 -0.0455
v 0.04573464 0.00148717 -0.0455
v 0.04501729 0.00119003 -0.0455
v 0.0446304 -0.00518777 -0.0455
v 0.04348525 -0.01131272 -0.0455
v 0.04150501 0.01722075 -0.0455
v 0.04268511 0.014037 -0.0455
v 0.04454461 0.00057403 -0.0455
v 0.04612622 -0.00148717 -0.0455
v 0.0457663 -0.00298919 -0.0455
v 0.04535641 -0.00138582 -0.0455
v 0.04499755 -0.00398474 -0.0455
v 0.0447404 -0.00091314 -0.0455
v 0.04444326 -0.00019579 -0.0455
v 0.04348525 0.01131272 -0.0455
v 0.04499755 0.00398474 -0.0455
v 0.0457663 0.00298919 -0.0455
v 0.04650446 0.00138582 -0.0455
v 0.04683736 0.0023297 -0.0455
v 0.04712046 0.00091314 -0.0455
v 0.04781038 0.00164796 -0.0455
v 0.0474176 0.00019579 -0.0455
v 0.04835883 0.00059404 -0.0455
v 0.04731625 -0.00057403 -0.0455
v 0.04835883 -0.00059404 -0.0455
v 0.04684357 -0.00119003 -0.0455
v 0.04781038 -0.00164796 -0.0455
v 0.04683736 -0.00232969 -0.0455
v -0.04476953 0.00518777 -0.0215
v -0.04362439 0.01131272 -0.0215
v -0.04164414 0.01722075 -0.0215
v -0.03886678 0.02279861 -0.0215
v -0.03534553 0.02793934 -0.0215
v -0.02800891 0.03527596 -0.0215
v -0.02286818 0.03879721 -0.0215
v -0.01729032 0.04157458 -0.0215
v -0.01138229 0.04355482 -0.0215
v -0.00525734 0.04469997 -0.0215
v 0.0446304 -0.00518777 -0.0215
v 0.04348525 -0.01131272 -0.0215
v 0.04150501 -0.01722075 -0.0215
v 0.03872764 -0.02279861 -0.0215
v 0.03520639 -0.02793934 -0.0215
v 0.02786977 -0.03527596 -0.0215
v 0.02272904 -0.03879721 -0.0215
v 0.01715118 -0.04157458 -0.0215
v 0.01124315 -0.04355482 -0.0215
v 0.00511821 -0.04469997 -0.0215
v 0.03520639 0.02793934 -0.0215
v 0.03872764 0.02279861 -0.0215
v 0.04150501 0.01722075 -0.0215
v 0.04348525 0.01131272 -0.0215
v 0.0446304 0.00518777 -0.0215
v -0.03534553 -0.02793934 -0.0215
v -0.03886678 -0.02279861 -0.0215
v -0.04164415 -0.01722075 -0.0215
v -0.04362439 -0.01131272 -0.0215
v -0.04476954 -0.00518777 -0.0215
v 0.0051182 0.04469997 -0.0215
v 0.00867412 0.04414236 -0.0215
v 0.02496107 0.03739608 -0.0215
v 0.02786977 0.03527596 -0.0215
v 0.02342718 0.04067157 -0.0215
v 0.02352282 0.03941515 -0.0215
v 0.0240572 0.03827402 -0.0215
v 0.02220357 0.04272899 -0.0215
v 0.02290105 0.04224508 -0.0215
v 0.02333498 0.04151545 -0.0215
v 0.02179319 0.04289897 -0.04037651
v 0.02147173 0.04303212 -0.04009903
v 0.01472749 0.04582568 -0.024
v 0.0155276 0.04549427 -0.04
v 0.01512674 0.04566031 -0.04009903
v 0.0143949 0.04596344 -0.0215
v 0.02199475 0.04281548 -0.0235
v 0.02187098 0.04286676 -0.023
v 0.01480528 0.04579346 -0.04037651
v 0.01462688 0.04586736 -0.04077748
v 0.01462688 0.04586736 -0.04122252
v 0.01480528 0.04579346 -0.04162349
v 0.02153281 0.04300683 -0.02263397
v 0.02107087 0.04319816 -0.0225
v 0.0155276 0.04549427 -0.0225
v 0.01506566 0.04568561 -0.02263397
v 0.02147173 0.04303212 -0.04190097
v 0.02179319 0.04289897 -0.04162349
v 0.02197159 0.04282508 -0.04122252
v 0.02197159 0.04282508 -0.04077748
v 0.01506566 0.04568561 -0.02436602
v 0.0155276 0.04549427 -0.0245
v 0.01472749 0.04582568 -0.023
v 0.01460372 0.04587695 -0.0235
v 0.02107087 0.04319816 -0.04
v 0.02107087 0.04319816 -0.0245
v 0.02153281 0.04300683 -0.02436602
v 0.02187098 0.04286676 -0.024
v 0.01512674 0.04566031 -0.04190097
v 0.01207486 0.04537386 -0.0215
v 0.01273678 0.04590537 -0.0215
v 0.01355954 0.04611446 -0.0215
v 0.00993404 0.04412402 -0.0215
v 0.01111881 0.04455306 -0.0215
v -0.02800891 -0.03527596 -0.0215
v -0.0291192 -0.0346849 -0.0215
v -0.03036675 -0.03452453 -0.0215
v -0.03159043 -0.03481555 -0.0215
v -0.03159043 -0.03481555 -0.0455
v -0.03488512 -0.03152087 -0.0455
v -0.03488512 -0.03152087 -0.0215
v -0.0345941 -0.03029718 -0.0215
v -0.03475447 -0.02904963 -0.0215
v -0.03276053 -0.03502152 -0.0215
v -0.03276053 -0.03502152 -0.0455
v -0.03389357 -0.0346641 -0.0215
v -0.03389357 -0.0346641 -0.0455
v -0.03473367 -0.033824 -0.0215
v -0.03473367 -0.033824 -0.0455
v -0.03509109 -0.03269096 -0.0215
v -0.03509109 -0.03269096 -0.0455
v 0.02898006 0.0346849 -0.0215
v 0.03022761 0.03452453 -0.0215
v 0.0314513 0.03481555 -0.0215
v 0.0314513 0.03481555 -0.0455
v 0.03474598 0.03152087 -0.0455
v 0.03474598 0.03152087 -0.0215
v 0.03445496 0.03029718 -0.0215
v 0.03461533 0.02904963 -0.0215
v 0.03262139 0.03502152 -0.0215
v 0.03262139 0.03502152 -0.0455
v 0.03375443 0.0346641 -0.0215
v 0.03375443 0.0346641 -0.0455
v 0.03459453 0.033824 -0.0215
v 0.03459453 0.033824 -0.0455
v 0.03495196 0.03269096 -0.0215
v 0.03495196 0.03269096 -0.0455
v 0.00391517 -0.04506712 -0.0215
v 0.00291962 -0.04583587 -0.0215
v 0.00226013 -0.04690693 -0.0215
v 0.00226013 -0.04690693 -0.0455
v -0.00239926 -0.04690693 -0.0455
v -0.00239926 -0.04690693 -0.0215
v -0.00305876 -0.04583587 -0.0215
v -0.00525734 -0.04469997 -0.0215
v -0.00405431 -0.04506712 -0.0215
v 0.00157839 -0.04787995 -0.0215
v 0.00157839 -0.04787995 -0.0455
v 0.00052447 -0.0484284 -0.0215
v 0.00052447 -0.0484284 -0.0455
v -0.00066361 -0.0484284 -0.0215
v -0.00066361 -0.0484284 -0.0455
v -0.00171753 -0.04787995 -0.0215
v -0.00171753 -0.04787995 -0.0455
v -0.00405431 0.04506712 -0.0215
v -0.00305876 0.04583587 -0.0215
v -0.00239926 0.04690693 -0.0215
v -0.00239926 0.04690693 -0.0455
v 0.00226013 0.04690693 -0.0455
v 0.00226013 0.04690693 -0.0215
v 0.00291962 0.04583587 -0.0215
v 0.00391517 0.04506712 -0.0215
v -0.00171753 0.04787995 -0.0215
v -0.00171753 0.04787995 -0.0455
v -0.00066361 0.0484284 -0.0215
v -0.00066361 0.0484284 -0.0455
v 0.00052447 0.0484284 -0.0215
v 0.00052447 0.0484284 -0.0455
v 0.00157839 0.04787995 -0.0215
v 0.00157839 0.04787995 -0.0455
v -0.04513669 -0.00398474 -0.0215
v -0.04590544 -0.00298919 -0.0215
v -0.0469765 -0.0023297 -0.0215
v -0.0469765 0.00232969 -0.0215
v -0.04590544 0.00298919 -0.0215
v -0.04513669 0.00398474 -0.0215
v -0.04794952 -0.00164796 -0.0215
v -0.04849797 -0.00059404 -0.0215
v -0.04849797 0.00059404 -0.0215
v -0.04794952 0.00164796 -0.0215
v 0.04499755 0.00398474 -0.0215
v 0.0457663 0.00298919 -0.0215
v 0.04683736 0.0023297 -0.0215
v 0.04683736 -0.00232969 -0.0215
v 0.0457663 -0.00298919 -0.0215
v 0.04499755 -0.00398474 -0.0215
v 0.04781038 0.00164796 -0.0215
v 0.04835883 0.00059404 -0.0215
v 0.04835883 -0.00059404 -0.0215
v 0.04781038 -0.00164796 -0.0215
v 0.03461533 -0.02904963 -0.0215
v 0.03445496 -0.03029718 -0.0215
v 0.03474598 -0.03152086 -0.0215
v 0.0314513 -0.03481555 -0.0215
v 0.03022761 -0.03452453 -0.0215
v 0.02898006 -0.0346849 -0.0215
v 0.03495196 -0.03269096 -0.0215
v 0.03459453 -0.033824 -0.0215
v 0.03375443 -0.0346641 -0.0215
v 0.03262139 -0.03502152 -0.0215
v -0.03475447 0.02904963 -0.0215
v -0.0345941 0.03029718 -0.0215
v -0.03488512 0.03152086 -0.0215
v -0.03159044 0.03481555 -0.0215
v -0.03036675 0.03452453 -0.0215
v -0.0291192 0.0346849 -0.0215
v -0.03509109 0.03269096 -0.0215
v -0.03473367 0.033824 -0.0215
v -0.03389357 0.0346641 -0.0215
v -0.03276052 0.03502152 -0.0215
v 0.00662736 -0.02335896 -0.047
v 0.00662736 -0.02335896 -0.045
v 0.01171226 -0.02125273 -0.047
v 0.01171226 -0.02125273 -0.045
v 0.02422381 0.00056704 -0.047
v 0.02422381 0.00056704 -0.045
v 0.02381896 0.0044529 -0.047
v 0.02381896 0.0044529 -0.045
v 0.0227966 0.00822366 -0.047
v 0.0227966 0.00822366 -0.045
v 0.02118316 0.01178184 -0.047
v 0.02118316 0.01178184 -0.045
v -0.0067665 0.02335896 -0.047
v -0.0067665 0.02335896 -0.045
v -0.01042339 0.02198382 -0.047
v -0.01042339 0.02198382 -0.045
v -0.01381263 0.02004041 -0.047
v -0.01381263 0.02004041 -0.045
v -0.01684663 0.01757897 -0.047
v -0.01684663 0.01757897 -0.045
v -0.02342853 -0.00669693 -0.047
v -0.02342853 -0.00669693 -0.045
v -0.0213223 -0.01178183 -0.047
v -0.0213223 -0.01178183 -0.045
v 0.00540727 0.02367476 -0.047
v 0.00540727 0.02367476 -0.045
v 0.00273933 0.02413711 -0.047
v 0.00273933 0.02413711 -0.045
v -0.0054524 0.01822156 -0.045
v -0.0054524 0.01822156 -0.044
v -0.00878548 0.01688292 -0.045
v -0.00878548 0.01688292 -0.044
v -0.01180707 0.01494092 -0.045
v -0.01180707 0.01494092 -0.044
v -0.01829112 -0.00538284 -0.045
v -0.01829112 -0.00538284 -0.044
v -0.01676039 -0.00907835 -0.045
v -0.01676039 -0.00907835 -0.044
v 0.00531326 -0.01822156 -0.045
v 0.00531326 -0.01822156 -0.044
v 0.00900877 -0.01669083 -0.045
v 0.00900877 -0.01669083 -0.044
v 0.00789725 -0.01400737 -0.044
v 0.00533711 -0.01295492 -0.044
v 0.00639519 -0.01038108 -0.044
v 0.01445058 0.00661411 -0.044
v 0.01439764 0.00621201 -0.044
v 0.0117927 0.00274873 -0.044
v 0.01455285 0.00583731 -0.044
v 0.01473458 0.0039673 -0.044
v 0.01487461 0.00559042 -0.044
v 0.01597187 0.00420285 -0.044
v 0.01527671 0.00553748 -0.044
v 0.01720075 0.00392674 -0.044
v 0.01821835 0.00318455 -0.044
v 0.0156514 0.00569268 -0.044
v 0.0158983 0.00601444 -0.044
v 0.01595124 0.00641654 -0.044
v 0.01579603 0.00679124 -0.044
v 0.01547427 0.00703814 -0.044
v 0.0139378 0.00796682 -0.044
v 0.01507217 0.00709107 -0.044
v 0.01469747 0.00693587 -0.044
v -0.01074927 0.01518333 -0.044
v -0.00737508 -0.00525637 -0.044
v -0.01049152 -0.00190691 -0.044
v -0.00878058 -0.00226236 -0.044
v -0.00982127 -0.00092942 -0.044
v -0.00900961 0.00103719 -0.044
v 0.00085984 -0.0097517 -0.044
v -0.00192722 -0.0088062 -0.044
v 0.00137939 -0.0088826 -0.044
v -0.00710771 0.01554384 -0.044
v -0.00716065 0.01514174 -0.044
v -0.0095049 0.01498859 -0.044
v -0.00844071 0.01431488 -0.044
v -0.00700544 0.01476705 -0.044
v -0.00773238 0.01327342 -0.044
v -0.00668368 0.01452015 -0.044
v -0.00632649 0.00987932 -0.044
v -0.00029773 -0.00949726 -0.044
v -0.00370506 -0.00877686 -0.044
v -0.00498294 -0.00754048 -0.044
v -0.00662381 -0.00687691 -0.044
v -0.00762225 -0.0062383 -0.044
v -0.00878738 -0.00602106 -0.044
v -0.01147962 -0.00256142 -0.044
v -0.00994888 -0.00625693 -0.044
v -0.01569667 -0.00430818 -0.044
v -0.01045063 -0.00646476 -0.044
v -0.00609062 0.00871782 -0.044
v -0.00628158 0.01446721 -0.044
v -0.00597759 0.00678935 -0.044
v -0.00576226 0.01572097 -0.044
v -0.00560705 0.01534628 -0.044
v -0.00263098 0.01141005 -0.044
v -0.00956683 0.00022815 -0.044
v -0.00884643 0.00363549 -0.044
v -0.00803123 0.00419666 -0.044
v -0.00694648 0.00655425 -0.044
v -0.00630787 0.00755269 -0.044
v 0.00249184 -0.01141005 -0.044
v 0.00183732 -0.01042196 -0.044
v 0.00595148 -0.00871782 -0.044
v -0.00608402 0.01596787 -0.044
v -0.00648612 0.01602081 -0.044
v -0.00686081 0.0158656 -0.044
v -0.00590689 0.01462242 -0.044
v -0.00565999 0.01494418 -0.044
v 0.0061457 0.00650926 -0.044
v 0.01035238 0.0019069 -0.044
v 0.00807741 0.00382449 -0.044
v 0.00968213 0.00092942 -0.044
v 0.00890883 0.0006232 -0.044
v 0.00942769 -0.00022816 -0.044
v 0.00852766 -0.00266226 -0.044
v 0.00870728 -0.0036355 -0.044
v 0.00824535 -0.00344415 -0.044
v 0.00698539 -0.00558816 -0.044
v 0.00980974 0.00625693 -0.044
v 0.01134048 0.00256142 -0.044
v 0.00864825 0.00602105 -0.044
v 0.00680733 -0.00655425 -0.044
v 0.00616872 -0.00755269 -0.044
v 0.00449031 -0.00775935 -0.044
v -0.00197647 0.01042195 -0.044
v -0.00312603 0.00846511 -0.044
v -0.00099898 0.0097517 -0.044
v 0.00013831 0.0089976 -0.044
v 0.00015859 0.00949726 -0.044
v 0.00337458 0.00831492 -0.044
v 0.00356592 0.00877685 -0.044
v 0.00648467 0.00687691 -0.044
v 0.00748312 0.0062383 -0.044
v -0.01541585 -0.00553748 -0.044
v -0.01579055 -0.00569269 -0.044
v -0.01561342 -0.00703814 -0.044
v -0.01521132 -0.00709108 -0.044
v -0.01483662 -0.00693587 -0.044
v -0.01458973 -0.00661411 -0.044
v -0.01453679 -0.00621201 -0.044
v -0.01469199 -0.00583731 -0.044
v -0.01501375 -0.00559042 -0.044
v -0.01603745 -0.00601445 -0.044
v -0.01609038 -0.00641655 -0.044
v -0.01593518 -0.00679124 -0.044
v 0.0068663 -0.01476705 -0.044
v 0.00654454 -0.01452015 -0.044
v 0.00634697 -0.01602081 -0.044
v 0.00614244 -0.01446722 -0.044
v 0.00576774 -0.01462242 -0.044
v 0.00618735 -0.00987932 -0.044
v 0.00267916 -0.01186227 -0.044
v 0.0042386 -0.01562711 -0.044
v 0.00552084 -0.01494418 -0.044
v 0.00672167 -0.01586561 -0.044
v 0.00696856 -0.01554385 -0.044
v 0.0070215 -0.01514175 -0.044
v 0.00546791 -0.01534628 -0.044
v 0.00562311 -0.01572098 -0.044
v 0.00594487 -0.01596787 -0.044
v -0.00118227 0.02577599 -0.047
v -0.00433515 0.02544494 -0.047
v -0.00653416 0.02389012 -0.047
v -0.00668664 0.02120128 -0.045
v -0.00691765 0.02256312 -0.045
v -0.00561232 0.0249188 -0.047
v 0.01960098 0.01031259 -0.045
v 0.01501175 0.01905371 -0.045
v 0.01501175 0.01905371 -0.047
v 0.01695495 0.01876337 -0.047
v 0.01235844 0.01813259 -0.045
v 0.0145791 0.01901339 -0.045
v 0.0189436 0.01743958 -0.047
v 0.02072729 0.01111222 -0.045
v 0.02139445 0.01232171 -0.047
v 0.02147 0.01370094 -0.047
v 0.02093894 0.01497607 -0.047
v 0.01095666 0.0175954 -0.045
v 0.00947012 0.01780461 -0.045
v 0.00577461 0.01933534 -0.045
v 0.00457554 0.02023855 -0.045
v 0.00396418 0.0216096 -0.045
v 0.00301676 0.02380267 -0.045
v 0.00115999 0.02530586 -0.047
v -0.01974012 -0.01031259 -0.045
v -0.02140294 -0.01195499 -0.047
v -0.02086643 -0.01111222 -0.045
v -0.02107808 -0.01497607 -0.047
v -0.02160914 -0.01370094 -0.047
v -0.02153359 -0.01232171 -0.047
v -0.01825876 -0.01829736 -0.047
v -0.01492081 -0.02109693 -0.047
v -0.01347257 -0.02164374 -0.047
v -0.01194049 -0.02142208 -0.047
v -0.01070662 -0.02048722 -0.047
v -0.01007864 -0.01907228 -0.047
v 0.00639502 -0.02389012 -0.047
v 0.0065475 -0.02120128 -0.045
v 0.0067785 -0.02256313 -0.045
v 0.00419601 -0.02544494 -0.047
v 0.00547318 -0.0249188 -0.047
v -0.00647822 -0.02056362 -0.047
v -0.00703469 -0.02200818 -0.047
v -0.00682326 -0.02354171 -0.047
v -0.00589665 -0.02478179 -0.047
v -0.00448594 -0.0254192 -0.047
v -0.00014605 -0.02579989 -0.047
v -0.0119684 0.01486696 -0.045
v -0.01273774 0.01466378 -0.045
v -0.0135254 0.01477665 -0.045
v -0.01420673 0.0151877 -0.045
v -0.01467385 0.01583186 -0.045
v -0.02395968 -0.00646459 -0.047
v -0.02127085 -0.00661708 -0.045
v -0.02263269 -0.00684808 -0.045
v -0.0255145 -0.00426558 -0.047
v -0.02498836 -0.00554275 -0.047
v -0.01564665 0.01703606 -0.045
v -0.01708044 0.01761972 -0.047
v -0.01861768 0.01743729 -0.047
v -0.01987505 0.01653428 -0.047
v -0.02295173 0.01191832 -0.047
v -0.02497054 0.00675138 -0.047
v -0.02583817 0.00127231 -0.047
v -0.02570623 -0.00289849 -0.047
v 0.01024302 -0.01967055 -0.045
v 0.02441796 0.00043052 -0.047
v 0.02145204 0.00086803 -0.045
v 0.02299141 0.00103165 -0.045
v 0.02562653 -0.00231309 -0.047
v 0.02537596 -0.00078547 -0.047
v 0.01188542 -0.02133337 -0.047
v 0.01104265 -0.02079686 -0.045
v 0.0149065 -0.02100851 -0.047
v 0.01363137 -0.02153957 -0.047
v 0.01225214 -0.02146402 -0.047
v 0.02066624 0.00074284 -0.045
v 0.01989381 0.00093395 -0.045
v 0.01925703 0.00141111 -0.045
v 0.0188567 0.00209878 -0.045
v 0.01905125 -0.0173215 -0.047
v 0.02231203 -0.01283371 -0.047
v 0.02453809 -0.0077526 -0.047
v 0.0127983 0.02061329 -0.047
v 0.0127983 0.02061329 -0.045
v 0.0050749 0.02287234 -0.045
v 0.00493976 0.02184593 -0.045
v 0.00533595 0.02088946 -0.045
v 0.00615728 0.02025922 -0.045
v 0.00985279 0.01872847 -0.045
v 0.01061834 0.01857623 -0.045
v 0.01138387 0.01872861 -0.045
v 0.01203276 0.0191624 -0.045
v 0.01246621 0.01981153 -0.045
v 0.01281035 0.02064237 -0.047
v 0.01246621 0.01981153 -0.0425
v 0.01281035 0.02064237 -0.0425
v 0.01281274 0.02064816 -0.0425
v 0.01172796 0.02325549 -0.047
v 0.0125493 0.02262525 -0.047
v 0.01294548 0.02166878 -0.047
v 0.00803245 0.02478624 -0.047
v 0.00726708 0.02493848 -0.047
v 0.00650171 0.02478624 -0.047
v 0.00585286 0.02435269 -0.047
v 0.00541932 0.02370385 -0.047
v 0.00541932 0.02370385 -0.0425
v 0.00542172 0.02370962 -0.0425
v 0.0050749 0.02287234 -0.0425
v 0.00615728 0.02025922 -0.0425
v 0.00985279 0.01872847 -0.0425
v 0.00493976 0.02184593 -0.0425
v 0.00533595 0.02088946 -0.0425
v 0.01138387 0.01872861 -0.0425
v 0.01061834 0.01857623 -0.0425
v 0.01262556 0.02071892 -0.0425
v 0.01203276 0.0191624 -0.0425
v 0.00560409 0.02362731 -0.0425
v 0.00195633 0.02722473 -0.04272196
v 0.00204359 0.02721631 -0.04267977
v 0.00236033 0.02715244 -0.04252626
v 0.00263618 0.02705067 -0.04239716
v 0.00269673 0.02702189 -0.04237031
v 0.00309984 0.02675698 -0.04222427
v 0.003274 0.02659061 -0.0422
v 0.00373898 0.02575081 -0.0422
v 0.01768376 0.02073692 -0.04268144
v 0.01768103 0.02073907 -0.04267977
v 0.01706887 0.02106772 -0.04236504
v 0.01774868 0.02068333 -0.04272196
v 0.01771516 0.02071157 -0.04270086
v 0.01769405 0.02072872 -0.04268777
v 0.01660935 0.02116116 -0.04222427
v 0.01636856 0.02116667 -0.0422
v 0.01544594 0.02090163 -0.0422
v 0.01262556 0.02071892 -0.0422
v 0.01405702 0.02048203 -0.0422
v 0.00560409 0.02362731 -0.0422
v 0.00442439 0.02447199 -0.0422
v 0.00253568 0.02692222 -0.04206583
v 0.00186945 0.02719815 -0.04232182
v 0.00228267 0.02705398 -0.04214895
v 0.0174931 0.02075501 -0.04218533
v 0.01779132 0.0206031 -0.04232182
v 0.01720529 0.02085713 -0.04208719
v 0.01698707 0.02091087 -0.04203551
v 0.01769405 0.02072872 -0.04268777
v 0.01809545 0.02037946 -0.0425
v 0.01771516 0.02071157 -0.04270086
v 0.00149626 0.02725506 -0.0425
v -0.00810283 0.0196434 -0.045
v -0.00849549 0.01954188 -0.045
v -0.0084886 0.02032535 -0.045
v -0.0088863 0.01965028 -0.045
v -0.00917055 0.01993958 -0.045
v -0.00780665 0.02071111 -0.045
v -0.00770513 0.02031846 -0.045
v -0.00781354 0.01992765 -0.045
v -0.00887437 0.02100729 -0.045
v -0.00848172 0.02110882 -0.045
v -0.0080909 0.02100041 -0.045
v -0.00927207 0.02033223 -0.045
v -0.00916366 0.02072304 -0.045
v 0.01957383 0.00803326 -0.045
v 0.01947231 0.00842592 -0.045
v 0.02025578 0.00841903 -0.045
v 0.01958072 0.00881673 -0.045
v 0.01987001 0.00910098 -0.045
v 0.02064155 0.00773709 -0.045
v 0.02024889 0.00763556 -0.045
v 0.01985808 0.00774397 -0.045
v 0.02093772 0.0088048 -0.045
v 0.02103925 0.00841215 -0.045
v 0.02093084 0.00802133 -0.045
v 0.02026266 0.0092025 -0.045
v 0.02065348 0.0090941 -0.045
v 0.00796369 -0.0196434 -0.045
v 0.00835635 -0.01954188 -0.045
v 0.00834947 -0.02032535 -0.045
v 0.00874716 -0.01965028 -0.045
v 0.00903141 -0.01993958 -0.045
v 0.00766752 -0.02071111 -0.045
v 0.007566 -0.02031846 -0.045
v 0.0076744 -0.01992765 -0.045
v 0.00873524 -0.02100729 -0.045
v 0.00834258 -0.02110882 -0.045
v 0.00795177 -0.02100041 -0.045
v 0.00913293 -0.02033223 -0.045
v 0.00902453 -0.02072304 -0.045
v -0.01971297 -0.00803326 -0.045
v -0.01961144 -0.00842592 -0.045
v -0.02039491 -0.00841903 -0.045
v -0.01971985 -0.00881673 -0.045
v -0.02000915 -0.00910098 -0.045
v -0.02078068 -0.00773709 -0.045
v -0.02038803 -0.00763556 -0.045
v -0.01999721 -0.00774397 -0.045
v -0.02107686 -0.0088048 -0.045
v -0.02117839 -0.00841215 -0.045
v -0.02106998 -0.00802133 -0.045
v -0.0204018 -0.0092025 -0.045
v -0.02079261 -0.0090941 -0.045
v 0.02442826 0.00932817 -0.047
v 0.02467516 0.00964993 -0.047
v 0.02435131 0.00899128 -0.047
v 0.0092586 -0.02449783 -0.047
v 0.00958036 -0.02474473 -0.047
v 0.01033345 -0.02524019 -0.047
v 0.01037103 -0.02501668 -0.047
v 0.01055029 -0.02514972 -0.047
v -0.02471203 -0.01042674 -0.047
v -0.02439027 -0.01067363 -0.047
v -0.02531105 -0.01039989 -0.047
v 0.02710788 0.00258388 -0.047
v 0.0231299 -0.01439008 -0.047
v 0.01949407 -0.01904085 -0.047
v 0.01494346 -0.02280129 -0.047
v 0.01488356 -0.02284062 -0.047
v 0.02702794 -0.00331888 -0.047
v 0.02568095 -0.00906645 -0.047
v 0.02515234 -0.01044726 -0.047
v 0.02591703 0.00836582 -0.047
v 0.0231745 0.0098475 -0.047
v 0.02347433 0.01057136 -0.047
v 0.02000251 0.0185041 -0.047
v 0.02384903 0.01072656 -0.047
v 0.02351107 0.01375658 -0.047
v 0.02322743 0.0102496 -0.047
v 0.02472809 0.01005203 -0.047
v 0.02457289 0.01042673 -0.047
v 0.02425113 0.01067363 -0.047
v 0.0155554 0.02238639 -0.047
v 0.01037769 0.02522191 -0.047
v 0.00471147 0.02687809 -0.047
v -0.0011783 0.02727748 -0.047
v -0.01252934 0.02429082 -0.047
v -0.0107432 0.0243207 -0.047
v -0.01266769 0.02421936 -0.047
v -0.01079614 0.0239186 -0.047
v -0.01064094 0.0235439 -0.047
v -0.01031917 0.02329701 -0.047
v -0.00991707 0.02324407 -0.047
v -0.00939775 0.02449783 -0.047
v -0.00971951 0.02474473 -0.047
v -0.00701623 0.0264014 -0.047
v -0.01012161 0.02479766 -0.047
v -0.01049631 0.02464246 -0.047
v -0.00924254 0.02412313 -0.047
v -0.00954238 0.02339927 -0.047
v -0.00929548 0.02372103 -0.047
v -0.01745985 0.02104443 -0.047
v -0.02331364 -0.0098475 -0.047
v -0.02398817 -0.01072657 -0.047
v -0.02361348 -0.01057136 -0.047
v -0.02336658 -0.0102496 -0.047
v -0.0215772 0.01681403 -0.047
v -0.02468889 0.01179742 -0.047
v -0.0266494 0.00622918 -0.047
v -0.02736707 0.00036967 -0.047
v -0.02680833 -0.00550713 -0.047
v -0.02676736 -0.00570245 -0.047
v -0.02346885 -0.00947281 -0.047
v -0.02379061 -0.00922591 -0.047
v -0.02419271 -0.00917297 -0.047
v -0.02456741 -0.00932818 -0.047
v -0.0248143 -0.00964994 -0.047
v -0.02486724 -0.01005204 -0.047
v -0.02514493 -0.01079427 -0.047
v -0.02499933 -0.01112642 -0.047
v -0.02202463 -0.01622545 -0.047
v -0.01318255 -0.02394451 -0.047
v -0.01802334 -0.0205658 -0.047
v -0.00772862 -0.02620361 -0.047
v -0.00191655 -0.02723745 -0.047
v 0.00398188 -0.0269977 -0.047
v 0.00969086 -0.02549557 -0.047
v 0.01015313 -0.02531376 -0.047
v 0.00998246 -0.02479767 -0.047
v 0.01035716 -0.02464246 -0.047
v 0.01060406 -0.0243207 -0.047
v 0.01065699 -0.0239186 -0.047
v 0.01050179 -0.02354391 -0.047
v 0.01018003 -0.02329701 -0.047
v 0.00977793 -0.02324407 -0.047
v 0.00940323 -0.02339928 -0.047
v 0.00915634 -0.02372104 -0.047
v 0.0091034 -0.02412314 -0.047
v -0.00871087 -0.01749516 -0.047
v -0.00810228 -0.01817198 -0.047
v -0.00884393 -0.01754261 -0.047
v -0.00871751 -0.01833487 -0.047
v -0.00966219 -0.01814528 -0.047
v -0.00916887 -0.01878357 -0.047
v -0.00933542 -0.01939783 -0.047
v -0.00917252 -0.02001306 -0.047
v -0.00872383 -0.02046442 -0.047
v -0.00810957 -0.02063097 -0.047
v -0.00749433 -0.02046807 -0.047
v -0.00704297 -0.02001937 -0.047
v -0.00611721 -0.01961366 -0.047
v -0.00687643 -0.01940512 -0.047
v -0.00626966 -0.01860891 -0.047
v -0.00703933 -0.01878988 -0.047
v -0.00633667 -0.01846886 -0.047
v -0.00748802 -0.01833852 -0.047
v -0.00783511 -0.01741989 -0.047
v -0.00689622 -0.01780879 -0.047
v -0.00805148 -0.01740221 -0.047
v 0.0233297 0.0094728 -0.047
v 0.02365146 0.00922591 -0.047
v 0.02405356 0.00917297 -0.047
v -0.00375121 -0.00535682 -0.046
v -0.00561173 -0.00339624 -0.046
v -0.00410576 -0.00343499 -0.046
v -0.00023972 0.00649777 -0.046
v -0.00102626 0.00521294 -0.046
v -0.00286789 0.0058668 -0.046
v -0.0027515 0.00457135 -0.046
v -0.00501221 0.00422141 -0.046
v -0.00415325 0.00337839 -0.046
v -0.0063019 0.0018461 -0.046
v -0.00506245 0.00177795 -0.046
v -0.00651396 -0.00084842 -0.046
v -0.00536944 -3.694E-05 -0.046
v -0.00503718 -0.00184738 -0.046
v -0.00344796 -0.00408368 -0.046
v -0.00268751 -0.00460829 -0.046
v -0.0012541 -0.00639116 -0.046
v -0.0009535 -0.00522577 -0.046
v 0.00144783 -0.0063204 -0.046
v 0.00088712 -0.00521294 -0.046
v 0.00388738 -0.0051568 -0.046
v 0.00261236 -0.00457135 -0.046
v 0.00564274 -0.00310153 -0.046
v 0.00401411 -0.00337839 -0.046
v 0.00492332 -0.00177795 -0.046
v 0.00641039 -0.00050998 -0.046
v 0.0052303 3.694E-05 -0.046
v 0.0060576 0.00216974 -0.046
v 0.00489805 0.00184738 -0.046
v 0.00464536 0.0044743 -0.046
v 0.00396662 0.00343499 -0.046
v 0.00241787 0.00600522 -0.046
v 0.00254838 0.00460829 -0.046
v 0.00081436 0.00522577 -0.046
v -0.00011767 -0.00279959 -0.0465
v -0.0013276 -0.00250147 -0.0465
v -6.957E-05 -0 -0.0465
v 0.00110179 -0.00254321 -0.0465
v 0.00267053 0.00057608 -0.0465
v 0.00264912 -0.00066986 -0.0465
v 0.00208925 -0.00178312 -0.0465
v -2.147E-05 0.00279959 -0.0465
v 0.00118846 0.00250147 -0.0465
v 0.00214922 0.00170791 -0.0465
v -0.00278826 0.00066986 -0.0465
v -0.00222839 0.00178312 -0.0465
v -0.00124093 0.00254321 -0.0465
v -0.00228836 -0.00170791 -0.0465
v -0.00280967 -0.00057608 -0.0465
v 0.02198776 0.00840381 -0.045
v 0.02113496 0.00991136 -0.045
v 0.02110858 0.00691148 -0.045
v 0.02181737 0.00335264 -0.045
v 0.0193766 0.0069267 -0.045
v 0.01852379 0.00843426 -0.045
v 0.01940297 0.00992659 -0.045
v 0.02013287 0.0016781 -0.045
v 0.02074713 0.00151156 -0.045
v 0.02136236 0.00167445 -0.045
v 0.02181372 0.00212315 -0.045
v 0.02198027 0.00273741 -0.045
v 0.01968418 0.00212946 -0.045
v 0.01952128 0.00274469 -0.045
v 0.01968782 0.00335895 -0.045
v 0.02013918 0.00380765 -0.045
v 0.02075442 0.00397054 -0.045
v 0.02136867 0.003804 -0.045
v 0.02110858 0.00691148 -0.049
v 0.0193766 0.0069267 -0.049
v 0.01985808 0.00774397 -0.049
v 0.01957383 0.00803326 -0.049
v 0.01852379 0.00843426 -0.049
v 0.01947231 0.00842592 -0.049
v 0.02093084 0.00802133 -0.049
v 0.02198776 0.00840381 -0.049
v 0.02064155 0.00773709 -0.049
v 0.02024889 0.00763556 -0.049
v 0.02113496 0.00991136 -0.049
v 0.02026266 0.0092025 -0.049
v 0.01940297 0.00992659 -0.049
v 0.01987001 0.00910098 -0.049
v 0.01958072 0.00881673 -0.049
v 0.02103925 0.00841215 -0.049
v 0.02093772 0.0088048 -0.049
v 0.02065348 0.0090941 -0.049
v 0.03131415 0.03164575 -0.0472
v 0.03131415 0.03164575 -0.0485
v 0.0312184 0.03236106 -0.04708835
v 0.03112264 0.03307637 -0.0485
v 0.03112264 0.03307637 -0.0472
v 0.03166612 0.03150086 -0.04711473
v 0.0319815 0.03137103 -0.04708835
v 0.03264885 0.0310963 -0.0485
v 0.03229688 0.03124119 -0.04711473
v 0.03264885 0.0310963 -0.0472
v 0.03169424 0.03351695 -0.04708835
v 0.03226583 0.03395753 -0.0485
v 0.03226583 0.03395753 -0.0472
v 0.03360054 0.03340807 -0.0472
v 0.03324856 0.03355297 -0.04711473
v 0.03360054 0.03340807 -0.0485
v 0.03293318 0.0336828 -0.04708835
v 0.03261781 0.03381263 -0.04711473
v 0.03369629 0.03269276 -0.04708835
v 0.03379204 0.03197746 -0.0485
v 0.03379204 0.03197746 -0.0472
v 0.03322045 0.03153688 -0.04708835
v 0.03297676 0.03013261 -0.0485
v 0.03180458 0.03016547 -0.0485
v 0.0315247 0.03026137 -0.0485
v 0.03402995 0.03064824 -0.0485
v 0.03472288 0.03159426 -0.0485
v 0.0348968 0.03275394 -0.0485
v 0.03451187 0.03386161 -0.0485
v 0.03365627 0.03466351 -0.0485
v 0.03252602 0.03497595 -0.0485
v 0.03138002 0.03472734 -0.0485
v 0.03048083 0.03397464 -0.0485
v 0.03078193 0.03073932 -0.0485
v 0.0301431 0.03172268 -0.0485
v 0.03003444 0.03289028 -0.0485
v 0.03500029 0.03148006 -0.0455
v 0.03518303 0.03289179 -0.0455
v 0.03463542 0.03420575 -0.0455
v 0.0335042 0.03506986 -0.0455
v 0.03209247 0.0352526 -0.0455
v 0.03077851 0.03470499 -0.0455
v -0.03373967 -0.03340807 -0.0472
v -0.03373967 -0.03340807 -0.0485
v -0.03383543 -0.03269276 -0.04708835
v -0.03393118 -0.03197746 -0.0485
v -0.03393118 -0.03197746 -0.0472
v -0.0333877 -0.03355297 -0.04711473
v -0.03307232 -0.0336828 -0.04708835
v -0.03240497 -0.03395753 -0.0485
v -0.03275694 -0.03381263 -0.04711473
v -0.03240497 -0.03395753 -0.0472
v -0.03335959 -0.03153688 -0.04708835
v -0.03278799 -0.0310963 -0.0485
v -0.03278799 -0.0310963 -0.0472
v -0.03145329 -0.03164575 -0.0472
v -0.03180526 -0.03150086 -0.04711473
v -0.03145329 -0.03164575 -0.0485
v -0.03212064 -0.03137103 -0.04708835
v -0.03243602 -0.03124119 -0.04711473
v -0.03135753 -0.03236106 -0.04708835
v -0.03126178 -0.03307637 -0.0485
v -0.03126178 -0.03307637 -0.0472
v -0.03183337 -0.03351695 -0.04708835
v -0.03252781 -0.03007787 -0.0485
v -0.03139755 -0.03039031 -0.0485
v -0.03054195 -0.03119222 -0.0485
v -0.03015702 -0.03229988 -0.0485
v -0.03207706 -0.03492122 -0.0485
v -0.03102387 -0.03440558 -0.0485
v -0.03033094 -0.03345956 -0.0485
v -0.03457299 -0.03107919 -0.0485
v -0.0336738 -0.03032648 -0.0485
v -0.03491072 -0.03333114 -0.0485
v -0.03501939 -0.03216355 -0.0485
v -0.03324925 -0.03488835 -0.0485
v -0.03352913 -0.03479245 -0.0485
v -0.0342719 -0.03431451 -0.0485
v -0.03091765 -0.03470499 -0.0455
v -0.03223161 -0.0352526 -0.0455
v -0.03364333 -0.03506986 -0.0455
v -0.03477456 -0.03420575 -0.0455
v -0.03532217 -0.03289179 -0.0455
v -0.03513943 -0.03148006 -0.0455
v -0.00121276 -0.04688116 -0.0472
v -0.00121276 -0.04688116 -0.0485
v -0.00130852 -0.04616585 -0.04708835
v -0.00140427 -0.04545055 -0.0485
v -0.00140427 -0.04545055 -0.0472
v -0.00086079 -0.04702606 -0.04711473
v -0.00054541 -0.04715589 -0.04708835
v 0.00012194 -0.04743061 -0.0485
v -0.00023003 -0.04728572 -0.04711473
v 0.00012194 -0.04743061 -0.0472
v -0.00083268 -0.04500997 -0.04708835
v -0.00026108 -0.04456939 -0.0485
v -0.00026108 -0.04456939 -0.0472
v 0.00107362 -0.04511884 -0.0472
v 0.00072165 -0.04497394 -0.04711473
v 0.00107362 -0.04511884 -0.0485
v 0.00040627 -0.04484411 -0.04708835
v 9.089E-05 -0.04471428 -0.04711473
v 0.00116938 -0.04583415 -0.04708835
v 0.00126513 -0.04654945 -0.0485
v 0.00126513 -0.04654945 -0.0472
v 0.00069354 -0.04699003 -0.04708835
v 0.00044985 -0.04839431 -0.0485
v -0.00072234 -0.04836144 -0.0485
v -0.00100222 -0.04826554 -0.0485
v 0.00150304 -0.04787867 -0.0485
v 0.00219597 -0.04693265 -0.0485
v 0.00236989 -0.04577297 -0.0485
v 0.00198496 -0.0446653 -0.0485
v 0.00112936 -0.0438634 -0.0485
v -9E-07 -0.04355096 -0.0485
v -0.00114689 -0.04379957 -0.0485
v -0.00204608 -0.04455227 -0.0485
v -0.00174498 -0.04778759 -0.0485
v -0.00238381 -0.04680423 -0.0485
v -0.00249247 -0.04563663 -0.0485
v -0.00279526 -0.04636488 -0.0455
v -0.00224764 -0.04767884 -0.0455
v -0.00111642 -0.04854295 -0.0455
v 0.00029531 -0.04872568 -0.0455
v 0.00160927 -0.04817807 -0.0455
v 0.00247338 -0.04704685 -0.0455
v -0.00121276 0.04511884 -0.0472
v -0.00121276 0.04511884 -0.0485
v -0.00130852 0.04583415 -0.04708835
v -0.00140427 0.04654945 -0.0485
v -0.00140427 0.04654945 -0.0472
v -0.00086079 0.04497394 -0.04711473
v -0.00054541 0.04484411 -0.04708835
v 0.00012194 0.04456939 -0.0485
v -0.00023003 0.04471428 -0.04711473
v 0.00012194 0.04456939 -0.0472
v -0.00083268 0.04699003 -0.04708835
v -0.00026108 0.04743061 -0.0485
v -0.00026108 0.04743061 -0.0472
v 0.00107362 0.04688116 -0.0472
v 0.00072165 0.04702606 -0.04711473
v 0.00107362 0.04688116 -0.0485
v 0.00040627 0.04715589 -0.04708835
v 9.089E-05 0.04728572 -0.04711473
v 0.00116938 0.04616585 -0.04708835
v 0.00126514 0.04545055 -0.0485
v 0.00126514 0.04545055 -0.0472
v 0.00069354 0.04500997 -0.04708835
v 0.00236989 0.04622703 -0.0485
v 0.00044985 0.04360569 -0.0485
v 0.00150304 0.04412133 -0.0485
v 0.00219597 0.04506735 -0.0485
v -0.00072234 0.04363856 -0.0485
v -0.00100222 0.04373446 -0.0485
v 0.00112936 0.0481366 -0.0485
v 0.00198496 0.0473347 -0.0485
v -0.00249247 0.04636337 -0.0485
v -0.00238381 0.04519577 -0.0485
v -0.00174498 0.0442124 -0.0485
v -0.00204608 0.04744773 -0.0485
v -0.00114689 0.04820043 -0.0485
v -9E-07 0.04844904 -0.0485
v -0.00043445 0.04872568 -0.0455
v -0.0017484 0.04817807 -0.0455
v -0.00261252 0.04704685 -0.0455
v 0.00265612 0.04636488 -0.0455
v 0.00210851 0.04767884 -0.0455
v 0.00097728 0.04854295 -0.0455
v -0.00847338 0.02205733 -0.045
v -0.00998093 0.02120452 -0.045
v -0.00850383 0.01859336 -0.045
v -0.00699627 0.01944617 -0.045
v -0.00698105 0.02117815 -0.045
v -0.01224196 0.01559383 -0.045
v -0.0117906 0.01604252 -0.045
v -0.01162406 0.01665678 -0.045
v -0.01178696 0.01727201 -0.045
v -0.00999616 0.01947254 -0.045
v -0.01223565 0.01772337 -0.045
v -0.01284991 0.01788992 -0.045
v -0.01346514 0.01772702 -0.045
v -0.0139165 0.01727833 -0.045
v -0.01408305 0.01666407 -0.045
v -0.01392015 0.01604883 -0.045
v -0.01347146 0.01559747 -0.045
v -0.0128572 0.01543093 -0.045
v -0.00998093 0.02120452 -0.049
v -0.00916366 0.02072304 -0.049
v -0.00927207 0.02033223 -0.049
v -0.00781354 0.01992765 -0.049
v -0.00770513 0.02031846 -0.049
v -0.00699627 0.01944617 -0.049
v -0.00999616 0.01947254 -0.049
v -0.00917055 0.01993958 -0.049
v -0.00850383 0.01859336 -0.049
v -0.00698105 0.02117815 -0.049
v -0.0088863 0.01965028 -0.049
v -0.00849549 0.01954188 -0.049
v -0.00810283 0.0196434 -0.049
v -0.00780665 0.02071111 -0.049
v -0.0080909 0.02100041 -0.049
v -0.00847338 0.02205733 -0.049
v -0.00848172 0.02110882 -0.049
v -0.00887437 0.02100729 -0.049
v -0.0221269 -0.00840381 -0.045
v -0.02127409 -0.00991136 -0.045
v -0.02124772 -0.00691148 -0.045
v -0.01951574 -0.0069267 -0.045
v -0.01866293 -0.00843426 -0.045
v -0.01954211 -0.00992659 -0.045
v -0.02127409 -0.00991136 -0.049
v -0.02079261 -0.0090941 -0.049
v -0.0204018 -0.0092025 -0.049
v -0.01954211 -0.00992659 -0.049
v -0.02000915 -0.00910098 -0.049
v -0.01971985 -0.00881673 -0.049
v -0.01866293 -0.00843426 -0.049
v -0.01961144 -0.00842592 -0.049
v -0.01951574 -0.0069267 -0.049
v -0.01971297 -0.00803326 -0.049
v -0.01999721 -0.00774397 -0.049
v -0.02124772 -0.00691148 -0.049
v -0.02038803 -0.00763556 -0.049
v -0.02078068 -0.00773709 -0.049
v -0.0221269 -0.00840381 -0.049
v -0.02106998 -0.00802133 -0.049
v -0.02117839 -0.00841215 -0.049
v -0.02107686 -0.0088048 -0.049
v 0.00833424 -0.02205733 -0.045
v 0.0098418 -0.02120452 -0.045
v 0.00684191 -0.02117815 -0.045
v 0.00685714 -0.01944617 -0.045
v 0.00836469 -0.01859336 -0.045
v 0.00985702 -0.01947254 -0.045
v 0.00902453 -0.02072304 -0.049
v 0.00913293 -0.02033223 -0.049
v 0.0098418 -0.02120452 -0.049
v 0.00684191 -0.02117815 -0.049
v 0.00685714 -0.01944617 -0.049
v 0.0076744 -0.01992765 -0.049
v 0.00985702 -0.01947254 -0.049
v 0.00903141 -0.01993958 -0.049
v 0.00874716 -0.01965028 -0.049
v 0.00836469 -0.01859336 -0.049
v 0.00835635 -0.01954188 -0.049
v 0.00796369 -0.0196434 -0.049
v 0.007566 -0.02031846 -0.049
v 0.00766752 -0.02071111 -0.049
v 0.00833424 -0.02205733 -0.049
v 0.00795177 -0.02100041 -0.049
v 0.00834258 -0.02110882 -0.049
v 0.00873524 -0.02100729 -0.049
v 0.00134043 0.03997514 -0.0215
v 0.00170681 0.03989156 -0.0215
v 0.02919414 0.02726967 -0.0215
v 0.02939412 0.02695151 -0.0215
v -0.02933328 -0.02726967 -0.0215
v -0.02953325 -0.02695151 -0.0215
v 0.02651243 0.0295321 -0.0215
v 0.02688194 0.02946368 -0.0215
v 0.03990557 -0.00141 -0.0215
v 0.03982199 -0.00177638 -0.0215
v -0.04004471 0.00141 -0.0215
v -0.03996113 0.00177638 -0.0215
v 0.01187015 0.02882504 -0.0215
v 0.0272001 -0.02926371 -0.0215
v 0.02688194 -0.02946369 -0.0215
v -0.00147957 -0.03997514 -0.0215
v -0.00184595 -0.03989156 -0.0215
v -0.03524511 -0.003689 -0.0215
v -0.03584663 -0.00372034 -0.0215
v -0.02799845 -0.02266752 -0.0215
v 0.02816648 0.02318565 -0.0215
v 0.02785931 0.02266752 -0.0215
v 0.03570749 0.00372034 -0.0215
v 0.00361944 -0.03517554 -0.0215
v 0.00365077 -0.03577706 -0.0215
v 0.02259795 -0.02792888 -0.0215
v -0.02830561 -0.02318565 -0.0215
v -0.02733924 0.02926371 -0.0215
v -0.02702107 0.02946369 -0.0215
v 0.00201647 0.03967866 -0.0215
v 0.0272001 0.02926371 -0.0215
v 0.02311608 -0.02823604 -0.0215
v -0.02325522 0.02823604 -0.0215
v -0.02273709 0.02792888 -0.0215
v -0.00378991 0.03577706 -0.0215
v 0.0186584 0.02568556 -0.0215
v 0.02066484 0.02611429 -0.0215
v 0.01670335 0.02630797 -0.0215
v 0.02219477 0.02748138 -0.0215
v 0.02259795 0.02792888 -0.0215
v 0.02614376 0.02945931 -0.0215
v 0.02311609 0.02823605 -0.0215
v 0.00361943 0.03517554 -0.0215
v 0.00373459 0.03312704 -0.0215
v 0.00485019 0.03140511 -0.0215
v 0.02938974 0.02621332 -0.0215
v 0.02946253 0.026582 -0.0215
v -0.00364074 -0.03636063 -0.0215
v -0.00378991 -0.03577706 -0.0215
v -0.02273709 -0.02792888 -0.0215
v -0.02952887 -0.02621332 -0.0215
v -0.02960167 -0.026582 -0.0215
v 0.00222569 0.03936649 -0.0215
v 0.0035016 0.03636063 -0.0215
v 0.00365077 0.03577706 -0.0215
v 0.00667273 0.03046279 -0.0215
v 0.03629106 0.00357117 -0.0215
v 0.03929693 0.00229525 -0.0215
v 0.03960909 0.00208604 -0.0215
v 0.03982199 0.00177638 -0.0215
v 0.03990557 0.00141 -0.0215
v 0.03629106 -0.00357117 -0.0215
v 0.03570749 -0.00372034 -0.0215
v 0.02785931 -0.02266752 -0.0215
v 0.02614375 -0.02945931 -0.0215
v 0.02651243 -0.0295321 -0.0215
v -0.0364302 -0.00357117 -0.0215
v -0.03943606 -0.00229525 -0.0215
v -0.03974823 -0.00208604 -0.0215
v -0.03996113 -0.00177638 -0.0215
v -0.04004471 -0.00141 -0.0215
v -0.02628289 0.02945931 -0.0215
v -0.02665157 0.0295321 -0.0215
v 0.02604473 0.02073441 -0.0215
v 0.02561599 0.01872797 -0.0215
v 0.02741181 0.02226434 -0.0215
v 0.0262384 0.01677292 -0.0215
v 0.02875547 0.01193972 -0.0215
v 0.03133554 0.00491976 -0.0215
v 0.03305747 0.00380415 -0.0215
v 0.03039322 0.0067423 -0.0215
v 0.03510597 0.003689 -0.0215
v 0.0035016 -0.03636063 -0.0215
v 0.00222569 -0.03936649 -0.0215
v 0.00201647 -0.03967866 -0.0215
v 0.00170681 -0.03989156 -0.0215
v 0.00134043 -0.03997514 -0.0215
v -0.00236482 -0.03936649 -0.0215
v -0.01138229 -0.04355482 -0.0215
v -0.00215561 -0.03967866 -0.0215
v -0.02618386 -0.02073441 -0.0215
v -0.02575513 -0.01872797 -0.0215
v -0.02755095 -0.02226434 -0.0215
v -0.02637754 -0.01677292 -0.0215
v -0.02889461 -0.01193972 -0.0215
v -0.03147468 -0.00491976 -0.0215
v -0.03319661 -0.00380415 -0.0215
v -0.03053235 -0.0067423 -0.0215
v -0.0364302 0.00357117 -0.0215
v -0.03584663 0.00372034 -0.0215
v -0.02799845 0.02266752 -0.0215
v -0.00364074 0.03636063 -0.0215
v -0.00236482 0.03936649 -0.0215
v -0.00215561 0.03967866 -0.0215
v -0.00184595 0.03989156 -0.0215
v -0.00147957 0.03997514 -0.0215
v 0.03929693 -0.00229525 -0.0215
v 0.03960909 -0.00208604 -0.0215
v 0.02066484 -0.0261143 -0.0215
v 0.0186584 -0.02568556 -0.0215
v 0.02219477 -0.02748138 -0.0215
v 0.01670335 -0.02630797 -0.0215
v 0.01187015 -0.02882504 -0.0215
v 0.00485019 -0.03140511 -0.0215
v 0.00373459 -0.03312704 -0.0215
v 0.00667273 -0.03046279 -0.0215
v -0.01729032 -0.04157458 -0.0215
v -0.02325522 -0.02823605 -0.0215
v -0.02286818 -0.03879721 -0.0215
v -0.02628289 -0.02945931 -0.0215
v -0.02665156 -0.0295321 -0.0215
v -0.02702107 -0.02946368 -0.0215
v -0.02733924 -0.02926371 -0.0215
v -0.02080398 0.0261143 -0.0215
v -0.01879754 0.02568556 -0.0215
v -0.02233391 0.02748138 -0.0215
v -0.01684248 0.02630797 -0.0215
v -0.01200929 0.02882504 -0.0215
v -0.00498933 0.03140511 -0.0215
v -0.00387372 0.03312704 -0.0215
v -0.00681187 0.03046279 -0.0215
v -0.00375857 0.03517554 -0.0215
v 0.02816648 -0.02318565 -0.0215
v 0.02938974 -0.02621333 -0.0215
v 0.02946253 -0.026582 -0.0215
v 0.02939411 -0.0269515 -0.0215
v 0.02919414 -0.02726967 -0.0215
v -0.00387372 -0.03312704 -0.0215
v -0.00498933 -0.03140511 -0.0215
v -0.00375857 -0.03517554 -0.0215
v -0.00681187 -0.03046279 -0.0215
v -0.01200929 -0.02882504 -0.0215
v -0.01879754 -0.02568556 -0.0215
v -0.02080398 -0.02611429 -0.0215
v -0.01684249 -0.02630797 -0.0215
v -0.02233391 -0.02748138 -0.0215
v -0.03943606 0.00229525 -0.0215
v -0.03974823 0.00208604 -0.0215
v 0.03305747 -0.00380415 -0.0215
v 0.03133554 -0.00491976 -0.0215
v 0.03510597 -0.003689 -0.0215
v 0.03039322 -0.0067423 -0.0215
v 0.02875547 -0.01193972 -0.0215
v 0.02561599 -0.01872797 -0.0215
v 0.02604473 -0.02073441 -0.0215
v 0.0262384 -0.01677292 -0.0215
v 0.02741181 -0.02226434 -0.0215
v -0.02830562 0.02318565 -0.0215
v -0.02952887 0.02621333 -0.0215
v -0.02960167 0.026582 -0.0215
v -0.02953325 0.0269515 -0.0215
v -0.02933328 0.02726967 -0.0215
v -0.03319661 0.00380415 -0.0215
v -0.03147468 0.00491976 -0.0215
v -0.03524511 0.003689 -0.0215
v -0.03053236 0.0067423 -0.0215
v -0.02889461 0.01193972 -0.0215
v -0.02575513 0.01872797 -0.0215
v -0.02618386 0.02073441 -0.0215
v -0.02637754 0.01677292 -0.0215
v -0.02755095 0.02226434 -0.0215
v -0.03357191 0.03177844 -0.038
v -0.03381546 0.03236643 -0.038
v -0.03259648 0.03252691 -0.038
v -0.03373239 0.03299742 -0.038
v -0.03334495 0.03350234 -0.038
v -0.03184801 0.03155148 -0.038
v -0.032436 0.03130793 -0.038
v -0.03306699 0.031391 -0.038
v -0.03162105 0.03327538 -0.038
v -0.0313775 0.03268739 -0.038
v -0.03146057 0.0320564 -0.038
v -0.03275697 0.03374589 -0.038
v -0.03212597 0.03366282 -0.038
v -0.047045 -0.00074847 -0.038
v -0.04728855 -0.00016048 -0.038
v -0.04606957 -0 -0.038
v -0.04720548 0.00047051 -0.038
v -0.04681804 0.00097543 -0.038
v -0.0453211 -0.00097543 -0.038
v -0.04590909 -0.00121898 -0.038
v -0.04654008 -0.00113591 -0.038
v -0.04509414 0.00074847 -0.038
v -0.04485059 0.00016048 -0.038
v -0.04493366 -0.00047051 -0.038
v -0.04623005 0.00121898 -0.038
v -0.04559906 0.00113591 -0.038
v 0.03148192 -0.03327538 -0.038
v 0.03123836 -0.03268739 -0.038
v 0.03245734 -0.03252691 -0.038
v 0.03132143 -0.0320564 -0.038
v 0.03170887 -0.03155148 -0.038
v 0.03320581 -0.03350234 -0.038
v 0.03261783 -0.03374589 -0.038
v 0.03198684 -0.03366282 -0.038
v 0.03343277 -0.03177844 -0.038
v 0.03367633 -0.03236643 -0.038
v 0.03359325 -0.03299742 -0.038
v 0.03229686 -0.03130793 -0.038
v 0.03292785 -0.031391 -0.038
v 0.044955 -0.00074847 -0.038
v 0.04471145 -0.00016048 -0.038
v 0.04593043 0 -0.038
v 0.04479452 0.00047051 -0.038
v 0.04518196 0.00097543 -0.038
v 0.0466789 -0.00097543 -0.038
v 0.04609091 -0.00121898 -0.038
v 0.04545992 -0.00113591 -0.038
v 0.04690586 0.00074847 -0.038
v 0.04714941 0.00016048 -0.038
v 0.04706634 -0.00047051 -0.038
v 0.04576995 0.00121898 -0.038
v 0.04640094 0.00113591 -0.038
v 0.04576995 0.00121898 -0.044
v 0.04573464 0.00148717 -0.044
v 0.04640094 0.00113591 -0.044
v 0.04650446 0.00138582 -0.044
v 0.04690586 0.00074847 -0.044
v 0.04712046 0.00091314 -0.044
v 0.04714941 0.00016048 -0.044
v 0.0474176 0.00019579 -0.044
v 0.04706634 -0.00047051 -0.044
v 0.04731625 -0.00057403 -0.044
v 0.0466789 -0.00097543 -0.044
v 0.04684357 -0.00119003 -0.044
v 0.04609091 -0.00121898 -0.044
v 0.04612622 -0.00148717 -0.044
v 0.04545992 -0.00113591 -0.044
v 0.04535641 -0.00138582 -0.044
v 0.044955 -0.00074847 -0.044
v 0.0447404 -0.00091314 -0.044
v 0.04471145 -0.00016048 -0.044
v 0.04444326 -0.00019579 -0.044
v 0.04479452 0.00047051 -0.044
v 0.04454461 0.00057403 -0.044
v 0.04518196 0.00097543 -0.044
v 0.04501729 0.00119003 -0.044
v 0.03123836 -0.03268739 -0.044
v 0.03097018 -0.0327227 -0.044
v 0.03132143 -0.0320564 -0.044
v 0.03107152 -0.03195289 -0.044
v 0.03170887 -0.03155148 -0.044
v 0.0315442 -0.03133688 -0.044
v 0.03229686 -0.03130793 -0.044
v 0.03226155 -0.03103974 -0.044
v 0.03292785 -0.031391 -0.044
v 0.03303137 -0.03114109 -0.044
v 0.03343277 -0.03177844 -0.044
v 0.03364737 -0.03161377 -0.044
v 0.03367633 -0.03236643 -0.044
v 0.03394451 -0.03233112 -0.044
v 0.03359325 -0.03299742 -0.044
v 0.03384316 -0.03310094 -0.044
v 0.03320581 -0.03350234 -0.044
v 0.03337048 -0.03371694 -0.044
v 0.03261783 -0.03374589 -0.044
v 0.03265313 -0.03401408 -0.044
v 0.03198684 -0.03366282 -0.044
v 0.03188332 -0.03391273 -0.044
v 0.03148192 -0.03327538 -0.044
v 0.03126731 -0.03344005 -0.044
v -0.04623005 0.00121898 -0.044
v -0.04626536 0.00148717 -0.044
v -0.04559906 0.00113591 -0.044
v -0.04549554 0.00138582 -0.044
v -0.04509414 0.00074847 -0.044
v -0.04487954 0.00091314 -0.044
v -0.04485059 0.00016048 -0.044
v -0.0445824 0.00019579 -0.044
v -0.04493366 -0.00047051 -0.044
v -0.04468375 -0.00057403 -0.044
v -0.0453211 -0.00097543 -0.044
v -0.04515643 -0.00119003 -0.044
v -0.04590909 -0.00121898 -0.044
v -0.04587378 -0.00148717 -0.044
v -0.04654008 -0.00113591 -0.044
v -0.04664359 -0.00138582 -0.044
v -0.047045 -0.00074847 -0.044
v -0.0472596 -0.00091314 -0.044
v -0.04728855 -0.00016048 -0.044
v -0.04755674 -0.00019579 -0.044
v -0.04720548 0.00047051 -0.044
v -0.04745539 0.00057403 -0.044
v -0.04681804 0.00097543 -0.044
v -0.04698271 0.00119003 -0.044
v -0.03275697 0.03374589 -0.044
v -0.03279227 0.03401408 -0.044
v -0.03212597 0.03366282 -0.044
v -0.03202246 0.03391273 -0.044
v -0.03162105 0.03327538 -0.044
v -0.03140645 0.03344005 -0.044
v -0.0313775 0.03268739 -0.044
v -0.03110931 0.0327227 -0.044
v -0.03146057 0.0320564 -0.044
v -0.03121066 0.03195289 -0.044
v -0.03184801 0.03155148 -0.044
v -0.03168334 0.03133688 -0.044
v -0.032436 0.03130793 -0.044
v -0.03240069 0.03103974 -0.044
v -0.03306699 0.031391 -0.044
v -0.03317051 0.03114109 -0.044
v -0.03357191 0.03177844 -0.044
v -0.03378651 0.03161377 -0.044
v -0.03381546 0.03236643 -0.044
v -0.03408365 0.03233112 -0.044
v -0.03373239 0.03299742 -0.044
v -0.0339823 0.03310094 -0.044
v -0.03334495 0.03350234 -0.044
v -0.03350962 0.03371694 -0.044
v -0.00079619 0.04337142 -0.0483148
v 0.00050861 0.04333483 -0.0483148
v 0.00029531 0.04327431 -0.0482
v -0.00080227 0.04334941 -0.0482
v -0.00111642 0.04345705 -0.0482
v -0.00193452 0.04401018 -0.0483148
v -0.00195013 0.04399352 -0.0482
v -0.00224764 0.04432116 -0.0482
v -0.00264562 0.04510479 -0.0483148
v -0.00266719 0.04509729 -0.0482
v -0.00279526 0.04563512 -0.0482
v -0.00276657 0.04640448 -0.0483148
v -0.0017484 0.04817807 -0.0482
v -0.00126876 0.04844936 -0.0483148
v -0.00226968 0.0476115 -0.0483148
v -0.00278915 0.04640786 -0.0482
v -0.00261252 0.04704685 -0.0482
v -0.0022881 0.047625 -0.0482
v -0.00127881 0.04846987 -0.0482
v -0.00043445 0.04872568 -0.0482
v 6.87E-06 0.04872609 -0.0483148
v 7.51E-06 0.04874892 -0.0482
v 0.00126499 0.04837831 -0.0483148
v 0.00097728 0.04854295 -0.0482
v 0.00127617 0.04839823 -0.0482
v 0.00221738 0.04748569 -0.0483148
v 0.00210851 0.04767884 -0.0482
v 0.00223653 0.04749813 -0.0482
v 0.00264586 0.04625271 -0.0483148
v 0.00265612 0.04636488 -0.0482
v 0.0026686 0.04625483 -0.0482
v 0.00247338 0.04495315 -0.0482
v 0.00245227 0.04496184 -0.0483148
v 0.00169561 0.04389129 -0.0482
v 0.00168095 0.0439088 -0.0483148
v 0.00160927 0.04382192 -0.0482
v 0.00051345 0.04331252 -0.0482
v 0.00258111 0.04624669 -0.04841213
v 0.00216285 0.04745026 -0.04841213
v 0.00123317 0.0483216 -0.04841213
v 5.05E-06 0.04866109 -0.04841213
v -0.00124017 0.04839095 -0.04841213
v -0.00221721 0.04757308 -0.04841213
v -0.00270226 0.04639483 -0.04841213
v -0.00258419 0.04512613 -0.04841213
v -0.00189005 0.04405763 -0.04841213
v -0.00077886 0.0434341 -0.04841213
v 0.00049482 0.04339838 -0.04841213
v 0.00163921 0.04395867 -0.04841213
v 0.00239213 0.0449866 -0.04841213
v 0.0024842 0.04623767 -0.04847716
v 0.00208123 0.04739724 -0.04847716
v 0.00118554 0.04823672 -0.04847716
v 2.32E-06 0.0485638 -0.04847716
v -0.00119737 0.04830354 -0.04847716
v -0.0021387 0.04751556 -0.04847716
v -0.00260601 0.0463804 -0.04847716
v -0.00249225 0.04515808 -0.04847716
v -0.00182349 0.04412864 -0.04847716
v -0.00075293 0.0435279 -0.04847716
v 0.00047419 0.04349349 -0.04847716
v 0.00157673 0.0440333 -0.04847716
v 0.00230213 0.04502365 -0.04847716
v -6.957E-05 0.046 -0.04636667
v -0.00079618 -0.04862858 -0.0483148
v 0.00050861 -0.04866517 -0.0483148
v 0.00029531 -0.04872568 -0.0482
v -0.00080227 -0.04865059 -0.0482
v -0.00111642 -0.04854295 -0.0482
v -0.00193452 -0.04798982 -0.0483148
v -0.00195013 -0.04800648 -0.0482
v -0.00224764 -0.04767884 -0.0482
v -0.00264562 -0.04689521 -0.0483148
v -0.00266719 -0.04690271 -0.0482
v -0.00279526 -0.04636488 -0.0482
v -0.00276657 -0.04559552 -0.0483148
v -0.0017484 -0.04382192 -0.0482
v -0.00126876 -0.04355064 -0.0483148
v -0.00226968 -0.0443885 -0.0483148
v -0.00278916 -0.04559214 -0.0482
v -0.00261252 -0.04495315 -0.0482
v -0.0022881 -0.044375 -0.0482
v -0.00127881 -0.04353013 -0.0482
v -0.00043444 -0.04327431 -0.0482
v 6.87E-06 -0.04327391 -0.0483148
v 7.51E-06 -0.04325108 -0.0482
v 0.00126499 -0.04362169 -0.0483148
v 0.00097728 -0.04345705 -0.0482
v 0.00127617 -0.04360177 -0.0482
v 0.00221738 -0.04451431 -0.0483148
v 0.00210851 -0.04432116 -0.0482
v 0.00223653 -0.04450187 -0.0482
v 0.00264586 -0.04574729 -0.0483148
v 0.00265612 -0.04563512 -0.0482
v 0.0026686 -0.04574517 -0.0482
v 0.00247338 -0.04704685 -0.0482
v 0.00245226 -0.04703816 -0.0483148
v 0.00169561 -0.04810871 -0.0482
v 0.00168095 -0.0480912 -0.0483148
v 0.00160927 -0.04817807 -0.0482
v 0.00051345 -0.04868749 -0.0482
v 0.00258111 -0.04575332 -0.04841213
v 0.00216285 -0.04454974 -0.04841213
v 0.00123317 -0.0436784 -0.04841213
v 5.05E-06 -0.04333891 -0.04841213
v -0.00124017 -0.04360905 -0.04841213
v -0.00221721 -0.04442692 -0.04841213
v -0.00270226 -0.04560517 -0.04841213
v -0.00258419 -0.04687386 -0.04841213
v -0.00189005 -0.04794237 -0.04841213
v -0.00077886 -0.0485659 -0.04841213
v 0.00049482 -0.04860162 -0.04841213
v 0.00163921 -0.04804133 -0.04841213
v 0.00239213 -0.0470134 -0.04841213
v 0.0024842 -0.04576233 -0.04847716
v 0.00208123 -0.04460276 -0.04847716
v 0.00118554 -0.04376328 -0.04847716
v 2.32E-06 -0.0434362 -0.04847716
v -0.00119737 -0.04369646 -0.04847716
v -0.0021387 -0.04448444 -0.04847716
v -0.00260601 -0.0456196 -0.04847716
v -0.00249225 -0.04684192 -0.04847716
v -0.00182349 -0.04787136 -0.04847716
v -0.00075293 -0.0484721 -0.04847716
v 0.00047419 -0.0485065 -0.04847716
v 0.00157673 -0.0479667 -0.04847716
v 0.00230213 -0.04697635 -0.04847716
v -6.957E-05 -0.046 -0.04636667
v -0.03332309 -0.03515549 -0.0483148
v -0.0320183 -0.03519208 -0.0483148
v -0.03223161 -0.0352526 -0.0482
v -0.03332918 -0.03517751 -0.0482
v -0.03364333 -0.03506986 -0.0482
v -0.03446143 -0.03451673 -0.0483148
v -0.03447705 -0.0345334 -0.0482
v -0.03477456 -0.03420575 -0.0482
v -0.03517253 -0.03342213 -0.0483148
v -0.0351941 -0.03342962 -0.0482
v -0.03532217 -0.03289179 -0.0482
v -0.03529348 -0.03212244 -0.0483148
v -0.03427532 -0.03034884 -0.0482
v -0.03379567 -0.03007755 -0.0483148
v -0.03479659 -0.03091541 -0.0483148
v -0.03531606 -0.03211905 -0.0482
v -0.03513943 -0.03148006 -0.0482
v -0.03481501 -0.03090191 -0.0482
v -0.03380572 -0.03005704 -0.0482
v -0.03296136 -0.02980123 -0.0482
v -0.03252004 -0.02980082 -0.0483148
v -0.0325194 -0.02977799 -0.0482
v -0.03126192 -0.0301486 -0.0483148
v -0.03154963 -0.02998396 -0.0482
v -0.03125075 -0.03012869 -0.0482
v -0.03030953 -0.03104122 -0.0483148
v -0.03041841 -0.03084808 -0.0482
v -0.03029038 -0.03102878 -0.0482
v -0.02988105 -0.0322742 -0.0483148
v -0.0298708 -0.03216204 -0.0482
v -0.02985831 -0.03227208 -0.0482
v -0.03005353 -0.03357377 -0.0482
v -0.03007465 -0.03356507 -0.0483148
v -0.03083131 -0.03463562 -0.0482
v -0.03084596 -0.03461811 -0.0483148
v -0.03091765 -0.03470499 -0.0482
v -0.03201346 -0.0352144 -0.0482
v -0.0299458 -0.03228023 -0.04841213
v -0.03036406 -0.03107665 -0.04841213
v -0.03129374 -0.03020531 -0.04841213
v -0.03252186 -0.02986583 -0.04841213
v -0.03376708 -0.03013596 -0.04841213
v -0.03474412 -0.03095384 -0.04841213
v -0.03522917 -0.03213208 -0.04841213
v -0.0351111 -0.03340078 -0.04841213
v -0.03441696 -0.03446928 -0.04841213
v -0.03330577 -0.03509282 -0.04841213
v -0.03203209 -0.03512853 -0.04841213
v -0.0308877 -0.03456824 -0.04841213
v -0.03013478 -0.03354032 -0.04841213
v -0.03004271 -0.03228924 -0.04847716
v -0.03044568 -0.03112967 -0.04847716
v -0.03134137 -0.03029019 -0.04847716
v -0.03252459 -0.02996312 -0.04847716
v -0.03372428 -0.03022337 -0.04847716
v -0.03466561 -0.03101135 -0.04847716
v -0.03513292 -0.03214652 -0.04847716
v -0.03501916 -0.03336883 -0.04847716
v -0.0343504 -0.03439827 -0.04847716
v -0.03327984 -0.03499901 -0.04847716
v -0.03205272 -0.03503341 -0.04847716
v -0.03095018 -0.03449361 -0.04847716
v -0.03022478 -0.03350326 -0.04847716
v -0.03259648 -0.03252691 -0.04636667
v 0.03173073 0.02989833 -0.0483148
v 0.03303552 0.02986174 -0.0483148
v 0.03282222 0.02980123 -0.0482
v 0.03172464 0.02987632 -0.0482
v 0.03141049 0.02998396 -0.0482
v 0.03059239 0.03053709 -0.0483148
v 0.03057678 0.03052043 -0.0482
v 0.03027927 0.03084808 -0.0482
v 0.0298813 0.0316317 -0.0483148
v 0.02985973 0.0316242 -0.0482
v 0.02973166 0.03216204 -0.0482
v 0.02976034 0.03293139 -0.0483148
v 0.03077851 0.03470499 -0.0482
v 0.03125815 0.03497627 -0.0483148
v 0.03025724 0.03413842 -0.0483148
v 0.02973776 0.03293478 -0.0482
v 0.02991439 0.03357377 -0.0482
v 0.03023881 0.03415191 -0.0482
v 0.03124811 0.03499678 -0.0482
v 0.03209247 0.0352526 -0.0482
v 0.03253378 0.035253 -0.0483148
v 0.03253442 0.03527583 -0.0482
v 0.03379191 0.03490523 -0.0483148
v 0.0335042 0.03506986 -0.0482
v 0.03380308 0.03492514 -0.0482
v 0.0347443 0.0340126 -0.0483148
v 0.03463542 0.03420575 -0.0482
v 0.03476344 0.03402504 -0.0482
v 0.03517277 0.03277962 -0.0483148
v 0.03518303 0.03289179 -0.0482
v 0.03519551 0.03278174 -0.0482
v 0.03500029 0.03148006 -0.0482
v 0.03497918 0.03148875 -0.0483148
v 0.03422252 0.0304182 -0.0482
v 0.03420786 0.03043571 -0.0483148
v 0.03413618 0.03034884 -0.0482
v 0.03304036 0.02983943 -0.0482
v 0.03510802 0.0327736 -0.04841213
v 0.03468976 0.03397717 -0.04841213
v 0.03376008 0.03484851 -0.04841213
v 0.03253196 0.035188 -0.04841213
v 0.03128675 0.03491786 -0.04841213
v 0.0303097 0.03409999 -0.04841213
v 0.02982465 0.03292174 -0.04841213
v 0.02994272 0.03165304 -0.04841213
v 0.03063687 0.03058454 -0.04841213
v 0.03174805 0.02996101 -0.04841213
v 0.03302173 0.0299253 -0.04841213
v 0.03416612 0.03048558 -0.04841213
v 0.03491904 0.03151351 -0.04841213
v 0.03501111 0.03276458 -0.04847716
v 0.03460814 0.03392415 -0.04847716
v 0.03371245 0.03476363 -0.04847716
v 0.03252923 0.03509071 -0.04847716
v 0.03132954 0.03483045 -0.04847716
v 0.03038822 0.03404248 -0.04847716
v 0.0299209 0.03290731 -0.04847716
v 0.03003466 0.03168499 -0.04847716
v 0.03070342 0.03065555 -0.04847716
v 0.03177399 0.03005482 -0.04847716
v 0.0330011 0.03002041 -0.04847716
v 0.03410365 0.03056021 -0.04847716
v 0.03482904 0.03155056 -0.04847716
v 0.03245734 0.03252691 -0.04636667
v 0.00118546 -0.00272487 -0.0463
v 0.00138558 -0.00262346 -0.0463
v 0.00230771 0.0018299 -0.0463
v 0.00286625 0.00061722 -0.0463
v 0.00255389 0.00145515 -0.0463
v 0.00224345 -0.00191048 -0.0463
v 0.00250236 -0.00154441 -0.0463
v 0.00284332 -0.0007177 -0.0463
v 0.00292999 -5.153E-05 -0.0463
v -0.0001211 -0.00299956 -0.0463
v -0.00141746 -0.00268015 -0.0463
v -0.00161398 -0.00257193 -0.0463
v -0.00244685 -0.0018299 -0.0463
v -0.00269303 -0.00145515 -0.0463
v -0.00300539 -0.00061722 -0.0463
v -0.00306913 5.153E-05 -0.0463
v -0.00152472 0.00262346 -0.0463
v -0.00238259 0.00191048 -0.0463
v -0.0026415 0.00154441 -0.0463
v -0.00298245 0.0007177 -0.0463
v 0.00147484 0.00257193 -0.0463
v 0.00127832 0.00268015 -0.0463
v -1.804E-05 0.00299956 -0.0463
v -0.0013246 0.00272487 -0.0463
v 0.00285135 0.00061409 -0.04637654
v 0.00229565 0.00182062 -0.04637654
v 0.00282853 -0.00071406 -0.04637654
v 0.00223171 -0.00190079 -0.04637654
v 0.00117909 -0.00271104 -0.04637654
v -0.00012084 -0.00298434 -0.04637654
v -0.00141062 -0.00266655 -0.04637654
v -0.00243478 -0.00182062 -0.04637654
v -0.00296767 0.00071406 -0.04637654
v -0.00299049 -0.00061409 -0.04637654
v -0.00237085 0.00190079 -0.04637654
v -0.00131823 0.00271104 -0.04637654
v -1.83E-05 0.00298434 -0.04637654
v 0.00127148 0.00266655 -0.04637654
v -0.00130009 0.00267166 -0.04644142
v -0.00233742 0.00187318 -0.04644142
v -0.00292558 0.00070369 -0.04644142
v -0.00294806 -0.00060517 -0.04644142
v -0.00240043 -0.00179417 -0.04644142
v -0.00139114 -0.00262782 -0.04644142
v -0.00012009 -0.00294099 -0.04644142
v 0.00116096 -0.00267166 -0.04644142
v 0.00219829 -0.00187318 -0.04644142
v 0.00278644 -0.00070369 -0.04644142
v 0.00280892 0.00060517 -0.04644142
v 0.00226129 0.00179417 -0.04644142
v 0.001252 0.00262782 -0.04644142
v -1.904E-05 0.00294099 -0.04644142
v -0.00127295 0.00261273 -0.04648478
v -0.0022874 0.00183186 -0.04648478
v -0.00286258 0.00068817 -0.04648478
v -0.00288457 -0.00059182 -0.04648478
v -0.00234901 -0.0017546 -0.04648478
v -0.00136199 -0.00256985 -0.04648478
v -0.00011898 -0.00287611 -0.04648478
v 0.00113381 -0.00261273 -0.04648478
v 0.00214826 -0.00183186 -0.04648478
v 0.00272344 -0.00068817 -0.04648478
v 0.00274543 0.00059182 -0.04648478
v 0.00220987 0.0017546 -0.04648478
v 0.00122285 0.00256985 -0.04648478
v -2.016E-05 0.00287611 -0.04648478
v -0.0038773 -0.00324056 -0.0457
v -0.00390791 -0.00326661 -0.04585
v -0.00463986 -0.00202791 -0.0457
v -0.00479367 -0.00175682 -0.04585
v -0.004756 -0.00174281 -0.0457
v -0.00510964 -3.513E-05 -0.04585
v -0.00506945 -3.485E-05 -0.0457
v 0.00344721 -0.00355419 -0.0457
v 0.00381393 -0.00321278 -0.04585
v 0.00248089 -0.00434726 -0.04585
v -0.00317395 -0.00391954 -0.0457
v -0.00253933 -0.00434745 -0.0457
v -0.00255918 -0.00438239 -0.04585
v -0.00090347 -0.00492997 -0.0457
v -0.00091017 -0.0049696 -0.04585
v 0.00083297 -0.00491787 -0.0457
v 0.00084023 -0.0049574 -0.04585
v 0.00139266 -0.00478141 -0.0457
v 0.00246055 -0.0043126 -0.0457
v 0.00378296 -0.00318716 -0.0457
v 0.0046407 -0.00167731 -0.0457
v 0.00467856 -0.00169079 -0.04585
v 0.0046961 -0.00151276 -0.0457
v 0.0049705 3.513E-05 -0.04585
v 0.00493031 3.485E-05 -0.0457
v 0.00485323 0.00087524 -0.0457
v 0.00465453 0.00175682 -0.04585
v 0.00461686 0.00174281 -0.0457
v 0.00376877 0.00326661 -0.04585
v 0.00388261 0.00306272 -0.0457
v -0.00034505 0.00499241 -0.0457
v -0.00097936 0.0049574 -0.04585
v 0.00077103 0.0049696 -0.04585
v 0.00373816 0.00324056 -0.0457
v 0.00240019 0.00434745 -0.0457
v 0.00242004 0.00438239 -0.04585
v 0.00200659 0.00454858 -0.0457
v 0.00076433 0.00492997 -0.0457
v -0.00097211 0.00491787 -0.0457
v -0.00259969 0.0043126 -0.0457
v -0.00262003 0.00434726 -0.04585
v -0.0039221 0.00318716 -0.0457
v -0.00395307 0.00321278 -0.04585
v -0.00433473 0.0026093 -0.0457
v -0.0048177 0.00169079 -0.04585
v -0.00477984 0.00167731 -0.0457
v -0.00505878 0.0003283 -0.0457
v -0.00399153 -0.00333777 -0.04595981
v -0.00489659 -0.00179509 -0.04595981
v -0.00521944 -3.59E-05 -0.04595981
v -0.00492115 0.00172763 -0.04595981
v -0.00403767 0.00328278 -0.04595981
v -0.00267559 0.00444198 -0.04595981
v -0.00099919 0.0050654 -0.04595981
v 0.00078935 0.00507787 -0.04595981
v 0.00247428 0.00447787 -0.04595981
v 0.00385239 0.00333777 -0.04595981
v 0.00475745 0.00179509 -0.04595981
v 0.00508031 3.59E-05 -0.04595981
v 0.00478201 -0.00172763 -0.04595981
v 0.00389854 -0.00328278 -0.04595981
v 0.00253645 -0.00444198 -0.04595981
v 0.00086005 -0.0050654 -0.04595981
v -0.00092849 -0.00507787 -0.04595981
v -0.00261342 -0.00447787 -0.04595981
v 0.0001916 0.02726785 -0.04232694
v 0.0001905 0.02715231 -0.04214644
v 0.00018877 0.02697182 -0.0420309
v -0.00393149 0.02669516 -0.0420309
v -0.00796122 0.02579278 -0.0420309
v -0.01180599 0.02428585 -0.0420309
v -0.01537566 0.02220967 -0.0420309
v -0.01858657 0.01961292 -0.0420309
v -0.02136346 0.01655646 -0.0420309
v -0.02364123 0.01311193 -0.0420309
v -0.02536651 0.00936006 -0.0420309
v -0.02649884 0.00538881 -0.0420309
v -0.0270117 0.00129124 -0.0420309
v -0.02689306 -0.00283659 -0.0420309
v -0.0261457 -0.00689793 -0.0420309
v -0.02478713 -0.01079759 -0.0420309
v -0.02284921 -0.01444417 -0.0420309
v -0.02037735 -0.01775218 -0.0420309
v -0.01742949 -0.0206441 -0.0420309
v -0.01407473 -0.02305214 -0.0420309
v -0.01039171 -0.02491986 -0.0420309
v -0.00646674 -0.02620348 -0.0420309
v -0.00239182 -0.0268729 -0.0420309
v 0.00173752 -0.02691246 -0.0420309
v 0.00582451 -0.0263212 -0.0420309
v 0.00977335 -0.025113 -0.0420309
v 0.01349148 -0.02331617 -0.0420309
v 0.01689174 -0.02097283 -0.0420309
v 0.01989445 -0.01813791 -0.0420309
v 0.02242922 -0.01487785 -0.0420309
v 0.02443664 -0.01126906 -0.0420309
v 0.02586965 -0.00739614 -0.0420309
v 0.02669467 -0.00334985 -0.0420309
v 0.02689235 0.00077495 -0.0420309
v 0.02645808 0.00488158 -0.0420309
v 0.02540202 0.0088738 -0.0420309
v 0.02374892 0.01265802 -0.0420309
v 0.02153754 0.01614555 -0.0420309
v 0.01881971 0.01925464 -0.0420309
v 0.01902702 0.01946596 -0.04232694
v 0.01904866 0.01948803 -0.0425
v 0.02178667 0.01635832 -0.0425
v 0.02177468 0.01632275 -0.04232694
v 0.02179944 0.01634125 -0.0425
v 0.02401033 0.01279695 -0.04232694
v 0.02568157 0.00897119 -0.04232694
v 0.02479794 0.01126486 -0.0425
v 0.02403762 0.01281145 -0.0425
v 0.02718827 0.00078345 -0.04232694
v 0.02677962 0.00494075 -0.0425
v 0.02674923 0.00493516 -0.04232694
v 0.02664102 0.00564221 -0.0425
v 0.02571076 0.00898136 -0.0425
v 0.02698841 -0.00338662 -0.04232694
v 0.02722933 -0.00024548 -0.0425
v 0.02721916 0.00078434 -0.0425
v 0.02459134 -0.01171024 -0.0425
v 0.02473368 -0.01140565 -0.0425
v 0.0247056 -0.01139274 -0.04232694
v 0.02618406 -0.00748579 -0.0425
v 0.02615434 -0.00747731 -0.04232694
v 0.02653523 -0.00612165 -0.0425
v 0.02701908 -0.00339046 -0.0425
v 0.02270193 -0.01505818 -0.0425
v 0.02267615 -0.01504114 -0.04232694
v 0.02148896 -0.01674872 -0.0425
v 0.02011356 -0.01833698 -0.04232694
v 0.02013644 -0.01835776 -0.0425
v 0.01737384 -0.02100042 -0.0425
v 0.0170779 -0.02120302 -0.04232694
v 0.01709733 -0.02122705 -0.0425
v 0.01364031 -0.02357207 -0.04232694
v 0.01365585 -0.02359879 -0.0425
v 0.01243929 -0.02426558 -0.0425
v 0.00988138 -0.02538862 -0.04232694
v 0.00989265 -0.0254174 -0.0425
v 0.00691712 -0.02639083 -0.0425
v 0.0058892 -0.02661009 -0.04232694
v 0.00589595 -0.02664024 -0.0425
v 0.00175736 -0.02720783 -0.04232694
v 0.00175943 -0.02723866 -0.0425
v 0.00106674 -0.02727634 -0.0425
v -0.00241731 -0.02716784 -0.04232694
v -0.00241997 -0.02719863 -0.0425
v -0.00483702 -0.0268805 -0.0425
v -0.00653695 -0.02649107 -0.04232694
v -0.00654428 -0.02652109 -0.0425
v -0.01050499 -0.02519336 -0.04232694
v -0.01051682 -0.02522191 -0.0425
v -0.01422844 -0.02330515 -0.04232694
v -0.01424449 -0.02333156 -0.0425
v -0.01570585 -0.02237849 -0.0425
v -0.01762002 -0.02087068 -0.04232694
v -0.01763991 -0.02089433 -0.0425
v -0.02016034 -0.0184838 -0.0425
v -0.02060023 -0.01794702 -0.04232694
v -0.0206235 -0.01796736 -0.0425
v -0.02309922 -0.0146027 -0.04232694
v -0.02312532 -0.01461925 -0.0425
v -0.02367104 -0.01372081 -0.0425
v -0.02505841 -0.0109161 -0.04232694
v -0.02508673 -0.01092847 -0.0425
v -0.02607302 -0.00831327 -0.0425
v -0.02643189 -0.00697364 -0.04232694
v -0.02646177 -0.00698154 -0.0425
v -0.02718746 -0.00286772 -0.04232694
v -0.02721819 -0.00287097 -0.0425
v -0.02678891 0.00544795 -0.04232694
v -0.02715689 0.00340103 -0.0425
v -0.0273074 0.00130542 -0.04232694
v -0.02733827 0.00130689 -0.0425
v -0.02725346 -0.00251519 -0.0425
v -0.02389994 0.01325583 -0.04232694
v -0.02567313 0.00947352 -0.0425
v -0.02564415 0.00946279 -0.04232694
v -0.02578786 0.00915749 -0.0425
v -0.0268192 0.00545413 -0.0425
v -0.02159716 0.01673817 -0.04232694
v -0.02321067 0.01448376 -0.0425
v -0.02392694 0.01327086 -0.0425
v -0.01554365 0.02245343 -0.04232694
v -0.01881101 0.01985065 -0.0425
v -0.0187898 0.01982818 -0.04232694
v -0.0195464 0.01912964 -0.0425
v -0.02162156 0.01675714 -0.0425
v -0.0119348 0.02455239 -0.04232694
v -0.01496717 0.02287688 -0.0425
v -0.01556118 0.02247887 -0.0425
v -0.00397387 0.02698815 -0.04232694
v -0.00805688 0.02610542 -0.0425
v -0.00804784 0.02607587 -0.04232694
v -0.00968811 0.02554944 -0.0425
v -0.01194825 0.02458022 -0.0425
v 0.0001919 0.02729875 -0.0425
v -0.0039572 0.02702178 -0.0425
v -0.0039783 0.02701873 -0.0425
v -0.00395733 0.02687379 -0.04214644
v -0.00801403 0.02596538 -0.04214644
v -0.01188452 0.02444836 -0.04214644
v -0.01547808 0.02235829 -0.04214644
v -0.01871048 0.01974416 -0.04214644
v -0.02150595 0.01666725 -0.04214644
v -0.02379896 0.01319967 -0.04214644
v -0.02553579 0.0094227 -0.04214644
v -0.0266757 0.00542487 -0.04214644
v -0.02719199 0.00129988 -0.04214644
v -0.02707255 -0.00285557 -0.04214644
v -0.02632019 -0.00694409 -0.04214644
v -0.02495253 -0.01086985 -0.04214644
v -0.02300164 -0.01454082 -0.04214644
v -0.02051324 -0.01787097 -0.04214644
v -0.01754566 -0.02078225 -0.04214644
v -0.01416845 -0.0232064 -0.04214644
v -0.01046078 -0.02508662 -0.04214644
v -0.00650954 -0.02637882 -0.04214644
v -0.00240736 -0.02705273 -0.04214644
v 0.00174962 -0.02709255 -0.04214644
v 0.00586395 -0.02649733 -0.04214644
v 0.00983921 -0.02528105 -0.04214644
v 0.01358222 -0.0234722 -0.04214644
v 0.01700524 -0.02111318 -0.04214644
v 0.02002804 -0.01825928 -0.04214644
v 0.02257978 -0.0149774 -0.04214644
v 0.02460063 -0.01134447 -0.04214644
v 0.02604323 -0.00744563 -0.04214644
v 0.02687376 -0.00337227 -0.04214644
v 0.02707277 0.00078013 -0.04214644
v 0.02663559 0.00491425 -0.04214644
v 0.02557246 0.00893318 -0.04214644
v 0.0239083 0.01274272 -0.04214644
v 0.02168213 0.01625359 -0.04214644
v 0.01894611 0.01938348 -0.04214644
v 0.03891815 -0.01614924 -0.043
v 0.04030506 -0.01273007 -0.0425
v 0.04017729 -0.01268978 -0.043
v 0.04126092 -0.00916275 -0.0425
v 0.04113012 -0.00913375 -0.043
v 0.04190223 -0.00552569 -0.0425
v 0.0417694 -0.00550821 -0.043
v 0.04222411 -0.00184658 -0.0425
v 0.04209027 -0.00184074 -0.043
v 0.04222411 0.00184658 -0.0425
v 0.04209027 0.00184074 -0.043
v 0.04190223 0.00552569 -0.0425
v 0.0417694 0.00550821 -0.043
v 0.04126092 0.00916275 -0.0425
v 0.04113012 0.00913375 -0.043
v 0.04030506 0.01273007 -0.0425
v 0.04017729 0.01268978 -0.043
v 0.03904193 0.01620051 -0.0425
v 0.03891815 0.01614924 -0.043
v 0.03748113 0.01954765 -0.0425
v 0.03736229 0.01948579 -0.043
v 0.03563454 0.02274603 -0.0425
v 0.03552155 0.02267404 -0.043
v 0.03351623 0.02577129 -0.0425
v 0.03340994 0.02568973 -0.043
v 0.03114231 0.02860042 -0.0425
v 0.03104353 0.02850991 -0.043
v 0.02853085 0.03121188 -0.0425
v 0.02844034 0.0311131 -0.043
v 0.02570172 0.0335858 -0.0425
v 0.02562016 0.03347951 -0.043
v 0.02267646 0.03570411 -0.0425
v 0.02260447 0.03559112 -0.043
v 0.01947808 0.03755069 -0.0425
v 0.01941622 0.03743185 -0.043
v 0.01613094 0.03911149 -0.0425
v 0.01607967 0.03898772 -0.043
v 0.0126605 0.04037463 -0.0425
v 0.01262022 0.04024686 -0.043
v 0.00909318 0.04133049 -0.0425
v 0.00906418 0.04119969 -0.043
v 0.00545612 0.0419718 -0.0425
v 0.00543864 0.04183897 -0.043
v 0.00177701 0.04229368 -0.0425
v 0.00177117 0.04215984 -0.043
v -0.00191615 0.04229368 -0.0425
v -0.00191031 0.04215984 -0.043
v -0.00559526 0.0419718 -0.0425
v -0.00557778 0.04183897 -0.043
v -0.00923232 0.04133049 -0.0425
v -0.00920332 0.04119969 -0.043
v -0.01279964 0.04037463 -0.0425
v -0.01275935 0.04024686 -0.043
v -0.01627008 0.03911149 -0.0425
v -0.01621881 0.03898771 -0.043
v -0.01961722 0.0375507 -0.0425
v -0.01955536 0.03743186 -0.043
v -0.0228156 0.03570411 -0.0425
v -0.02274361 0.03559112 -0.043
v -0.02584086 0.0335858 -0.0425
v -0.0257593 0.03347951 -0.043
v -0.02866999 0.03121188 -0.0425
v -0.02857948 0.0311131 -0.043
v -0.03128145 0.02860042 -0.0425
v -0.03118267 0.02850991 -0.043
v -0.03365537 0.02577129 -0.0425
v -0.03354908 0.02568973 -0.043
v -0.03577368 0.02274603 -0.0425
v -0.03566069 0.02267404 -0.043
v -0.03762026 0.01954765 -0.0425
v -0.03750142 0.01948579 -0.043
v -0.03918106 0.01620051 -0.0425
v -0.03905728 0.01614924 -0.043
v -0.0404442 0.01273007 -0.0425
v -0.04031643 0.01268978 -0.043
v -0.04140006 0.00916275 -0.0425
v -0.04126926 0.00913375 -0.043
v -0.04204137 0.00552569 -0.0425
v -0.04190854 0.00550821 -0.043
v -0.04236325 0.00184658 -0.0425
v -0.04222941 0.00184074 -0.043
v -0.04236325 -0.00184658 -0.0425
v -0.04222941 -0.00184074 -0.043
v -0.04204137 -0.00552569 -0.0425
v -0.04190854 -0.00550821 -0.043
v -0.04140006 -0.00916275 -0.0425
v -0.04126926 -0.00913375 -0.043
v -0.0404442 -0.01273007 -0.0425
v -0.04031643 -0.01268978 -0.043
v -0.03918106 -0.01620051 -0.0425
v -0.03905728 -0.01614924 -0.043
v -0.03762027 -0.01954765 -0.0425
v -0.03750142 -0.01948579 -0.043
v -0.03577368 -0.02274603 -0.0425
v -0.03566069 -0.02267404 -0.043
v -0.03365537 -0.02577129 -0.0425
v -0.03354908 -0.02568973 -0.043
v -0.03128145 -0.02860042 -0.0425
v -0.03118267 -0.02850991 -0.043
v -0.02866999 -0.03121188 -0.0425
v -0.02857948 -0.0311131 -0.043
v -0.02584086 -0.0335858 -0.0425
v -0.0257593 -0.03347951 -0.043
v -0.0228156 -0.03570411 -0.0425
v -0.02274361 -0.03559112 -0.043
v -0.01961722 -0.03755069 -0.0425
v -0.01955536 -0.03743185 -0.043
v -0.01627008 -0.03911149 -0.0425
v -0.01621881 -0.03898772 -0.043
v -0.01279964 -0.04037463 -0.0425
v -0.01275935 -0.04024686 -0.043
v -0.00923232 -0.04133049 -0.0425
v -0.00920332 -0.04119969 -0.043
v -0.00559526 -0.0419718 -0.0425
v -0.00557777 -0.04183897 -0.043
v -0.00191615 -0.04229368 -0.0425
v -0.00191031 -0.04215984 -0.043
v 0.00177701 -0.04229368 -0.0425
v 0.00177117 -0.04215984 -0.043
v 0.00545612 -0.0419718 -0.0425
v 0.00543864 -0.04183897 -0.043
v 0.00909318 -0.04133049 -0.0425
v 0.00906418 -0.04119969 -0.043
v 0.0126605 -0.04037463 -0.0425
v 0.01262021 -0.04024686 -0.043
v 0.01613094 -0.03911149 -0.0425
v 0.01607967 -0.03898771 -0.043
v 0.01947808 -0.0375507 -0.0425
v 0.01941622 -0.03743186 -0.043
v 0.02267646 -0.03570411 -0.0425
v 0.02260447 -0.03559112 -0.043
v 0.02570172 -0.0335858 -0.0425
v 0.02562016 -0.03347951 -0.043
v 0.02853085 -0.03121188 -0.0425
v 0.02844034 -0.0311131 -0.043
v 0.03114231 -0.02860042 -0.0425
v 0.03104354 -0.02850991 -0.043
v 0.03351623 -0.02577129 -0.0425
v 0.03340994 -0.02568973 -0.043
v 0.03563454 -0.02274603 -0.0425
v 0.03552155 -0.02267404 -0.043
v 0.03748113 -0.01954765 -0.0425
v 0.03736229 -0.01948579 -0.043
v 0.03904192 -0.01620051 -0.0425
v 0.04065415 -0.01284014 -0.04213397
v 0.04161827 -0.00924197 -0.04213397
v 0.04226513 -0.00557347 -0.04213397
v 0.04258979 -0.00186255 -0.04213397
v 0.04258979 0.00186255 -0.04213397
v 0.04226513 0.00557347 -0.04213397
v 0.04161827 0.00924197 -0.04213397
v 0.04065415 0.01284014 -0.04213397
v 0.03938009 0.01634058 -0.04213397
v 0.03780579 0.01971667 -0.04213397
v 0.03594324 0.02294269 -0.04213397
v 0.03380662 0.02599411 -0.04213397
v 0.03141217 0.0288477 -0.04213397
v 0.02877813 0.03148174 -0.04213397
v 0.02592454 0.03387619 -0.04213397
v 0.02287312 0.03601281 -0.04213397
v 0.0196471 0.03787536 -0.04213397
v 0.01627101 0.03944965 -0.04213397
v 0.01277057 0.04072371 -0.04213397
v 0.0091724 0.04168784 -0.04213397
v 0.0055039 0.0423347 -0.04213397
v 0.00179298 0.04265936 -0.04213397
v -0.00193212 0.04265936 -0.04213397
v -0.00564304 0.04233469 -0.04213397
v -0.00931154 0.04168784 -0.04213397
v -0.01290971 0.04072371 -0.04213397
v -0.01641015 0.03944965 -0.04213397
v -0.01978623 0.03787536 -0.04213397
v -0.02301226 0.03601281 -0.04213397
v -0.02606368 0.03387619 -0.04213397
v -0.02891727 0.03148174 -0.04213397
v -0.03155131 0.0288477 -0.04213397
v -0.03394576 0.02599411 -0.04213397
v -0.03608238 0.02294269 -0.04213397
v -0.03794493 0.01971667 -0.04213397
v -0.03951922 0.01634058 -0.04213397
v -0.04079328 0.01284014 -0.04213397
v -0.04175741 0.00924197 -0.04213397
v -0.04240426 0.00557347 -0.04213397
v -0.04272893 0.00186255 -0.04213397
v -0.04272893 -0.00186255 -0.04213397
v -0.04240426 -0.00557347 -0.04213397
v -0.04175741 -0.00924197 -0.04213397
v -0.04079328 -0.01284014 -0.04213397
v -0.03951922 -0.01634058 -0.04213397
v -0.03794493 -0.01971667 -0.04213397
v -0.03608238 -0.02294269 -0.04213397
v -0.03394576 -0.02599411 -0.04213397
v -0.03155131 -0.0288477 -0.04213397
v -0.02891727 -0.03148174 -0.04213397
v -0.02606368 -0.03387619 -0.04213397
v -0.02301226 -0.03601281 -0.04213397
v -0.01978623 -0.03787536 -0.04213397
v -0.01641015 -0.03944965 -0.04213397
v -0.01290971 -0.04072371 -0.04213397
v -0.00931154 -0.04168784 -0.04213397
v -0.00564304 -0.0423347 -0.04213397
v -0.00193212 -0.04265936 -0.04213397
v 0.00179298 -0.04265936 -0.04213397
v 0.0055039 -0.04233469 -0.04213397
v 0.0091724 -0.04168784 -0.04213397
v 0.01277057 -0.04072371 -0.04213397
v 0.01627101 -0.03944965 -0.04213397
v 0.0196471 -0.03787536 -0.04213397
v 0.02287312 -0.03601281 -0.04213397
v 0.02592454 -0.03387619 -0.04213397
v 0.02877813 -0.03148174 -0.04213397
v 0.03141217 -0.0288477 -0.04213397
v 0.03380662 -0.02599411 -0.04213397
v 0.03594324 -0.02294269 -0.04213397
v 0.03780579 -0.01971667 -0.04213397
v 0.03938009 -0.01634058 -0.04213397
v 0.00824535 -0.00344415 -0.0465
v 0.00852766 -0.00266226 -0.0465
v 0.00890883 0.0006232 -0.0465
v 0.00807741 0.00382449 -0.0465
v 0.0061457 0.00650926 -0.0465
v 0.00337458 0.00831492 -0.0465
v 0.00013831 0.0089976 -0.0465
v -0.00312603 0.00846511 -0.0465
v -0.00597759 0.00678935 -0.0465
v -0.00803123 0.00419666 -0.0465
v -0.00900961 0.00103719 -0.0465
v -0.00878058 -0.00226236 -0.0465
v -0.00737508 -0.00525637 -0.0465
v -0.00498294 -0.00754048 -0.0465
v -0.00192722 -0.0088062 -0.0465
v 0.00137939 -0.0088826 -0.0465
v 0.00449031 -0.00775935 -0.0465
v 0.00698539 -0.00558816 -0.0465
vn 1 -0 0
vn -1 0 0
vn -0 0 1
vn 0 0 -1
vn 0.96593 0.25882 0
vn 0.70711 0.70711 0
vn 0.25882 0.96593 0
vn -0.25882 0.96593 0
vn -0.70711 0.70711 0
vn -0.96593 0.25882 0
vn -0.96593 -0.25882 0
vn -0.70711 -0.70711 0
vn -0.25882 -0.96593 0
vn 0.25882 -0.96593 0
vn 0.70711 -0.70711 0
vn 0.96593 -0.25882 0
vn 0.96593 0.25882 0
vn 0.25882 0.96593 0
vn -0.25882 0.96593 0
vn -0.96593 0.25882 0
vn -0.96593 -0.25882 0
vn -0.25882 -0.96593 0
vn 0.25882 -0.96593 0
vn 0.96593 -0.25882 0
vn 0.96593 0.25882 0
vn -0.25882 0.96593 0
vn -0.96593 0.25882 0
vn -0.25882 -0.96593 0
vn -0.96593 -0.25882 0
vn 0.96593 -0.25882 0
vn 0.25882 0.96593 0
vn 0.25882 -0.96593 0
vn 0 1 0
vn -0 -1 0
vn 0.96593 0.25882 0
vn 0.7071 0.70711 0
vn 0.25883 0.96592 0
vn -0.25883 0.96592 0
vn -0.7071 0.70711 0
vn -0.96593 0.25882 0
vn -0.70711 -0.70711 0
vn -0.25882 -0.96593 0
vn 0.25882 -0.96593 0
vn 0.70711 -0.70711 0
vn 0.96593 -0.25882 0
vn 0.96593 0.25882 0
vn 0.7071 0.70711 0
vn 0.25882 0.96592 0
vn -0.25882 0.96593 0
vn -0.96593 0.25882 0
vn -0.96593 -0.25882 0
vn -0.70711 -0.7071 0
vn -0.25881 -0.96593 0
vn 0.25882 -0.96593 0
vn 0.70711 -0.7071 0
vn 0.96593 -0.25882 0
vn 0.70711 0.70711 0
vn 0.25882 0.96592 0
vn -0.25882 0.96592 0
vn -0.70711 0.70711 0
vn -0.70711 -0.7071 0
vn -0.25882 -0.96593 0
vn 0.25882 -0.96593 0
vn 0.70711 -0.7071 0
vn 0.70711 0.70711 0
vn -0.70711 0.70711 0
vn -0.70711 -0.7071 0
vn 0.70711 -0.7071 0
vn 0.96593 0.25881 0
vn 0.7071 0.70711 0
vn 0.25883 0.96592 0
vn -0.7071 0.70711 0
vn -0.96593 0.25881 0
vn -0.96593 -0.25882 0
vn 0.25882 -0.96593 0
vn 0.96593 -0.25882 0
vn 0.96593 0.25882 0
vn -0.25883 0.96592 0
vn -0.96593 0.25882 0
vn -0.96593 -0.25882 0
vn -0.25882 -0.96593 0
vn 0.25882 0.96593 0
vn -0.25882 0.96592 0
vn -0.7071 0.70711 0
vn -0.70711 -0.7071 0
vn -0.25882 -0.96593 0
vn 0.25881 -0.96593 0
vn 0.70711 -0.7071 0
vn 0.96593 0.25882 0
vn 0.70711 0.70711 0
vn 0.25882 0.96593 0
vn -0.25882 0.96593 0
vn -0.70711 0.70711 0
vn -0.96593 -0.25882 0
vn -0.7071 -0.70711 0
vn -0.25883 -0.96592 0
vn 0.25883 -0.96592 0
vn 0.7071 -0.70711 0
vn 0.96593 -0.25882 0
vn 0.96593 0.25882 0
vn 0.70711 0.7071 0
vn 0.25882 0.96593 0
vn -0.25881 0.96593 0
vn -0.70711 0.7071 0
vn -0.96593 0.25882 0
vn -0.96593 -0.25882 0
vn -0.25882 -0.96593 0
vn 0.25882 -0.96592 0
vn 0.7071 -0.70711 0
vn 0.96593 -0.25882 0
vn 0.70711 0.7071 0
vn 0.25882 0.96593 0
vn -0.25882 0.96593 0
vn -0.70711 0.7071 0
vn -0.70711 -0.70711 0
vn -0.25882 -0.96592 0
vn 0.25882 -0.96592 0
vn 0.70711 -0.70711 0
vn 0.70711 0.7071 0
vn -0.70711 0.7071 0
vn -0.70711 -0.70711 0
vn 0.70711 -0.70711 0
vn 0.96593 0.25882 0
vn 0.25882 0.96593 0
vn -0.96593 0.25882 0
vn -0.96593 -0.25881 0
vn -0.7071 -0.70711 0
vn 0.25883 -0.96592 0
vn 0.7071 -0.70711 0
vn 0.96593 -0.25881 0
vn -0.25882 0.96593 0
vn -0.96593 0.25882 0
vn -0.96593 -0.25882 0
vn -0.25883 -0.96592 0
vn 0.96593 -0.25882 0
vn 0.70711 0.7071 0
vn 0.25881 0.96593 0
vn -0.25882 0.96593 0
vn -0.70711 0.7071 0
vn -0.7071 -0.70711 0
vn -0.25882 -0.96592 0
vn 0.25882 -0.96593 0
vn 0.98481 0.17365 0
vn 0.86603 0.5 0
vn 0.75937 0.65066 0
vn 0.71543 0.69868 0
vn 0.67328 0.73939 0
vn 0.5885 0.8085 0
vn 0.34202 0.93969 0
vn -0.34202 0.93969 0
vn -0.5885 0.8085 0
vn -0.67328 0.73939 0
vn -0.69337 0.72058 0
vn -0.73178 0.68154 0
vn -0.75937 0.65066 0
vn -0.86603 0.5 0
vn -0.98481 0.17365 0
vn -0.98481 -0.17365 0
vn -0.86603 -0.5 0
vn -0.73878 -0.67395 0
vn -0.69337 -0.72058 0
vn -0.67328 -0.73939 0
vn -0.59683 -0.80236 0
vn -0.50893 -0.86081 0
vn -0.34202 -0.93969 0
vn 0.34202 -0.93969 0
vn 0.50893 -0.86081 0
vn 0.59683 -0.80236 0
vn 0.67328 -0.73939 0
vn 0.72261 -0.69126 0
vn 0.86603 -0.5 0
vn 0.98481 -0.17365 0
vn 0.70711 0.70711 0
vn 0.25882 0.96593 0
vn -0.25882 0.96593 0
vn -0.70711 0.70711 0
vn -0.25882 -0.96593 0
vn 0.25882 -0.96593 0
vn 0.25882 0.96593 0
vn -0.25882 0.96593 0
vn -0.70711 0.70711 0
vn -0.96593 0.25882 0
vn -0.96593 -0.25882 0
vn -0.70711 -0.70711 0
vn 0.96593 0.25882 0
vn 0.70711 0.70711 0
vn 0.25882 0.96593 0
vn -0.25882 0.96593 0
vn -0.70711 0.70711 0
vn -0.96593 0.25882 0
vn -0.96593 -0.25882 0
vn -0.70711 -0.70711 0
vn -0.25882 -0.96593 0
vn 0.25882 -0.96593 0
vn 0.70711 -0.70711 0
vn 0.96593 -0.25882 0
vn -0.70711 -0.70711 0
vn -0.25882 -0.96593 0
vn 0.25882 -0.96593 0
vn 0.70711 -0.70711 0
vn 0.96593 0.25882 0
vn 0.70711 0.70711 0
vn 0.25882 0.96593 0
vn -0.25882 0.96593 0
vn -0.70711 0.70711 0
vn -0.96593 0.25882 0
vn -0.96593 -0.25882 0
vn -0.70711 -0.70711 0
vn -0.25882 -0.96593 0
vn 0.25882 -0.96593 0
vn 0.70711 -0.70711 0
vn 0.96593 -0.25882 0
vn 0.96593 0.25882 0
vn 0.70711 0.70711 0
vn 0.70711 -0.70711 0
vn 0.96593 -0.25882 0
vn 0.70711 0.70711 0
vn -0.70711 0.70711 0
vn -0.96593 -0.25882 0
vn -0.70711 -0.70711 0
vn 0.70711 -0.70711 0
vn 0.96593 -0.25882 0
vn 0.96593 0.25882 0
vn -0.96593 0.25882 0
vn -0.70711 -0.70711 0
vn 0.70711 -0.70711 0
vn 0.96593 -0.25882 0
vn 0.96593 0.25882 0
vn 0.70711 0.70711 0
vn -0.70711 0.70711 0
vn 0.96593 0.25882 0
vn 0.25882 0.96593 0
vn -0.25882 0.96593 0
vn -0.70711 0.70711 0
vn -0.96593 0.25882 0
vn -0.96593 -0.25882 0
vn -0.25882 -0.96593 0
vn 0.25882 -0.96593 0
vn 0.70711 -0.70711 0
vn 0.96593 -0.25882 0
vn 0.70711 0.70711 0
vn -0.70711 -0.70711 0
vn -0.70711 0.70711 0
vn 0.70711 -0.70711 0
vn 0.70711 0.70711 0
vn -0.70711 -0.70711 0
vn -0 -0 -1
vn 0 0 1
vn -0.51889 -0.85484 0
vn 0.48087 -0.87679 0
vn 0.99976 -0.02195 -0
vn 0.51889 0.85484 -0
vn -0.48087 0.87679 -0
vn -0.99976 0.02195 0
vn 0.99976 -0.02195 -0
vn 0.51889 0.85484 -0
vn -0.99976 0.02195 0
vn -0.48087 0.87679 -0
vn -0.99976 0.02195 0
vn 0.48087 -0.87679 0
vn 0.99976 -0.02195 -0
vn 0.51889 0.85484 -0
vn -0.98936 0.1455 0
vn -0.92956 -0.36868 0
vn -0.62068 -0.78406 0
vn -0.1455 -0.98936 0
vn 0.36868 -0.92956 0
vn 0.78406 -0.62068 0
vn 0.98936 -0.1455 -0
vn 0.92956 0.36868 -0
vn 0.62068 0.78406 -0
vn 0.1455 0.98936 -0
vn -0.36868 0.92956 -0
vn -0.78406 0.62068 -0
vn -0.98936 0.1455 0
vn -0.92956 -0.36868 0
vn -0.62068 -0.78406 0
vn -0.1455 -0.98936 0
vn 0.36868 -0.92956 0
vn 0.98936 -0.1455 -0
vn 0.92956 0.36868 -0
vn -0.36868 0.92956 -0
vn -0.98936 0.1455 0
vn -0.92956 -0.36868 0
vn -0.62068 -0.78406 0
vn -0.1455 -0.98936 0
vn 0.36868 -0.92956 0
vn 0.78406 -0.62068 0
vn 0.98936 -0.1455 -0
vn 0.92956 0.36867 -0
vn 0.62068 0.78406 -0
vn 0.1455 0.98936 -0
vn -0.36868 0.92956 -0
vn -0.78406 0.62068 -0
vn -0.91942 0.39327 0
vn -0.99039 0.13832 0
vn -0.92686 -0.37541 0
vn -0.61498 -0.78854 0
vn -0.13832 -0.99039 0
vn 0.37541 -0.92686 0
vn 0.78854 -0.61498 0
vn 0.99039 -0.13832 -0
vn 0.92686 0.37541 -0
vn 0.61498 0.78854 -0
vn 0.13832 0.99039 -0
vn -0.37541 0.92686 -0
vn -0.78631 0.61784 -0
vn -0.78854 0.61498 0.00125
vn -0.91943 0.39324 0
vn -0.99039 0.13832 0
vn -0.92686 -0.37541 0
vn -0.61498 -0.78854 0
vn -0.13832 -0.99039 0
vn 0.37541 -0.92686 0
vn 0.78854 -0.61498 0
vn 0.99039 -0.13832 -0
vn 0.92686 0.37541 -0
vn 0.61498 0.78854 -0
vn 0.13832 0.99039 -0
vn -0.37541 0.92686 -0
vn -0.78631 0.61784 -0
vn -0.78854 0.61498 0.00125
vn -0.98936 0.1455 0
vn -0.92956 -0.36868 0
vn 0.1455 0.98936 -0
vn -0.36868 0.92956 -0
vn -0.24006 -0.97058 0.01859
vn -0.15911 -0.98726 0
vn 0.00555 -0.99998 0
vn 0.0881 -0.99594 0.01859
vn 0.17007 -0.98543 0
vn 0.32995 -0.944 0
vn 0.4067 -0.91337 0.01859
vn 0.48082 -0.87682 0
vn 0.61859 -0.78572 0
vn 0.68124 -0.73182 0.0186
vn 0.73947 -0.67319 0
vn 0.84019 -0.54229 0
vn 0.88195 -0.47097 0.01859
vn 0.91799 -0.3966 -0
vn 0.97075 -0.2401 -0
vn 0.98709 -0.15909 0.01859
vn 0.99703 -0.07704 -0
vn 0.99611 0.08811 -0
vn 0.98526 0.17004 0.0186
vn 0.96802 0.25087 -0
vn 0.91353 0.40677 -0
vn 0.87667 0.48074 0.0186
vn 0.83412 0.55159 -0
vn 0.73195 0.68136 -0
vn 0.67307 0.73935 0.0186
vn 0.60982 0.79254 -0
vn 0.47106 0.8821 -0
vn 0.39653 0.91783 0.0186
vn 0.31944 0.94761 -0
vn 0.15911 0.98726 -0
vn 0.07703 0.99686 0.0186
vn -0.00555 0.99998 -0
vn -0.17007 0.98543 -0
vn -0.25082 0.96785 0.0186
vn -0.32995 0.944 -0
vn -0.48082 0.87682 -0
vn -0.55149 0.83397 0.01859
vn -0.84019 0.54229 -0
vn -0.7924 0.60972 0.0186
vn -0.73947 0.67319 -0
vn -0.61859 0.78572 -0
vn -0.90082 0.4342 -0
vn -0.93355 0.35831 0.00931
vn -0.94744 0.31939 0.0186
vn -0.97075 0.2401 0
vn -0.99703 0.07704 0
vn -0.99981 -0.00555 0.0186
vn -0.99611 -0.08811 0
vn -0.96802 -0.25087 0
vn -0.94384 -0.32989 0.01859
vn -0.91353 -0.40677 0
vn -0.83412 -0.55159 0
vn -0.78558 -0.61848 0.0186
vn -0.73195 -0.68136 0
vn -0.60982 -0.79254 0
vn -0.5422 -0.84005 0.01859
vn -0.47106 -0.8821 0
vn -0.31944 -0.94761 0
vn 0.06789 0.65886 0.74919
vn 0.19329 0.6347 0.74819
vn 0.19329 0.6347 0.74819
vn 0.32968 0.57578 0.74819
vn 0.32968 0.57578 0.74819
vn 0.44953 0.48798 0.74819
vn 0.44954 0.48798 0.74819
vn 0.54685 0.37572 0.74819
vn 0.54685 0.37572 0.74819
vn 0.61674 0.24461 0.74819
vn 0.61675 0.24461 0.74819
vn 0.65571 0.10124 0.74819
vn 0.65571 0.10124 0.74819
vn 0.6618 -0.04721 0.74819
vn 0.6618 -0.04721 0.74819
vn 0.6347 -0.19329 0.74819
vn 0.6347 -0.19329 0.74819
vn 0.57578 -0.32968 0.74819
vn 0.57578 -0.32968 0.74819
vn 0.48798 -0.44954 0.74819
vn 0.48798 -0.44954 0.74819
vn 0.37572 -0.54685 0.74819
vn 0.37571 -0.54685 0.7482
vn 0.24461 -0.61674 0.7482
vn 0.24461 -0.61675 0.74819
vn 0.10124 -0.65571 0.74819
vn 0.10124 -0.65571 0.74819
vn -0.04721 -0.6618 0.74819
vn -0.04721 -0.6618 0.74819
vn -0.19329 -0.6347 0.74819
vn -0.19329 -0.6347 0.74819
vn -0.32968 -0.57578 0.74819
vn -0.32968 -0.57578 0.74819
vn -0.44954 -0.48798 0.74819
vn -0.44954 -0.48798 0.74819
vn -0.54685 -0.37572 0.74819
vn -0.54685 -0.37572 0.74819
vn -0.61675 -0.24461 0.74819
vn -0.61675 -0.24461 0.74819
vn -0.65571 -0.10124 0.74819
vn -0.65571 -0.10124 0.74819
vn -0.6618 0.04721 0.74819
vn -0.6618 0.04721 0.74819
vn -0.6347 0.19329 0.74819
vn -0.6347 0.19329 0.74819
vn -0.57578 0.32968 0.74819
vn -0.57578 0.32968 0.74819
vn -0.48798 0.44954 0.74819
vn -0.48798 0.44954 0.74819
vn -0.37572 0.54685 0.74819
vn -0.37572 0.54685 0.74819
vn -0.24461 0.61675 0.74819
vn -0.24461 0.61675 0.74819
vn -0.08074 0.66006 0.74686
vn -0.08074 0.66006 0.74686
vn 0.06789 0.65886 0.7492
vn -0.23793 0.02452 0.97097
vn -0.22947 0.06988 0.9708
vn -0.22947 0.06988 0.9708
vn -0.20817 0.11919 0.9708
vn -0.20817 0.11919 0.9708
vn -0.17643 0.16253 0.9708
vn -0.17643 0.16253 0.9708
vn -0.13584 0.19771 0.9708
vn -0.13584 0.19771 0.9708
vn -0.08844 0.22298 0.9708
vn -0.08844 0.22298 0.9708
vn -0.02924 0.23901 0.97058
vn -0.02924 0.23901 0.97058
vn 0.02452 0.23793 0.97097
vn 0.02452 0.23793 0.97097
vn 0.06988 0.22947 0.9708
vn 0.06988 0.22947 0.9708
vn 0.11919 0.20817 0.9708
vn 0.11919 0.20817 0.9708
vn 0.16253 0.17643 0.9708
vn 0.16253 0.17643 0.9708
vn 0.19771 0.13584 0.9708
vn 0.19771 0.13584 0.9708
vn 0.22298 0.08844 0.9708
vn 0.22298 0.08844 0.9708
vn 0.23707 0.0366 0.9708
vn 0.23707 0.0366 0.9708
vn 0.23927 -0.01707 0.9708
vn 0.23927 -0.01707 0.9708
vn 0.22947 -0.06988 0.9708
vn 0.22948 -0.06988 0.9708
vn 0.20817 -0.1192 0.9708
vn 0.20817 -0.11919 0.9708
vn 0.17643 -0.16253 0.9708
vn 0.17643 -0.16253 0.9708
vn 0.13584 -0.19771 0.9708
vn 0.13584 -0.19771 0.9708
vn 0.08844 -0.22298 0.9708
vn 0.08844 -0.22298 0.9708
vn 0.0366 -0.23707 0.9708
vn 0.0366 -0.23707 0.9708
vn -0.01707 -0.23927 0.9708
vn -0.01707 -0.23927 0.9708
vn -0.06988 -0.22947 0.9708
vn -0.06988 -0.22947 0.9708
vn -0.11919 -0.20817 0.9708
vn -0.11919 -0.20817 0.9708
vn -0.16253 -0.17643 0.9708
vn -0.16253 -0.17643 0.9708
vn -0.19771 -0.13584 0.9708
vn -0.19771 -0.13584 0.9708
vn -0.22298 -0.08844 0.9708
vn -0.22298 -0.08844 0.9708
vn -0.23707 -0.0366 0.9708
vn -0.23707 -0.0366 0.9708
vn -0.23856 -0.00227 0.97113
vn -0.26017 0.01856 0.96538
vn -0.98936 0.1455 0
vn -0.92956 -0.36867 0
vn -0.62068 -0.78406 0
vn -0.1455 -0.98936 0
vn 0.36868 -0.92956 0
vn 0.98936 -0.1455 -0
vn 0.92956 0.36868 -0
vn 0.62068 0.78406 -0
vn 0.1455 0.98936 -0
vn -0.36868 0.92956 -0
vn 0.36868 -0.92956 0
vn 0.98936 -0.1455 -0
vn 0.92956 0.36868 -0
vn 0.62068 0.78406 -0
vn 0.24461 -0.61675 0.74819
vn 0.24461 -0.61675 0.74819
vn -0.19329 -0.6347 0.74819
vn -0.32968 -0.57578 0.74819
vn -0.32968 -0.57578 0.74819
vn -0.448 -0.48922 0.7483
vn -0.448 -0.48922 0.7483
vn -0.54339 -0.3805 0.7483
vn -0.54339 -0.3805 0.7483
vn -0.58156 -0.31447 0.75026
vn -0.58156 -0.31448 0.75026
vn -0.61674 -0.24461 0.74819
vn -0.65571 -0.10124 0.74819
vn -0.65571 -0.10124 0.74819
vn -0.6618 0.04721 0.74819
vn -0.6618 0.04721 0.74819
vn -0.6347 0.19329 0.74819
vn -0.6347 0.19329 0.74819
vn -0.57578 0.32968 0.74819
vn -0.57578 0.32968 0.74819
vn -0.48798 0.44954 0.74819
vn -0.48798 0.44953 0.74819
vn -0.37571 0.54685 0.74819
vn -0.37571 0.54685 0.74819
vn -0.24461 0.61674 0.74819
vn -0.24461 0.61675 0.74819
vn -0.10124 0.65571 0.74819
vn -0.10124 0.65571 0.74819
vn 0.04721 0.6618 0.74819
vn 0.04721 0.6618 0.74819
vn 0.19329 0.6347 0.74819
vn 0.19329 0.6347 0.74819
vn 0.32968 0.57578 0.74819
vn 0.32968 0.57578 0.74819
vn 0.44954 0.48798 0.74819
vn 0.44954 0.48798 0.74819
vn 0.54685 0.37572 0.74819
vn 0.54685 0.37572 0.74819
vn 0.61675 0.24461 0.74819
vn 0.65571 0.10124 0.74819
vn 0.6618 -0.04721 0.74819
vn 0.6618 -0.04721 0.74819
vn 0.6347 -0.19329 0.74819
vn 0.6347 -0.19329 0.74819
vn 0.57578 -0.32968 0.74819
vn 0.48798 -0.44954 0.74819
vn 0.48798 -0.44954 0.74819
vn 0.14005 -0.20127 0.96947
vn 0.11343 -0.20976 0.97115
vn 0.08844 -0.22298 0.9708
vn 0.08844 -0.22298 0.9708
vn -0.16195 -0.17685 0.97082
vn -0.16195 -0.17685 0.97082
vn -0.19643 -0.13755 0.97082
vn -0.19643 -0.13755 0.97082
vn -0.20976 -0.11343 0.97115
vn -0.20976 -0.11342 0.97115
vn -0.22298 -0.08844 0.9708
vn -0.22298 -0.08844 0.9708
vn -0.23707 -0.0366 0.9708
vn -0.23927 0.01707 0.9708
vn -0.23927 0.01707 0.9708
vn -0.22947 0.06988 0.9708
vn -0.22947 0.06988 0.9708
vn -0.20817 0.11919 0.9708
vn -0.20817 0.11919 0.9708
vn -0.17643 0.16253 0.9708
vn -0.17643 0.16253 0.9708
vn -0.13584 0.19771 0.9708
vn -0.13584 0.19771 0.9708
vn -0.08844 0.22298 0.9708
vn -0.08844 0.22298 0.9708
vn -0.0366 0.23707 0.9708
vn -0.0366 0.23707 0.9708
vn 0.01707 0.23927 0.9708
vn 0.01707 0.23927 0.9708
vn 0.06988 0.22947 0.9708
vn 0.06988 0.22947 0.9708
vn 0.11919 0.20817 0.9708
vn 0.11919 0.20817 0.9708
vn 0.16253 0.17643 0.9708
vn 0.16253 0.17643 0.9708
vn 0.19771 0.13584 0.9708
vn 0.19771 0.13584 0.9708
vn 0.22298 0.08844 0.9708
vn 0.22298 0.08844 0.9708
vn 0.23707 0.0366 0.9708
vn 0.23707 0.0366 0.9708
vn 0.23927 -0.01707 0.9708
vn 0.23927 -0.01707 0.9708
vn 0.22947 -0.06988 0.9708
vn 0.22947 -0.06988 0.9708
vn 0.20817 -0.11919 0.9708
vn 0.20817 -0.11919 0.9708
vn 0.17643 -0.16253 0.9708
vn 0.17643 -0.16253 0.9708
vn 0.13584 -0.19771 0.9708
vn 0.37572 -0.54685 0.74819
vn 0.37572 -0.54685 0.74819
vn -0.91943 0.39324 0
vn -0.99039 0.13832 0
vn -0.92686 -0.37541 0
vn -0.61498 -0.78854 0
vn 0.99039 -0.13832 -0
vn 0.92686 0.37541 -0
vn 0.61498 0.78854 -0
vn 0.13832 0.99039 -0
vn -0.37541 0.92686 -0
vn -0.78631 0.61784 -0
vn -0.78854 0.61498 0.00125
vn 0.44954 0.48798 0.74819
vn 0.44954 0.48798 0.74819
vn 0.54685 0.37572 0.74819
vn 0.54685 0.37572 0.74819
vn 0.61675 0.24461 0.74819
vn 0.61674 0.24461 0.74819
vn 0.65571 0.10124 0.74819
vn 0.65571 0.10124 0.74819
vn 0.6618 -0.04721 0.74819
vn 0.6618 -0.04721 0.74819
vn 0.6347 -0.19329 0.74819
vn 0.6347 -0.19329 0.74819
vn 0.58822 -0.30376 0.74949
vn 0.58822 -0.30376 0.74949
vn 0.50865 -0.42937 0.74627
vn 0.50865 -0.42937 0.74627
vn 0.37572 -0.54685 0.74819
vn 0.37572 -0.54685 0.74819
vn 0.24461 -0.61675 0.74819
vn 0.24461 -0.61675 0.74819
vn 0.10124 -0.65571 0.74819
vn 0.10124 -0.65571 0.7482
vn -0.04721 -0.6618 0.7482
vn -0.04721 -0.6618 0.74819
vn -0.19329 -0.6347 0.74819
vn -0.19329 -0.6347 0.74819
vn -0.32968 -0.57578 0.74819
vn -0.32968 -0.57578 0.74819
vn -0.44954 -0.48798 0.74819
vn -0.44954 -0.48798 0.74819
vn -0.54685 -0.37572 0.74819
vn -0.54685 -0.37571 0.7482
vn -0.61674 -0.24461 0.7482
vn -0.61674 -0.24461 0.74819
vn -0.65571 -0.10124 0.74819
vn -0.65571 -0.10124 0.74819
vn -0.6618 0.04721 0.74819
vn -0.6618 0.04721 0.74819
vn -0.6347 0.19329 0.74819
vn -0.6347 0.19329 0.74819
vn -0.57578 0.32968 0.74819
vn -0.57578 0.32968 0.74819
vn -0.48798 0.44954 0.74819
vn -0.48798 0.44954 0.74819
vn -0.37572 0.54685 0.74819
vn -0.37572 0.54685 0.74819
vn -0.24461 0.61674 0.74819
vn -0.24461 0.61675 0.74819
vn -0.10124 0.65571 0.74819
vn -0.10124 0.65571 0.74819
vn 0.04721 0.6618 0.74819
vn 0.04721 0.6618 0.74819
vn 0.19329 0.6347 0.74819
vn 0.19329 0.6347 0.74819
vn 0.1308 0.25328 0.95851
vn 0.13256 0.19847 0.9711
vn 0.16253 0.17643 0.9708
vn 0.16253 0.17643 0.9708
vn 0.19771 0.13584 0.9708
vn 0.19771 0.13584 0.9708
vn 0.22298 0.08844 0.9708
vn 0.22298 0.08844 0.9708
vn 0.23707 0.0366 0.9708
vn 0.23707 0.0366 0.9708
vn 0.23927 -0.01707 0.9708
vn 0.23927 -0.01707 0.9708
vn 0.22947 -0.06988 0.9708
vn 0.22947 -0.06988 0.9708
vn 0.21235 -0.10966 0.97102
vn 0.21235 -0.10966 0.97102
vn 0.18431 -0.15559 0.97047
vn 0.18431 -0.15559 0.97047
vn 0.13584 -0.19771 0.9708
vn 0.13584 -0.19771 0.9708
vn 0.08844 -0.22298 0.9708
vn 0.08844 -0.22298 0.9708
vn 0.0366 -0.23707 0.9708
vn 0.0366 -0.23707 0.9708
vn -0.01707 -0.23927 0.9708
vn -0.01707 -0.23927 0.9708
vn -0.06988 -0.22947 0.9708
vn -0.06988 -0.22948 0.9708
vn -0.11919 -0.20817 0.9708
vn -0.11919 -0.20817 0.9708
vn -0.16253 -0.17643 0.9708
vn -0.16253 -0.17643 0.9708
vn -0.19771 -0.13584 0.9708
vn -0.19771 -0.13584 0.9708
vn -0.22298 -0.08844 0.9708
vn -0.22298 -0.08844 0.9708
vn -0.23707 -0.0366 0.9708
vn -0.23707 -0.0366 0.9708
vn -0.23927 0.01707 0.9708
vn -0.23927 0.01707 0.9708
vn -0.22947 0.06988 0.9708
vn -0.22947 0.06988 0.9708
vn -0.20817 0.11919 0.9708
vn -0.20817 0.11919 0.9708
vn -0.17643 0.16253 0.9708
vn -0.17643 0.16253 0.9708
vn -0.13584 0.19771 0.9708
vn -0.13584 0.19771 0.9708
vn -0.08844 0.22298 0.9708
vn -0.08844 0.22298 0.9708
vn -0.0366 0.23707 0.9708
vn -0.0366 0.23707 0.9708
vn 0.01707 0.23927 0.9708
vn 0.01707 0.23927 0.9708
vn 0.06988 0.22947 0.9708
vn 0.06988 0.22947 0.9708
vn 0.11919 0.20817 0.9708
vn 0.32968 0.57578 0.74819
vn 0.32968 0.57578 0.74819
vn 0.12471 0.48002 0.86835
vn 0.06561 0.50884 0.85836
vn 0.2515 0.436 0.86409
vn 0.30105 0.39452 0.86817
vn 0.35562 0.35589 0.86422
vn 0.47348 0.1976 0.85836
vn 0.47347 0.1976 0.85836
vn 0.50884 -0.06561 0.85836
vn 0.50884 -0.06561 0.85836
vn 0.40787 -0.31124 0.85836
vn 0.40787 -0.31124 0.85836
vn 0.1976 -0.47347 0.85836
vn 0.1976 -0.47347 0.85836
vn -0.00249 0.50311 0.86422
vn -0.1976 0.47347 0.85836
vn -0.1976 0.47347 0.85836
vn -0.40787 0.31124 0.85836
vn -0.40787 0.31124 0.85836
vn -0.50884 0.06561 0.85836
vn -0.50884 0.06561 0.85836
vn -0.47347 -0.1976 0.85836
vn -0.47348 -0.1976 0.85836
vn -0.35562 -0.35589 0.86422
vn -0.30105 -0.39452 0.86817
vn -0.2515 -0.436 0.86409
vn -0.06561 -0.50884 0.85836
vn -0.12471 -0.48002 0.86835
vn 0.00249 -0.50311 0.86422
vn 0.12471 0.48002 0.86835
vn 0.06561 0.50884 0.85836
vn 0.2515 0.436 0.86409
vn 0.30105 0.39452 0.86817
vn 0.35562 0.35589 0.86422
vn 0.47348 0.1976 0.85836
vn 0.47347 0.1976 0.85836
vn 0.50884 -0.06561 0.85836
vn 0.50884 -0.06561 0.85836
vn 0.40786 -0.31124 0.85836
vn 0.40786 -0.31124 0.85836
vn 0.1976 -0.47347 0.85836
vn -0.00249 0.50311 0.86422
vn -0.40787 0.31124 0.85836
vn -0.40787 0.31124 0.85836
vn -0.50884 0.06561 0.85836
vn -0.50884 0.06561 0.85836
vn -0.47347 -0.1976 0.85836
vn -0.47348 -0.1976 0.85836
vn -0.35562 -0.35589 0.86422
vn -0.30105 -0.39452 0.86817
vn -0.2515 -0.436 0.86409
vn -0.06561 -0.50884 0.85836
vn -0.12471 -0.48002 0.86835
vn 0.00249 -0.50311 0.86422
vn 0.12471 0.48002 0.86835
vn 0.06561 0.50884 0.85836
vn 0.2515 0.436 0.86409
vn 0.30105 0.39452 0.86817
vn 0.35562 0.35589 0.86422
vn 0.47347 0.1976 0.85836
vn 0.47347 0.1976 0.85836
vn 0.50884 -0.06561 0.85836
vn 0.50884 -0.06561 0.85836
vn 0.40787 -0.31123 0.85836
vn 0.40787 -0.31124 0.85836
vn 0.1976 -0.47348 0.85836
vn -0.00249 0.50311 0.86422
vn -0.1976 0.47347 0.85836
vn -0.1976 0.47348 0.85836
vn -0.40787 0.31124 0.85836
vn -0.40787 0.31124 0.85836
vn -0.50884 0.06561 0.85836
vn -0.50884 0.06561 0.85836
vn -0.47347 -0.1976 0.85836
vn -0.47347 -0.1976 0.85836
vn -0.35562 -0.35589 0.86422
vn -0.30105 -0.39452 0.86817
vn -0.2515 -0.436 0.86409
vn -0.06561 -0.50884 0.85836
vn -0.12471 -0.48002 0.86835
vn 0.00249 -0.50311 0.86422
vn 0.12471 0.48002 0.86835
vn 0.06561 0.50884 0.85836
vn 0.2515 0.436 0.86409
vn 0.30105 0.39452 0.86817
vn 0.47347 0.1976 0.85836
vn 0.50884 -0.06561 0.85836
vn 0.50884 -0.06561 0.85836
vn 0.40787 -0.31124 0.85836
vn 0.40787 -0.31124 0.85836
vn 0.1976 -0.47348 0.85836
vn 0.1976 -0.47347 0.85836
vn -0.00249 0.50311 0.86422
vn -0.1976 0.47347 0.85836
vn -0.40787 0.31124 0.85836
vn -0.50884 0.06561 0.85836
vn -0.47347 -0.1976 0.85836
vn -0.47347 -0.1976 0.85836
vn -0.30105 -0.39452 0.86817
vn 0.12471 0.48002 0.86835
vn 0.06561 0.50884 0.85836
vn 0.2515 0.436 0.86409
vn 0.30105 0.39452 0.86817
vn 0.35562 0.35589 0.86422
vn 0.1976 -0.47347 0.85836
vn -0.47347 -0.1976 0.85836
vn -0.47348 -0.1976 0.85836
vn -0.35562 -0.35589 0.86422
vn -0.30105 -0.39452 0.86817
vn -0.2515 -0.436 0.86409
vn -0.06561 -0.50884 0.85836
vn -0.12471 -0.48002 0.86835
vn 0.00249 -0.50311 0.86422
vn 0.12471 0.48002 0.86835
vn 0.06561 0.50884 0.85836
vn 0.30105 0.39452 0.86817
vn 0.35562 0.35589 0.86422
vn 0.47348 0.1976 0.85836
vn 0.47347 0.1976 0.85836
vn 0.50884 -0.06561 0.85836
vn 0.50884 -0.06561 0.85836
vn 0.40787 -0.31124 0.85836
vn 0.40787 -0.31124 0.85836
vn -0.00249 0.50311 0.86422
vn -0.40786 0.31124 0.85836
vn -0.40786 0.31124 0.85836
vn -0.50884 0.06561 0.85836
vn -0.35562 -0.35589 0.86422
vn -0.30105 -0.39452 0.86817
vn -0.2515 -0.436 0.86409
vn -0.06561 -0.50884 0.85836
vn -0.12471 -0.48002 0.86835
vn 0.00249 -0.50311 0.86422
vn 0.50884 -0.06561 0.85836
vn 0.40787 -0.31124 0.85836
vn 0.40787 -0.31124 0.85836
vn -0.40787 0.31124 0.85836
vn -0.40787 0.31123 0.85836
vn -0.50884 0.06561 0.85836
vn -0.50884 0.06561 0.85836
vn 0.30105 0.39452 0.86817
vn 0.47347 0.1976 0.85836
vn 0.47347 0.1976 0.85836
vn 0.50884 -0.06561 0.85836
vn 0.40787 -0.31124 0.85836
vn -0.1976 0.47347 0.85836
vn -0.1976 0.47348 0.85836
vn -0.40787 0.31124 0.85836
vn -0.40787 0.31124 0.85836
vn -0.50884 0.06561 0.85836
vn -0.50884 0.06561 0.85836
vn -0.47347 -0.1976 0.85836
vn -0.30105 -0.39452 0.86817
vn -0.06561 -0.50884 0.85836
vn -0.12471 -0.48002 0.86835
vn 0.66859 0.26517 0.69475
vn 0.66859 0.26517 0.69475
vn 0.44643 0.56394 0.69475
vn 0.44643 0.56394 0.69475
vn 0.10465 0.7116 0.69475
vn 0.10465 0.7116 0.69475
vn -0.26517 0.66859 0.69475
vn -0.26517 0.66859 0.69475
vn -0.56394 0.44643 0.69475
vn -0.56394 0.44643 0.69475
vn -0.7116 0.10465 0.69475
vn -0.7116 0.10465 0.69475
vn -0.66859 -0.26517 0.69475
vn -0.66859 -0.26517 0.69475
vn -0.44643 -0.56394 0.69475
vn -0.44643 -0.56394 0.69475
vn -0.10465 -0.7116 0.69475
vn -0.10465 -0.7116 0.69475
vn 0.26517 -0.66859 0.69475
vn 0.26517 -0.66859 0.69475
vn 0.56394 -0.44643 0.69475
vn 0.56394 -0.44643 0.69475
vn 0.7116 -0.10465 0.69475
vn 0.7116 -0.10465 0.69475
vn -0.10612 -0.66241 0.74159
vn -0.09839 -0.66907 0.73666
vn -0.0197 -0.69645 0.71733
vn 0.04631 -0.70604 0.70666
vn 0.26517 -0.66859 0.69475
vn 0.26517 -0.66859 0.69475
vn 0.56394 -0.44643 0.69475
vn 0.56394 -0.44643 0.69475
vn 0.7116 -0.10465 0.69475
vn 0.7116 -0.10465 0.69475
vn 0.66859 0.26517 0.69475
vn 0.66859 0.26517 0.69475
vn 0.44643 0.56394 0.69475
vn 0.44643 0.56394 0.69475
vn 0.10465 0.7116 0.69475
vn -0.26517 0.66859 0.69475
vn -0.26517 0.66859 0.69475
vn -0.56394 0.44643 0.69475
vn -0.56394 0.44643 0.69475
vn -0.7116 0.10465 0.69475
vn -0.7116 0.10465 0.69475
vn -0.66859 -0.26517 0.69475
vn -0.66859 -0.26517 0.69475
vn -0.44643 -0.56394 0.69475
vn -0.22742 -0.67076 0.70595
vn 0.66859 0.26517 0.69475
vn 0.66859 0.26517 0.69475
vn 0.44643 0.56394 0.69475
vn 0.10465 0.7116 0.69475
vn 0.10465 0.7116 0.69475
vn -0.26517 0.66859 0.69475
vn -0.26517 0.66859 0.69475
vn -0.56394 0.44643 0.69475
vn -0.56394 0.44643 0.69475
vn -0.7116 0.10465 0.69475
vn -0.7116 0.10465 0.69475
vn -0.66859 -0.26517 0.69475
vn -0.66859 -0.26517 0.69475
vn -0.44643 -0.56394 0.69475
vn -0.44643 -0.56394 0.69475
vn -0.10465 -0.7116 0.69475
vn -0.10465 -0.7116 0.69475
vn 0.26517 -0.66859 0.69475
vn 0.26517 -0.66859 0.69475
vn 0.56394 -0.44643 0.69475
vn 0.56394 -0.44643 0.69475
vn 0.7116 -0.10465 0.69475
vn 0.7116 -0.10465 0.69475
vn 0.71234 -0.09949 0.69475
vn 0.71234 -0.09949 0.69475
vn 0.66665 0.27001 0.69475
vn 0.66665 0.27001 0.69475
vn 0.44233 0.56716 0.69475
vn 0.44233 0.56716 0.69475
vn 0.09949 0.71234 0.69475
vn 0.09949 0.71234 0.69475
vn -0.27001 0.66665 0.69475
vn -0.27001 0.66665 0.69475
vn -0.56716 0.44233 0.69475
vn -0.56716 0.44233 0.69475
vn -0.71234 0.09949 0.69475
vn -0.66665 -0.27001 0.69475
vn -0.66665 -0.27001 0.69475
vn -0.44233 -0.56716 0.69475
vn -0.44233 -0.56716 0.69475
vn -0.09949 -0.71234 0.69475
vn -0.09949 -0.71234 0.69475
vn 0.27001 -0.66665 0.69475
vn 0.27001 -0.66665 0.69475
vn 0.56529 -0.44417 0.69509
vn 0.56529 -0.44417 0.69509
vn 0.65013 -0.27808 0.7071
vn 0.65013 -0.27809 0.7071
vn 0.71234 -0.09949 0.69475
vn 0.71234 -0.09949 0.69475
vn 0.66665 0.27001 0.69475
vn 0.66665 0.27001 0.69475
vn 0.44233 0.56716 0.69475
vn 0.44233 0.56716 0.69475
vn 0.09949 0.71234 0.69475
vn 0.09949 0.71234 0.69475
vn -0.27001 0.66665 0.69475
vn -0.27001 0.66665 0.69475
vn -0.56716 0.44233 0.69475
vn -0.56716 0.44233 0.69475
vn -0.71234 0.09949 0.69475
vn -0.71234 0.09949 0.69475
vn -0.66665 -0.27001 0.69475
vn -0.66665 -0.27001 0.69475
vn -0.44233 -0.56716 0.69475
vn -0.44233 -0.56716 0.69475
vn -0.09949 -0.71234 0.69475
vn -0.09949 -0.71234 0.69475
vn 0.27001 -0.66665 0.69475
vn 0.27001 -0.66665 0.69475
vn 0.56529 -0.44418 0.69509
vn 0.56529 -0.44418 0.69509
vn 0.65014 -0.27807 0.7071
vn 0.65014 -0.27807 0.7071
vn 0.10465 0.7116 0.69475
vn 0.10465 0.7116 0.69475
vn -0.26517 0.66859 0.69475
vn -0.26517 0.66859 0.69475
vn -0.56394 0.44643 0.69475
vn -0.56394 0.44643 0.69475
vn -0.7116 0.10465 0.69475
vn -0.7116 0.10465 0.69475
vn -0.66859 -0.26517 0.69475
vn -0.66859 -0.26517 0.69475
vn -0.44643 -0.56394 0.69475
vn -0.44643 -0.56394 0.69475
vn -0.1127 -0.69929 0.7059
vn -0.1127 -0.69929 0.7059
vn 0.00393 -0.7083 0.7059
vn 0.00393 -0.7083 0.7059
vn 0.12046 -0.698 0.7059
vn 0.12046 -0.698 0.7059
vn 0.23371 -0.66865 0.7059
vn 0.23371 -0.66865 0.7059
vn 0.34058 -0.62106 0.7059
vn 0.34058 -0.62106 0.7059
vn 0.43815 -0.55654 0.7059
vn 0.43815 -0.55654 0.7059
vn 0.52378 -0.47683 0.7059
vn 0.52378 -0.47683 0.7059
vn 0.59512 -0.38411 0.7059
vn 0.65023 -0.28092 0.7059
vn 0.65023 -0.28092 0.7059
vn 0.6876 -0.17007 0.7059
vn 0.6876 -0.17007 0.7059
vn 0.70621 -0.05457 0.7059
vn 0.70621 -0.05457 0.7059
vn 0.70556 0.06241 0.7059
vn 0.70556 0.06241 0.7059
vn 0.68566 0.17769 0.7059
vn 0.68566 0.17769 0.7059
vn 0.64707 0.28812 0.7059
vn 0.64707 0.28812 0.7059
vn 0.59082 0.3907 0.7059
vn 0.59082 0.3907 0.7059
vn 0.51845 0.48262 0.7059
vn 0.51845 0.48262 0.7059
vn 0.43195 0.56137 0.7059
vn 0.43195 0.56137 0.7059
vn 0.33366 0.62481 0.7059
vn 0.33366 0.62481 0.7059
vn 0.22627 0.6712 0.7059
vn 0.22627 0.6712 0.7059
vn 0.1127 0.69929 0.7059
vn 0.1127 0.69929 0.7059
vn -0.00393 0.7083 0.7059
vn -0.00393 0.7083 0.7059
vn -0.12046 0.698 0.7059
vn -0.12046 0.698 0.7059
vn -0.23371 0.66865 0.7059
vn -0.23371 0.66865 0.7059
vn -0.34058 0.62106 0.7059
vn -0.34058 0.62106 0.7059
vn -0.43815 0.55654 0.7059
vn -0.43815 0.55654 0.7059
vn -0.52378 0.47683 0.7059
vn -0.52378 0.47683 0.7059
vn -0.59512 0.38411 0.7059
vn -0.63725 0.30716 0.7068
vn -0.63725 0.30716 0.7068
vn -0.66043 0.25349 0.7068
vn -0.66043 0.25349 0.7068
vn -0.6876 0.17007 0.7059
vn -0.6876 0.17007 0.7059
vn -0.70621 0.05457 0.7059
vn -0.70621 0.05457 0.7059
vn -0.70556 -0.06241 0.7059
vn -0.70556 -0.06241 0.7059
vn -0.68566 -0.17769 0.7059
vn -0.68566 -0.17769 0.7059
vn -0.64707 -0.28812 0.7059
vn -0.64707 -0.28812 0.7059
vn -0.59082 -0.3907 0.7059
vn -0.59082 -0.3907 0.7059
vn -0.51845 -0.48262 0.7059
vn -0.51845 -0.48262 0.7059
vn -0.43195 -0.56137 0.7059
vn -0.43195 -0.56137 0.7059
vn -0.33366 -0.62481 0.7059
vn -0.33366 -0.62481 0.7059
vn -0.22627 -0.6712 0.7059
vn -0.22627 -0.6712 0.7059
vn 0.61557 -0.35246 0.70487
vn 0.6156 -0.45093 0.64629
vn 0.5217 -0.4806 0.70487
vn 0.40168 -0.58464 0.70487
vn 0.35898 -0.67338 0.64629
vn 0.26151 -0.65937 0.70487
vn 0.02934 -0.71542 0.69807
vn 0.09617 -0.78624 0.61039
vn -0.0726 -0.70453 0.70595
vn -0.28398 -0.6573 0.69807
vn -0.23984 -0.78755 0.56766
vn -0.35246 -0.61557 0.70487
vn -0.54105 -0.469 0.69807
vn -0.5578 -0.6055 0.56766
vn -0.58464 -0.40168 0.70487
vn -0.69096 -0.1878 0.69807
vn -0.76527 -0.30352 0.56766
vn -0.70103 -0.10823 0.70487
vn -0.70753 0.05047 0.70487
vn -0.75029 0.13918 0.64629
vn -0.67857 0.20665 0.70487
vn -0.61557 0.35246 0.70487
vn -0.6156 0.45093 0.64629
vn -0.5217 0.4806 0.70487
vn -0.33684 0.63185 0.69807
vn -0.4662 0.67855 0.56766
vn -0.26151 0.65937 0.70487
vn -0.02934 0.71542 0.69807
vn -0.12562 0.81362 0.56766
vn 0.05047 0.70754 0.70487
vn 0.28398 0.6573 0.69807
vn 0.23984 0.78755 0.56766
vn 0.35246 0.61557 0.70487
vn 0.4806 0.5217 0.70487
vn 0.57661 0.49982 0.64629
vn 0.58464 0.40168 0.70487
vn 0.65937 0.26151 0.70487
vn 0.73638 0.20014 0.64629
vn 0.70103 0.10823 0.70487
vn 0.70402 -0.13059 0.69807
vn 0.82118 -0.05858 0.56766
vn 0.67857 -0.20665 0.70487
vn 0.66859 0.26517 0.69475
vn 0.66859 0.26517 0.69475
vn 0.44643 0.56394 0.69475
vn 0.44643 0.56394 0.69475
vn 0.10465 0.7116 0.69475
vn 0.10465 0.7116 0.69475
vn -0.26517 0.66859 0.69475
vn -0.26517 0.66859 0.69475
vn -0.56394 0.44643 0.69475
vn -0.56394 0.44643 0.69475
vn -0.7116 0.10465 0.69475
vn -0.7116 0.10465 0.69475
vn -0.66859 -0.26517 0.69475
vn -0.66859 -0.26517 0.69475
vn -0.44643 -0.56394 0.69475
vn -0.10465 -0.7116 0.69475
vn -0.10465 -0.7116 0.69475
vn 0.26517 -0.66859 0.69475
vn 0.26517 -0.66859 0.69475
vn 0.56394 -0.44643 0.69475
vn 0.56394 -0.44643 0.69475
vn 0.7116 -0.10465 0.69475
vn 0.7116 -0.10465 0.69475
vn 0.66859 0.26517 0.69475
vn 0.66859 0.26517 0.69475
vn 0.44643 0.56394 0.69475
vn -0.10465 -0.7116 0.69475
vn 0.26517 -0.66859 0.69475
vn 0.26517 -0.66859 0.69475
vn 0.56394 -0.44643 0.69475
vn 0.56394 -0.44643 0.69475
vn 0.7116 -0.10465 0.69475
vn 0.7116 -0.10465 0.69475
vn 0.4662 -0.67855 0.56766
vn 0.33684 -0.63185 0.69807
vn 0.52171 -0.4806 0.70487
vn 0.6156 -0.45093 0.64629
vn 0.61557 -0.35246 0.70487
vn 0.26151 -0.65937 0.70487
vn 0.10823 -0.70103 0.70487
vn 0.03127 -0.76245 0.64629
vn -0.05047 -0.70754 0.70487
vn -0.28398 -0.65731 0.69807
vn -0.23984 -0.78755 0.56766
vn -0.35246 -0.61557 0.70487
vn -0.54105 -0.469 0.69807
vn -0.55779 -0.6055 0.56766
vn -0.58464 -0.40168 0.70487
vn -0.65937 -0.26151 0.70487
vn -0.73638 -0.20014 0.64629
vn -0.70103 -0.10823 0.70487
vn -0.70402 0.13059 0.69807
vn -0.82118 0.05858 0.56766
vn -0.67857 0.20665 0.70487
vn -0.57763 0.42312 0.69807
vn -0.71444 0.40907 0.56766
vn -0.5217 0.4806 0.70487
vn -0.40168 0.58464 0.70487
vn -0.35898 0.67338 0.64629
vn -0.26151 0.65937 0.70487
vn 0.20665 0.67857 0.70487
vn 0.30264 0.70051 0.64629
vn 0.35246 0.61557 0.70487
vn 0.47897 0.52304 0.70499
vn 0.57659 0.4998 0.64633
vn 0.58337 0.40849 0.702
vn 0.622 0.33635 0.7071
vn 0.69096 0.1878 0.69807
vn 0.76527 0.30352 0.56766
vn 0.67856 -0.20665 0.70487
vn 0.71234 -0.09949 0.69475
vn 0.71234 -0.09949 0.69475
vn 0.66665 0.27001 0.69475
vn 0.66665 0.27001 0.69475
vn 0.44233 0.56716 0.69475
vn 0.44233 0.56716 0.69475
vn 0.09949 0.71234 0.69475
vn 0.09949 0.71234 0.69475
vn -0.71234 0.09949 0.69475
vn -0.71234 0.09949 0.69475
vn -0.66665 -0.27001 0.69475
vn -0.66665 -0.27001 0.69475
vn -0.44233 -0.56716 0.69475
vn -0.44233 -0.56716 0.69475
vn -0.09949 -0.71234 0.69475
vn -0.09949 -0.71234 0.69475
vn 0.27001 -0.66665 0.69475
vn 0.27001 -0.66665 0.69475
vn 0.56529 -0.44418 0.69509
vn 0.56529 -0.44418 0.69509
vn 0.65014 -0.27807 0.7071
vn 0.61557 -0.35246 0.70487
vn 0.6156 -0.45093 0.64629
vn 0.5217 -0.4806 0.70487
vn 0.40168 -0.58464 0.70487
vn 0.35898 -0.67338 0.64629
vn 0.02934 -0.71542 0.69807
vn 0.12562 -0.81362 0.56766
vn -0.05047 -0.70754 0.70487
vn -0.20665 -0.67857 0.70487
vn -0.30264 -0.70051 0.64629
vn -0.54105 -0.469 0.69807
vn -0.55779 -0.6055 0.56766
vn -0.58464 -0.40168 0.70487
vn -0.69096 -0.1878 0.69807
vn -0.76527 -0.30352 0.56766
vn -0.70103 -0.10823 0.70487
vn -0.70754 0.05047 0.70487
vn -0.75029 0.13918 0.64629
vn -0.67856 0.20665 0.70487
vn -0.62902 0.32483 0.70627
vn -0.6098 0.44669 0.65469
vn -0.5436 0.45888 0.7028
vn -0.40168 0.58464 0.70487
vn -0.35898 0.67338 0.64629
vn -0.26151 0.65937 0.70487
vn -0.02934 0.71542 0.69807
vn -0.12562 0.81363 0.56766
vn 0.05047 0.70754 0.70487
vn 0.28398 0.6573 0.69807
vn 0.23984 0.78755 0.56766
vn 0.35246 0.61557 0.70487
vn 0.54105 0.469 0.69807
vn 0.55779 0.6055 0.56766
vn 0.58464 0.40168 0.70487
vn 0.69096 0.1878 0.69807
vn 0.76527 0.30352 0.56766
vn 0.70103 0.10823 0.70487
vn 0.70402 -0.13059 0.69807
vn 0.82118 -0.05858 0.56766
vn 0.67856 -0.20665 0.70487
vn -0.61088 0.79173 -0
vn -0.61088 0.79173 -0
vn -0.61088 0.79172 -0
vn -0.99109 -0.13317 0
vn -0.38021 -0.9249 0
vn 0.61088 -0.79172 0
vn 0.99109 0.13317 -0
vn 0.99109 0.13317 -0
vn 0.99109 0.13317 -0
vn 0.38021 0.9249 -0
vn -0.61088 0.79173 -0
vn -0.61088 0.79172 -0
vn -0.61088 0.79172 -0
vn -0.99109 -0.13317 0
vn -0.99109 -0.13317 -0
vn -0.99109 -0.13317 0
vn 0.61088 -0.79172 0
vn 0.61088 -0.79172 0
vn 0.61088 -0.79173 0
vn 0.99109 0.13317 -0
vn 0.99109 0.13317 0
vn 0.99109 0.13317 -0
vn -0.61088 0.79172 0
vn -0.99109 -0.13317 0
vn -0.99109 -0.13317 0
vn 0.61088 -0.79172 0
vn 0.61088 -0.79173 0
vn 0.99109 0.13317 -0
vn 0.99109 0.13317 0
vn 0.99109 0.13317 -0
vn -0.61088 0.79173 0
vn 0.99109 0.13317 0
vn -0.99109 -0.13317 -0
vn -0.99109 -0.13317 0
vn 0.61088 -0.79173 0
vn 0.61088 -0.79173 -0
vn -0.99109 -0.13317 0
vn 0.61088 -0.79172 -0
vn 0.99109 0.13317 -0
vn -0.61088 0.79172 0
vn -0.61088 0.79173 -0
vn -0.99109 -0.13317 0
vn -0.99109 -0.13317 0
vn 0.99109 0.13317 0
vn -0.99109 -0.13317 0
vn 0.61088 -0.79173 0
vn -0.01456 0.70984 0.70421
vn -0.04496 0.73035 0.68159
vn -0.07763 0.78239 0.61794
vn -0.10251 0.70017 0.70657
vn -0.21057 0.67693 0.70529
vn -0.21057 0.67693 0.70529
vn -0.34252 0.62068 0.70529
vn -0.34252 0.62068 0.70529
vn -0.46046 0.53903 0.70529
vn -0.46046 0.53903 0.70529
vn -0.55954 0.43531 0.70529
vn -0.55954 0.43531 0.70529
vn -0.63571 0.31376 0.70529
vn -0.63571 0.31376 0.70529
vn -0.67694 0.2066 0.70645
vn -0.75799 0.19824 0.62141
vn -0.69401 0.13698 0.70682
vn -0.70792 0.03764 0.70529
vn -0.70792 0.03764 0.70529
vn -0.77515 -0.11681 0.62089
vn -0.77426 -0.11628 0.62209
vn -0.70461 -0.06274 0.70682
vn -0.44697 -0.5481 0.70697
vn -0.51502 -0.48717 0.70529
vn -0.51502 -0.48717 0.70529
vn -0.60254 -0.37352 0.70529
vn -0.60254 -0.37352 0.70529
vn -0.66539 -0.24458 0.70529
vn -0.66539 -0.24458 0.70529
vn -0.69128 -0.14996 0.70686
vn -0.74274 -0.12943 0.65695
vn -0.44458 -0.59605 0.66863
vn -0.45005 -0.64324 0.61943
vn -0.38026 -0.59687 0.70651
vn -0.28116 -0.65078 0.70529
vn -0.28116 -0.65078 0.70529
vn -0.18251 -0.68353 0.70674
vn -0.1601 -0.76948 0.61828
vn -0.1454 -0.74851 0.64699
vn 0.27797 -0.65215 0.70529
vn 0.14101 -0.69476 0.70529
vn 0.14101 -0.69476 0.70529
vn 0.04903 -0.70556 0.70695
vn -0.00189 -0.77282 0.63463
vn -0.02263 -0.70766 0.70619
vn -0.09595 -0.70075 0.70692
vn 0.44073 -0.58958 0.67687
vn 0.44492 -0.62597 0.64047
vn 0.44615 -0.63515 0.6305
vn 0.44776 -0.64669 0.61749
vn 0.37436 -0.60047 0.70661
vn 0.27797 -0.65215 0.70529
vn 0.44715 -0.54789 0.70702
vn 0.51263 -0.48968 0.70529
vn 0.51263 -0.48968 0.70529
vn 0.6007 -0.37647 0.70529
vn 0.6007 -0.37647 0.70528
vn 0.64191 -0.29684 0.70699
vn 0.64191 -0.29684 0.70699
vn 0.6695 -0.23067 0.70608
vn 0.7081 0.03417 0.70529
vn 0.70048 -0.10907 0.70529
vn 0.70048 -0.10907 0.70529
vn 0.6695 -0.23067 0.70608
vn 0.73426 0.20162 0.64824
vn 0.69736 0.1173 0.70705
vn 0.7081 0.03417 0.70529
vn 0.68673 0.17601 0.70529
vn 0.63724 0.31065 0.70529
vn 0.63724 0.31065 0.70529
vn 0.61642 0.47473 0.62822
vn 0.59723 0.44518 0.66718
vn 0.59415 0.38349 0.70705
vn -0.00217 0.70711 0.7071
vn 0.07345 0.70511 0.70529
vn 0.07345 0.70511 0.70529
vn 0.21388 0.67589 0.70529
vn 0.21388 0.67589 0.70529
vn 0.34556 0.619 0.70529
vn 0.34556 0.619 0.70529
vn 0.46309 0.53677 0.70529
vn 0.46309 0.53677 0.70529
vn 0.51498 0.48456 0.70711
vn 0.53324 0.46868 0.70427
vn -0.481 -0.83828 0.25675
vn -0.68158 -0.68522 0.25675
vn -0.68158 -0.68522 0.25675
vn -0.8357 -0.48547 0.25675
vn -0.8357 -0.48547 0.25675
vn -0.93287 -0.25264 0.25675
vn -0.93287 -0.25264 0.25675
vn -0.96647 -0.00258 0.25675
vn -0.96647 -0.00258 0.25675
vn -0.93421 0.24765 0.25675
vn -0.93421 0.24765 0.25675
vn -0.83828 0.481 0.25675
vn -0.83828 0.481 0.25675
vn -0.68523 0.68157 0.25675
vn -0.68523 0.68158 0.25675
vn -0.48547 0.8357 0.25675
vn -0.48547 0.8357 0.25675
vn -0.25264 0.93287 0.25675
vn -0.25264 0.93287 0.25675
vn -0.00258 0.96647 0.25675
vn -0.00258 0.96647 0.25675
vn 0.24765 0.93421 0.25675
vn 0.24765 0.93421 0.25675
vn 0.481 0.83828 0.25675
vn 0.481 0.83828 0.25675
vn 0.68157 0.68523 0.25675
vn 0.68158 0.68523 0.25675
vn 0.8357 0.48547 0.25675
vn 0.8357 0.48547 0.25675
vn 0.93287 0.25263 0.25675
vn 0.93287 0.25264 0.25675
vn 0.96647 0.00258 0.25675
vn 0.96647 0.00258 0.25675
vn 0.93421 -0.24765 0.25675
vn 0.93421 -0.24765 0.25675
vn 0.83828 -0.481 0.25675
vn 0.83828 -0.481 0.25675
vn 0.68523 -0.68158 0.25675
vn 0.68523 -0.68158 0.25675
vn 0.48547 -0.8357 0.25675
vn 0.48547 -0.8357 0.25675
vn 0.25263 -0.93287 0.25675
vn 0.25264 -0.93287 0.25675
vn 0.00258 -0.96647 0.25675
vn 0.00258 -0.96647 0.25675
vn -0.24765 -0.93421 0.25675
vn -0.24765 -0.93421 0.25675
vn -0.481 -0.83828 0.25675
vn -0.35343 -0.61594 0.70406
vn -0.5008 -0.50348 0.70406
vn -0.5008 -0.50348 0.70406
vn -0.61405 -0.35671 0.70406
vn -0.61405 -0.35671 0.70406
vn -0.68545 -0.18563 0.70406
vn -0.68545 -0.18563 0.70406
vn -0.71013 -0.0019 0.70406
vn -0.71014 -0.0019 0.70406
vn -0.68643 0.18197 0.70406
vn -0.68643 0.18196 0.70406
vn -0.61594 0.35343 0.70406
vn -0.61594 0.35343 0.70406
vn -0.50348 0.5008 0.70406
vn -0.50348 0.5008 0.70406
vn -0.35671 0.61405 0.70406
vn -0.35671 0.61405 0.70406
vn -0.18563 0.68545 0.70406
vn -0.18563 0.68545 0.70406
vn -0.0019 0.71014 0.70406
vn -0.0019 0.71014 0.70406
vn 0.18196 0.68643 0.70406
vn 0.18196 0.68643 0.70406
vn 0.35343 0.61594 0.70406
vn 0.35343 0.61594 0.70406
vn 0.5008 0.50348 0.70406
vn 0.5008 0.50348 0.70406
vn 0.61405 0.35671 0.70406
vn 0.61405 0.35671 0.70406
vn 0.68545 0.18563 0.70406
vn 0.71014 0.0019 0.70406
vn 0.71014 0.0019 0.70406
vn 0.68643 -0.18197 0.70406
vn 0.68643 -0.18196 0.70406
vn 0.61594 -0.35343 0.70406
vn 0.61594 -0.35343 0.70406
vn 0.50348 -0.5008 0.70406
vn 0.50348 -0.5008 0.70406
vn 0.35671 -0.61405 0.70406
vn 0.18563 -0.68545 0.70406
vn 0.18563 -0.68545 0.70406
vn 0.0019 -0.71014 0.70406
vn 0.0019 -0.71014 0.70406
vn -0.18196 -0.68643 0.70406
vn -0.18196 -0.68643 0.70406
vn -0.35343 -0.61594 0.70406
vn -0.12985 -0.22629 0.96537
vn -0.18399 -0.18498 0.96537
vn -0.18399 -0.18498 0.96537
vn -0.2256 -0.13105 0.96537
vn -0.2256 -0.13105 0.96537
vn -0.25183 -0.0682 0.96537
vn -0.25183 -0.0682 0.96537
vn -0.2609 -0.0007 0.96537
vn -0.2609 -0.0007 0.96537
vn -0.25219 0.06685 0.96537
vn -0.25219 0.06685 0.96537
vn -0.22629 0.12985 0.96537
vn -0.22629 0.12985 0.96537
vn -0.18498 0.18399 0.96537
vn -0.18498 0.18399 0.96537
vn -0.13105 0.2256 0.96537
vn -0.13105 0.2256 0.96537
vn -0.0682 0.25183 0.96537
vn -0.0682 0.25183 0.96537
vn -0.0007 0.2609 0.96537
vn -0.0007 0.2609 0.96537
vn 0.06685 0.25219 0.96537
vn 0.06685 0.25219 0.96537
vn 0.12985 0.22629 0.96537
vn 0.12985 0.22629 0.96537
vn 0.18399 0.18498 0.96537
vn 0.18399 0.18498 0.96537
vn 0.2256 0.13105 0.96537
vn 0.2256 0.13105 0.96537
vn 0.25183 0.0682 0.96537
vn 0.25183 0.0682 0.96537
vn 0.2609 0.0007 0.96537
vn 0.2609 0.0007 0.96537
vn 0.25219 -0.06685 0.96537
vn 0.25219 -0.06685 0.96537
vn 0.22629 -0.12985 0.96537
vn 0.22629 -0.12985 0.96537
vn 0.18498 -0.18399 0.96537
vn 0.18498 -0.18399 0.96537
vn 0.13105 -0.2256 0.96537
vn 0.13105 -0.2256 0.96537
vn 0.0682 -0.25183 0.96537
vn 0.0682 -0.25183 0.96537
vn 0.0007 -0.2609 0.96537
vn 0.0007 -0.2609 0.96537
vn -0.06685 -0.25219 0.96537
vn -0.06685 -0.25219 0.96537
vn -0.12985 -0.22629 0.96537
vn -0.481 -0.83828 0.25675
vn -0.68158 -0.68523 0.25675
vn -0.68158 -0.68523 0.25675
vn -0.8357 -0.48547 0.25675
vn -0.8357 -0.48547 0.25675
vn -0.93287 -0.25263 0.25675
vn -0.93287 -0.25264 0.25675
vn -0.96647 -0.00258 0.25675
vn -0.96647 -0.00258 0.25675
vn -0.93421 0.24765 0.25675
vn -0.93421 0.24765 0.25675
vn -0.83828 0.481 0.25675
vn -0.83828 0.481 0.25675
vn -0.68523 0.68158 0.25675
vn -0.68523 0.68157 0.25675
vn -0.48547 0.8357 0.25675
vn -0.48547 0.8357 0.25675
vn -0.25264 0.93287 0.25675
vn -0.25264 0.93287 0.25675
vn -0.00258 0.96647 0.25675
vn -0.00258 0.96647 0.25675
vn 0.24765 0.93421 0.25675
vn 0.24765 0.93421 0.25675
vn 0.481 0.83828 0.25675
vn 0.481 0.83828 0.25675
vn 0.68157 0.68523 0.25675
vn 0.68158 0.68523 0.25675
vn 0.8357 0.48547 0.25675
vn 0.8357 0.48547 0.25675
vn 0.93287 0.25263 0.25675
vn 0.93287 0.25263 0.25675
vn 0.96647 0.00258 0.25675
vn 0.96647 0.00258 0.25675
vn 0.93421 -0.24765 0.25675
vn 0.93421 -0.24765 0.25675
vn 0.83828 -0.481 0.25675
vn 0.83828 -0.481 0.25675
vn 0.68523 -0.68158 0.25675
vn 0.68523 -0.68158 0.25675
vn 0.48547 -0.8357 0.25675
vn 0.48547 -0.8357 0.25675
vn 0.25263 -0.93287 0.25675
vn 0.25263 -0.93287 0.25675
vn 0.00258 -0.96647 0.25675
vn 0.00258 -0.96647 0.25675
vn -0.24765 -0.93421 0.25675
vn -0.24765 -0.93421 0.25675
vn -0.481 -0.83828 0.25675
vn -0.35343 -0.61594 0.70406
vn -0.5008 -0.50348 0.70406
vn -0.5008 -0.50348 0.70406
vn -0.61405 -0.35671 0.70406
vn -0.68545 -0.18563 0.70406
vn -0.68545 -0.18563 0.70406
vn -0.71014 -0.0019 0.70406
vn -0.71014 -0.0019 0.70406
vn -0.68643 0.18197 0.70406
vn -0.68643 0.18197 0.70406
vn -0.61594 0.35342 0.70406
vn -0.61594 0.35342 0.70406
vn -0.50348 0.5008 0.70406
vn -0.50348 0.5008 0.70406
vn -0.35671 0.61405 0.70406
vn -0.35671 0.61405 0.70406
vn -0.18563 0.68545 0.70406
vn -0.18563 0.68545 0.70406
vn -0.0019 0.71013 0.70406
vn -0.0019 0.71014 0.70406
vn 0.18196 0.68643 0.70406
vn 0.18196 0.68643 0.70406
vn 0.35343 0.61594 0.70406
vn 0.35343 0.61594 0.70406
vn 0.5008 0.50348 0.70406
vn 0.5008 0.50348 0.70406
vn 0.61405 0.35671 0.70406
vn 0.61405 0.35671 0.70406
vn 0.68545 0.18563 0.70406
vn 0.68545 0.18563 0.70406
vn 0.71013 0.0019 0.70406
vn 0.68643 -0.18197 0.70406
vn 0.68643 -0.18197 0.70406
vn 0.61594 -0.35342 0.70406
vn 0.61594 -0.35342 0.70406
vn 0.50348 -0.5008 0.70406
vn 0.50348 -0.5008 0.70406
vn 0.35671 -0.61405 0.70406
vn 0.35671 -0.61405 0.70406
vn 0.18563 -0.68545 0.70406
vn 0.18563 -0.68545 0.70406
vn 0.0019 -0.71014 0.70406
vn 0.0019 -0.71014 0.70406
vn -0.18197 -0.68643 0.70406
vn -0.18196 -0.68643 0.70406
vn -0.35343 -0.61594 0.70406
vn -0.12985 -0.22629 0.96537
vn -0.18399 -0.18498 0.96537
vn -0.18399 -0.18498 0.96537
vn -0.2256 -0.13105 0.96537
vn -0.2256 -0.13105 0.96537
vn -0.25183 -0.0682 0.96537
vn -0.25183 -0.0682 0.96537
vn -0.2609 -0.0007 0.96537
vn -0.2609 -0.0007 0.96537
vn -0.25219 0.06685 0.96537
vn -0.25219 0.06685 0.96537
vn -0.22629 0.12985 0.96537
vn -0.22629 0.12985 0.96537
vn -0.18498 0.18399 0.96537
vn -0.18498 0.18399 0.96537
vn -0.13105 0.2256 0.96537
vn -0.13105 0.2256 0.96537
vn -0.0682 0.25183 0.96537
vn -0.0682 0.25183 0.96537
vn -0.0007 0.2609 0.96537
vn -0.0007 0.2609 0.96537
vn 0.06685 0.25219 0.96537
vn 0.06685 0.25219 0.96537
vn 0.12985 0.22629 0.96537
vn 0.12985 0.22629 0.96537
vn 0.18399 0.18498 0.96537
vn 0.18399 0.18498 0.96537
vn 0.2256 0.13105 0.96537
vn 0.2256 0.13105 0.96537
vn 0.25183 0.0682 0.96537
vn 0.25183 0.0682 0.96537
vn 0.2609 0.0007 0.96537
vn 0.2609 0.0007 0.96537
vn 0.25219 -0.06685 0.96537
vn 0.25219 -0.06685 0.96537
vn 0.22629 -0.12985 0.96537
vn 0.22629 -0.12985 0.96537
vn 0.18498 -0.18399 0.96537
vn 0.18498 -0.18399 0.96537
vn 0.13105 -0.2256 0.96537
vn 0.13105 -0.2256 0.96537
vn 0.0682 -0.25183 0.96537
vn 0.0682 -0.25183 0.96537
vn 0.0007 -0.2609 0.96537
vn 0.0007 -0.2609 0.96537
vn -0.06685 -0.25219 0.96537
vn -0.06685 -0.25219 0.96537
vn -0.12985 -0.22629 0.96537
vn -0.481 -0.83828 0.25675
vn -0.68157 -0.68523 0.25675
vn -0.68158 -0.68523 0.25675
vn -0.8357 -0.48547 0.25675
vn -0.93287 -0.25264 0.25675
vn -0.93287 -0.25264 0.25675
vn -0.96647 -0.00258 0.25675
vn -0.96647 -0.00258 0.25675
vn -0.93421 0.24765 0.25675
vn -0.93421 0.24765 0.25675
vn -0.83828 0.481 0.25675
vn -0.83828 0.481 0.25675
vn -0.68523 0.68157 0.25675
vn -0.68523 0.68158 0.25675
vn -0.48547 0.8357 0.25675
vn -0.48547 0.8357 0.25675
vn -0.25263 0.93287 0.25675
vn -0.00258 0.96647 0.25675
vn -0.00258 0.96647 0.25675
vn 0.24765 0.93421 0.25675
vn 0.24765 0.93421 0.25675
vn 0.481 0.83828 0.25675
vn 0.481 0.83828 0.25675
vn 0.68158 0.68523 0.25675
vn 0.68158 0.68523 0.25675
vn 0.8357 0.48547 0.25675
vn 0.8357 0.48547 0.25675
vn 0.93287 0.25263 0.25675
vn 0.93287 0.25264 0.25675
vn 0.96647 0.00258 0.25675
vn 0.96647 0.00258 0.25675
vn 0.93421 -0.24765 0.25675
vn 0.83828 -0.481 0.25675
vn 0.83828 -0.481 0.25675
vn 0.68522 -0.68158 0.25675
vn 0.68522 -0.68158 0.25675
vn 0.48547 -0.8357 0.25675
vn 0.48547 -0.8357 0.25675
vn 0.25264 -0.93287 0.25675
vn 0.25264 -0.93287 0.25675
vn 0.00258 -0.96647 0.25675
vn 0.00258 -0.96647 0.25675
vn -0.24765 -0.93421 0.25675
vn -0.24765 -0.93421 0.25675
vn -0.481 -0.83828 0.25675
vn -0.35343 -0.61594 0.70406
vn -0.5008 -0.50348 0.70406
vn -0.5008 -0.50348 0.70406
vn -0.61405 -0.35671 0.70406
vn -0.61405 -0.35671 0.70406
vn -0.68545 -0.18563 0.70406
vn -0.68545 -0.18563 0.70406
vn -0.71014 -0.0019 0.70406
vn -0.71014 -0.0019 0.70406
vn -0.68643 0.18196 0.70406
vn -0.68643 0.18196 0.70406
vn -0.61594 0.35343 0.70406
vn -0.61594 0.35343 0.70406
vn -0.50348 0.5008 0.70406
vn -0.50348 0.5008 0.70406
vn -0.35671 0.61405 0.70406
vn -0.35671 0.61405 0.70406
vn -0.0019 0.71014 0.70406
vn -0.0019 0.71014 0.70406
vn 0.18197 0.68643 0.70406
vn 0.18196 0.68643 0.70406
vn 0.35343 0.61594 0.70406
vn 0.35343 0.61594 0.70406
vn 0.5008 0.50348 0.70406
vn 0.5008 0.50348 0.70406
vn 0.61405 0.35671 0.70406
vn 0.68545 0.18563 0.70406
vn 0.68545 0.18563 0.70406
vn 0.71014 0.0019 0.70406
vn 0.71014 0.0019 0.70406
vn 0.68643 -0.18196 0.70406
vn 0.68643 -0.18196 0.70406
vn 0.61594 -0.35343 0.70406
vn 0.61594 -0.35343 0.70406
vn 0.50348 -0.5008 0.70406
vn 0.50348 -0.5008 0.70406
vn 0.35671 -0.61405 0.70406
vn 0.18563 -0.68545 0.70406
vn 0.0019 -0.71013 0.70406
vn 0.0019 -0.71014 0.70406
vn -0.35343 -0.61594 0.70406
vn -0.12985 -0.22629 0.96537
vn -0.18399 -0.18498 0.96537
vn -0.18399 -0.18498 0.96537
vn -0.2256 -0.13105 0.96537
vn -0.2256 -0.13105 0.96537
vn -0.25183 -0.0682 0.96537
vn -0.25183 -0.0682 0.96537
vn -0.2609 -0.0007 0.96537
vn -0.2609 -0.0007 0.96537
vn -0.25219 0.06685 0.96537
vn -0.25219 0.06685 0.96537
vn -0.22629 0.12985 0.96537
vn -0.22629 0.12985 0.96537
vn -0.18498 0.18399 0.96537
vn -0.18498 0.18399 0.96537
vn -0.13105 0.2256 0.96537
vn -0.13105 0.2256 0.96537
vn -0.0682 0.25183 0.96537
vn -0.0682 0.25183 0.96537
vn -0.0007 0.2609 0.96537
vn -0.0007 0.2609 0.96537
vn 0.06685 0.25219 0.96537
vn 0.06685 0.25219 0.96537
vn 0.12985 0.22629 0.96537
vn 0.12985 0.22629 0.96537
vn 0.18399 0.18498 0.96537
vn 0.18399 0.18498 0.96537
vn 0.2256 0.13105 0.96537
vn 0.2256 0.13105 0.96537
vn 0.25183 0.0682 0.96537
vn 0.25183 0.0682 0.96537
vn 0.2609 0.0007 0.96537
vn 0.2609 0.0007 0.96537
vn 0.25219 -0.06685 0.96537
vn 0.22629 -0.12985 0.96537
vn 0.22629 -0.12985 0.96537
vn 0.18498 -0.18399 0.96537
vn 0.18498 -0.18399 0.96537
vn 0.13105 -0.2256 0.96537
vn 0.13105 -0.2256 0.96537
vn 0.0682 -0.25183 0.96537
vn 0.0682 -0.25183 0.96537
vn 0.0007 -0.2609 0.96537
vn 0.0007 -0.2609 0.96537
vn -0.06685 -0.25219 0.96537
vn -0.481 -0.83828 0.25675
vn -0.68158 -0.68523 0.25675
vn -0.68157 -0.68523 0.25675
vn -0.8357 -0.48547 0.25675
vn -0.8357 -0.48547 0.25675
vn -0.93287 -0.25264 0.25675
vn -0.93287 -0.25264 0.25675
vn -0.96647 -0.00258 0.25675
vn -0.96647 -0.00258 0.25675
vn -0.93421 0.24765 0.25675
vn -0.93421 0.24765 0.25675
vn -0.83828 0.481 0.25675
vn -0.83828 0.481 0.25675
vn -0.68523 0.68157 0.25675
vn -0.68523 0.68158 0.25675
vn -0.48547 0.8357 0.25675
vn -0.48547 0.8357 0.25675
vn -0.25263 0.93287 0.25675
vn -0.25263 0.93287 0.25675
vn -0.00258 0.96647 0.25675
vn -0.00258 0.96647 0.25675
vn 0.24765 0.93421 0.25675
vn 0.24765 0.93421 0.25675
vn 0.481 0.83828 0.25675
vn 0.481 0.83828 0.25675
vn 0.68158 0.68523 0.25675
vn 0.68158 0.68523 0.25675
vn 0.8357 0.48547 0.25675
vn 0.8357 0.48547 0.25675
vn 0.93287 0.25263 0.25675
vn 0.93287 0.25263 0.25675
vn 0.96647 0.00258 0.25675
vn 0.93421 -0.24765 0.25675
vn 0.93421 -0.24765 0.25675
vn 0.83828 -0.481 0.25675
vn 0.83828 -0.481 0.25675
vn 0.25264 -0.93287 0.25675
vn 0.00258 -0.96647 0.25675
vn 0.00258 -0.96647 0.25675
vn -0.24765 -0.93421 0.25675
vn -0.24765 -0.93421 0.25675
vn -0.481 -0.83828 0.25675
vn -0.35342 -0.61594 0.70406
vn -0.5008 -0.50348 0.70406
vn -0.5008 -0.50348 0.70406
vn -0.61405 -0.35671 0.70406
vn -0.71013 -0.0019 0.70406
vn -0.71014 -0.0019 0.70406
vn -0.68643 0.18196 0.70406
vn -0.68643 0.18196 0.70406
vn -0.61594 0.35343 0.70406
vn -0.61594 0.35343 0.70406
vn -0.50348 0.5008 0.70406
vn -0.50348 0.5008 0.70406
vn -0.35671 0.61405 0.70406
vn -0.35671 0.61405 0.70406
vn -0.18563 0.68545 0.70406
vn -0.18563 0.68545 0.70406
vn -0.0019 0.71013 0.70406
vn 0.18197 0.68643 0.70406
vn 0.18197 0.68643 0.70406
vn 0.35342 0.61594 0.70406
vn 0.35342 0.61594 0.70406
vn 0.5008 0.50348 0.70406
vn 0.5008 0.50348 0.70406
vn 0.61405 0.35671 0.70406
vn 0.61405 0.35671 0.70406
vn 0.68545 0.18563 0.70406
vn 0.71014 0.0019 0.70406
vn 0.61594 -0.35343 0.70406
vn 0.61594 -0.35343 0.70406
vn 0.50348 -0.5008 0.70406
vn 0.18563 -0.68545 0.70406
vn 0.18563 -0.68545 0.70406
vn 0.0019 -0.71014 0.70406
vn -0.18197 -0.68643 0.70406
vn -0.18197 -0.68643 0.70406
vn -0.35342 -0.61594 0.70406
vn -0.12985 -0.22629 0.96537
vn -0.18399 -0.18498 0.96537
vn -0.18399 -0.18498 0.96537
vn -0.2256 -0.13105 0.96537
vn -0.2256 -0.13105 0.96537
vn -0.25183 -0.0682 0.96537
vn -0.25183 -0.0682 0.96537
vn -0.2609 -0.0007 0.96537
vn -0.25219 0.06685 0.96537
vn -0.25219 0.06685 0.96537
vn -0.22629 0.12985 0.96537
vn -0.22629 0.12985 0.96537
vn -0.18498 0.18399 0.96537
vn -0.18498 0.18399 0.96537
vn -0.13105 0.2256 0.96537
vn -0.13105 0.2256 0.96537
vn -0.0682 0.25183 0.96537
vn -0.0682 0.25183 0.96537
vn -0.0007 0.2609 0.96537
vn -0.0007 0.2609 0.96537
vn 0.06685 0.25219 0.96537
vn 0.06685 0.25219 0.96537
vn 0.12985 0.22629 0.96537
vn 0.12985 0.22629 0.96537
vn 0.18399 0.18498 0.96537
vn 0.18399 0.18498 0.96537
vn 0.2256 0.13105 0.96537
vn 0.2256 0.13105 0.96537
vn 0.25183 0.0682 0.96537
vn 0.25183 0.0682 0.96537
vn 0.2609 0.0007 0.96537
vn 0.2609 0.0007 0.96537
vn 0.25219 -0.06685 0.96537
vn 0.22629 -0.12985 0.96537
vn 0.18498 -0.18399 0.96537
vn 0.18498 -0.18399 0.96537
vn 0.13105 -0.2256 0.96537
vn 0.13105 -0.2256 0.96537
vn 0.0682 -0.25183 0.96537
vn 0.0682 -0.25183 0.96537
vn 0.0007 -0.2609 0.96537
vn 0.0007 -0.2609 0.96537
vn -0.06685 -0.25219 0.96537
vn -0.12985 -0.22629 0.96537
vn -0.68523 0.68158 0.25675
vn -0.68523 0.68158 0.25675
vn -0.48547 0.8357 0.25675
vn -0.25263 0.93287 0.25675
vn -0.25264 0.93287 0.25675
vn -0.00258 0.96647 0.25675
vn 0.24765 0.93421 0.25675
vn 0.481 0.83828 0.25675
vn 0.481 0.83828 0.25675
vn 0.68158 0.68522 0.25675
vn 0.68158 0.68522 0.25675
vn 0.8357 0.48547 0.25675
vn 0.93287 0.25264 0.25675
vn 0.93287 0.25264 0.25675
vn 0.96647 0.00258 0.25675
vn 0.68523 -0.68157 0.25675
vn 0.68523 -0.68158 0.25675
vn 0.48547 -0.8357 0.25675
vn 0.25264 -0.93287 0.25675
vn 0.25264 -0.93287 0.25675
vn 0.00258 -0.96647 0.25675
vn -0.24765 -0.93421 0.25675
vn -0.24765 -0.93421 0.25675
vn -0.481 -0.83828 0.25675
vn -0.481 -0.83828 0.25675
vn -0.68157 -0.68523 0.25675
vn -0.68158 -0.68523 0.25675
vn -0.8357 -0.48547 0.25675
vn -0.93287 -0.25263 0.25675
vn -0.96647 -0.00258 0.25675
vn -0.50348 0.5008 0.70406
vn -0.18563 0.68545 0.70406
vn -0.0019 0.71014 0.70406
vn -0.0019 0.71014 0.70406
vn 0.18196 0.68643 0.70406
vn 0.18196 0.68643 0.70406
vn 0.35343 0.61594 0.70406
vn 0.35343 0.61594 0.70406
vn 0.5008 0.50348 0.70406
vn 0.61405 0.35671 0.70406
vn 0.68545 0.18563 0.70406
vn 0.71013 0.0019 0.70406
vn 0.71014 0.0019 0.70406
vn 0.50348 -0.5008 0.70406
vn 0.35671 -0.61405 0.70406
vn 0.35671 -0.61405 0.70406
vn 0.18563 -0.68545 0.70406
vn 0.0019 -0.71014 0.70406
vn 0.0019 -0.71014 0.70406
vn -0.18196 -0.68643 0.70406
vn -0.18196 -0.68643 0.70406
vn -0.35343 -0.61594 0.70406
vn -0.35343 -0.61594 0.70406
vn -0.5008 -0.50348 0.70406
vn -0.61405 -0.35671 0.70406
vn -0.61405 -0.35671 0.70406
vn -0.71014 -0.0019 0.70406
vn -0.0007 0.2609 0.96537
vn -0.0007 0.2609 0.96537
vn 0.06685 0.25219 0.96537
vn 0.12985 0.22629 0.96537
vn 0.12985 0.22629 0.96537
vn 0.18399 0.18498 0.96537
vn 0.0007 -0.2609 0.96537
vn 0.0007 -0.2609 0.96537
vn -0.06685 -0.25219 0.96537
vn -0.06685 -0.25219 0.96537
vn -0.12985 -0.22629 0.96537
vn -0.12985 -0.22629 0.96537
vn -0.18399 -0.18498 0.96537
vn 0.49444 -0.83625 0.23709
vn 0.62278 -0.7577 0.195
vn 0.77094 -0.60731 0.19189
vn 0.77094 -0.60731 0.19189
vn 0.88897 -0.41442 0.19489
vn 0.92503 -0.28374 0.2526
vn 0.95029 -0.2441 0.19329
vn 0.98101 0.01017 0.19367
vn 0.96214 0.06937 0.26358
vn 0.96223 0.19022 0.19473
vn 0.88728 0.41942 0.19189
vn 0.88728 0.41942 0.19189
vn 0.78565 0.58711 0.19507
vn 0.67226 0.70783 0.2169
vn 0.43574 0.83204 0.34327
vn 0.28767 0.93782 0.19429
vn 0.03515 0.98069 0.1924
vn 0.01994 0.97599 0.2169
vn -0.14556 0.96993 0.19507
vn -0.33576 0.92219 0.19189
vn -0.33576 0.92219 0.19189
vn -0.55024 0.81198 0.19473
vn -0.63517 0.726 0.26357
vn -0.69022 0.6972 0.19367
vn -0.84722 0.49484 0.19329
vn -0.85714 0.44889 0.2526
vn -0.92342 0.33063 0.19489
vn -0.97518 0.1105 0.19189
vn -0.97518 0.1105 0.19189
vn -0.97563 -0.10062 0.195
vn -0.93964 -0.24672 0.23709
vn -0.94093 -0.2783 0.19287
vn -0.79511 -0.57531 0.19189
vn -0.80811 -0.49476 0.31963
vn -0.72821 -0.65717 0.19453
vn -0.53359 -0.82369 0.19189
vn -0.53359 -0.82369 0.19189
vn -0.2 -0.96082 0.19189
vn -0.2 -0.96082 0.19189
vn 0.05546 -0.97933 0.19453
vn 0.15755 -0.94985 0.27011
vn 0.23449 -0.95256 0.194
vn 0.47315 -0.85961 0.19287
vn 0.5756 0.60606 0.54898
vn 0.5756 0.60606 0.54898
vn 0.75566 0.3572 0.54898
vn 0.75566 0.3572 0.54898
vn 0.83367 0.0601 0.54898
vn 0.83367 0.0601 0.54898
vn 0.79909 -0.24511 0.54898
vn 0.79909 -0.24511 0.54898
vn 0.65658 -0.51723 0.54898
vn 0.65658 -0.51722 0.54898
vn 0.4254 -0.71948 0.54898
vn 0.4254 -0.71948 0.54898
vn 0.13677 -0.82457 0.54898
vn 0.13677 -0.82457 0.54898
vn -0.17034 -0.8183 0.54898
vn -0.17034 -0.8183 0.54898
vn -0.45444 -0.70151 0.54898
vn -0.45444 -0.70151 0.54898
vn -0.67716 -0.48997 0.54898
vn -0.67716 -0.48997 0.54898
vn -0.80843 -0.21227 0.54898
vn -0.80843 -0.21227 0.54898
vn -0.83052 0.09411 0.54898
vn -0.83052 0.09411 0.54898
vn -0.74044 0.38777 0.54898
vn -0.74044 0.38777 0.54898
vn -0.55036 0.62906 0.54898
vn -0.55036 0.62906 0.54898
vn -0.28595 0.7854 0.54898
vn -0.28595 0.7854 0.54898
vn 0.01707 0.83566 0.54898
vn 0.01707 0.83566 0.54898
vn 0.38714 0.40763 0.82702
vn 0.38714 0.40763 0.82702
vn 0.50825 0.24025 0.82702
vn 0.50825 0.24025 0.82702
vn 0.56072 0.04042 0.82702
vn 0.56072 0.04042 0.82702
vn 0.53746 -0.16486 0.82702
vn 0.53745 -0.16486 0.82702
vn 0.44161 -0.34788 0.82702
vn 0.44161 -0.34788 0.82702
vn 0.28612 -0.48391 0.82702
vn 0.28612 -0.48391 0.82702
vn 0.09199 -0.55459 0.82702
vn 0.09199 -0.55459 0.82702
vn -0.11457 -0.55037 0.82702
vn -0.11457 -0.55037 0.82702
vn -0.30565 -0.47182 0.82702
vn -0.30565 -0.47182 0.82702
vn -0.45545 -0.32955 0.82702
vn -0.45545 -0.32955 0.82702
vn -0.54374 -0.14277 0.82702
vn -0.54374 -0.14277 0.82702
vn -0.5586 0.0633 0.82702
vn -0.55859 0.06329 0.82702
vn -0.49801 0.26081 0.82702
vn -0.49801 0.26081 0.82702
vn -0.37017 0.4231 0.82702
vn -0.37017 0.4231 0.82702
vn -0.19233 0.52825 0.82702
vn -0.19233 0.52825 0.82702
vn 0.01148 0.56205 0.82702
vn 0.01148 0.56205 0.82702
vn 0.06492 0.21163 0.97519
vn 0.09088 0.17354 0.98063
vn 0.13659 0.14381 0.98013
vn 0.13659 0.14381 0.98013
vn 0.17931 0.08476 0.98013
vn 0.17931 0.08476 0.98013
vn 0.19782 0.01426 0.98013
vn 0.19782 0.01426 0.98013
vn 0.18962 -0.05816 0.98013
vn 0.18962 -0.05816 0.98013
vn 0.1558 -0.12273 0.98013
vn 0.1558 -0.12273 0.98013
vn 0.10094 -0.17073 0.98013
vn 0.10094 -0.17073 0.98013
vn 0.03245 -0.19566 0.98013
vn 0.03245 -0.19566 0.98013
vn -0.04042 -0.19418 0.98013
vn -0.04042 -0.19418 0.98013
vn -0.10783 -0.16646 0.98013
vn -0.10783 -0.16646 0.98013
vn -0.16069 -0.11627 0.98013
vn -0.16069 -0.11627 0.98013
vn -0.19184 -0.05037 0.98013
vn -0.19184 -0.05037 0.98013
vn -0.19708 0.02233 0.98013
vn -0.19708 0.02233 0.98013
vn -0.1757 0.09202 0.98013
vn -0.1757 0.09201 0.98013
vn -0.1306 0.14927 0.98013
vn -0.1306 0.14927 0.98013
vn -0.06785 0.18637 0.98013
vn -0.06785 0.18637 0.98013
vn 0.00405 0.1983 0.98013
vn 0.00405 0.1983 0.98013
vn 0.07541 0.18344 0.98013
vn 0.21375 0.51995 0.82702
vn 0.3178 0.77306 0.54898
vn 0.37315 0.90771 0.19189
vn 0.66475 0.72187 0.1924
vn 0.49444 -0.83625 0.23709
vn 0.62278 -0.7577 0.195
vn 0.77094 -0.60731 0.19189
vn 0.77094 -0.60731 0.19189
vn 0.88897 -0.41442 0.19489
vn 0.92503 -0.28374 0.2526
vn 0.95029 -0.2441 0.19329
vn 0.98101 0.01017 0.19367
vn 0.96214 0.06936 0.26357
vn 0.96223 0.19022 0.19473
vn 0.88728 0.41942 0.19189
vn 0.88728 0.41942 0.19189
vn 0.78565 0.58712 0.19507
vn 0.67226 0.70783 0.2169
vn 0.43574 0.83204 0.34327
vn 0.28767 0.93782 0.19429
vn 0.03515 0.98069 0.1924
vn 0.01994 0.97599 0.2169
vn -0.14556 0.96993 0.19507
vn -0.33576 0.92219 0.19189
vn -0.55024 0.81198 0.19473
vn -0.63518 0.726 0.26357
vn -0.69022 0.6972 0.19367
vn -0.84722 0.49484 0.19329
vn -0.85714 0.44889 0.2526
vn -0.92342 0.33063 0.19489
vn -0.97518 0.1105 0.19189
vn -0.97518 0.1105 0.19189
vn -0.97563 -0.10062 0.195
vn -0.93964 -0.24672 0.23709
vn -0.94093 -0.2783 0.19287
vn -0.79511 -0.57531 0.19189
vn -0.80811 -0.49476 0.31963
vn -0.72821 -0.65717 0.19453
vn -0.53359 -0.82369 0.19189
vn -0.53359 -0.82369 0.19189
vn 0.05546 -0.97933 0.19453
vn 0.15755 -0.94985 0.27011
vn 0.23449 -0.95256 0.194
vn 0.47315 -0.85961 0.19287
vn 0.5756 0.60606 0.54898
vn 0.5756 0.60606 0.54898
vn 0.75567 0.3572 0.54898
vn 0.83367 0.0601 0.54898
vn 0.79909 -0.24511 0.54898
vn 0.79909 -0.24511 0.54898
vn 0.65658 -0.51722 0.54898
vn 0.65658 -0.51722 0.54898
vn 0.4254 -0.71948 0.54898
vn 0.4254 -0.71948 0.54898
vn 0.13677 -0.82457 0.54898
vn 0.13677 -0.82457 0.54898
vn -0.45444 -0.70151 0.54898
vn -0.67716 -0.48997 0.54898
vn -0.67716 -0.48997 0.54898
vn -0.80843 -0.21227 0.54898
vn -0.80843 -0.21227 0.54898
vn -0.83052 0.09411 0.54898
vn -0.83052 0.09411 0.54898
vn -0.74044 0.38777 0.54898
vn -0.74044 0.38777 0.54898
vn -0.55036 0.62907 0.54898
vn -0.55036 0.62906 0.54898
vn -0.28595 0.7854 0.54898
vn -0.28595 0.7854 0.54898
vn 0.01707 0.83566 0.54898
vn 0.01707 0.83566 0.54898
vn 0.38714 0.40763 0.82702
vn 0.38714 0.40763 0.82702
vn 0.50825 0.24025 0.82702
vn 0.50825 0.24025 0.82702
vn 0.56071 0.04042 0.82702
vn 0.56071 0.04042 0.82702
vn 0.53745 -0.16486 0.82702
vn 0.53745 -0.16486 0.82702
vn 0.44161 -0.34788 0.82702
vn 0.44161 -0.34788 0.82702
vn 0.28612 -0.48391 0.82702
vn 0.28612 -0.48391 0.82702
vn 0.09199 -0.55459 0.82702
vn 0.09199 -0.55459 0.82702
vn -0.11457 -0.55037 0.82702
vn -0.45545 -0.32955 0.82702
vn -0.54374 -0.14277 0.82702
vn -0.54374 -0.14277 0.82702
vn -0.5586 0.06329 0.82702
vn -0.5586 0.06329 0.82702
vn -0.49801 0.26081 0.82702
vn -0.49801 0.26081 0.82702
vn -0.37017 0.4231 0.82702
vn -0.37017 0.4231 0.82702
vn -0.19233 0.52825 0.82702
vn -0.19233 0.52825 0.82702
vn 0.01148 0.56205 0.82702
vn 0.01148 0.56205 0.82702
vn 0.06492 0.21163 0.97519
vn 0.09088 0.17354 0.98062
vn 0.13659 0.14381 0.98013
vn 0.13659 0.14381 0.98013
vn 0.17931 0.08476 0.98013
vn 0.17931 0.08476 0.98013
vn 0.19782 0.01426 0.98013
vn 0.19782 0.01426 0.98013
vn 0.18962 -0.05816 0.98013
vn 0.18962 -0.05816 0.98013
vn 0.1558 -0.12273 0.98013
vn 0.1558 -0.12273 0.98013
vn 0.10094 -0.17073 0.98013
vn 0.03245 -0.19566 0.98013
vn 0.03245 -0.19566 0.98013
vn -0.04042 -0.19418 0.98013
vn -0.04042 -0.19418 0.98013
vn -0.10783 -0.16646 0.98013
vn -0.10783 -0.16646 0.98013
vn -0.16069 -0.11627 0.98013
vn -0.19184 -0.05037 0.98013
vn -0.19708 0.02233 0.98013
vn -0.19708 0.02233 0.98013
vn -0.1757 0.09202 0.98013
vn -0.1757 0.09202 0.98013
vn -0.1306 0.14927 0.98013
vn -0.1306 0.14927 0.98013
vn -0.06785 0.18637 0.98013
vn 0.00405 0.1983 0.98013
vn 0.00405 0.1983 0.98013
vn 0.07541 0.18344 0.98013
vn 0.3178 0.77306 0.54898
vn 0.66475 0.72187 0.1924
vn 0.49444 -0.83625 0.23709
vn 0.62278 -0.75771 0.195
vn 0.77094 -0.60731 0.19189
vn 0.77094 -0.60731 0.19189
vn 0.88897 -0.41442 0.19489
vn 0.92503 -0.28374 0.2526
vn 0.95029 -0.2441 0.19329
vn 0.98101 0.01017 0.19367
vn 0.96214 0.06937 0.26358
vn 0.96223 0.19022 0.19474
vn 0.88728 0.41942 0.19189
vn 0.88728 0.41942 0.19189
vn 0.78565 0.58711 0.19507
vn 0.67226 0.70783 0.21691
vn 0.66475 0.72187 0.1924
vn 0.43574 0.83204 0.34327
vn 0.28766 0.93782 0.19429
vn 0.03515 0.98069 0.1924
vn 0.01994 0.97599 0.21691
vn -0.14557 0.96993 0.19507
vn -0.33576 0.92219 0.19189
vn -0.33576 0.92219 0.19189
vn -0.63517 0.726 0.26357
vn -0.69022 0.6972 0.19367
vn -0.84722 0.49484 0.19329
vn -0.85714 0.44889 0.2526
vn -0.92342 0.33063 0.19489
vn -0.97518 0.1105 0.19189
vn -0.97518 0.1105 0.19189
vn -0.97563 -0.10062 0.195
vn -0.93964 -0.24672 0.23709
vn -0.94093 -0.2783 0.19287
vn -0.79511 -0.57531 0.19189
vn -0.80811 -0.49476 0.31963
vn -0.72821 -0.65717 0.19453
vn -0.53359 -0.82369 0.19189
vn -0.53359 -0.82369 0.19189
vn -0.2 -0.96082 0.19189
vn -0.2 -0.96082 0.19189
vn 0.05546 -0.97933 0.19453
vn 0.15755 -0.94985 0.27011
vn 0.23449 -0.95256 0.194
vn 0.47315 -0.85961 0.19287
vn -0.45444 -0.70151 0.54898
vn -0.67716 -0.48997 0.54898
vn -0.67716 -0.48997 0.54898
vn -0.80843 -0.21227 0.54898
vn -0.80843 -0.21227 0.54898
vn -0.83052 0.09411 0.54898
vn -0.83052 0.09411 0.54898
vn -0.74044 0.38777 0.54898
vn -0.74044 0.38777 0.54898
vn -0.55036 0.62907 0.54898
vn -0.55036 0.62906 0.54898
vn -0.28595 0.7854 0.54898
vn -0.28595 0.7854 0.54898
vn 0.01707 0.83566 0.54898
vn 0.01707 0.83566 0.54898
vn 0.5756 0.60606 0.54898
vn 0.5756 0.60606 0.54898
vn 0.75567 0.3572 0.54898
vn 0.75566 0.3572 0.54898
vn 0.83367 0.0601 0.54898
vn 0.83367 0.0601 0.54898
vn 0.79909 -0.24511 0.54898
vn 0.79909 -0.24511 0.54898
vn 0.65658 -0.51723 0.54898
vn 0.65658 -0.51722 0.54898
vn 0.4254 -0.71948 0.54898
vn 0.4254 -0.71948 0.54898
vn 0.13677 -0.82457 0.54898
vn 0.13677 -0.82457 0.54898
vn -0.17034 -0.8183 0.54898
vn -0.17034 -0.8183 0.54898
vn -0.45444 -0.70151 0.54898
vn -0.30565 -0.47182 0.82702
vn -0.45545 -0.32955 0.82702
vn -0.45545 -0.32955 0.82702
vn -0.54374 -0.14277 0.82702
vn -0.54374 -0.14277 0.82702
vn -0.5586 0.0633 0.82702
vn -0.5586 0.06329 0.82702
vn -0.49801 0.26081 0.82702
vn -0.49801 0.26081 0.82702
vn -0.37017 0.4231 0.82702
vn -0.37017 0.4231 0.82702
vn -0.19233 0.52825 0.82702
vn -0.19233 0.52825 0.82702
vn 0.01148 0.56205 0.82702
vn 0.01148 0.56205 0.82702
vn 0.21375 0.51995 0.82702
vn 0.38714 0.40763 0.82702
vn 0.38714 0.40763 0.82702
vn 0.50825 0.24025 0.82702
vn 0.50825 0.24025 0.82702
vn 0.56072 0.04043 0.82702
vn 0.56072 0.04043 0.82702
vn 0.53745 -0.16486 0.82702
vn 0.53745 -0.16486 0.82702
vn 0.44161 -0.34788 0.82702
vn 0.44161 -0.34788 0.82702
vn 0.28612 -0.48391 0.82702
vn 0.28612 -0.48391 0.82702
vn 0.09199 -0.55459 0.82702
vn 0.09199 -0.55459 0.82702
vn -0.11457 -0.55037 0.82702
vn -0.11457 -0.55037 0.82702
vn -0.30565 -0.47182 0.82702
vn 0.09088 0.17354 0.98063
vn 0.13659 0.14381 0.98013
vn 0.13659 0.14381 0.98013
vn 0.17931 0.08476 0.98013
vn 0.17931 0.08476 0.98013
vn 0.19782 0.01426 0.98013
vn 0.19782 0.01426 0.98013
vn 0.18962 -0.05816 0.98013
vn 0.18962 -0.05816 0.98013
vn 0.1558 -0.12273 0.98013
vn 0.10094 -0.17073 0.98013
vn 0.10094 -0.17073 0.98013
vn 0.03245 -0.19567 0.98013
vn 0.03245 -0.19566 0.98013
vn -0.04042 -0.19418 0.98013
vn -0.04042 -0.19418 0.98013
vn -0.10784 -0.16646 0.98013
vn -0.10783 -0.16646 0.98013
vn -0.16069 -0.11627 0.98013
vn -0.16069 -0.11627 0.98013
vn -0.19184 -0.05037 0.98013
vn -0.19184 -0.05037 0.98013
vn -0.19708 0.02233 0.98013
vn -0.19708 0.02233 0.98013
vn -0.1757 0.09202 0.98013
vn -0.1306 0.14927 0.98013
vn -0.1306 0.14927 0.98013
vn -0.06785 0.18637 0.98013
vn 0.00405 0.1983 0.98013
vn 0.00405 0.1983 0.98013
vn 0.05745 0.18728 0.98063
vn 0.07871 0.19147 0.97834
vn 0.92428 -0.31846 -0.21046
vn 0.9369 -0.3496 -0
vn 0.98809 -0.15385 -0
vn 0.99884 0.0482 -0
vn 0.96869 0.24828 -0
vn 0.89888 0.4382 -0
vn 0.79227 0.61017 -0
vn 0.65323 0.75716 -0
vn 0.48744 0.87316 -0
vn 0.3017 0.9534 -0
vn 0.1036 0.99462 -0
vn -0.09873 0.99511 -0
vn -0.29703 0.95487 -0
vn -0.48316 0.87553 -0
vn -0.64951 0.76035 -0
vn -0.78928 0.61404 -0
vn -0.89672 0.44259 -0
vn -0.96746 0.25302 0
vn -0.99859 0.05309 0
vn -0.98884 -0.14901 0
vn -0.9386 -0.34501 0
vn -0.84994 -0.52689 0
vn -0.72648 -0.68719 0
vn -0.57328 -0.81936 0
vn -0.3966 -0.91799 0
vn -0.2037 -0.97903 0
vn -0.00245 -1 0
vn 0.1989 -0.98002 0
vn 0.39211 -0.91992 0
vn 0.56926 -0.82216 0
vn 0.7231 -0.69074 0
vn 0.84735 -0.53104 0
vn 0.90765 -0.41973 -0
vn -0.11503 -0.89218 -0.43679
vn 0.34647 -0.83017 -0.43679
vn 0.2614 -0.96523 0
vn 0.00267 -1 0
vn 0.71513 -0.54571 -0.43679
vn 0.70899 -0.70522 0
vn 0.50231 -0.86469 0
vn 0.89218 -0.11503 -0.43679
vn 0.96661 -0.25624 -0
vn 0.86736 -0.49769 0
vn 0.83017 0.34647 -0.43679
vn 0.96523 0.2614 -0
vn 1 0.00267 -0
vn 0.54571 0.71513 -0.43679
vn 0.70522 0.70899 -0
vn 0.86469 0.50231 -0
vn 0.11503 0.89218 -0.43679
vn 0.25624 0.96661 -0
vn 0.49768 0.86736 -0
vn -0.34647 0.83017 -0.43679
vn -0.2614 0.96523 -0
vn -0.00267 1 -0
vn -0.71513 0.54571 -0.43679
vn -0.70899 0.70522 -0
vn -0.50231 0.86469 -0
vn -0.89218 0.11503 -0.43679
vn -0.96661 0.25624 0
vn -0.86736 0.49769 -0
vn -0.83017 -0.34647 -0.43679
vn -0.96523 -0.2614 0
vn -1 -0.00267 0
vn -0.25624 -0.96661 0
vn -0.49769 -0.86736 0
vn -0.54571 -0.71513 -0.43679
vn -0.70522 -0.70899 0
vn -0.86469 -0.50231 0
vn -0.98345 0.1812 0
vn -0.94855 -0.31663 0
vn -0.67741 -0.7356 0
vn -0.23757 -0.97137 0
vn 0.26145 -0.96522 0
vn 0.69535 -0.71867 0
vn 0.95607 -0.29315 -0
vn 0.97868 0.20539 -0
vn -0.11503 -0.89218 -0.43679
vn 0.34647 -0.83017 -0.43679
vn 0.2614 -0.96523 0
vn 0.00267 -1 0
vn 0.71513 -0.54571 -0.43679
vn 0.70899 -0.70522 0
vn 0.50231 -0.86469 0
vn 0.89218 -0.11503 -0.43679
vn 0.96661 -0.25624 -0
vn 0.86736 -0.49768 0
vn 0.83017 0.34647 -0.43679
vn 0.96523 0.2614 -0
vn 1 0.00267 -0
vn 0.54571 0.71513 -0.43679
vn 0.70522 0.70899 -0
vn 0.86469 0.50231 -0
vn 0.11503 0.89218 -0.43679
vn 0.25624 0.96661 -0
vn 0.49769 0.86736 -0
vn -0.34647 0.83017 -0.43679
vn -0.2614 0.96523 -0
vn -0.00267 1 -0
vn -0.71513 0.54571 -0.43678
vn -0.70899 0.70521 -0
vn -0.50231 0.86469 -0
vn -0.89218 0.11504 -0.43678
vn -0.96661 0.25624 0
vn -0.86736 0.49769 -0
vn -0.83017 -0.34647 -0.43679
vn -0.96523 -0.2614 0
vn -1 -0.00267 0
vn -0.25624 -0.96661 0
vn -0.86469 -0.50231 0
vn -0.82353 -0.56728 0
vn -0.44683 -0.89462 0
vn 0.04115 -0.99915 0
vn 0.51888 -0.85485 0
vn 0.86738 -0.49764 0
vn 0.99986 -0.0165 -0
vn 0.88333 0.46876 -0
vn 0.5468 0.83727 -0
vn -0.11503 -0.89218 -0.43679
vn 0.34647 -0.83017 -0.43679
vn 0.2614 -0.96523 0
vn 0.71513 -0.54571 -0.43679
vn 0.50231 -0.86469 0
vn 0.89218 -0.11503 -0.43679
vn 0.86736 -0.49769 0
vn 0.83017 0.34647 -0.43679
vn 0.96523 0.2614 -0
vn 0.54571 0.71513 -0.43679
vn 0.86469 0.50231 -0
vn 0.11503 0.89218 -0.43679
vn 0.25624 0.96661 -0
vn 0.49769 0.86736 -0
vn -0.34647 0.83017 -0.43679
vn -0.71513 0.54571 -0.43679
vn -0.50231 0.86469 -0
vn -0.89218 0.11503 -0.43679
vn -0.96661 0.25624 0
vn -0.86736 0.49768 -0
vn -0.83017 -0.34647 -0.43679
vn -0.96523 -0.2614 0
vn -0.25624 -0.96661 0
vn -0.49769 -0.86736 0
vn -0.54571 -0.71513 -0.43679
vn -0.1812 -0.98345 0
vn 0.31663 -0.94855 0
vn 0.7356 -0.67741 0
vn 0.97137 -0.23757 -0
vn 0.96522 0.26145 -0
vn 0.71867 0.69535 -0
vn 0.29315 0.95607 -0
vn -0.20539 0.97868 -0
vn -0.11504 -0.89218 -0.43678
vn 0.34647 -0.83017 -0.43679
vn 0.2614 -0.96523 0
vn 0.00267 -1 0
vn 0.89218 -0.11503 -0.43679
vn 0.96661 -0.25624 -0
vn 0.96523 0.2614 -0
vn 1 0.00267 -0
vn 0.54571 0.71513 -0.43679
vn 0.70522 0.70899 -0
vn 0.86469 0.50231 -0
vn 0.11503 0.89218 -0.43679
vn 0.25624 0.96661 -0
vn -0.34647 0.83017 -0.43679
vn -0.2614 0.96523 -0
vn -0.00267 1 -0
vn -0.71513 0.54571 -0.43679
vn -0.70899 0.70522 -0
vn -0.50231 0.86469 -0
vn -0.89218 0.11503 -0.43679
vn -0.96661 0.25624 0
vn -0.86736 0.49769 -0
vn -1 -0.00267 0
vn -0.25624 -0.96661 0
vn -0.49769 -0.86736 0
vn -0.54571 -0.71513 -0.43678
vn -0.70521 -0.70899 0
vn -0.86469 -0.50231 0
vn 0.56728 -0.82353 0
vn 0.89462 -0.44683 0
vn 0.99915 0.04115 -0
vn 0.85485 0.51888 -0
vn 0.49764 0.86738 -0
vn 0.0165 0.99986 -0
vn -0.46876 0.88333 -0
vn -0.83727 0.5468 -0
vn -0.11503 -0.89218 -0.43679
vn 0.54571 0.71513 -0.43679
vn 0.11503 0.89218 -0.43679
vn 0.49769 0.86736 -0
vn -0.25624 -0.96661 0
vn -0.49768 -0.86736 0
vn -0.54571 -0.71513 -0.43679
vn 0.98345 -0.1812 -0
vn 0.94855 0.31663 -0
vn 0.67741 0.7356 -0
vn 0.23757 0.97137 -0
vn -0.26145 0.96522 -0
vn -0.69535 0.71867 -0
vn -0.95607 0.29315 0
vn -0.97868 -0.20539 0
vn 0.76522 -0.58393 -0.27104
vn 0.37771 -0.68622 -0.62164
vn 0.38515 -0.92285 0
vn 0.63497 -0.77253 0
vn 0.77205 -0.60818 -0.18453
vn 0.98101 0.19394 -0
vn 0.99995 0.01037 -0
vn 0.89277 -0.11511 -0.43556
vn 0.96856 -0.24879 -0
vn 0.90635 -0.42252 -0
vn 0.83117 0.39289 -0.39343
vn 0.91761 0.38296 -0.10644
vn 0.80104 0.59861 -0
vn 0.6774 0.73561 -0
vn 0.55458 0.72676 -0.40529
vn 0.46393 0.88587 -0
vn -0.56098 0.82783 -0
vn -0.36365 0.87134 -0.32943
vn -0.34082 0.9361 -0.08695
vn -0.14841 0.98893 -0
vn 0.12788 0.99179 -0
vn 0.02961 0.82616 -0.56265
vn 0.29325 0.95603 -0
vn -0.70354 0.71066 -0
vn -0.7156 0.54607 -0.43556
vn -0.8635 0.50435 -0
vn -0.99472 -0.10259 0
vn -0.97235 0.12537 -0.19701
vn -0.95138 0.1078 -0.28853
vn -0.94147 0.33709 0
vn -0.95894 -0.28362 0
vn -0.83509 -0.34852 -0.42562
vn -0.85285 -0.52215 0
vn 0.23903 -0.97101 0
vn 0.05654 -0.9984 0
vn -0.11862 -0.91995 -0.37366
vn -0.20379 -0.97901 0
vn -0.60664 -0.79498 0
vn -0.47287 -0.72996 -0.49351
vn -0.74239 -0.66997 0
vn 0.82353 0.56728 -0
vn 0.44683 0.89462 -0
vn -0.04115 0.99915 -0
vn -0.51888 0.85485 -0
vn -0.86738 0.49764 -0
vn -0.99986 0.0165 0
vn -0.88333 -0.46876 0
vn -0.5468 -0.83727 0
vn 0.38515 -0.92285 0
vn 0.37771 -0.68621 -0.62165
vn 0.76522 -0.58393 -0.27104
vn 0.98101 0.19393 -0
vn 0.99995 0.01037 -0
vn 0.89277 -0.11511 -0.43556
vn 0.96856 -0.24879 -0
vn 0.90635 -0.42252 -0
vn 0.83117 0.39289 -0.39343
vn 0.91761 0.38296 -0.10644
vn 0.80104 0.59862 -0
vn 0.6774 0.73561 -0
vn 0.55458 0.72676 -0.40529
vn 0.46393 0.88587 -0
vn -0.56098 0.82783 -0
vn -0.36365 0.87134 -0.32943
vn -0.34082 0.9361 -0.08695
vn -0.14842 0.98893 -0
vn 0.12788 0.99179 -0
vn 0.02961 0.82616 -0.56265
vn -0.70354 0.71065 -0
vn -0.71561 0.54607 -0.43556
vn -0.8635 0.50435 -0
vn -0.99472 -0.10258 0
vn -0.97235 0.12537 -0.197
vn -0.95138 0.1078 -0.28854
vn -0.94147 0.33709 0
vn -0.83509 -0.34852 -0.42562
vn -0.85285 -0.52215 0
vn 0.23903 -0.97101 0
vn 0.05654 -0.9984 0
vn -0.11861 -0.91995 -0.37366
vn -0.60664 -0.79498 0
vn -0.47287 -0.72996 -0.49351
vn -0.74239 -0.66997 0
vn 0.1812 0.98345 -0
vn -0.31663 0.94855 -0
vn -0.7356 0.67741 -0
vn -0.97137 0.23757 0
vn -0.96522 -0.26145 0
vn -0.71867 -0.69535 0
vn -0.29315 -0.95607 0
vn 0.20539 -0.97868 0
vn 0.37771 -0.68621 -0.62165
vn 0.76522 -0.58393 -0.27105
vn 0.77205 -0.60818 -0.18453
vn 0.63497 -0.77254 0
vn 0.99995 0.01037 -0
vn 0.89277 -0.11511 -0.43556
vn 0.96856 -0.24879 -0
vn 0.90635 -0.42252 -0
vn 0.83117 0.39289 -0.39343
vn 0.91761 0.38296 -0.10644
vn 0.80104 0.59861 -0
vn 0.6774 0.73561 -0
vn 0.55458 0.72676 -0.40529
vn 0.46393 0.88587 -0
vn -0.36365 0.87134 -0.32943
vn -0.34082 0.9361 -0.08695
vn -0.14842 0.98892 -0
vn 0.02961 0.82617 -0.56265
vn 0.29325 0.95603 -0
vn -0.70354 0.71065 -0
vn -0.71561 0.54607 -0.43556
vn -0.8635 0.50435 -0
vn -0.99472 -0.10259 0
vn -0.97235 0.12537 -0.19701
vn -0.95138 0.1078 -0.28854
vn -0.94147 0.33709 0
vn -0.95894 -0.28362 0
vn -0.83509 -0.34852 -0.42563
vn -0.85285 -0.52215 0
vn 0.23903 -0.97101 0
vn 0.05654 -0.9984 0
vn -0.11862 -0.91995 -0.37366
vn -0.20379 -0.97901 0
vn -0.47287 -0.72996 -0.49351
vn -0.74239 -0.66997 0
vn -0.56728 0.82353 -0
vn -0.89462 0.44683 -0
vn -0.99915 -0.04115 0
vn -0.85485 -0.51888 0
vn -0.49764 -0.86738 0
vn -0.0165 -0.99986 0
vn 0.46876 -0.88333 0
vn 0.83727 -0.5468 0
vn -0.06684 -0.70303 0.70802
vn -0.06935 -0.70052 0.71026
vn -0.06627 -0.70227 0.70882
vn -0.07159 -0.70295 0.70763
vn -0.42227 -0.55533 0.71645
vn -0.42409 -0.56337 0.70905
vn -0.42247 -0.55934 0.71321
vn -0.42224 -0.55577 0.71612
vn -0.42241 -0.55485 0.71674
vn -0.41584 -0.572 0.70703
vn -0.35505 -0.61291 0.7059
vn -0.35504 -0.61291 0.7059
vn -0.24932 -0.66298 0.7059
vn -0.24932 -0.66299 0.7059
vn -0.1368 -0.69498 0.7059
vn -0.1368 -0.69498 0.7059
vn -0.07866 -0.70272 0.70711
vn -0.07604 -0.70299 0.70712
vn -0.00182 -1 0
vn 0.10265 -0.99433 -0.02772
vn 0.2107 -0.97755 0
vn 0.50647 -0.86226 0
vn 0.81879 -0.57409 0
vn 0.9699 -0.2435 -0
vn 0.9832 -0.18224 -0.0105
vn 0.99949 -0.03187 -0
vn 0.97015 0.2425 -0
vn -0.96707 -0.25413 -0.01386
vn -0.97846 -0.20644 0
vn -0.80439 -0.5941 0
vn -0.48505 -0.87448 0
vn -0.07813 -0.99694 0
vn 0.02134 -0.99838 -0.05274
vn -0.18609 -0.98253 0
vn -0.9984 -0.0565 0
vn -0.97584 0.2185 0
vn 0.45316 -0.54137 0.70821
vn 0.45393 -0.54149 0.70763
vn 0.40179 -0.55268 0.73015
vn 0.08191 -0.70276 0.70669
vn 0.08887 -0.70106 0.70755
vn 0.11047 -0.6811 0.72381
vn 0.07925 -0.70213 0.70763
vn 0.0797 -0.70149 0.70821
vn 0.43824 -0.54501 0.71478
vn 0.45218 -0.54542 0.70573
vn 0.4418 -0.54961 0.70904
vn 0.4036 -0.557 0.72585
vn 0.40659 -0.57935 0.70642
vn 0.31891 -0.63246 0.7059
vn 0.31891 -0.63246 0.7059
vn 0.21046 -0.67633 0.7059
vn 0.11909 -0.69745 0.70667
vn 0.12175 -0.67888 0.72409
vn 0.09351 -0.69893 0.70905
vn 0.70582 -0.70839 0
vn 0.77568 -0.63051 -0.02772
vn 0.84022 -0.54224 0
vn 0.96784 -0.25158 -0
vn 0.98492 0.17303 -0
vn 0.85801 0.51364 -0
vn 0.82409 0.56637 -0.0105
vn 0.72927 0.68422 -0
vn 0.51453 0.85747 -0
vn -0.50413 -0.86352 -0.01386
vn -0.5459 -0.83785 0
vn -0.14869 -0.98888 0
vn 0.27537 -0.96134 0
vn 0.6497 -0.76019 0
vn 0.72105 -0.69087 -0.05273
vn 0.56317 -0.82634 0
vn -0.66602 -0.74593 0
vn -0.84453 -0.53551 0
vn 0.70324 -0.06238 0.70821
vn 0.70387 -0.06192 0.70763
vn 0.68361 -0.09364 0.72381
vn 0.55485 -0.43901 0.70669
vn 0.55856 -0.43288 0.70755
vn 0.56242 -0.38803 0.73014
vn 0.55252 -0.44043 0.70763
vn 0.55239 -0.43967 0.70821
vn 0.69526 -0.07551 0.71479
vn 0.70541 -0.06593 0.70573
vn 0.70103 -0.07624 0.70904
vn 0.68798 -0.09579 0.71938
vn 0.69917 -0.10767 0.7068
vn 0.68131 -0.19372 0.7059
vn 0.68131 -0.19372 0.7059
vn 0.64013 -0.30322 0.7059
vn 0.64013 -0.30322 0.7059
vn 0.58608 -0.39719 0.70622
vn 0.56848 -0.37839 0.73052
vn 0.56034 -0.4281 0.70905
vn 1 -0.00182 -0
vn 0.99433 0.10265 -0.02772
vn 0.97755 0.2107 -0
vn 0.86226 0.50647 -0
vn 0.57409 0.81879 -0
vn 0.2435 0.9699 -0
vn 0.18224 0.9832 -0.0105
vn 0.03187 0.99949 -0
vn -0.2425 0.97015 -0
vn 0.25413 -0.96707 -0.01386
vn 0.20644 -0.97846 0
vn 0.5941 -0.80439 0
vn 0.87448 -0.48505 0
vn 0.99694 -0.07813 -0
vn 0.99838 0.02134 -0.05274
vn 0.98253 -0.18609 -0
vn 0.0565 -0.9984 0
vn -0.2185 -0.97584 0
vn 0.55274 0.43786 0.70905
vn 0.54438 0.44629 0.71026
vn 0.54726 0.43549 0.71474
vn 0.54426 0.43596 0.71674
vn 0.7009 0.09336 0.70712
vn 0.70116 0.08416 0.70802
vn 0.70001 0.08324 0.70927
vn 0.70052 0.08445 0.70862
vn 0.70097 0.08891 0.70763
vn 0.70056 0.09598 0.70711
vn 0.6914 0.15389 0.7059
vn 0.69139 0.15389 0.7059
vn 0.65663 0.2656 0.7059
vn 0.65664 0.2656 0.7059
vn 0.60396 0.37005 0.7059
vn 0.60396 0.37005 0.7059
vn 0.56157 0.42982 0.70703
vn 0.54474 0.43584 0.71645
vn 0.70839 0.70582 -0
vn 0.63051 0.77568 -0.02772
vn 0.54224 0.84022 -0
vn 0.25158 0.96784 -0
vn -0.17303 0.98492 -0
vn -0.51364 0.85801 -0
vn -0.56637 0.82409 -0.0105
vn -0.68422 0.72927 -0
vn -0.85747 0.51453 -0
vn 0.86352 -0.50413 -0.01386
vn 0.83785 -0.5459 0
vn 0.98888 -0.14869 -0
vn 0.96134 0.27537 -0
vn 0.76019 0.6497 -0
vn 0.69087 0.72105 -0.05273
vn 0.82634 0.56317 -0
vn 0.74593 -0.66602 0
vn 0.53551 -0.84453 0
vn 0.06684 0.70302 0.70802
vn 0.42227 0.55533 0.71645
vn 0.42409 0.56337 0.70905
vn 0.42247 0.55934 0.71321
vn 0.42224 0.55577 0.71612
vn 0.42241 0.55485 0.71674
vn 0.06935 0.70052 0.71026
vn 0.06628 0.70227 0.70881
vn 0.07159 0.70295 0.70763
vn 0.41584 0.572 0.70703
vn 0.35505 0.61291 0.7059
vn 0.35504 0.61291 0.7059
vn 0.24932 0.66298 0.7059
vn 0.24932 0.66299 0.7059
vn 0.1368 0.69498 0.7059
vn 0.1368 0.69498 0.7059
vn 0.07866 0.70272 0.70711
vn 0.07604 0.70299 0.70712
vn 0.00182 1 -0
vn -0.10265 0.99433 -0.02772
vn -0.2107 0.97755 -0
vn -0.50647 0.86226 -0
vn -0.81879 0.57409 -0
vn -0.9699 0.2435 0
vn -0.9832 0.18224 -0.0105
vn -0.99949 0.03187 0
vn -0.97015 -0.2425 0
vn 0.96707 0.25413 -0.01386
vn 0.97846 0.20644 -0
vn 0.80439 0.5941 -0
vn 0.48505 0.87448 -0
vn 0.07813 0.99694 -0
vn -0.02134 0.99838 -0.05274
vn 0.18609 0.98253 -0
vn 0.9984 0.0565 -0
vn 0.97584 -0.2185 -0
vn -0.45316 0.54137 0.70821
vn -0.45393 0.54149 0.70763
vn -0.40179 0.55268 0.73015
vn -0.08191 0.70276 0.70669
vn -0.08887 0.70106 0.70755
vn -0.11047 0.6811 0.72381
vn -0.07925 0.70212 0.70763
vn -0.0797 0.70149 0.70821
vn -0.43824 0.54501 0.71478
vn -0.45218 0.54542 0.70573
vn -0.4418 0.54961 0.70904
vn -0.4036 0.557 0.72585
vn -0.40659 0.57935 0.70642
vn -0.31891 0.63246 0.7059
vn -0.31891 0.63246 0.7059
vn -0.21046 0.67633 0.7059
vn -0.11909 0.69745 0.70667
vn -0.12175 0.67888 0.72409
vn -0.09351 0.69893 0.70905
vn -0.70582 0.70839 -0
vn -0.77568 0.63051 -0.02772
vn -0.84022 0.54224 -0
vn -0.96784 0.25158 0
vn -0.98492 -0.17303 0
vn -0.85801 -0.51364 0
vn -0.82409 -0.56637 -0.0105
vn -0.72927 -0.68422 0
vn -0.51453 -0.85747 0
vn 0.50413 0.86352 -0.01386
vn 0.5459 0.83785 -0
vn 0.14869 0.98888 -0
vn -0.27537 0.96134 -0
vn -0.6497 0.76019 -0
vn -0.72105 0.69087 -0.05273
vn -0.56317 0.82634 -0
vn 0.66602 0.74593 -0
vn 0.84453 0.53551 -0
vn -0.70324 0.06238 0.70821
vn -0.70387 0.06191 0.70763
vn -0.68361 0.09364 0.72381
vn -0.55485 0.43901 0.70669
vn -0.55856 0.43288 0.70755
vn -0.56242 0.38803 0.73014
vn -0.55252 0.44043 0.70763
vn -0.55239 0.43967 0.70821
vn -0.69526 0.07551 0.71479
vn -0.70541 0.06593 0.70573
vn -0.70103 0.07624 0.70904
vn -0.68798 0.09579 0.71938
vn -0.69917 0.10767 0.7068
vn -0.68131 0.19372 0.7059
vn -0.68131 0.19372 0.7059
vn -0.64013 0.30322 0.7059
vn -0.64013 0.30322 0.7059
vn -0.58608 0.39719 0.70622
vn -0.56848 0.37839 0.73052
vn -0.56034 0.4281 0.70905
vn -1 0.00182 0
vn -0.99433 -0.10265 -0.02772
vn -0.97755 -0.2107 0
vn -0.86226 -0.50647 0
vn -0.57409 -0.81879 0
vn -0.2435 -0.9699 0
vn -0.18224 -0.9832 -0.0105
vn -0.03187 -0.99949 0
vn 0.2425 -0.97015 0
vn -0.25413 0.96707 -0.01386
vn -0.20644 0.97846 -0
vn -0.5941 0.80439 -0
vn -0.87448 0.48505 -0
vn -0.99694 0.07813 0
vn -0.99838 -0.02134 -0.05274
vn -0.98253 0.18609 0
vn -0.0565 0.9984 -0
vn 0.2185 0.97584 -0
vn -0.55274 -0.43786 0.70905
vn -0.54438 -0.44629 0.71026
vn -0.54726 -0.43549 0.71474
vn -0.54426 -0.43596 0.71674
vn -0.7009 -0.09336 0.70712
vn -0.70116 -0.08416 0.70802
vn -0.70001 -0.08324 0.70927
vn -0.70052 -0.08445 0.70862
vn -0.70097 -0.08891 0.70763
vn -0.70056 -0.09598 0.70711
vn -0.6914 -0.15389 0.7059
vn -0.69139 -0.15389 0.7059
vn -0.65663 -0.2656 0.7059
vn -0.65664 -0.2656 0.7059
vn -0.60396 -0.37005 0.7059
vn -0.60396 -0.37005 0.7059
vn -0.56157 -0.42982 0.70703
vn -0.54474 -0.43584 0.71645
vn -0.70839 -0.70582 0
vn -0.63051 -0.77568 -0.02772
vn -0.54224 -0.84022 0
vn -0.25158 -0.96784 0
vn 0.17303 -0.98492 0
vn 0.51364 -0.85801 0
vn 0.56637 -0.82409 -0.0105
vn 0.68422 -0.72927 0
vn 0.85747 -0.51453 0
vn -0.86352 0.50413 -0.01386
vn -0.83785 0.5459 -0
vn -0.98888 0.14869 0
vn -0.96134 -0.27537 0
vn -0.76019 -0.6497 0
vn -0.69087 -0.72105 -0.05273
vn -0.82634 -0.56317 0
vn -0.74593 0.66602 -0
vn -0.53551 0.84453 -0
vn -0.02878 -0.99959 -0.00024
vn -0.029 -0.99958 0
vn 0.09464 -0.99551 0
vn 0.13589 -0.99047 -0.02252
vn 0.17653 -0.9843 0
vn 0.63862 -0.76655 -0.06759
vn 0.59107 -0.80662 0
vn 0.6863 -0.72732 0
vn 0.71559 -0.69816 0.02252
vn 0.74402 -0.66816 0
vn 0.78386 -0.62094 0
vn 0.82084 -0.57092 -0.01677
vn 0.83246 -0.55409 0
vn 0.99075 0.13573 -0
vn 0.58802 0.80885 -0
vn 0.02878 0.99959 -0.00024
vn 0.029 0.99958 -0
vn -0.09464 0.99551 -0
vn -0.13589 0.99047 -0.02252
vn -0.17653 0.9843 -0
vn -0.63862 0.76655 -0.06759
vn -0.59107 0.80662 -0
vn -0.71577 0.69833 -0
vn -0.78386 0.62094 -0
vn -0.82084 0.57092 -0.01677
vn -0.83246 0.55409 -0
vn -0.99075 -0.13573 0
vn -0.58802 -0.80885 0
vn 0.99652 -0.06999 -0.04521
vn 0.99377 -0.11145 -0
vn 0.99857 0.05342 -0
vn 0.99856 0.05364 -0.00024
vn 0.97611 0.21727 -0
vn 0.92704 0.37497 -0
vn 0.85268 0.52244 -0
vn 0.90374 -0.42808 -0
vn 0.96187 -0.2735 -0
vn 0.98835 -0.1522 -0
vn 0.29713 -0.95484 0
vn 0.45024 -0.89291 0
vn 0.57445 -0.81854 0
vn -0.741 -0.67111 -0.02275
vn -0.75506 -0.65566 0
vn -0.65281 -0.75753 0
vn -0.63675 -0.77088 -0.01701
vn -0.50125 -0.8653 0
vn -0.35199 -0.936 0
vn -0.19313 -0.98117 0
vn -0.11124 -0.99379 0
vn -0.99652 0.06999 -0.04521
vn -0.99377 0.11145 0
vn -0.99857 -0.05342 0
vn -0.99856 -0.05364 -0.00024
vn -0.97611 -0.21727 0
vn -0.92704 -0.37497 0
vn -0.85268 -0.52244 0
vn -0.7941 -0.60779 0
vn -0.90374 0.42808 0
vn -0.96187 0.2735 0
vn -0.98835 0.1522 0
vn -0.29713 0.95484 -0
vn -0.45024 0.89291 -0
vn -0.57445 0.81854 -0
vn 0.7941 0.60779 -0
vn 0.741 0.67111 -0.02275
vn 0.75506 0.65566 -0
vn 0.65281 0.75753 -0
vn 0.63675 0.77088 -0.01701
vn 0.50125 0.8653 -0
vn 0.35199 0.936 -0
vn 0.19313 0.98117 -0
vn 0.11124 0.99379 -0
vn -0.53036 -0.4695 0.70589
vn -0.60041 -0.3758 0.70589
vn -0.6004 -0.3758 0.7059
vn -0.65407 -0.27185 0.7059
vn -0.65407 -0.27185 0.7059
vn -0.6899 -0.16049 0.7059
vn -0.68989 -0.16049 0.7059
vn -0.7069 -0.04475 0.7059
vn -0.7069 -0.04475 0.7059
vn -0.70462 0.07222 0.7059
vn -0.70463 0.07222 0.7059
vn -0.68313 0.18721 0.7059
vn -0.68313 0.18721 0.7059
vn -0.643 0.2971 0.7059
vn -0.643 0.2971 0.7059
vn -0.58533 0.39888 0.7059
vn -0.58533 0.39888 0.7059
vn -0.51169 0.48978 0.7059
vn -0.51169 0.48978 0.7059
vn -0.4241 0.56732 0.7059
vn -0.4241 0.56732 0.7059
vn -0.32493 0.62939 0.7059
vn -0.32494 0.62939 0.7059
vn -0.21691 0.67429 0.7059
vn -0.21691 0.67428 0.7059
vn -0.10297 0.70079 0.7059
vn -0.10297 0.70079 0.7059
vn 0.01378 0.70818 0.7059
vn 0.01378 0.70818 0.7059
vn 0.13016 0.69626 0.7059
vn 0.13016 0.69625 0.7059
vn 0.24298 0.66533 0.7059
vn 0.24298 0.66533 0.7059
vn 0.34918 0.61627 0.7059
vn 0.34918 0.61627 0.7059
vn 0.44585 0.55039 0.7059
vn 0.44585 0.55039 0.7059
vn 0.53036 0.4695 0.7059
vn 0.53036 0.4695 0.70589
vn 0.60041 0.3758 0.70589
vn 0.6004 0.3758 0.7059
vn 0.65407 0.27185 0.7059
vn 0.65407 0.27185 0.7059
vn 0.6899 0.16049 0.7059
vn 0.68989 0.16049 0.7059
vn 0.7069 0.04475 0.7059
vn 0.7069 0.04475 0.7059
vn 0.70462 -0.07222 0.7059
vn 0.70463 -0.07222 0.7059
vn 0.68313 -0.18721 0.7059
vn 0.68313 -0.18721 0.7059
vn 0.643 -0.2971 0.7059
vn 0.643 -0.2971 0.7059
vn 0.58533 -0.39888 0.7059
vn 0.58533 -0.39888 0.7059
vn 0.51169 -0.48978 0.7059
vn 0.51169 -0.48978 0.7059
vn 0.4241 -0.56732 0.7059
vn 0.4241 -0.56732 0.7059
vn 0.32493 -0.62939 0.7059
vn 0.32494 -0.62939 0.7059
vn 0.21691 -0.67429 0.7059
vn 0.21691 -0.67428 0.7059
vn 0.10297 -0.70079 0.7059
vn 0.10297 -0.70079 0.7059
vn -0.01378 -0.70818 0.7059
vn -0.01378 -0.70818 0.7059
vn -0.13016 -0.69626 0.7059
vn -0.13016 -0.69625 0.7059
vn -0.24298 -0.66533 0.7059
vn -0.24298 -0.66533 0.7059
vn -0.34918 -0.61627 0.7059
vn -0.34918 -0.61627 0.7059
vn -0.44585 -0.55039 0.7059
vn -0.44585 -0.55039 0.7059
vn -0.53036 -0.4695 0.7059
vn 0.62945 0.77704 -0
vn 0.49297 0.87005 -0
vn 0.34304 0.93932 -0
vn 0.18376 0.98297 -0
vn 0.01946 0.99981 -0
vn -0.14537 0.98938 -0
vn -0.30623 0.95196 -0
vn -0.45874 0.88857 -0
vn -0.59874 0.80094 -0
vn -0.72241 0.69147 -0
vn -0.82637 0.56313 -0
vn -0.90778 0.41944 0
vn -0.96444 0.2643 0
vn -0.99479 0.10196 0
vn -0.998 -0.06317 0
vn -0.97399 -0.22658 0
vn -0.92342 -0.3838 0
vn -0.84765 -0.53055 0
vn -0.74876 -0.66284 0
vn -0.62945 -0.77704 0
vn -0.49297 -0.87005 0
vn -0.34304 -0.93932 0
vn -0.18376 -0.98297 0
vn -0.01946 -0.99981 0
vn 0.14537 -0.98938 0
vn 0.30623 -0.95196 0
vn 0.45874 -0.88857 0
vn 0.59874 -0.80094 0
vn 0.72241 -0.69147 0
vn 0.82637 -0.56313 0
vn 0.90778 -0.41944 -0
vn 0.96444 -0.2643 -0
vn 0.99479 -0.10196 -0
vn 0.998 0.06317 -0
vn 0.97399 0.22658 -0
vn 0.92342 0.3838 -0
vn 0.84765 0.53055 -0
vn 0.74876 0.66284 -0
vn -0.44585 -0.55039 -0.70589
vn -0.34918 -0.61627 -0.70589
vn -0.34918 -0.61627 -0.7059
vn -0.24298 -0.66534 -0.7059
vn -0.24298 -0.66533 -0.7059
vn -0.13016 -0.69625 -0.7059
vn -0.13016 -0.69626 -0.70589
vn -0.01378 -0.70818 -0.70589
vn -0.01378 -0.70818 -0.7059
vn 0.10297 -0.70079 -0.7059
vn 0.10297 -0.70079 -0.7059
vn 0.21691 -0.67429 -0.7059
vn 0.21691 -0.67429 -0.70589
vn 0.32494 -0.62939 -0.70589
vn 0.32494 -0.62939 -0.7059
vn 0.4241 -0.56732 -0.7059
vn 0.4241 -0.56732 -0.70589
vn 0.51169 -0.48978 -0.70589
vn 0.51169 -0.48978 -0.70589
vn 0.58533 -0.39888 -0.70589
vn 0.58533 -0.39888 -0.70589
vn 0.643 -0.2971 -0.70589
vn 0.643 -0.2971 -0.70589
vn 0.68313 -0.18721 -0.70589
vn 0.68313 -0.18721 -0.70589
vn 0.70463 -0.07222 -0.70589
vn 0.70462 -0.07222 -0.7059
vn 0.7069 0.04475 -0.7059
vn 0.7069 0.04475 -0.70589
vn 0.6899 0.16049 -0.70589
vn 0.6899 0.16049 -0.70589
vn 0.65407 0.27185 -0.70589
vn 0.60041 0.3758 -0.70589
vn 0.60041 0.3758 -0.70589
vn 0.53036 0.4695 -0.70589
vn 0.53036 0.4695 -0.7059
vn 0.44585 0.55039 -0.7059
vn 0.44585 0.55039 -0.70589
vn 0.34918 0.61627 -0.70589
vn 0.34918 0.61627 -0.7059
vn 0.24298 0.66534 -0.7059
vn 0.24298 0.66533 -0.7059
vn 0.13016 0.69625 -0.7059
vn 0.13016 0.69626 -0.70589
vn 0.01378 0.70818 -0.70589
vn 0.01378 0.70818 -0.7059
vn -0.10297 0.70079 -0.7059
vn -0.10297 0.70079 -0.7059
vn -0.21691 0.67429 -0.7059
vn -0.21691 0.67429 -0.70589
vn -0.32494 0.62939 -0.70589
vn -0.32494 0.62939 -0.7059
vn -0.4241 0.56732 -0.7059
vn -0.4241 0.56732 -0.70589
vn -0.51169 0.48978 -0.70589
vn -0.51169 0.48978 -0.70589
vn -0.58533 0.39888 -0.70589
vn -0.58533 0.39888 -0.70589
vn -0.643 0.2971 -0.70589
vn -0.643 0.2971 -0.70589
vn -0.68313 0.18721 -0.70589
vn -0.68313 0.18721 -0.70589
vn -0.70463 0.07222 -0.70589
vn -0.70462 0.07222 -0.7059
vn -0.7069 -0.04475 -0.7059
vn -0.7069 -0.04475 -0.70589
vn -0.6899 -0.16049 -0.70589
vn -0.6899 -0.16049 -0.70589
vn -0.65407 -0.27185 -0.70589
vn -0.60041 -0.3758 -0.70589
vn -0.60041 -0.3758 -0.70589
vn -0.53036 -0.4695 -0.70589
vn -0.53036 -0.4695 -0.7059
vn -0.44585 -0.55039 -0.7059
vn -0.99144 0.13053 0
vn -0.92388 -0.38268 0
vn -0.60876 -0.79335 0
vn -0.13052 -0.99145 0
vn 0.38268 -0.92388 0
vn 0.79335 -0.60876 0
vn 0.99145 -0.13053 -0
vn 0.92388 0.38268 -0
vn 0.60876 0.79335 -0
vn 0.13052 0.99145 -0
vn -0.38268 0.92388 -0
vn -0.79335 0.60876 -0
vn -0.99144 0.13053 0
vn -0.92388 -0.38269 0
vn -0.60876 -0.79335 0
vn -0.13053 -0.99145 0
vn 0.38268 -0.92388 0
vn 0.79336 -0.60876 0
vn 0.99144 -0.13053 -0
vn 0.60876 0.79335 -0
vn 0.13053 0.99144 -0
vn -0.38269 0.92388 -0
vn -0.79335 0.60876 -0
vn -0.99145 0.13052 0
vn -0.92388 -0.38268 0
vn 0.79335 -0.60876 0
vn 0.99145 -0.13052 -0
vn 0.13053 0.99144 -0
vn -0.38268 0.92388 -0
vn -0.99145 0.13053 0
vn -0.60876 -0.79336 0
vn -0.13053 -0.99144 0
vn 0.38268 -0.92388 0
vn 0.99144 -0.13053 -0
vn 0.92388 0.38269 -0
vn 0.13053 0.99144 -0
vn -0.38269 0.92388 -0
vn 0.99144 -0.13053 -0
vn -0.38268 0.92388 -0
vn -0.13053 -0.99144 0
vn 0.38269 -0.92388 0
vn 0.92388 0.38269 -0
vn 0.13053 0.99145 -0
vn -0.79336 0.60876 -0
vn -0.13053 -0.99144 0
vn 0.92388 0.38268 -0
vn -0.99144 0.13053 0
vn -0.92388 -0.38269 0
vn 0.38269 -0.92388 0
vn 0.60876 0.79336 -0
vn 0.44661 0.89462 0.01352
vn 0.4555 0.89023 0.0037
vn 0.45549 0.89023 -0.0037
vn 0.45497 0.89051 -0.00146
vn 0.45497 0.89051 0.00146
vn 0.41397 0.91029 -0
vn 0.44988 0.89309 -0
vn 0.45546 0.89025 -0.00362
vn 0.35094 0.9364 -0
vn 0.30798 0.95139 0.00146
vn 0.30798 0.95139 -0.00145
vn 0.3074 0.95157 -0.0037
vn 0.4536 0.8912 -0
vn 0.30943 0.95092 -0
vn 0.3168 0.9484 -0.01353
vn 0.31339 0.94962 -0
vn 0.30744 0.95156 0.00362
vn 0.30741 0.95157 0.00369
vn 0.35095 0.9364 -0
vn 0.3074 0.95157 -0.00389
vn 0.30799 0.95138 -0.00311
vn 0.31411 0.94939 -0
vn 0.30825 0.95131 -0
vn 0.30752 0.95154 0.00335
vn 0.30931 0.95095 0.00486
vn 0.41398 0.91029 -0
vn 0.45549 0.89023 0.00388
vn 0.45495 0.89051 0.00311
vn 0.4492 0.89343 -0
vn 0.46263 0.88655 -0
vn 0.45427 0.89086 -0.00215
vn 0.45495 0.89051 -0.00311
vn -0.97715 -0.21253 0
vn -0.91969 -0.39263 0
vn -0.98297 0.18378 0
vn -0.94858 0.31653 0
vn -0.94816 0.3178 0.00034
vn -0.92438 0.38147 0
vn -0.89517 0.44573 -0
vn -0.82502 0.56511 -0
vn -0.56511 0.82501 -0
vn -0.44573 0.89517 -0
vn -0.3178 0.94816 -0
vn -0.18378 0.98297 -0
vn 0.98297 -0.18378 -0
vn 0.94858 -0.31653 -0
vn 0.94816 -0.3178 0.00034
vn 0.92438 -0.38147 -0
vn 0.89517 -0.44573 0
vn 0.82502 -0.56511 0
vn 0.56511 -0.82501 0
vn 0.4815 -0.87645 0
vn 0.44572 -0.89516 0.00438
vn 0.41966 -0.90768 0
vn 0.3178 -0.94816 0
vn 0.18378 -0.98297 0
vn 0.82501 0.56511 -0
vn 0.89517 0.44573 -0
vn 0.93766 0.34756 -0
vn 0.94815 0.3178 0.00446
vn 0.95947 0.2818 -0
vn 0.98297 0.18378 -0
vn -0.82501 -0.56511 0
vn -0.89517 -0.44573 0
vn -0.94816 -0.3178 0
vn -0.98297 -0.18378 0
vn 0.15492 0.98793 -0
vn 0.58903 0.80811 -0
vn 0.99712 0.0759 -0
vn 0.90562 0.42409 -0
vn 0.69674 0.71732 -0
vn 0.57004 0.82162 -0
vn 0.85949 0.51116 -0
vn 0.99408 0.10862 -0
vn 0.38268 0.92388 -0
vn 0.38268 0.92388 -0
vn 0.38268 0.92388 -0
vn 0.38268 0.92388 0
vn 0.38269 0.92388 0
vn 0.38268 0.92388 -0
vn 0.38268 0.92388 -0
vn 0.38268 0.92388 0
vn 0.38268 0.92388 0
vn 0.38268 0.92388 0
vn 0.38268 0.92388 -0
vn 0.38268 0.92388 -0
vn 0.38269 0.92388 0
vn 0.38268 0.92388 -0
vn 0.38268 0.92388 -0
vn 0.38244 0.92398 -0.00012
vn 0.38268 0.92388 -0
vn 0.38269 0.92388 0
vn 0.38268 0.92388 -0
vn 0.38268 0.92388 -0
vn 0.38268 0.92388 -0
vn 0.38268 0.92388 -0
vn 0.38268 0.92388 -0
vn 0.38268 0.92388 -0
vn 0.38268 0.92388 0
vn 0.38268 0.92388 0
vn 0.38269 0.92388 0
vn 0.38268 0.92388 -0
vn 0.38268 0.92388 -0
vn 0.38269 0.92388 -0
vn 0.38268 0.92388 0
vn 0.38268 0.92388 0
vn 0.38268 0.92388 0
vn 0.38268 0.92388 0
vn -0.62612 0.77973 -0
vn -0.2463 0.96919 -0
vn 0.17789 0.98405 -0
vn 0.01455 0.99989 -0
vn -0.34049 0.94025 -0
vn -0.6514 0.75874 -0
vn -0.46991 -0.88271 0
vn -0.1275 -0.99184 0
vn 0.10795 -0.99416 0
vn 0.23137 -0.97286 -0.00202
vn 0.28483 -0.95858 0
vn -0.95858 0.28483 0
vn -0.97286 0.23137 -0.00202
vn -0.88272 -0.46991 0
vn -0.99184 -0.1275 0
vn -0.99416 0.10795 0
vn 0.17337 -0.98486 0
vn -0.30084 -0.95367 0
vn -0.70711 -0.70711 0
vn -0.95367 -0.30084 0
vn -0.98486 0.17337 0
vn 0.46991 0.88271 -0
vn 0.1275 0.99184 -0
vn -0.10795 0.99416 -0
vn -0.23137 0.97286 -0.00202
vn -0.28483 0.95858 -0
vn 0.95858 -0.28483 -0
vn 0.97286 -0.23137 -0.00202
vn 0.88272 0.46991 -0
vn 0.99184 0.1275 -0
vn 0.99416 -0.10795 -0
vn -0.17337 0.98486 -0
vn 0.30084 0.95367 -0
vn 0.70711 0.70711 -0
vn 0.95367 0.30084 -0
vn 0.98486 -0.17337 -0
vn 0.2919 -0.95645 0
vn 0.61118 -0.79149 0
vn 0.77931 -0.62664 0
vn 0.85152 -0.52431 -0.00202
vn 0.87922 -0.47641 0
vn -0.87922 -0.47641 0
vn -0.85152 -0.52431 -0.00202
vn -0.2919 -0.95645 0
vn -0.61118 -0.79149 0
vn -0.77931 -0.62664 0
vn 0.81899 -0.57381 0
vn 0.46162 -0.88708 0
vn -0 -1 0
vn -0.46162 -0.88708 0
vn -0.81899 -0.57381 0
vn -0.2919 0.95645 -0
vn -0.61118 0.79149 -0
vn -0.77931 0.62664 -0
vn -0.85152 0.52431 -0.00202
vn -0.87922 0.47641 -0
vn 0.87922 0.47641 -0
vn 0.85152 0.52431 -0.00202
vn 0.2919 0.95645 -0
vn 0.61118 0.79149 -0
vn 0.77931 0.62664 -0
vn -0.81899 0.57381 -0
vn -0.46162 0.88708 -0
vn 0 1 -0
vn 0.46162 0.88708 -0
vn 0.81899 0.57381 -0
vn -0.95645 -0.2919 0
vn -0.79149 -0.61118 0
vn -0.52431 -0.85152 0
vn -0.52432 0.85152 -0
vn -0.79149 0.61118 -0
vn -0.95645 0.2919 0
vn -0.57381 -0.81899 0
vn -0.88708 -0.46162 0
vn -1 0 0
vn -0.88708 0.46162 -0
vn -0.57381 0.81899 -0
vn 0.95645 0.2919 -0
vn 0.79149 0.61118 -0
vn 0.52431 0.85152 -0
vn 0.52432 -0.85152 0
vn 0.79149 -0.61118 0
vn 0.95645 -0.2919 -0
vn 0.57381 0.81899 -0
vn 0.88708 0.46162 -0
vn 1 -0 -0
vn 0.88708 -0.46162 0
vn 0.57381 -0.81899 0
vn 0.88271 -0.46991 0
vn 0.99184 -0.1275 -0
vn 0.97287 0.23137 -0
vn -0.23137 -0.97287 0
vn 0.1275 -0.99184 0
vn 0.46991 -0.88272 0
vn 0.98486 0.17337 -0
vn 0.95367 -0.30084 -0
vn 0.70711 -0.70711 0
vn 0.30084 -0.95367 0
vn -0.17337 -0.98486 0
vn -0.88271 0.46991 -0
vn -0.99184 0.1275 0
vn -0.97287 -0.23137 0
vn 0.23137 0.97287 -0
vn -0.1275 0.99184 -0
vn -0.46991 0.88272 -0
vn -0.98486 -0.17337 0
vn -0.95367 0.30084 0
vn -0.70711 0.70711 -0
vn -0.30084 0.95367 -0
vn 0.17337 0.98486 -0
vn -0.38268 0.92388 -0
vn -0.99462 -0.10363 0
vn -0.96515 -0.26168 0
vn -0.91074 -0.41297 0
vn 0.35198 -0.93601 0
vn 0.49743 -0.8675 0
vn 0.63002 -0.77657 0
vn 0.92388 0.38268 -0
vn -0.17075 -0.98531 0
vn 0.37269 -0.92796 0
vn 0.54067 -0.84124 0
vn 0.92388 0.38268 -0
vn -0.38268 0.92388 -0
vn 0.10443 -0.99453 0
vn 0.91618 -0.40077 -0
vn 0.98592 0.16724 -0
vn 0.96069 -0.27763 -0
vn 0.3809 -0.92462 0
vn 0.74472 -0.66737 0
vn 0.98153 -0.18641 -0.04301
vn 0.92388 0.38268 -0
vn 0.92388 0.38268 0
vn 0.83369 0.55224 -0
vn 0.56552 0.82474 -0
vn 0.21468 0.97668 -0
vn 0.20686 0.97837 -0
vn 0.54554 0.83808 -0
vn 0.53882 0.84242 -0
vn 0.1833 0.98306 -0
vn -0.19902 0.98 -0
vn -0.38268 0.92388 -0
vn -0.38268 0.92388 -0
vn -0.38268 0.92388 0
vn -0.14777 -0.98902 0
vn 0.3687 -0.92955 0
vn -0.10466 -0.99451 0
vn -0.55412 -0.83243 0
vn 0.09167 -0.98372 -0.15458
vn -0.5789 0.8154 -0
vn -0.82662 0.56276 -0
vn -0.87534 0.48284 -0.02524
vn -0.93122 0.36445 0
vn -0.9985 0.05469 0
vn -0.92314 -0.38446 0
vn 0.35784 -0.93378 0
vn -0.13936 -0.99024 0
vn -0.38268 -0.92388 0
vn -0.60166 -0.79875 0
vn -0.91332 -0.40725 0
vn -0.918 -0.39658 0
vn -0.76966 -0.63845 0
vn -0.62896 -0.77691 -0.02845
vn -0.59485 -0.80384 0
vn -0.1968 -0.98044 0
vn -0.77708 -0.6294 0
vn -0.53882 -0.84242 0
vn -0.1833 -0.98306 0
vn 0.19901 -0.98 0
vn 0.38268 -0.92388 0
vn 0.38268 -0.92388 0
vn 0.38268 -0.92388 -0
vn 0.38268 -0.92388 0
vn 0.9065 -0.4222 -0
vn 0.5789 -0.8154 0
vn 0.82662 -0.56276 0
vn 0.87534 -0.48284 -0.02524
vn 0.92344 -0.38372 -0.00402
vn 0.92314 0.38446 -0
vn 0.9985 -0.0547 -0
vn 0.94201 -0.33559 -0
vn 0.76237 0.64714 -0
vn 0.64261 0.76619 -0
vn 0.35323 0.93554 -0
vn -0.14319 0.9897 -0
vn -0.6039 0.79706 -0
vn -0.91402 0.40566 0
vn -0.91618 0.40077 0
vn -0.98592 -0.16723 0
vn -0.96069 0.27763 0
vn -0.3809 0.92462 -0
vn -0.74472 0.66737 -0
vn -0.98153 0.18641 -0.04301
vn 0.93316 -0.35947 -0
vn 0.99063 0.13658 -0
vn 0.80107 0.59857 -0
vn 0.41175 0.9113 -0
vn -0.92388 -0.38268 0
vn -0.92388 -0.38268 -0
vn -0.92388 -0.38268 0
vn -0.92388 -0.38268 -0
vn -0.92388 -0.38268 0
vn -0.83369 -0.55224 0
vn -0.56552 -0.82474 0
vn -0.21468 -0.97668 0
vn -0.20686 -0.97837 0
vn -0.54554 -0.83808 0
vn 0.08738 0.99617 -0
vn -0.08147 0.99668 -0
vn -0.97837 0.20685 0
vn -0.83808 0.54554 -0
vn -0.84242 0.53882 -0
vn -0.98306 0.1833 0
vn -0.98 -0.19901 0
vn -0.92388 -0.38268 0
vn 0.41673 -0.90903 0
vn -0.82687 -0.56239 0
vn -0.53489 -0.84492 0
vn -0.15462 -0.98797 0
vn 0.22337 -0.97473 0
vn 0.25115 -0.96782 -0.01553
vn 0.25535 -0.96685 0
vn -0.14184 -0.98989 0
vn -0.51658 -0.85624 0
vn -0.80955 -0.58705 0
vn 0.40077 0.91618 -0
vn -0.16723 0.98592 -0
vn 0.27763 0.96069 -0
vn 0.92462 0.3809 -0
vn 0.66737 0.74472 -0
vn 0.18641 0.98153 -0.04301
vn -0.77789 -0.6284 0
vn -0.41221 -0.91109 0
vn -0.37698 -0.92607 -0.0168
vn -0.17167 -0.98515 0
vn 0.11784 -0.99303 0
vn 0.58333 -0.81224 0
vn -0.38268 0.92388 -0
vn -0.38268 0.92388 0
vn -0.38268 0.92388 -0
vn -0.38268 0.92388 -0
vn -0.55224 0.83369 -0
vn -0.82474 0.56552 -0
vn -0.97668 0.21468 0
vn 0.8321 -0.55462 0
vn 0.93143 -0.36393 -0
vn 0.98769 -0.1564 -0
vn 0.9995 0.03162 -0
vn 0.99805 0.05833 -0.02232
vn 0.99031 0.13889 -0
vn 0.38268 -0.92388 0
vn 0.38268 -0.92388 0
vn 0.38268 -0.92388 0
vn 0.55224 -0.83369 0
vn 0.82474 -0.56552 0
vn 0.97668 -0.21468 -0
vn 0.97837 -0.20685 -0
vn 0.83808 -0.54555 0
vn 0.84242 -0.53882 0
vn 0.98306 -0.1833 -0
vn 0.98 0.19901 -0
vn 0.92388 0.38269 -0
vn 0.92388 0.38268 -0
vn 0.92388 0.38268 -0
vn 0.92388 0.38268 0
vn 0.92388 0.38268 0
vn -0.57522 -0.818 0
vn 0.1057 -0.9944 0
vn -0.38832 -0.92152 0
vn -0.98681 -0.16186 0
vn -0.78551 -0.61885 0
vn -0.35269 -0.93553 -0.01975
vn 0.4222 0.9065 -0
vn 0.8154 0.5789 -0
vn 0.56276 0.82662 -0
vn 0.48284 0.87534 -0.02524
vn 0.38372 0.92344 -0.00402
vn -0.38446 0.92314 -0
vn 0.05469 0.9985 -0
vn 0.33559 0.94201 -0
vn 0.15733 -0.98755 0
vn -0.24018 -0.97073 0
vn -0.59966 -0.80026 0
vn -0.86422 -0.50311 0
vn -0.93745 -0.34811 0
vn -0.84705 -0.53121 -0.01802
vn -0.86205 -0.50682 0
vn -0.58927 -0.80793 0
vn -0.21922 -0.97568 0
vn 0.18702 -0.98236 0
vn -0.66464 0.74716 -0
vn -0.809 0.58781 -0
vn -0.91595 0.40128 0
vn -0.98056 0.19621 0
vn -0.57598 -0.81746 0
vn -0.92388 0.38269 0
vn -0.92388 0.38268 0
vn -0.92388 0.38268 0
vn -0.9245 0.38118 0
vn -0.60876 -0.79335 0
vn -0.92388 -0.38268 0
vn -0.99165 0.12897 0
vn -0.99144 0.13052 0.00064
vn -0.38269 -0.92388 0
vn -0.19509 -0.98078 0
vn 0.19509 -0.98079 0
vn 0.55557 -0.83147 0
vn 0.83147 -0.55557 0
vn 0.8306 -0.55687 0.00049
vn 0.92328 -0.38414 -0
vn 0.92388 -0.38269 -0
vn 0.92388 -0.38268 -0
vn 0.92388 -0.38268 -0
vn 0.38269 0.92388 -0
vn 0.99144 -0.13053 -0
vn 0.92388 0.38268 -0
vn 0.60876 0.79335 -0
vn 0.26628 0.9639 -0
vn 0.12561 0.99013 -0.06223
vn 0.21138 0.97695 -0.02966
vn 0.34745 0.93769 -0.00327
vn 0.42936 0.90313 -8E-05
vn 0.54907 0.83577 0.00048
vn 0.63705 0.7705 -0.0223
vn 0.69136 0.72246 -0.0087
vn 0.89651 0.44258 0.01964
vn 0.87485 0.48439 -0
vn 0.59447 0.80176 -0.06156
vn 0.47178 0.88171 -0.00307
vn 0.64433 0.76475 -0
vn 0.48432 0.87488 -0.00471
vn 0.60408 0.79414 -0.0665
vn 0.59757 0.79933 -0.06313
vn 0.19981 0.97983 0.00182
vn 0.09436 0.99537 -0.01844
vn 0.02224 0.99973 -0.00616
vn -0.31125 0.9502 0.01536
vn -0.2761 0.96113 -0
vn 0.35361 0.93539 -0
vn 0.16189 0.97825 -0.12972
vn 0.13234 0.9912 -0
vn -0.2892 0.95727 -0
vn 0.38268 0.92388 -0
vn 0.6073 0.79447 -0
vn 0.88138 0.4724 -0
vn 0.57725 0.8062 -0.12972
vn 0.41138 0.91146 -0
vn 0.48749 0.51317 0.7064
vn 0.46853 0.58681 0.6604
vn 0.37601 0.66849 0.64167
vn 0.14083 0.98293 0.11839
vn 0.20648 0.93553 0.28663
vn 0.21036 0.9345 0.28716
vn 0.30517 0.85306 0.42328
vn 0.23537 0.88 0.41255
vn 0.36599 0.80975 0.45864
vn 0.01913 0.74564 0.66608
vn 0.08697 0.7063 0.70255
vn 0.62772 0.34756 0.69655
vn 0.62772 0.34756 0.69655
vn 0.6314 0.33841 0.69772
vn 0.6314 0.33841 0.69772
vn 0.41705 0.58246 0.69772
vn 0.41705 0.58246 0.69772
vn 0.2706 0.65328 0.70711
vn 0.11696 0.70676 0.69772
vn 0.11696 0.70676 0.69772
vn -0.20717 0.68576 0.69772
vn -0.20717 0.68576 0.69772
vn -0.1981 0.68962 0.69655
vn -0.1981 0.68962 0.69654
vn 0.50669 0.84613 0.1653
vn 0.36518 0.92453 0.10899
vn 0.56688 0.76627 0.30245
vn 0.31448 0.82447 0.47049
vn 0.31195 0.8255 0.47035
vn 0.16765 0.74229 0.64877
vn 0.64912 0.75568 0.08706
vn 0.65228 0.75317 0.08518
vn 0.62348 0.77672 0.0893
vn 0.67026 0.73817 0.07659
vn 0.65844 0.74817 0.08183
vn 0.10301 0.98961 0.10033
vn 0.08088 0.99623 0.0315
vn -0.87039 -0.49237 0
vn -0.8616 0.50759 -0
vn 0.00879 0.99996 -0
vn 0.87039 0.49237 -0
vn 0.8616 -0.50759 0
vn -0.00879 -0.99996 0
vn 0.99116 0.13268 -0
vn 0.99116 0.13268 -0
vn 0.99116 0.13268 -0
vn 0.38068 0.92471 -0
vn 0.38067 0.92471 0
vn 0.38067 0.92471 -0
vn 0.38068 0.92471 0
vn 0.38067 0.92471 -0
vn 0.61048 -0.79203 0
vn -0.38068 -0.92471 0
vn -0.38067 -0.92471 0
vn -0.38067 -0.92471 0
vn -0.38068 -0.92471 0
vn -0.38067 -0.92471 0
vn -0.99116 -0.13268 0
vn -0.99116 -0.13268 -0
vn -0.99116 -0.13268 0
vn -0.61048 0.79203 -0
vn -0.99116 -0.13268 0
vn 0.99116 0.13268 0
vn 0.49237 -0.87039 0
vn -0.50759 -0.8616 0
vn -0.99996 0.00879 0
vn -0.49237 0.87039 -0
vn 0.50759 0.8616 -0
vn 0.99996 -0.00879 -0
vn 0.87039 0.49237 -0
vn 0.8616 -0.50759 0
vn -0.00879 -0.99996 0
vn -0.87039 -0.49237 0
vn -0.8616 0.50759 -0
vn 0.00879 0.99996 -0
vn -0.49237 0.87039 -0
vn 0.50759 0.8616 -0
vn 0.99996 -0.00879 -0
vn 0.49237 -0.87039 0
vn -0.50759 -0.8616 0
vn -0.99996 0.00879 0
vn 0.92388 -0.38268 -0
vn 0.83239 -0.34479 0.43388
vn 0.83239 -0.34479 0.43388
vn 0.57603 -0.2386 0.78183
vn 0.57603 -0.2386 0.78183
vn 0.20559 -0.08516 0.97493
vn 0.20559 -0.08516 0.97493
vn 0.83239 -0.34479 -0.43388
vn 0.83239 -0.34479 -0.43388
vn 0.57603 -0.2386 -0.78183
vn 0.57603 -0.2386 -0.78183
vn 0.20558 -0.08515 -0.97493
vn 0.20558 -0.08515 -0.97493
vn -0.92388 0.38268 0
vn -0.83239 0.34479 -0.43388
vn -0.57603 0.2386 -0.78183
vn -0.57603 0.2386 -0.78183
vn -0.20558 0.08515 -0.97493
vn -0.20558 0.08515 -0.97493
vn -0.83239 0.34479 0.43388
vn -0.57603 0.2386 0.78183
vn -0.57603 0.2386 0.78183
vn -0.20559 0.08516 0.97493
vn -0.20559 0.08516 0.97493
vn -0.74294 0.66936 -0
vn -0.50996 0.8602 -0
vn 0.30336 0.95288 -0
vn -0.20896 0.97792 -0
vn -0.66631 0.74568 -0
vn 0.30054 0.95377 -0
vn 0.4619 0.88693 -0
vn 0.99842 0.05612 -0
vn 0.83926 0.54374 -0
vn 0.45928 0.88829 -0
vn 0.96885 0.24766 -0
vn 0.99865 -0.05203 -0
vn 0.9205 0.39073 -0
vn 0.2224 0.97496 -0
vn 0.56655 0.82403 -0
vn 0.83069 0.55673 -0
vn 0 1 -0
vn -0.83069 0.55673 -0
vn -0.56655 0.82403 -0
vn -0.2224 0.97495 -0
vn -0.9205 0.39073 0
vn -0.99865 -0.05203 0
vn -0.96885 0.24766 0
vn -0.45928 0.88829 -0
vn -0.83926 0.54374 -0
vn -0.99842 0.05612 0
vn -0.4619 0.88693 -0
vn -0.30054 0.95377 -0
vn 0.66631 0.74568 -0
vn 0.20896 0.97792 -0
vn -0.30336 0.95288 -0
vn 0.50995 0.8602 -0
vn 0.74294 0.66936 -0
vn 0.37461 0.92718 -0
vn -0.53214 0.84666 -0
vn -0.18207 0.98329 -0
vn 0.19372 0.98106 -0
vn -0.70711 0.70711 -0
vn -0.98106 -0.19371 0
vn -0.98329 0.18206 0
vn -0.84666 0.53214 -0
vn -0.92718 -0.37461 0
vn -0.66936 -0.74294 0
vn -0.8602 -0.50996 0
vn -0.95288 0.30336 0
vn -0.97792 -0.20896 0
vn -0.74568 -0.66631 0
vn -0.95377 0.30054 0
vn -0.88693 0.4619 -0
vn -0.05612 0.99842 -0
vn -0.54374 0.83926 -0
vn -0.88829 0.45928 -0
vn -0.24766 0.96885 -0
vn 0.05203 0.99865 -0
vn -0.39073 0.9205 -0
vn -0.97496 0.2224 0
vn -0.82403 0.56655 -0
vn -0.55673 0.83069 -0
vn -1 0 0
vn -0.55673 -0.83069 0
vn -0.82403 -0.56655 0
vn -0.97495 -0.2224 0
vn -0.39073 -0.9205 0
vn 0.05203 -0.99865 0
vn -0.24766 -0.96885 0
vn -0.88829 -0.45928 0
vn -0.54374 -0.83926 0
vn -0.05612 -0.99842 0
vn -0.88693 -0.4619 0
vn -0.95377 -0.30054 0
vn -0.74568 0.66631 -0
vn -0.97792 0.20896 0
vn -0.95288 -0.30336 0
vn -0.8602 0.50995 -0
vn -0.66936 0.74294 -0
vn -0.92718 0.37461 0
vn -0.84666 -0.53214 0
vn -0.98329 -0.18207 0
vn -0.98106 0.19372 0
vn -0.70711 -0.70711 0
vn 0.19371 -0.98106 0
vn -0.18206 -0.98329 0
vn -0.53214 -0.84666 0
vn 0.37461 -0.92718 0
vn 0.74294 -0.66936 0
vn 0.50996 -0.8602 0
vn -0.30336 -0.95288 0
vn 0.20896 -0.97792 0
vn 0.66631 -0.74568 0
vn -0.30054 -0.95377 0
vn -0.4619 -0.88693 0
vn -0.99842 -0.05612 0
vn -0.83926 -0.54374 0
vn -0.45928 -0.88829 0
vn -0.96885 -0.24766 0
vn -0.99865 0.05203 0
vn -0.9205 -0.39073 0
vn -0.2224 -0.97496 0
vn -0.56655 -0.82403 0
vn -0.83069 -0.55673 0
vn -0 -1 0
vn 0.83069 -0.55673 0
vn 0.56655 -0.82403 0
vn 0.2224 -0.97495 0
vn 0.9205 -0.39073 -0
vn 0.99865 0.05203 -0
vn 0.96885 -0.24766 -0
vn 0.45928 -0.88829 0
vn 0.83926 -0.54374 0
vn 0.99842 -0.05612 -0
vn 0.4619 -0.88693 0
vn 0.30054 -0.95377 0
vn -0.66631 -0.74568 0
vn -0.20896 -0.97792 0
vn 0.30336 -0.95288 0
vn -0.50995 -0.8602 0
vn -0.74294 -0.66936 0
vn -0.37461 -0.92718 0
vn 0.53214 -0.84666 0
vn 0.18207 -0.98329 0
vn -0.19372 -0.98106 0
vn 0.70711 -0.70711 0
vn 0.98106 0.19371 -0
vn 0.98329 -0.18206 -0
vn 0.84666 -0.53214 0
vn 0.92718 0.37461 -0
vn 0.66936 0.74294 -0
vn 0.8602 0.50996 -0
vn 0.95288 -0.30336 -0
vn 0.97792 0.20896 -0
vn 0.74568 0.66631 -0
vn 0.95377 -0.30054 -0
vn 0.88693 -0.4619 0
vn 0.05612 -0.99842 0
vn 0.54374 -0.83926 0
vn 0.88829 -0.45928 0
vn 0.24766 -0.96885 0
vn -0.05203 -0.99865 0
vn 0.39073 -0.9205 0
vn 0.97496 -0.2224 -0
vn 0.82403 -0.56655 0
vn 0.55673 -0.83069 0
vn 1 -0 -0
vn 0.55673 0.83069 -0
vn 0.82403 0.56655 -0
vn 0.97495 0.2224 -0
vn 0.39073 0.9205 -0
vn -0.05203 0.99865 -0
vn 0.24766 0.96885 -0
vn 0.88829 0.45928 -0
vn 0.54374 0.83926 -0
vn 0.05612 0.99842 -0
vn 0.88693 0.4619 -0
vn 0.95377 0.30054 -0
vn 0.74568 -0.66631 0
vn 0.97792 -0.20896 -0
vn 0.95288 0.30336 -0
vn 0.8602 -0.50995 0
vn 0.66936 -0.74294 0
vn 0.92718 -0.37461 -0
vn 0.84666 0.53214 -0
vn 0.98329 0.18207 -0
vn 0.98106 -0.19372 -0
vn 0.70711 0.70711 -0
vn -0.19371 0.98106 -0
vn 0.18206 0.98329 -0
vn 0.53214 0.84666 -0
vn -0.37461 0.92718 -0
vn -0.23912 0.09905 -0.96593
vn -0.23912 0.09905 -0.96593
vn -0.65328 0.2706 -0.70711
vn -0.65328 0.2706 -0.70711
vn -0.85353 0.35354 -0.38274
vn -0.89549 0.3621 -0.25881
vn -0.91597 0.37941 -0.13059
vn -0.91596 0.3794 0.13068
vn -0.89549 0.3621 0.25881
vn -0.8535 0.35353 0.38283
vn -0.65328 0.2706 0.70711
vn -0.65328 0.2706 0.70711
vn -0.23911 0.09904 0.96593
vn -0.23911 0.09904 0.96593
vn 0.23911 -0.09904 0.96593
vn 0.23911 -0.09904 0.96593
vn 0.65328 -0.2706 0.70711
vn 0.65328 -0.2706 0.70711
vn 0.85349 -0.35353 0.38285
vn 0.88925 -0.37716 0.25881
vn 0.91595 -0.3794 0.1307
vn 0.91597 -0.37941 -0.13059
vn 0.88925 -0.37716 -0.25881
vn 0.85353 -0.35354 -0.38274
vn 0.65328 -0.2706 -0.70711
vn 0.65328 -0.2706 -0.70711
vn 0.23912 -0.09905 -0.96593
vn 0.23912 -0.09905 -0.96593
vn -0.60876 -0.79335 0
vn -0.92388 -0.38268 0
vn -0.99144 0.13053 0
vn 0.60876 0.79335 -0
vn 0.92388 0.38268 -0
vn 0.99144 -0.13053 -0
vn -0.7133 -0.70086 0
vn -0.96816 -0.25032 0
vn -0.96361 0.2673 0
vn -0.70086 0.7133 -0
vn -0.25032 0.96816 -0
vn 0.2673 0.96361 -0
vn 0.7133 0.70086 -0
vn 0.96816 0.25032 -0
vn 0.96361 -0.2673 -0
vn 0.70086 -0.7133 0
vn 0.25032 -0.96816 0
vn -0.2673 -0.96361 0
vn -0.25032 0.96816 -0
vn 0.2673 0.96361 -0
vn 0.96816 0.25032 -0
vn 0.96361 -0.2673 -0
vn 0.25032 -0.96816 0
vn -0.2673 -0.96361 0
vn -0.96816 -0.25032 0
vn -0.96361 0.2673 0
vn 0.25032 -0.96816 0
vn -0.2673 -0.96361 0
vn -0.25032 0.96816 -0
vn 0.2673 0.96361 -0
vn -0.02426 -0.86507 -0.50107
vn -0.067 -0.97925 -0.19128
vn -0.31793 -0.9279 -0.19473
vn -0.39816 -0.70955 -0.58139
vn -0.53105 -0.82529 -0.19203
vn -0.7262 -0.6594 -0.1945
vn -0.65114 -0.42301 -0.63014
vn -0.86322 -0.46662 -0.19267
vn -0.95429 -0.22724 -0.19415
vn -0.75128 -0.06992 -0.65627
vn -0.48432 0.57858 -0.65627
vn -0.98112 0.00775 -0.19323
vn -0.94559 0.26139 -0.19372
vn -0.69103 0.28448 -0.66449
vn -0.85556 0.48009 -0.19372
vn -0.70222 0.68523 -0.19323
vn -0.51774 0.83322 -0.19414
vn -0.28452 0.93911 -0.19266
vn -0.16462 0.75883 -0.63014
vn -0.0515 0.97955 -0.19449
vn 0.2616 0.94636 -0.18964
vn 0.1558 0.73355 -0.66154
vn 0.42746 0.88281 -0.19475
vn 0.67143 0.71639 -0.18963
vn 0.54758 0.63356 -0.54658
vn 0.80031 0.56701 -0.19493
vn 0.92745 0.3223 -0.18962
vn 0.86369 0.31978 -0.3896
vn 0.97454 0.11054 -0.19507
vn 0.97099 -0.14562 -0.18964
vn 0.971 -0.14562 -0.18963
vn 0.7921 -0.58019 -0.18963
vn 0.7921 -0.58019 -0.18962
vn 0.61429 -0.76459 -0.19504
vn 0.40755 -0.83242 -0.37547
vn 0.41383 -0.8902 -0.19048
vn 0.16919 -0.96612 -0.19492
vn 0.82964 -0.12442 -0.54426
vn 0.79243 0.27538 -0.54426
vn 0.79243 0.27538 -0.54427
vn 0.57368 0.6121 -0.54427
vn 0.57368 0.6121 -0.54427
vn 0.22352 0.80859 -0.54427
vn 0.22352 0.8086 -0.54425
vn -0.17786 0.81985 -0.54425
vn -0.17785 0.81984 -0.54427
vn -0.53848 0.64328 -0.54427
vn -0.53849 0.64329 -0.54426
vn -0.77576 0.31935 -0.54426
vn -0.77576 0.31935 -0.54426
vn -0.83531 -0.07774 -0.54425
vn -0.83531 -0.07774 -0.54426
vn -0.70351 -0.45702 -0.54425
vn -0.7035 -0.45702 -0.54425
vn -0.41053 -0.73161 -0.54425
vn -0.41053 -0.7316 -0.54427
vn -0.02351 -0.83858 -0.54427
vn -0.02351 -0.83858 -0.54427
vn 0.36889 -0.75346 -0.54426
vn 0.36889 -0.75346 -0.54425
vn 0.67679 -0.49572 -0.54426
vn 0.67679 -0.49572 -0.54426
vn 0.82964 -0.12442 -0.54425
vn 0.56064 -0.08408 -0.82378
vn 0.5355 0.1861 -0.82377
vn 0.5355 0.18609 -0.82378
vn 0.38768 0.41363 -0.82378
vn 0.38768 0.41363 -0.82378
vn 0.15105 0.54642 -0.82378
vn 0.15105 0.54642 -0.82378
vn -0.12019 0.55402 -0.82378
vn -0.12019 0.55403 -0.82378
vn -0.36389 0.43471 -0.82378
vn -0.36389 0.43471 -0.82378
vn -0.52422 0.21581 -0.82378
vn -0.52423 0.21581 -0.82378
vn -0.56447 -0.05253 -0.82378
vn -0.56447 -0.05253 -0.82378
vn -0.47539 -0.30883 -0.82379
vn -0.4754 -0.30884 -0.82378
vn -0.27742 -0.49439 -0.82378
vn -0.27742 -0.49439 -0.82378
vn -0.01589 -0.56669 -0.82378
vn -0.01589 -0.5667 -0.82377
vn 0.24929 -0.50917 -0.82377
vn 0.24928 -0.50916 -0.82378
vn 0.45735 -0.33499 -0.82378
vn 0.45735 -0.33499 -0.82378
vn 0.56064 -0.08408 -0.82378
vn -0.06335 -0.18488 -0.98072
vn -0.00563 -0.20062 -0.97965
vn -0.00563 -0.20061 -0.97965
vn 0.08825 -0.18025 -0.97965
vn 0.08825 -0.18025 -0.97965
vn 0.16191 -0.11859 -0.97965
vn 0.16191 -0.11859 -0.97965
vn 0.19848 -0.02977 -0.97965
vn 0.19848 -0.02977 -0.97965
vn 0.18957 0.06588 -0.97965
vn 0.18957 0.06588 -0.97965
vn 0.13724 0.14643 -0.97965
vn 0.13724 0.14643 -0.97965
vn 0.05347 0.19344 -0.97965
vn 0.05347 0.19344 -0.97965
vn -0.04255 0.19614 -0.97965
vn -0.04255 0.19614 -0.97965
vn -0.12883 0.1539 -0.97965
vn -0.12882 0.15389 -0.97965
vn -0.18559 0.0764 -0.97965
vn -0.18558 0.0764 -0.97965
vn -0.19983 -0.0186 -0.97965
vn -0.19983 -0.0186 -0.97965
vn -0.1683 -0.10934 -0.97965
vn -0.1683 -0.10934 -0.97965
vn -0.10726 -0.16669 -0.98016
vn -0.17891 -0.31883 -0.93078
vn 0.60685 0.79444 0.02459
vn 0.9229 0.38463 0.01802
vn 0.81597 0.5781 -0
vn 0.65391 0.75657 -0
vn 0.79464 -0.607 0.00982
vn 0.80674 -0.59091 0
vn 0.98555 -0.16941 -0
vn 0.9889 -0.14831 -0.00951
vn 0.99581 0.09144 0.00088
vn 0.99363 0.1127 -0
vn 0.93779 0.34721 -0
vn 0.38463 -0.9229 0.01802
vn 0.42155 -0.90681 0
vn 0.62632 -0.77956 0
vn -0.12833 -0.99143 0.02459
vn -0.06826 -0.99767 0
vn 0.17249 -0.98501 0
vn -0.60677 -0.79433 0.02953
vn -0.54112 -0.84094 0
vn -0.32414 -0.94601 0
vn -0.92255 -0.38448 0.03283
vn -0.8797 -0.47553 0
vn -0.74034 -0.67224 0
vn -0.7942 0.60667 0.03448
vn -0.87208 0.48936 -0
vn -0.97583 0.21852 0
vn -0.96371 0.2664 0.01704
vn -0.99904 -0.04149 -0.01413
vn -0.99997 0.0079 0
vn -0.9728 -0.23164 0
vn -0.38448 0.92255 0.03283
vn -0.52778 0.84938 -0
vn -0.71571 0.6984 -0
vn 0.43581 0.90004 -0
vn 0.20775 0.97818 -0
vn 0.12831 0.99129 0.02953
vn -0.0525 0.99862 -0
vn -0.28996 0.95704 -0
vn -0.12811 -0.48676 -0.86409
vn -0.35579 -0.35572 -0.86422
vn -0.47357 -0.19737 -0.85836
vn -0.40771 0.31144 -0.85836
vn -0.19737 0.47357 -0.85836
vn -0.50881 0.06586 -0.85836
vn 0.12811 0.48676 -0.86409
vn 0.35579 0.35572 -0.86422
vn 0.47357 0.19737 -0.85836
vn 0.40771 -0.31144 -0.85836
vn 0.19737 -0.47357 -0.85836
vn 0.50881 -0.06586 -0.85836
vn 0.25171 0.43588 -0.86409
vn -0.00225 0.50311 -0.86422
vn -0.25171 -0.43588 -0.86409
vn 0.00225 -0.50311 -0.86422
vn -0.02426 -0.86507 -0.50106
vn -0.06699 -0.97924 -0.19131
vn -0.31794 -0.92789 -0.19476
vn -0.39816 -0.70955 -0.58138
vn -0.53105 -0.82529 -0.19203
vn -0.95429 -0.22723 -0.19415
vn -0.75128 -0.06992 -0.65627
vn -0.48432 0.57857 -0.65627
vn -0.98112 0.00775 -0.19323
vn -0.94559 0.26139 -0.19373
vn -0.69103 0.28447 -0.66449
vn -0.85556 0.48009 -0.19373
vn -0.70222 0.68523 -0.19323
vn -0.51773 0.83322 -0.19414
vn -0.28453 0.93911 -0.19266
vn -0.16462 0.75883 -0.63014
vn -0.05149 0.97956 -0.19446
vn 0.2616 0.94637 -0.18961
vn 0.15579 0.73353 -0.66156
vn 0.42747 0.8828 -0.19475
vn 0.67143 0.71639 -0.18963
vn 0.92745 0.3223 -0.18962
vn 0.86369 0.31978 -0.38958
vn 0.97455 0.11053 -0.19505
vn 0.971 -0.14562 -0.18962
vn 0.971 -0.14562 -0.18963
vn 0.7921 -0.58019 -0.18963
vn 0.61428 -0.7646 -0.19505
vn 0.40755 -0.83243 -0.37546
vn 0.41383 -0.8902 -0.19048
vn 0.16918 -0.96612 -0.19492
vn 0.82964 -0.12442 -0.54426
vn 0.79243 0.27538 -0.54426
vn 0.79243 0.27538 -0.54427
vn 0.57368 0.6121 -0.54427
vn 0.57369 0.6121 -0.54425
vn 0.22352 0.8086 -0.54425
vn 0.22352 0.80858 -0.54427
vn -0.17785 0.81984 -0.54427
vn -0.17786 0.81985 -0.54425
vn -0.53849 0.64329 -0.54426
vn -0.53849 0.64329 -0.54426
vn -0.83531 -0.07774 -0.54425
vn -0.83531 -0.07774 -0.54426
vn -0.7035 -0.45702 -0.54427
vn -0.41054 -0.73161 -0.54425
vn -0.02351 -0.8386 -0.54424
vn -0.02352 -0.83858 -0.54427
vn 0.36889 -0.75346 -0.54426
vn 0.36889 -0.75346 -0.54427
vn 0.67679 -0.49572 -0.54426
vn 0.67679 -0.49573 -0.54425
vn 0.82965 -0.12442 -0.54425
vn 0.56064 -0.08408 -0.82378
vn 0.5355 0.18609 -0.82378
vn 0.5355 0.18609 -0.82378
vn 0.38768 0.41364 -0.82378
vn 0.38768 0.41363 -0.82378
vn 0.15104 0.54642 -0.82378
vn 0.15104 0.54642 -0.82378
vn -0.12019 0.55402 -0.82378
vn -0.36389 0.43471 -0.82378
vn -0.36389 0.43471 -0.82378
vn -0.52423 0.21581 -0.82378
vn -0.56447 -0.05253 -0.82378
vn -0.56447 -0.05253 -0.82378
vn -0.4754 -0.30884 -0.82378
vn -0.4754 -0.30884 -0.82378
vn -0.27742 -0.49439 -0.82378
vn -0.27742 -0.49439 -0.82378
vn -0.01589 -0.56669 -0.82378
vn -0.01589 -0.56668 -0.82378
vn 0.24928 -0.50916 -0.82378
vn 0.24929 -0.50917 -0.82377
vn 0.45735 -0.33499 -0.82378
vn 0.45735 -0.33499 -0.82378
vn 0.56064 -0.08408 -0.82378
vn -0.06335 -0.18488 -0.98072
vn -0.00563 -0.20062 -0.97965
vn -0.00562 -0.20062 -0.97965
vn 0.08825 -0.18025 -0.97965
vn 0.08825 -0.18025 -0.97965
vn 0.16191 -0.11859 -0.97965
vn 0.16191 -0.11859 -0.97965
vn 0.19847 -0.02977 -0.97965
vn 0.19848 -0.02977 -0.97965
vn 0.18958 0.06588 -0.97965
vn 0.18957 0.06588 -0.97965
vn 0.13724 0.14643 -0.97965
vn 0.13724 0.14643 -0.97965
vn 0.05347 0.19344 -0.97965
vn 0.05347 0.19344 -0.97965
vn -0.18559 0.0764 -0.97965
vn -0.18558 0.0764 -0.97965
vn -0.19983 -0.0186 -0.97965
vn -0.19983 -0.0186 -0.97965
vn -0.1683 -0.10934 -0.97965
vn -0.1683 -0.10933 -0.97965
vn -0.10726 -0.16668 -0.98016
vn -0.17891 -0.31883 -0.93078
vn 0.60685 0.79443 0.02459
vn 0.9229 0.38463 0.01802
vn 0.79464 -0.60701 0.00982
vn 0.97583 -0.21852 -0
vn 0.98864 -0.14827 -0.02462
vn 0.99913 0.04149 0.00293
vn 0.99363 0.1127 -0
vn 0.93779 0.34721 -0
vn 0.38463 -0.9229 0.01802
vn 0.42155 -0.90681 0
vn 0.62631 -0.77957 0
vn -0.12833 -0.99143 0.02459
vn -0.06826 -0.99767 0
vn 0.17248 -0.98501 0
vn -0.60677 -0.79433 0.02953
vn -0.54112 -0.84095 0
vn -0.32415 -0.94601 0
vn -0.92255 -0.38448 0.03283
vn -0.7942 0.60667 0.03448
vn -0.98555 0.16941 0
vn -0.96291 0.26618 0.04416
vn -0.99541 -0.0914 -0.02841
vn -0.99997 0.00789 0
vn -0.9728 -0.23164 0
vn -0.38448 0.92255 0.03283
vn -0.52778 0.84938 -0
vn -0.71571 0.6984 -0
vn 0.43582 0.90003 -0
vn 0.20775 0.97818 -0
vn 0.12831 0.99129 0.02953
vn -0.05249 0.99862 -0
vn -0.28996 0.95704 -0
vn -0.12811 -0.48676 -0.86409
vn -0.35579 -0.35572 -0.86422
vn -0.47357 -0.19737 -0.85836
vn -0.40771 0.31144 -0.85836
vn -0.19737 0.47357 -0.85836
vn -0.50881 0.06586 -0.85836
vn 0.12811 0.48676 -0.86409
vn 0.35579 0.35572 -0.86422
vn 0.47357 0.19737 -0.85836
vn 0.40771 -0.31144 -0.85836
vn 0.19737 -0.47357 -0.85836
vn 0.50881 -0.06586 -0.85836
vn 0.25171 0.43588 -0.86409
vn -0.00225 0.50311 -0.86422
vn -0.25171 -0.43588 -0.86409
vn 0.00225 -0.50311 -0.86422
vn -0.02426 -0.86508 -0.50106
vn -0.06699 -0.97924 -0.19131
vn -0.48432 0.57857 -0.65627
vn -0.70222 0.68523 -0.19323
vn 0.1558 0.73355 -0.66154
vn 0.42746 0.88281 -0.19475
vn 0.92745 0.3223 -0.18962
vn 0.86369 0.31978 -0.38958
vn 0.97454 0.11054 -0.19505
vn 0.971 -0.14562 -0.18963
vn 0.97099 -0.14562 -0.18964
vn 0.7921 -0.58019 -0.18964
vn 0.7921 -0.58019 -0.18963
vn 0.61427 -0.76461 -0.19505
vn 0.40755 -0.83243 -0.37545
vn 0.16917 -0.96612 -0.19492
vn 0.82964 -0.12442 -0.54426
vn 0.79243 0.27538 -0.54426
vn 0.79243 0.27538 -0.54427
vn -0.53849 0.64329 -0.54426
vn -0.77576 0.31935 -0.54426
vn -0.77575 0.31935 -0.54427
vn -0.83531 -0.07774 -0.54426
vn -0.8353 -0.07774 -0.54427
vn -0.7035 -0.45702 -0.54427
vn 0.36889 -0.75345 -0.54427
vn 0.67678 -0.49572 -0.54426
vn 0.82964 -0.12442 -0.54425
vn 0.56064 -0.08408 -0.82378
vn 0.5355 0.18609 -0.82378
vn 0.53549 0.18609 -0.82378
vn 0.38768 0.41363 -0.82378
vn -0.36389 0.43471 -0.82378
vn -0.52423 0.21581 -0.82378
vn -0.56448 -0.05253 -0.82378
vn -0.56447 -0.05253 -0.82378
vn -0.4754 -0.30884 -0.82378
vn -0.4754 -0.30884 -0.82378
vn 0.45735 -0.33499 -0.82378
vn 0.45735 -0.33499 -0.82378
vn 0.08825 -0.18025 -0.97965
vn 0.08825 -0.18025 -0.97965
vn 0.16191 -0.11859 -0.97965
vn 0.19848 -0.02977 -0.97965
vn 0.19848 -0.02977 -0.97965
vn 0.18958 0.06588 -0.97965
vn 0.13724 0.14643 -0.97965
vn 0.99168 -0.12836 0.00982
vn 0.38463 -0.9229 0.01802
vn 0.64116 -0.76741 0
vn 0.6263 -0.77958 0.00154
vn 0.81789 -0.57529 -0.00936
vn 0.98894 -0.14831 -0
vn -0.12833 -0.99143 0.02459
vn -0.06826 -0.99767 0
vn 0.17248 -0.98501 0
vn -0.99114 0.12829 0.03448
vn -0.67876 0.73436 -0
vn -0.71568 0.69836 -0.00937
vn -0.84563 0.53362 0.01266
vn -0.96385 0.26644 0
vn 0.20775 0.97818 -0
vn 0.12832 0.99129 0.02953
vn 0.47357 0.19737 -0.85836
vn 0.50881 -0.06586 -0.85836
vn -0.31794 -0.9279 -0.19473
vn -0.39816 -0.70956 -0.58137
vn -0.48432 0.57858 -0.65627
vn -0.94559 0.26139 -0.19373
vn -0.69103 0.28447 -0.6645
vn -0.85556 0.48009 -0.19373
vn -0.70222 0.68523 -0.19323
vn -0.28452 0.93911 -0.19266
vn -0.16462 0.75884 -0.63013
vn -0.0515 0.97955 -0.19449
vn 0.2616 0.94636 -0.18964
vn 0.92745 0.3223 -0.18962
vn 0.86369 0.31978 -0.3896
vn 0.97454 0.11053 -0.19506
vn 0.971 -0.14562 -0.18963
vn 0.971 -0.14562 -0.18963
vn 0.61429 -0.76459 -0.19505
vn 0.40755 -0.83242 -0.37547
vn 0.82964 -0.12442 -0.54426
vn 0.79244 0.27538 -0.54425
vn 0.79243 0.27538 -0.54427
vn 0.57368 0.61209 -0.54427
vn 0.22352 0.80859 -0.54427
vn 0.22352 0.8086 -0.54425
vn -0.53848 0.64328 -0.54427
vn -0.83531 -0.07774 -0.54425
vn -0.83531 -0.07774 -0.54426
vn 0.36889 -0.75346 -0.54425
vn 0.67679 -0.49573 -0.54425
vn 0.38769 0.41365 -0.82377
vn 0.15105 0.54643 -0.82377
vn -0.36389 0.43471 -0.82378
vn -0.56447 -0.05253 -0.82378
vn 0.45735 -0.33499 -0.82378
vn 0.08825 -0.18025 -0.97965
vn 0.08825 -0.18025 -0.97965
vn 0.16191 -0.11859 -0.97965
vn 0.19847 -0.02977 -0.97965
vn 0.19847 -0.02977 -0.97965
vn 0.18957 0.06588 -0.97965
vn 0.13724 0.14643 -0.97965
vn -0.18559 0.0764 -0.97965
vn -0.19983 -0.0186 -0.97965
vn -0.1683 -0.10934 -0.97965
vn -0.1683 -0.10934 -0.97965
vn -0.10726 -0.16669 -0.98016
vn 0.67876 -0.73436 0.00284
vn 0.8065 -0.59074 -0.02418
vn 0.84569 -0.53367 0
vn 0.98894 -0.14831 -0
vn 0.99168 -0.12836 0.00982
vn -0.12833 -0.99143 0.02459
vn -0.99114 0.12829 0.03448
vn -0.38448 0.92255 0.03283
vn -0.64116 0.76741 -0
vn -0.71569 0.69837 -0.00813
vn -0.81768 0.57514 0.0249
vn -0.87208 0.48936 -0
vn -0.96385 0.26644 0
vn 0.12831 0.99129 0.02953
vn -0.28996 0.95704 -0
vn -0.47357 -0.19737 -0.85836
vn -0.50881 0.06586 -0.85836
vn -0.96816 -0.25032 0
vn -0.96361 0.2673 0
vn 0.96816 0.25032 -0
vn 0.96361 -0.2673 -0
vn 0.45201 -0.89201 0
vn 0.6929 0.66949 0.26772
vn 0.92032 0.22973 0.31658
vn 0.93701 0.3493 -0
vn 0.83579 0.54904 -0
vn 0.69486 -0.71915 0
vn 0.59612 -0.71727 0.36078
vn 0.81644 -0.57743 0
vn 0.88491 -0.46576 0
vn 0.91942 -0.3792 -0.10427
vn 0.95475 -0.2162 0.20425
vn 0.99164 -0.12902 -0
vn 0.99549 0.09488 -0
vn 0.20199 -0.96078 0.19003
vn 0.24219 -0.97023 0
vn -0.23923 -0.97096 0
vn -0.27164 -0.9483 0.16415
vn -0.48239 -0.87596 0
vn -0.66521 -0.74666 0
vn -0.6929 -0.66949 0.26772
vn -0.83579 -0.54904 0
vn -0.93701 -0.3493 0
vn -0.92032 -0.22973 0.31658
vn -0.99549 -0.09488 0
vn -0.69486 0.71915 -0
vn -0.59612 0.71727 0.36078
vn -0.81644 0.57743 -0
vn -0.96134 0.27537 0
vn -0.79983 0.32988 0.50144
vn -0.99164 0.12902 0
vn 0.66521 0.74666 -0
vn 0.48239 0.87596 -0
vn 0.27164 0.9483 0.16415
vn 0.23923 0.97096 -0
vn -0.24219 0.97023 -0
vn -0.20199 0.96078 0.19003
vn -0.45201 0.89201 -0
vn 0.6211 0.28607 -0.72965
vn 0.9194 0.34273 -0.19298
vn 0.9766 0.09308 -0.1939
vn 0.6475 -0.01112 -0.76198
vn 0.97282 -0.12657 -0.1939
vn 0.90708 -0.37411 -0.19299
vn 0.61091 -0.30724 -0.72965
vn 0.80084 -0.5664 -0.19456
vn 0.59881 -0.77793 -0.19037
vn 0.48837 -0.58761 -0.64514
vn 0.44334 -0.8749 -0.19495
vn 0.20198 -0.96071 -0.19037
vn 0.20198 -0.96071 -0.19037
vn -0.23486 -0.95321 -0.19037
vn -0.23486 -0.9532 -0.19037
vn -0.47313 -0.85915 -0.19495
vn -0.51219 -0.62011 -0.59424
vn -0.6475 0.01112 -0.76198
vn -0.65286 -0.73279 -0.19181
vn -0.81982 -0.53855 -0.19456
vn -0.6211 -0.28607 -0.72965
vn -0.9194 -0.34273 -0.19298
vn -0.9766 -0.09308 -0.1939
vn -0.97282 0.12657 -0.1939
vn -0.90708 0.37411 -0.19299
vn -0.61091 0.30724 -0.72965
vn -0.80084 0.5664 -0.19456
vn -0.59881 0.77793 -0.19037
vn -0.48837 0.58761 -0.64514
vn -0.44334 0.8749 -0.19495
vn -0.20198 0.96071 -0.19037
vn -0.20198 0.96071 -0.19037
vn 0.23486 0.95321 -0.19037
vn 0.23486 0.9532 -0.19037
vn 0.47313 0.85915 -0.19495
vn 0.51219 0.62011 -0.59424
vn 0.65286 0.73279 -0.19181
vn 0.81982 0.53855 -0.19456
vn -0.17239 0.81997 -0.54584
vn -0.51109 0.66397 -0.54584
vn -0.51109 0.66397 -0.54584
vn -0.74856 0.37646 -0.54584
vn -0.74856 0.37646 -0.54584
vn -0.83777 0.01439 -0.54584
vn -0.83777 0.01439 -0.54584
vn -0.76105 -0.35053 -0.54584
vn -0.76105 -0.35053 -0.54584
vn -0.53359 -0.64602 -0.54583
vn -0.53359 -0.64602 -0.54583
vn -0.20045 -0.81356 -0.54583
vn -0.20045 -0.81356 -0.54584
vn 0.17239 -0.81997 -0.54584
vn 0.17239 -0.81997 -0.54584
vn 0.51109 -0.66397 -0.54584
vn 0.51109 -0.66397 -0.54584
vn 0.74856 -0.37646 -0.54584
vn 0.74856 -0.37646 -0.54584
vn 0.83777 -0.01439 -0.54584
vn 0.83777 -0.01439 -0.54584
vn 0.76105 0.35053 -0.54584
vn 0.76105 0.35053 -0.54584
vn 0.53359 0.64602 -0.54583
vn 0.53359 0.64602 -0.54583
vn 0.20045 0.81356 -0.54583
vn 0.20045 0.81356 -0.54584
vn -0.17239 0.81997 -0.54584
vn -0.11631 0.55324 -0.82486
vn -0.34484 0.44798 -0.82486
vn -0.34484 0.44799 -0.82486
vn -0.50506 0.254 -0.82486
vn -0.50506 0.254 -0.82486
vn -0.56525 0.00971 -0.82486
vn -0.56525 0.00971 -0.82486
vn -0.51349 -0.2365 -0.82486
vn -0.51349 -0.2365 -0.82486
vn -0.36002 -0.43588 -0.82486
vn -0.36002 -0.43588 -0.82486
vn -0.13525 -0.54892 -0.82486
vn -0.13525 -0.54892 -0.82486
vn 0.11631 -0.55324 -0.82486
vn 0.11631 -0.55324 -0.82486
vn 0.34484 -0.44798 -0.82486
vn 0.34484 -0.44799 -0.82486
vn 0.50506 -0.254 -0.82486
vn 0.50506 -0.254 -0.82486
vn 0.56525 -0.00971 -0.82486
vn 0.56525 -0.00971 -0.82486
vn 0.51349 0.2365 -0.82486
vn 0.51349 0.2365 -0.82486
vn 0.36002 0.43588 -0.82486
vn 0.36002 0.43588 -0.82486
vn 0.13525 0.54892 -0.82486
vn 0.13525 0.54892 -0.82486
vn -0.11631 0.55324 -0.82486
vn -0.04112 0.1956 -0.97982
vn -0.12192 0.15839 -0.97982
vn -0.12192 0.15839 -0.97982
vn -0.17857 0.0898 -0.97982
vn -0.17857 0.0898 -0.97982
vn -0.19985 0.00343 -0.97982
vn -0.19985 0.00343 -0.97982
vn -0.18155 -0.08362 -0.97982
vn -0.18155 -0.08362 -0.97982
vn -0.12729 -0.15411 -0.97982
vn -0.12729 -0.15411 -0.97982
vn -0.04782 -0.19407 -0.97982
vn -0.04782 -0.19407 -0.97982
vn 0.04112 -0.1956 -0.97982
vn 0.04112 -0.1956 -0.97982
vn 0.12192 -0.15839 -0.97982
vn 0.12192 -0.15839 -0.97982
vn 0.17857 -0.0898 -0.97982
vn 0.17857 -0.0898 -0.97982
vn 0.19985 -0.00343 -0.97982
vn 0.19985 -0.00343 -0.97982
vn 0.18155 0.08362 -0.97982
vn 0.18155 0.08362 -0.97982
vn 0.12729 0.15411 -0.97982
vn 0.12729 0.15411 -0.97982
vn 0.04782 0.19407 -0.97982
vn 0.04782 0.19407 -0.97982
vn -0.04112 0.1956 -0.97982
vn 0.81825 0.51455 -0.25633
vn 0.86213 0.50579 0.0301
vn 0.89458 0.36441 -0.25871
vn 0.95102 0.17453 -0.25515
vn 0.95102 0.17453 -0.25515
vn -0.64105 0.75325 0.14719
vn 0.54011 0.80104 -0.25811
vn 0.32436 0.91087 -0.25514
vn 0.32436 0.91087 -0.25515
vn -0.00674 0.96688 -0.25515
vn -0.00674 0.96688 -0.25515
vn -0.22883 0.93854 -0.25842
vn -0.3428 0.92181 0.181
vn -0.38846 0.88485 -0.25717
vn -0.58897 0.76622 -0.25694
vn -0.71276 0.65203 -0.25852
vn -0.84071 0.4776 -0.25515
vn -0.84071 0.4776 -0.25515
vn -0.91545 0.30819 -0.25878
vn -0.98264 0.16621 -0.08242
vn -0.95583 0.14465 -0.25584
vn -0.96212 -0.08824 -0.25796
vn -0.95597 -0.17544 0.23523
vn -0.93221 -0.25398 -0.25784
vn -0.83397 -0.48928 -0.25515
vn -0.87388 -0.48613 0.00249
vn 0.00683 -0.97982 0.19978
vn -0.74976 -0.60902 -0.25876
vn -0.61634 -0.745 -0.25514
vn -0.61634 -0.745 -0.25514
vn -0.43956 -0.86019 -0.25858
vn -0.33311 -0.93545 0.11821
vn -0.28365 -0.92391 -0.25677
vn -0.0543 -0.9648 -0.25733
vn 0.11403 -0.9593 -0.25834
vn 0.33703 -0.90626 -0.25515
vn 0.33702 -0.90626 -0.25515
vn 0.62666 -0.73634 -0.25515
vn 0.62666 -0.73634 -0.25515
vn 0.78623 -0.56141 -0.25821
vn 0.84828 -0.4819 0.21955
vn 0.87193 -0.41643 -0.25753
vn 0.95336 -0.16126 -0.25515
vn 0.9672 -0.19999 0.15661
vn 0.96555 -0.02836 -0.25866
vn 0.61455 0.36055 -0.70167
vn 0.61455 0.36055 -0.70166
vn 0.7008 0.12861 -0.70167
vn 0.7008 0.12861 -0.70166
vn 0.70253 -0.11883 -0.70166
vn 0.70253 -0.11883 -0.70166
vn 0.61952 -0.35194 -0.70166
vn 0.61952 -0.35194 -0.70167
vn 0.46178 -0.54261 -0.70166
vn 0.46178 -0.54261 -0.70166
vn 0.24835 -0.66782 -0.70166
vn 0.24835 -0.66782 -0.70166
vn 0.00497 -0.71249 -0.70166
vn 0.00497 -0.71249 -0.70167
vn -0.23902 -0.67122 -0.70167
vn -0.45418 -0.54899 -0.70167
vn -0.45417 -0.54899 -0.70167
vn -0.61455 -0.36055 -0.70167
vn -0.61455 -0.36055 -0.70166
vn -0.7008 -0.12861 -0.70167
vn -0.7008 -0.12861 -0.70166
vn -0.70253 0.11883 -0.70166
vn -0.70253 0.11883 -0.70166
vn -0.61952 0.35194 -0.70166
vn -0.61952 0.35194 -0.70167
vn -0.46178 0.54261 -0.70166
vn -0.46178 0.54261 -0.70166
vn -0.24835 0.66782 -0.70166
vn -0.24835 0.66782 -0.70166
vn -0.00497 0.71249 -0.70166
vn -0.00497 0.71249 -0.70167
vn 0.23902 0.67122 -0.70167
vn 0.07411 0.10743 -0.99145
vn 0.18238 0.18494 -0.96568
vn 0.22644 0.13285 -0.96492
vn 0.22644 0.13285 -0.96492
vn 0.25822 0.04739 -0.96492
vn 0.25822 0.04739 -0.96492
vn 0.25886 -0.04379 -0.96492
vn 0.25886 -0.04379 -0.96492
vn 0.22827 -0.12968 -0.96492
vn 0.22827 -0.12968 -0.96492
vn 0.17015 -0.19993 -0.96492
vn 0.17015 -0.19993 -0.96492
vn 0.09151 -0.24607 -0.96492
vn 0.09151 -0.24607 -0.96492
vn 0.00183 -0.26253 -0.96492
vn 0.00183 -0.26253 -0.96492
vn -0.08807 -0.24732 -0.96492
vn -0.08807 -0.24732 -0.96492
vn -0.16735 -0.20229 -0.96492
vn -0.16735 -0.20229 -0.96492
vn -0.22644 -0.13285 -0.96492
vn -0.22644 -0.13285 -0.96492
vn -0.25822 -0.04739 -0.96492
vn -0.25822 -0.04739 -0.96492
vn -0.25886 0.04379 -0.96492
vn -0.25886 0.04379 -0.96492
vn -0.22827 0.12968 -0.96492
vn -0.22827 0.12968 -0.96492
vn -0.17015 0.19993 -0.96492
vn -0.17015 0.19993 -0.96492
vn -0.09151 0.24607 -0.96492
vn -0.09151 0.24607 -0.96492
vn -0.00183 0.26253 -0.96492
vn -0.00183 0.26253 -0.96492
vn 0.08807 0.24732 -0.96492
vn 0.08807 0.24732 -0.96492
vn 0.16735 0.20229 -0.96492
vn 0.45418 0.54899 -0.70167
vn 0.45417 0.54899 -0.70167
vn 0.62053 0.75008 0.22874
vn 0.67109 0.69516 -0.25766
vn -0.96279 0.23114 -0.14006
vn -0.90259 0.43051 0
vn -0.76041 0.64945 -0
vn -0.43051 0.90259 -0
vn -0.02618 0.99966 -0
vn 0.38268 0.92388 -0
vn 0.72537 0.68835 -0
vn 0.94264 0.33381 -0
vn 0.99692 -0.07846 -0
vn 0.87882 -0.47716 0
vn 0.60876 -0.79335 0
vn 0.23345 -0.97237 0
vn -0.18224 -0.98325 0
vn -0.56641 -0.82413 0
vn -0.85264 -0.5225 0
vn -0.99144 -0.13053 0
vn -0.95882 0.28402 0
vn 0.03972 0.97295 0.22757
vn 0.03882 0.81109 0.58363
vn 0.02423 0.56628 0.82386
vn 0.01464 0.23924 0.97085
vn 0.01836 0.17561 0.98429
vn -0.01181 0.1759 0.98434
vn -0.01181 0.1759 0.98434
vn -0.03852 0.17204 0.98434
vn -0.03852 0.17204 0.98434
vn -0.06434 0.16414 0.98434
vn -0.06434 0.16414 0.98434
vn -0.08864 0.1524 0.98434
vn -0.08864 0.1524 0.98434
vn -0.11086 0.13708 0.98434
vn -0.11086 0.13708 0.98434
vn -0.13049 0.11855 0.98434
vn -0.13049 0.11855 0.98434
vn -0.14706 0.09724 0.98434
vn -0.14706 0.09724 0.98434
vn -0.16018 0.07366 0.98434
vn -0.16018 0.07366 0.98434
vn -0.16954 0.04834 0.98434
vn -0.16954 0.04834 0.98434
vn -0.17494 0.0219 0.98434
vn -0.17494 0.0219 0.98434
vn -0.17623 -0.00507 0.98434
vn -0.17623 -0.00507 0.98434
vn -0.17339 -0.03191 0.98434
vn -0.17339 -0.03191 0.98434
vn -0.16649 -0.058 0.98434
vn -0.16649 -0.058 0.98434
vn -0.15568 -0.08274 0.98434
vn -0.15568 -0.08274 0.98434
vn -0.14123 -0.10553 0.98434
vn -0.14123 -0.10553 0.98434
vn -0.12346 -0.12585 0.98434
vn -0.12346 -0.12585 0.98434
vn -0.10281 -0.14322 0.98434
vn -0.10281 -0.14322 0.98434
vn -0.07974 -0.15724 0.98434
vn -0.07974 -0.15724 0.98434
vn -0.0548 -0.16757 0.98434
vn -0.02858 -0.17397 0.98434
vn -0.02858 -0.17397 0.98434
vn -0.00169 -0.17629 0.98434
vn -0.00169 -0.17629 0.98434
vn 0.02524 -0.17449 0.98434
vn 0.02524 -0.17448 0.98434
vn 0.05158 -0.16859 0.98434
vn 0.05158 -0.16859 0.98434
vn 0.07671 -0.15874 0.98434
vn 0.07671 -0.15874 0.98434
vn 0.10004 -0.14517 0.98434
vn 0.10004 -0.14517 0.98434
vn 0.12103 -0.12819 0.98434
vn 0.12103 -0.12819 0.98434
vn 0.13918 -0.10822 0.98434
vn 0.13918 -0.10822 0.98434
vn 0.15407 -0.0857 0.98434
vn 0.15407 -0.0857 0.98434
vn 0.16535 -0.06118 0.98434
vn 0.16535 -0.06118 0.98434
vn 0.17275 -0.03522 0.98434
vn 0.17275 -0.03522 0.98434
vn 0.1761 -0.00844 0.98434
vn 0.1761 -0.00844 0.98434
vn 0.17532 0.01854 0.98434
vn 0.17532 0.01854 0.98434
vn 0.17044 0.04509 0.98434
vn 0.17044 0.04509 0.98434
vn 0.16156 0.07058 0.98434
vn 0.16156 0.07057 0.98434
vn 0.14889 0.09441 0.98434
vn 0.14889 0.09441 0.98434
vn 0.13274 0.11603 0.98434
vn 0.13274 0.11603 0.98434
vn 0.11666 0.13182 0.98439
vn 0.11641 0.13158 0.98445
vn 0.56503 0.61152 0.55388
vn 0.66278 0.70872 0.24174
vn 0.66701 0.72404 0.17571
vn 0.74098 0.64824 0.1753
vn 0.74 0.64688 0.18423
vn 0.78835 0.58958 0.1758
vn 0.83146 0.52721 0.1753
vn 0.77654 0.33922 0.53096
vn 0.88346 0.43431 0.17571
vn 0.83146 0.52721 0.17529
vn 0.97906 0.10354 0.1753
vn 0.96576 0.19083 0.17579
vn 0.88476 0.23405 0.40301
vn 0.94837 0.26421 0.17545
vn 0.91413 0.36542 0.17563
vn 0.88562 -0.04244 0.46247
vn 0.98438 0.00972 0.17577
vn 0.97906 0.10354 0.1753
vn 0.89185 -0.41678 0.17579
vn 0.92334 -0.34164 0.17529
vn 0.92334 -0.34164 0.17529
vn 0.95335 -0.24542 0.17574
vn 0.84333 -0.17195 0.50914
vn 0.96937 -0.17173 0.17557
vn 0.98229 -0.06567 0.17551
vn 0.82783 -0.46719 0.31053
vn 0.86037 -0.47859 0.17529
vn 0.79986 -0.5739 0.17567
vn 0.66466 -0.51678 0.5396
vn 0.75358 -0.63345 0.17567
vn 0.68053 -0.71142 0.17538
vn 0.65332 -0.69199 0.30712
vn 0.62403 -0.76137 0.17579
vn 0.55867 -0.81065 0.1753
vn 0.55867 -0.81065 0.1753
vn 0.47316 -0.86327 0.17574
vn 0.37501 -0.776 0.50713
vn 0.4057 -0.89699 0.17557
vn 0.3061 -0.93568 0.17551
vn 0.2589 -0.84619 0.46576
vn 0.23357 -0.95632 0.17576
vn 0.14096 -0.97437 0.17529
vn 0.14096 -0.97437 0.1753
vn 0.05347 -0.98297 0.17579
vn -0.00879 -0.91726 0.3982
vn -0.02194 -0.98424 0.17545
vn -0.12847 -0.97604 0.17563
vn -0.13727 -0.83558 0.53194
vn -0.2028 -0.96333 0.17571
vn -0.30602 -0.93575 0.1753
vn -0.30602 -0.93575 0.1753
vn -0.44528 -0.87806 0.1753
vn -0.44528 -0.87806 0.1753
vn -0.53777 -0.82458 0.17572
vn -0.49378 -0.68791 0.53194
vn -0.59932 -0.781 0.17563
vn -0.68045 -0.71148 0.17545
vn -0.64239 -0.65481 0.3982
vn -0.73288 -0.65726 0.17578
vn -0.78866 -0.58931 0.17529
vn -0.78866 -0.58931 0.1753
vn -0.84138 -0.51106 0.17576
vn -0.78142 -0.41527 0.46577
vn -0.87807 -0.44518 0.17551
vn -0.92114 -0.34739 0.17557
vn -0.81389 -0.28354 0.50714
vn -0.945 -0.27585 0.17574
vn -0.96826 -0.17818 0.1753
vn -0.96826 -0.17818 0.1753
vn -0.83541 0.10456 0.53959
vn -0.98078 0.08495 0.17567
vn -0.98411 -0.02829 0.1753
vn -0.94766 -0.02103 0.31859
vn -0.97963 -0.09711 0.17579
vn -0.89448 0.41132 0.1753
vn -0.92534 0.33592 0.17579
vn -0.91728 0.26155 0.30031
vn -0.94841 0.26412 0.17537
vn -0.9714 0.15978 0.17567
vn -0.71792 0.47474 0.50914
vn -0.84766 0.50058 0.17574
vn -0.89448 0.41132 0.1753
vn -0.61909 0.76551 0.1753
vn -0.68919 0.70294 0.17577
vn -0.65624 0.59621 0.46247
vn -0.74101 0.64814 0.17551
vn -0.80688 0.56402 0.17558
vn -0.46013 0.79112 0.40301
vn -0.54796 0.81783 0.17578
vn -0.61909 0.76551 0.17529
vn -0.21513 0.96072 0.1753
vn -0.31759 0.9318 0.17572
vn -0.30923 0.78896 0.53096
vn -0.388 0.90477 0.17562
vn -0.48378 0.85742 0.17545
vn 0.03296 0.98388 0.17574
vn -0.06558 0.98233 0.1753
vn -0.06585 0.98068 0.18422
vn -0.14053 0.97434 0.17579
vn -0.21513 0.96072 0.17529
vn 0.02633 0.53878 0.84203
vn -0.03619 0.53904 0.8415
vn -0.03619 0.53904 0.8415
vn -0.11806 0.5272 0.8415
vn -0.11805 0.5272 0.8415
vn -0.19715 0.503 0.8415
vn -0.19715 0.503 0.8415
vn -0.27162 0.46701 0.8415
vn -0.27162 0.46701 0.8415
vn -0.33972 0.42007 0.8415
vn -0.33973 0.42008 0.8415
vn -0.39987 0.36329 0.8415
vn -0.39987 0.36329 0.8415
vn -0.45064 0.29799 0.8415
vn -0.45064 0.29799 0.8415
vn -0.49085 0.22571 0.8415
vn -0.49084 0.22571 0.8415
vn -0.51955 0.14814 0.8415
vn -0.51955 0.14814 0.8415
vn -0.53607 0.0671 0.8415
vn -0.53607 0.0671 0.8415
vn -0.54003 -0.01552 0.8415
vn -0.54003 -0.01552 0.8415
vn -0.53133 -0.09778 0.8415
vn -0.53134 -0.09778 0.8415
vn -0.51018 -0.17774 0.8415
vn -0.51018 -0.17774 0.8415
vn -0.47707 -0.25353 0.8415
vn -0.47707 -0.25353 0.8415
vn -0.43278 -0.32339 0.8415
vn -0.43278 -0.32339 0.8415
vn -0.37834 -0.38566 0.8415
vn -0.37834 -0.38566 0.8415
vn -0.31504 -0.43889 0.8415
vn -0.31504 -0.43889 0.8415
vn -0.24435 -0.48184 0.8415
vn -0.24435 -0.48184 0.8415
vn -0.16793 -0.51349 0.8415
vn -0.16793 -0.51349 0.8415
vn -0.08758 -0.53311 0.8415
vn -0.08758 -0.53311 0.8415
vn -0.00517 -0.54023 0.8415
vn -0.00517 -0.54023 0.8415
vn 0.07735 -0.53468 0.8415
vn 0.07735 -0.53469 0.8415
vn 0.15807 -0.51662 0.8415
vn 0.15807 -0.51662 0.8415
vn 0.23507 -0.48643 0.8415
vn 0.23507 -0.48643 0.8415
vn 0.30657 -0.44484 0.8415
vn 0.30657 -0.44485 0.8415
vn 0.37089 -0.39284 0.8415
vn 0.37088 -0.39284 0.8415
vn 0.4265 -0.33162 0.8415
vn 0.4265 -0.33161 0.8415
vn 0.47212 -0.26262 0.8415
vn 0.47212 -0.26262 0.8415
vn 0.50668 -0.18748 0.8415
vn 0.50668 -0.18748 0.8415
vn 0.52936 -0.10793 0.8415
vn 0.52937 -0.10794 0.8415
vn 0.53964 -0.02586 0.8415
vn 0.53964 -0.02586 0.8415
vn 0.53726 0.05682 0.8415
vn 0.53726 0.05682 0.8415
vn 0.52229 0.13816 0.8415
vn 0.52229 0.13816 0.8415
vn 0.49508 0.21627 0.8415
vn 0.49508 0.21627 0.8415
vn 0.45627 0.28931 0.8415
vn 0.45626 0.28931 0.8415
vn 0.40675 0.35557 0.8415
vn 0.40675 0.35557 0.8415
vn 0.03332 0.84167 0.53896
vn -0.05647 0.84105 0.53801
vn -0.05647 0.84104 0.53801
vn -0.1842 0.82257 0.53801
vn -0.1842 0.82257 0.53801
vn -0.3076 0.78481 0.53801
vn -0.3076 0.78481 0.53801
vn -0.4238 0.72866 0.53801
vn -0.4238 0.72866 0.53801
vn -0.53006 0.65542 0.53801
vn -0.53006 0.65542 0.53801
vn -0.6239 0.56683 0.53801
vn -0.6239 0.56683 0.538
vn -0.70312 0.46495 0.538
vn -0.70311 0.46495 0.53801
vn -0.76585 0.35217 0.53801
vn -0.76585 0.35217 0.53801
vn -0.81063 0.23114 0.53801
vn -0.81063 0.23114 0.53801
vn -0.83641 0.10469 0.53801
vn -0.83641 0.10469 0.53801
vn -0.84259 -0.02422 0.53801
vn -0.84259 -0.02422 0.53801
vn -0.82902 -0.15256 0.53801
vn -0.82902 -0.15256 0.53801
vn -0.79602 -0.27732 0.53801
vn -0.79602 -0.27732 0.53801
vn -0.74436 -0.39558 0.53801
vn -0.74435 -0.39558 0.53801
vn -0.67525 -0.50457 0.53801
vn -0.67525 -0.50457 0.53801
vn -0.59031 -0.60173 0.53801
vn -0.59031 -0.60173 0.53801
vn -0.49154 -0.68479 0.53801
vn -0.49154 -0.68479 0.53801
vn -0.38125 -0.7518 0.53801
vn -0.38125 -0.7518 0.53801
vn -0.26202 -0.80118 0.53801
vn -0.26202 -0.80118 0.53801
vn -0.13665 -0.83179 0.53801
vn -0.13665 -0.83179 0.53801
vn -0.00807 -0.8429 0.53801
vn -0.00807 -0.8429 0.538
vn 0.12069 -0.83426 0.538
vn 0.12069 -0.83425 0.53801
vn 0.24662 -0.80605 0.53801
vn 0.24662 -0.80605 0.53801
vn 0.36678 -0.75896 0.53801
vn 0.36678 -0.75896 0.538
vn 0.47833 -0.69408 0.538
vn 0.47833 -0.69408 0.53801
vn 0.57868 -0.61293 0.53801
vn 0.57868 -0.61293 0.53801
vn 0.66546 -0.51741 0.53801
vn 0.66546 -0.51741 0.53801
vn 0.73664 -0.40976 0.53801
vn 0.73664 -0.40976 0.53801
vn 0.79056 -0.29251 0.53801
vn 0.79056 -0.29251 0.53801
vn 0.82594 -0.16841 0.53801
vn 0.82594 -0.16841 0.53801
vn 0.84197 -0.04035 0.53801
vn 0.84197 -0.04035 0.53801
vn 0.83826 0.08865 0.53801
vn 0.83826 0.08865 0.53801
vn 0.81491 0.21557 0.53801
vn 0.81491 0.21557 0.538
vn 0.77245 0.33744 0.538
vn 0.77245 0.33744 0.53801
vn 0.71189 0.4514 0.53801
vn 0.71189 0.4514 0.53801
vn 0.63464 0.55478 0.53801
vn 0.63464 0.55478 0.53801
vn 0.57053 0.61971 0.53894
vn 0.35831 0.40347 0.84192
vn 0.42825 0.45878 0.77854
vn 0.29329 0.32702 0.89835
vn 0.0334 0.99719 -0.06703
vn 0.04192 0.99912 -0
vn -0.0663 0.99324 -0.09526
vn -0.0343 0.99941 -0
vn 0.65906 0.75209 -0
vn 0.68302 0.73036 -0.00746
vn 0.7293 0.6809 -0.0671
vn 0.75263 0.65844 -0
vn 0.80082 0.5989 -0
vn 0.86082 0.50892 -0.00115
vn 0.8409 0.5332 -0.09265
vn 0.96332 0.26837 -0
vn 0.94737 0.31054 -0.07782
vn 0.92856 0.37119 -0
vn 0.89742 0.44118 -0
vn 0.98103 0.19385 -0
vn 0.99395 0.10511 -0.03202
vn 0.99399 0.09932 -0.04609
vn 0.99995 0.00987 -0
vn 0.9931 -0.11731 -0
vn 0.98669 -0.06596 -0.14862
vn 0.98467 -0.17444 -0
vn 0.96843 -0.2493 -0
vn 0.9429 -0.32797 -0.05814
vn 0.93777 -0.34698 -0.0139
vn 0.90596 -0.42337 -0
vn 0.85152 -0.52431 0
vn 0.8654 -0.48839 -0.11203
vn 0.8125 -0.58297 0
vn 0.76549 -0.64345 0
vn 0.71662 -0.6936 -0.07339
vn 0.69125 -0.72262 0
vn 0.6339 -0.77341 0
vn 0.55173 -0.83382 -0.0182
vn 0.56605 -0.82135 -0.07048
vn 0.48064 -0.87692 0
vn 0.4121 -0.91114 0
vn 0.35803 -0.93029 -0.07988
vn 0.31093 -0.95043 0
vn 0.23726 -0.97145 0
vn 0.14949 -0.98765 -0.04684
vn 0.14311 -0.98922 -0.03093
vn 0.05431 -0.99852 0
vn -0.0669 -0.99776 0
vn -0.02209 -0.99114 -0.13096
vn -0.13049 -0.99145 0
vn -0.20601 -0.97855 0
vn -0.27969 -0.95778 -0.06663
vn -0.31084 -0.95046 0
vn -0.48055 -0.87697 0
vn -0.45027 -0.88792 -0.09412
vn -0.69118 -0.72269 0
vn -0.65623 -0.75056 -0.07763
vn -0.60879 -0.79333 0
vn -0.54627 -0.83761 0
vn -0.74447 -0.66766 0
vn -0.80068 -0.59829 -0.03093
vn -0.80408 -0.59267 -0.04684
vn -0.85469 -0.51915 0
vn -0.9139 -0.40595 0
vn -0.88186 -0.4471 -0.14974
vn -0.93567 -0.35288 0
vn -0.95994 -0.28021 0
vn -0.97828 -0.19917 -0.05753
vn -0.98338 -0.18096 -0.01485
vn -0.99512 -0.09865 0
vn -0.99987 0.01632 0
vn -0.99333 -0.02204 -0.11317
vn -0.99627 0.08629 0
vn -0.98674 0.1623 0
vn -0.97027 0.23075 -0.07305
vn -0.96334 0.26828 0
vn -0.93998 0.34124 0
vn -0.90003 0.43549 -0.01718
vn -0.9062 0.41671 -0.07183
vn -0.86106 0.5085 -0
vn -0.81961 0.57292 -0
vn -0.78267 0.6173 -0.07981
vn -0.7527 0.65836 -0
vn -0.70009 0.71405 -0
vn -0.63262 0.77309 -0.04609
vn -0.6285 0.77715 -0.03202
vn -0.55663 0.83076 -0
vn -0.45167 0.89218 -0
vn -0.48709 0.8633 -0.13208
vn -0.39412 0.91906 -0
vn -0.32261 0.94653 -0
vn -0.24829 0.96643 -0.06615
vn -0.21852 0.97583 -0.00082
vn -0.14275 0.98976 -0
vn 0.79335 -0.60876 0
vn 0.38268 -0.92388 0
vn -0.13053 -0.99144 0
vn -0.60876 -0.79335 0
vn -0.92388 -0.38268 0
vn -0.99144 0.13053 0
vn -0.79335 0.60876 -0
vn -0.38268 0.92388 -0
vn 0.13053 0.99144 -0
vn 0.60876 0.79335 -0
vn 0.92388 0.38268 -0
vn 0.99144 -0.13053 -0
vn 0.79335 -0.60876 0
vn 0.38268 -0.92388 0
vn -0.13053 -0.99144 0
vn -0.60876 -0.79335 0
vn -0.92388 -0.38268 0
vn -0.99145 0.13052 0
vn -0.38268 0.92388 -0
vn 0.13053 0.99144 -0
vn 0.60876 0.79335 -0
vn 0.92388 0.38268 -0
vn 0.79335 -0.60876 0
vn -0.79335 0.60876 -0
vn 0.99144 -0.13053 -0
vn -0.60876 -0.79335 0
vn 0.38268 -0.92388 0
vn -0.13052 -0.99145 0
vn -0.60876 -0.79335 0
vn -0.38268 0.92388 -0
vn -0.92388 -0.38268 0
vn -0.99145 0.13052 0
vn -0.79335 0.60876 -0
vn 0.92388 0.38268 -0
vn 0.13053 0.99145 -0
vn 0.25595 -0.96669 0
vn -0.26168 -0.96515 0
vn -0.7092 -0.70501 0
vn -0.96669 -0.25595 0
vn -0.96515 0.26168 0
vn -0.70501 0.7092 -0
vn -0.25595 0.96669 -0
vn 0.26168 0.96515 -0
vn 0.7092 0.70501 -0
vn 0.96669 0.25595 -0
vn 0.96515 -0.26168 -0
vn 0.70501 -0.7092 0
vn 0.25595 -0.96669 0
vn -0.26168 -0.96515 0
vn -0.7092 -0.70501 0
vn -0.96669 -0.25595 0
vn -0.96515 0.26168 0
vn -0.70501 0.7092 -0
vn -0.25595 0.96669 -0
vn 0.26168 0.96515 -0
vn 0.7092 0.70501 -0
vn 0.96669 0.25595 -0
vn 0.96515 -0.26168 -0
vn 0.70501 -0.7092 0
vn -0.26168 -0.96515 0
vn -0.96669 -0.25595 0
vn -0.96515 0.26168 0
vn -0.70501 0.7092 -0
vn -0.25595 0.96669 -0
vn 0.96669 0.25595 -0
vn 0.96515 -0.26168 -0
vn 0.70501 -0.7092 0
vn 0.19505 0.98079 -0
vn -0.19522 0.98076 -0
vn -0.55576 0.83134 -0
vn -0.83165 0.55531 -0
vn -0.33595 0.94188 -0
vn -0.59303 0.80518 -0
vn -0.91218 0.40979 0
vn -0.13957 0.9902 0.00568
vn -0.12076 0.99264 0.00874
vn 0.08143 0.99668 -0
vn 0.38268 0.92388 -0
vn 0.7628 0.64664 -0
vn 0.7873 0.61653 0.00672
vn 0.90206 0.43162 -0
vn 0.98868 0.15002 -0
vn 0.93477 -0.35524 -0
vn 0.79335 -0.60876 0
vn 0.38268 -0.92388 0
vn -0.13053 -0.99144 0
vn -0.60876 -0.79335 0
vn -0.92388 -0.38268 0
vn -0.99145 0.13052 0
vn -0.79335 0.60876 -0
vn -0.38268 0.92388 -0
vn 0.13053 0.99144 -0
vn 0.60876 0.79335 -0
vn 0.92388 0.38268 -0
vn 0.99145 -0.13052 -0
vn 0.60876 0.79335 -0
vn 0.92388 0.38268 -0
vn -0.60876 -0.79335 0
vn -0.92388 -0.38268 0
vn -0.18378 -0.98297 0
vn -0.3178 -0.94816 0
vn -0.44573 -0.89517 0
vn -0.56511 -0.82502 0
vn 0.54883 -0.83593 0
vn 0.63701 -0.77086 0
vn 0.78783 -0.6159 0
vn 0.47027 -0.88251 0.00436
vn 0.45568 -0.88836 0.05626
vn 0.38502 -0.92287 0.00782
vn -0.91586 -0.40149 0
vn -0.86376 -0.5039 0
vn -0.73524 -0.67781 0
vn -0.57234 -0.82001 0
vn -0.38268 -0.92388 0
vn -0.17513 -0.98455 0
vn 0.04061 -0.99917 0
vn 0.25446 -0.96708 0
vn 0.36601 -0.93061 0
vn 0.37776 -0.92589 0.00419
vn -0.99258 0.12157 0
vn -0.99551 -0.09465 0
vn -0.9787 -0.2053 0
vn -0.9518 -0.30641 0.0139
vn -0.95371 -0.29567 0.05499
vn -0.92158 -0.38818 0.0035
vn -0.94639 0.30315 -0.11158
vn -0.94324 0.3321 0
vn -0.71662 0.69747 -0
vn -0.8498 0.52711 -0
vn -0.91377 0.40623 0
vn 0.88977 -0.4564 0
vn 0.92439 -0.38144 -0
vn 0.9339 -0.35752 -0.00125
vn 0.93438 -0.35628 -0
vn 0.97362 -0.22818 -0
vn 0.99991 -0.01354 -0
vn 0.97944 0.20173 -0
vn 0.91318 0.40756 -0
vn 0.80421 0.59434 -0
vn 0.65765 0.75333 -0
vn 0.48033 0.87709 -0
vn 0.28055 0.95984 -0
vn 0.06765 0.99771 -0
vn -0.1484 0.98893 -0
vn -0.35752 0.9339 -0
vn -0.45894 0.88847 -0
vn -0.5499 0.83516 0.01093
vn -0.55231 0.83364 -0
vn -0.90773 0.33039 0.25859
vn -0.93307 0.25002 0.25859
vn -0.93307 0.25002 0.25859
vn -0.95131 0.16774 0.25859
vn -0.95131 0.16774 0.25859
vn -0.96231 0.08419 0.25859
vn -0.96231 0.08419 0.25859
vn -0.96599 -0 0.25859
vn -0.96599 0 0.25859
vn -0.96231 -0.08419 0.25859
vn -0.96231 -0.08419 0.25859
vn -0.95131 -0.16774 0.25859
vn -0.95131 -0.16774 0.25859
vn -0.93307 -0.25002 0.25859
vn -0.93307 -0.25002 0.25859
vn -0.90773 -0.33039 0.25859
vn -0.90773 -0.33039 0.25859
vn -0.87548 -0.40824 0.25859
vn -0.87548 -0.40824 0.25859
vn -0.83657 -0.48299 0.25859
vn -0.83657 -0.48299 0.25859
vn -0.79129 -0.55407 0.25859
vn -0.79129 -0.55407 0.2586
vn -0.73999 -0.62092 0.2586
vn -0.73999 -0.62092 0.2586
vn -0.68305 -0.68306 0.2586
vn -0.68306 -0.68306 0.25859
vn -0.62093 -0.73999 0.25859
vn -0.62092 -0.73999 0.25859
vn -0.55407 -0.79129 0.25859
vn -0.55407 -0.79129 0.25859
vn -0.48299 -0.83657 0.25859
vn -0.48299 -0.83657 0.25859
vn -0.40824 -0.87548 0.25859
vn -0.40824 -0.87548 0.25859
vn -0.33039 -0.90773 0.25859
vn -0.33039 -0.90773 0.25859
vn -0.25002 -0.93307 0.25859
vn -0.25002 -0.93307 0.25859
vn -0.16774 -0.95131 0.25859
vn -0.16774 -0.95131 0.25859
vn -0.08419 -0.96231 0.25859
vn -0.08419 -0.96231 0.25859
vn 0 -0.96599 0.25859
vn -0 -0.96599 0.25859
vn 0.08419 -0.96231 0.25859
vn 0.08419 -0.96231 0.25859
vn 0.16774 -0.95131 0.25859
vn 0.16774 -0.95131 0.25859
vn 0.25002 -0.93307 0.25859
vn 0.25002 -0.93307 0.25859
vn 0.33039 -0.90773 0.25859
vn 0.33039 -0.90773 0.25859
vn 0.40824 -0.87548 0.25859
vn 0.40824 -0.87548 0.25859
vn 0.48299 -0.83657 0.25859
vn 0.48299 -0.83657 0.25859
vn 0.55407 -0.79129 0.25859
vn 0.55407 -0.79129 0.2586
vn 0.62092 -0.73999 0.2586
vn 0.62092 -0.73999 0.2586
vn 0.68306 -0.68305 0.2586
vn 0.68306 -0.68306 0.25859
vn 0.73999 -0.62093 0.25859
vn 0.73999 -0.62092 0.25859
vn 0.79129 -0.55407 0.25859
vn 0.79129 -0.55407 0.25859
vn 0.83657 -0.48299 0.25859
vn 0.83657 -0.48299 0.25859
vn 0.87548 -0.40824 0.25859
vn 0.87548 -0.40824 0.25859
vn 0.90773 -0.33039 0.25859
vn 0.90773 -0.33039 0.25859
vn 0.93307 -0.25002 0.25859
vn 0.93307 -0.25002 0.25859
vn 0.95131 -0.16774 0.25859
vn 0.95131 -0.16774 0.25859
vn 0.96231 -0.08419 0.25859
vn 0.96231 -0.08419 0.25859
vn 0.96599 0 0.25859
vn 0.96599 -0 0.25859
vn 0.96231 0.08419 0.25859
vn 0.96231 0.08419 0.25859
vn 0.95131 0.16774 0.25859
vn 0.95131 0.16774 0.25859
vn 0.93307 0.25002 0.25859
vn 0.93307 0.25002 0.25859
vn 0.90773 0.33039 0.25859
vn 0.90773 0.33039 0.25859
vn 0.87548 0.40824 0.25859
vn 0.87548 0.40824 0.25859
vn 0.83657 0.48299 0.25859
vn 0.83657 0.48299 0.25859
vn 0.79129 0.55407 0.25859
vn 0.79129 0.55407 0.2586
vn 0.73999 0.62092 0.2586
vn 0.73999 0.62092 0.2586
vn 0.68305 0.68306 0.2586
vn 0.68306 0.68306 0.25859
vn 0.62093 0.73999 0.25859
vn 0.62092 0.73999 0.25859
vn 0.55407 0.79129 0.25859
vn 0.55407 0.79129 0.25859
vn 0.48299 0.83657 0.25859
vn 0.48299 0.83657 0.25859
vn 0.40824 0.87548 0.25859
vn 0.40824 0.87548 0.25859
vn 0.33039 0.90773 0.25859
vn 0.33039 0.90773 0.25859
vn 0.25002 0.93307 0.25859
vn 0.25002 0.93307 0.25859
vn 0.16774 0.95131 0.25859
vn 0.16774 0.95131 0.25859
vn 0.08419 0.96231 0.25859
vn 0.08419 0.96231 0.25859
vn -0 0.96599 0.25859
vn 0 0.96599 0.25859
vn -0.08419 0.96231 0.25859
vn -0.08419 0.96231 0.25859
vn -0.16774 0.95131 0.25859
vn -0.16774 0.95131 0.25859
vn -0.25002 0.93307 0.25859
vn -0.25002 0.93307 0.25859
vn -0.33039 0.90773 0.25859
vn -0.33039 0.90773 0.25859
vn -0.40824 0.87548 0.25859
vn -0.40824 0.87548 0.25859
vn -0.48299 0.83657 0.25859
vn -0.48299 0.83657 0.25859
vn -0.55407 0.79129 0.25859
vn -0.55407 0.79129 0.2586
vn -0.62092 0.73999 0.2586
vn -0.62092 0.73999 0.2586
vn -0.68306 0.68305 0.2586
vn -0.68306 0.68306 0.25859
vn -0.73999 0.62093 0.25859
vn -0.73999 0.62092 0.25859
vn -0.79129 0.55407 0.25859
vn -0.79129 0.55407 0.25859
vn -0.83657 0.48299 0.25859
vn -0.83657 0.48299 0.25859
vn -0.87548 0.40824 0.25859
vn -0.87548 0.40824 0.25859
vn -0.90773 0.33039 0.25859
vn -0.66478 0.24196 0.70677
vn -0.68334 0.1831 0.70677
vn -0.68334 0.1831 0.70676
vn -0.6967 0.12285 0.70676
vn -0.6967 0.12285 0.70677
vn -0.70475 0.06166 0.70677
vn -0.70475 0.06166 0.70677
vn -0.70745 0 0.70677
vn -0.70745 -0 0.70677
vn -0.70475 -0.06166 0.70677
vn -0.70475 -0.06166 0.70677
vn -0.6967 -0.12285 0.70677
vn -0.6967 -0.12285 0.70677
vn -0.68334 -0.1831 0.70677
vn -0.68334 -0.1831 0.70677
vn -0.66478 -0.24196 0.70677
vn -0.66478 -0.24196 0.70677
vn -0.64116 -0.29898 0.70677
vn -0.64117 -0.29898 0.70677
vn -0.61267 -0.35372 0.70677
vn -0.61267 -0.35372 0.70677
vn -0.57951 -0.40577 0.70677
vn -0.57951 -0.40577 0.70677
vn -0.54194 -0.45474 0.70677
vn -0.54194 -0.45474 0.70677
vn -0.50024 -0.50024 0.70677
vn -0.50024 -0.50024 0.70677
vn -0.45474 -0.54193 0.70677
vn -0.45474 -0.54193 0.70677
vn -0.40577 -0.57951 0.70677
vn -0.40578 -0.57951 0.70677
vn -0.35372 -0.61267 0.70677
vn -0.35372 -0.61267 0.70677
vn -0.29898 -0.64116 0.70677
vn -0.29898 -0.64116 0.70677
vn -0.24196 -0.66478 0.70677
vn -0.24196 -0.66478 0.70677
vn -0.1831 -0.68334 0.70677
vn -0.1831 -0.68334 0.70676
vn -0.12285 -0.6967 0.70676
vn -0.12285 -0.6967 0.70677
vn -0.06166 -0.70475 0.70677
vn -0.06166 -0.70475 0.70677
vn -0 -0.70745 0.70677
vn 0 -0.70745 0.70677
vn 0.06166 -0.70475 0.70677
vn 0.06166 -0.70475 0.70677
vn 0.12285 -0.6967 0.70677
vn 0.12285 -0.6967 0.70677
vn 0.1831 -0.68334 0.70677
vn 0.1831 -0.68334 0.70677
vn 0.24196 -0.66478 0.70677
vn 0.24196 -0.66478 0.70677
vn 0.29898 -0.64116 0.70677
vn 0.29898 -0.64117 0.70677
vn 0.35372 -0.61267 0.70677
vn 0.35372 -0.61267 0.70677
vn 0.40577 -0.57951 0.70677
vn 0.40577 -0.57951 0.70677
vn 0.45474 -0.54194 0.70677
vn 0.45474 -0.54194 0.70677
vn 0.50024 -0.50024 0.70677
vn 0.50024 -0.50024 0.70677
vn 0.54193 -0.45474 0.70677
vn 0.54193 -0.45474 0.70677
vn 0.57951 -0.40577 0.70677
vn 0.57951 -0.40578 0.70677
vn 0.61267 -0.35372 0.70677
vn 0.61267 -0.35372 0.70677
vn 0.64116 -0.29898 0.70677
vn 0.64116 -0.29898 0.70677
vn 0.66478 -0.24196 0.70677
vn 0.66478 -0.24196 0.70677
vn 0.68334 -0.1831 0.70677
vn 0.68334 -0.1831 0.70676
vn 0.6967 -0.12285 0.70676
vn 0.6967 -0.12285 0.70677
vn 0.70475 -0.06166 0.70677
vn 0.70475 -0.06166 0.70677
vn 0.70745 -0 0.70677
vn 0.70745 0 0.70677
vn 0.70475 0.06166 0.70677
vn 0.70475 0.06166 0.70677
vn 0.6967 0.12285 0.70677
vn 0.6967 0.12285 0.70677
vn 0.68334 0.1831 0.70677
vn 0.68334 0.1831 0.70677
vn 0.66478 0.24196 0.70677
vn 0.66478 0.24196 0.70677
vn 0.64116 0.29898 0.70677
vn 0.64117 0.29898 0.70677
vn 0.61267 0.35372 0.70677
vn 0.61267 0.35372 0.70677
vn 0.57951 0.40577 0.70677
vn 0.57951 0.40577 0.70677
vn 0.54194 0.45474 0.70677
vn 0.54194 0.45474 0.70677
vn 0.50024 0.50024 0.70677
vn 0.50024 0.50024 0.70677
vn 0.45474 0.54193 0.70677
vn 0.45474 0.54193 0.70677
vn 0.40577 0.57951 0.70677
vn 0.40578 0.57951 0.70677
vn 0.35372 0.61267 0.70677
vn 0.35372 0.61267 0.70677
vn 0.29898 0.64116 0.70677
vn 0.29898 0.64116 0.70677
vn 0.24196 0.66478 0.70677
vn 0.24196 0.66478 0.70677
vn 0.1831 0.68334 0.70677
vn 0.1831 0.68334 0.70676
vn 0.12285 0.6967 0.70676
vn 0.12285 0.6967 0.70677
vn 0.06166 0.70475 0.70677
vn 0.06166 0.70475 0.70677
vn 0 0.70745 0.70677
vn -0 0.70745 0.70677
vn -0.06166 0.70475 0.70677
vn -0.06166 0.70475 0.70677
vn -0.12285 0.6967 0.70677
vn -0.12285 0.6967 0.70677
vn -0.1831 0.68334 0.70677
vn -0.1831 0.68334 0.70677
vn -0.24196 0.66478 0.70677
vn -0.24196 0.66478 0.70677
vn -0.29898 0.64116 0.70677
vn -0.29898 0.64117 0.70677
vn -0.35372 0.61267 0.70677
vn -0.35372 0.61267 0.70677
vn -0.40577 0.57951 0.70677
vn -0.40577 0.57951 0.70677
vn -0.45474 0.54194 0.70677
vn -0.45474 0.54194 0.70677
vn -0.50024 0.50024 0.70677
vn -0.50024 0.50024 0.70677
vn -0.54193 0.45474 0.70677
vn -0.54193 0.45474 0.70677
vn -0.57951 0.40577 0.70677
vn -0.57951 0.40578 0.70677
vn -0.61267 0.35372 0.70677
vn -0.61267 0.35372 0.70677
vn -0.64116 0.29898 0.70677
vn -0.64116 0.29898 0.70677
vn -0.66478 0.24196 0.70677
vn -0.24342 0.0886 0.96587
vn -0.25022 0.06705 0.96587
vn -0.25022 0.06705 0.96587
vn -0.25511 0.04498 0.96587
vn -0.25511 0.04498 0.96586
vn -0.25806 0.02258 0.96586
vn -0.25806 0.02258 0.96587
vn -0.25904 -0 0.96587
vn -0.25905 0 0.96587
vn -0.25806 -0.02258 0.96587
vn -0.25806 -0.02258 0.96587
vn -0.25511 -0.04498 0.96587
vn -0.25511 -0.04498 0.96587
vn -0.25022 -0.06705 0.96587
vn -0.25022 -0.06705 0.96587
vn -0.24342 -0.0886 0.96587
vn -0.24342 -0.0886 0.96587
vn -0.23477 -0.10948 0.96587
vn -0.23477 -0.10948 0.96587
vn -0.22434 -0.12952 0.96587
vn -0.22434 -0.12952 0.96587
vn -0.2122 -0.14858 0.96587
vn -0.2122 -0.14858 0.96586
vn -0.19844 -0.16651 0.96586
vn -0.19844 -0.16651 0.96587
vn -0.18317 -0.18317 0.96587
vn -0.18317 -0.18317 0.96586
vn -0.16651 -0.19844 0.96586
vn -0.16651 -0.19844 0.96587
vn -0.14858 -0.2122 0.96587
vn -0.14858 -0.2122 0.96587
vn -0.12952 -0.22434 0.96587
vn -0.12952 -0.22434 0.96587
vn -0.10948 -0.23477 0.96587
vn -0.10948 -0.23478 0.96587
vn -0.0886 -0.24342 0.96587
vn -0.0886 -0.24342 0.96587
vn -0.06705 -0.25022 0.96587
vn -0.06705 -0.25022 0.96587
vn -0.04498 -0.25511 0.96587
vn -0.04498 -0.25511 0.96586
vn -0.02258 -0.25806 0.96586
vn -0.02258 -0.25806 0.96587
vn 0 -0.25904 0.96587
vn -0 -0.25905 0.96587
vn 0.02258 -0.25806 0.96587
vn 0.02258 -0.25806 0.96587
vn 0.04498 -0.25511 0.96587
vn 0.04498 -0.25511 0.96587
vn 0.06705 -0.25022 0.96587
vn 0.06705 -0.25022 0.96587
vn 0.0886 -0.24342 0.96587
vn 0.0886 -0.24342 0.96587
vn 0.10948 -0.23477 0.96587
vn 0.10948 -0.23477 0.96587
vn 0.12952 -0.22434 0.96587
vn 0.12952 -0.22434 0.96587
vn 0.14858 -0.2122 0.96587
vn 0.14858 -0.2122 0.96586
vn 0.16651 -0.19844 0.96586
vn 0.16651 -0.19844 0.96587
vn 0.18317 -0.18317 0.96587
vn 0.18317 -0.18317 0.96586
vn 0.19844 -0.16651 0.96586
vn 0.19844 -0.16651 0.96587
vn 0.2122 -0.14858 0.96587
vn 0.2122 -0.14858 0.96587
vn 0.22434 -0.12952 0.96587
vn 0.22434 -0.12952 0.96587
vn 0.23477 -0.10948 0.96587
vn 0.23478 -0.10948 0.96587
vn 0.24342 -0.0886 0.96587
vn 0.24342 -0.0886 0.96587
vn 0.25022 -0.06705 0.96587
vn 0.25022 -0.06705 0.96587
vn 0.25511 -0.04498 0.96587
vn 0.25511 -0.04498 0.96586
vn 0.25806 -0.02258 0.96586
vn 0.25806 -0.02258 0.96587
vn 0.25904 0 0.96587
vn 0.25905 -0 0.96587
vn 0.25806 0.02258 0.96587
vn 0.25806 0.02258 0.96587
vn 0.25511 0.04498 0.96587
vn 0.25511 0.04498 0.96587
vn 0.25022 0.06705 0.96587
vn 0.25022 0.06705 0.96587
vn 0.24342 0.0886 0.96587
vn 0.24342 0.0886 0.96587
vn 0.23477 0.10948 0.96587
vn 0.23477 0.10948 0.96587
vn 0.22434 0.12952 0.96587
vn 0.22434 0.12952 0.96587
vn 0.2122 0.14858 0.96587
vn 0.2122 0.14858 0.96586
vn 0.19844 0.16651 0.96586
vn 0.19844 0.16651 0.96587
vn 0.18317 0.18317 0.96587
vn 0.18317 0.18317 0.96586
vn 0.16651 0.19844 0.96586
vn 0.16651 0.19844 0.96587
vn 0.14858 0.2122 0.96587
vn 0.14858 0.2122 0.96587
vn 0.12952 0.22434 0.96587
vn 0.12952 0.22434 0.96587
vn 0.10948 0.23477 0.96587
vn 0.10948 0.23478 0.96587
vn 0.0886 0.24342 0.96587
vn 0.0886 0.24342 0.96587
vn 0.06705 0.25022 0.96587
vn 0.06705 0.25022 0.96587
vn 0.04498 0.25511 0.96587
vn 0.04498 0.25511 0.96586
vn 0.02258 0.25806 0.96586
vn 0.02258 0.25806 0.96587
vn -0 0.25904 0.96587
vn 0 0.25905 0.96587
vn -0.02258 0.25806 0.96587
vn -0.02258 0.25806 0.96587
vn -0.04498 0.25511 0.96587
vn -0.04498 0.25511 0.96587
vn -0.06705 0.25022 0.96587
vn -0.06705 0.25022 0.96587
vn -0.0886 0.24342 0.96587
vn -0.0886 0.24342 0.96587
vn -0.10948 0.23477 0.96587
vn -0.10948 0.23477 0.96587
vn -0.12952 0.22434 0.96587
vn -0.12952 0.22434 0.96587
vn -0.14858 0.2122 0.96587
vn -0.14858 0.2122 0.96586
vn -0.16651 0.19844 0.96586
vn -0.16651 0.19844 0.96587
vn -0.18317 0.18317 0.96587
vn -0.18317 0.18317 0.96586
vn -0.19844 0.16651 0.96586
vn -0.19844 0.16651 0.96587
vn -0.2122 0.14858 0.96587
vn -0.2122 0.14858 0.96587
vn -0.22434 0.12952 0.96587
vn -0.22434 0.12952 0.96587
vn -0.23477 0.10948 0.96587
vn -0.23478 0.10948 0.96587
vn -0.24342 0.0886 0.96587
vn -0.299 -0.9483 0.10645
vn -0.25882 -0.96593 0
vn -0.17365 -0.98481 0
vn -0.12978 -0.98581 0.10645
vn -0.08716 -0.99619 0
vn 0.04362 -0.99905 0
vn -0 -0.97788 0.20918
vn 0.08716 -0.99619 0
vn 0.21644 -0.9763 0
vn 0.16981 -0.96302 0.20917
vn 0.25882 -0.96593 0
vn 0.38268 -0.92388 0
vn 0.33445 -0.9189 0.20917
vn 0.42262 -0.90631 0
vn 0.5 -0.86603 0
vn 0.53425 -0.8386 0.10645
vn 0.57358 -0.81915 0
vn 0.64279 -0.76604 0
vn 0.67175 -0.73309 0.10645
vn 0.70711 -0.70711 0
vn 0.76604 -0.64279 0
vn 0.78885 -0.6053 0.10645
vn 0.81915 -0.57358 0
vn 0.86603 -0.5 0
vn 0.88197 -0.45913 0.10645
vn 0.90631 -0.42262 -0
vn 0.93969 -0.34202 -0
vn 0.9483 -0.299 0.10645
vn 0.96593 -0.25882 -0
vn 0.98481 -0.17365 -0
vn 0.98581 -0.12978 0.10645
vn 0.99619 -0.08716 -0
vn 0.99905 0.04362 -0
vn 0.97788 -0 0.20918
vn 0.99619 0.08716 -0
vn 0.9763 0.21644 -0
vn 0.96302 0.16981 0.20917
vn 0.96593 0.25882 -0
vn 0.92388 0.38268 -0
vn 0.9189 0.33445 0.20917
vn 0.90631 0.42262 -0
vn 0.86603 0.5 -0
vn 0.8386 0.53425 0.10645
vn 0.81915 0.57358 -0
vn 0.76604 0.64279 -0
vn 0.73309 0.67175 0.10645
vn 0.70711 0.70711 -0
vn 0.64279 0.76604 -0
vn 0.6053 0.78885 0.10645
vn 0.57358 0.81915 -0
vn 0.5 0.86603 -0
vn 0.45913 0.88197 0.10645
vn 0.42262 0.90631 -0
vn 0.34202 0.93969 -0
vn 0.299 0.9483 0.10645
vn 0.25882 0.96593 -0
vn 0.17365 0.98481 -0
vn 0.12978 0.98581 0.10645
vn 0.08716 0.99619 -0
vn 0 1 -0
vn -0.04337 0.99337 0.10645
vn -0.08716 0.99619 -0
vn -0.17365 0.98481 -0
vn -0.21521 0.97075 0.10645
vn -0.25882 0.96593 -0
vn -0.34202 0.93969 -0
vn -0.38051 0.91863 0.10645
vn -0.42262 0.90631 -0
vn -0.5 0.86603 -0
vn -0.53425 0.8386 0.10645
vn -0.57358 0.81915 -0
vn -0.64279 0.76604 -0
vn -0.67175 0.73309 0.10645
vn -0.70711 0.70711 -0
vn -0.79335 0.60876 -0
vn -0.7491 0.62857 0.20918
vn -0.81915 0.57358 -0
vn -0.86603 0.5 -0
vn -0.88197 0.45913 0.10645
vn -0.90631 0.42262 0
vn -0.93969 0.34202 0
vn -0.9483 0.299 0.10645
vn -0.96593 0.25882 0
vn -0.98481 0.17365 0
vn -0.98581 0.12978 0.10645
vn -0.99619 0.08716 0
vn -0.99905 -0.04362 0
vn -0.97788 0 0.20918
vn -0.99619 -0.08716 0
vn -0.9763 -0.21644 0
vn -0.96302 -0.16981 0.20917
vn -0.96593 -0.25882 0
vn -0.92388 -0.38268 0
vn -0.9189 -0.33445 0.20917
vn -0.90631 -0.42262 0
vn -0.86603 -0.5 0
vn -0.8386 -0.53425 0.10645
vn -0.81915 -0.57358 0
vn -0.76604 -0.64279 0
vn -0.73309 -0.67175 0.10645
vn -0.70711 -0.70711 0
vn -0.64279 -0.76604 0
vn -0.6053 -0.78885 0.10645
vn -0.57358 -0.81915 0
vn -0.5 -0.86603 0
vn -0.45913 -0.88197 0.10645
vn -0.42262 -0.90631 0
vn -0.34202 -0.93969 0
vn 0.61256 -0.35998 -0.70369
vn 0.66544 -0.24027 -0.70673
vn 0.66544 -0.24027 -0.70673
vn 0.7084 -0.08219 -0.70101
vn 0.7084 -0.08219 -0.70101
vn 0.69025 0.17927 -0.70101
vn 0.69025 0.17927 -0.70101
vn 0.57888 0.41651 -0.70101
vn 0.57888 0.41651 -0.70101
vn 0.38933 0.5975 -0.70101
vn 0.38933 0.5975 -0.70101
vn 0.1472 0.6978 -0.70101
vn 0.1472 0.6978 -0.70101
vn -0.11481 0.70385 -0.70101
vn -0.11481 0.70385 -0.70101
vn -0.36132 0.61484 -0.70101
vn -0.36132 0.61484 -0.70101
vn -0.55903 0.4428 -0.70101
vn -0.55903 0.4428 -0.70101
vn -0.68124 0.21095 -0.70101
vn -0.68124 0.21095 -0.70101
vn -0.71144 -0.04938 -0.70101
vn -0.71144 -0.04938 -0.70101
vn -0.64556 -0.30305 -0.70101
vn -0.64556 -0.30305 -0.70101
vn -0.49249 -0.51579 -0.70101
vn -0.49249 -0.51579 -0.70101
vn -0.27291 -0.65887 -0.70101
vn -0.27291 -0.65887 -0.70101
vn -0.01647 -0.71296 -0.70101
vn -0.01647 -0.71296 -0.70101
vn 0.24219 -0.67077 -0.70101
vn 0.24219 -0.67077 -0.70101
vn 0.46815 -0.53798 -0.70101
vn 0.46815 -0.53798 -0.70101
vn 0.61256 -0.35998 -0.70369
vn 0.86215 -0.50665 0
vn 0.94057 -0.33961 -0
vn 0.99334 -0.11524 -0
vn 0.96789 0.25137 -0
vn 0.81172 0.58404 -0
vn 0.54593 0.83783 -0
vn 0.20641 0.97847 -0
vn -0.161 0.98696 -0
vn -0.50665 0.86215 -0
vn -0.78388 0.62091 -0
vn -0.95525 0.29581 0
vn -0.9976 -0.06924 0
vn -0.90522 -0.42494 0
vn -0.69059 -0.72325 0
vn -0.38268 -0.92388 0
vn -0.0231 -0.99973 0
vn 0.33961 -0.94057 0
vn 0.65645 -0.75437 0
vn 0.59646 0.75309 -0.27766
vn 0.6304 0.762 -0.14816
vn 0.7762 0.63049 -0
vn 0.91406 0.40558 -0
vn 0.7101 0.39502 -0.58286
vn 0.96483 0.26287 -0
vn 0.99582 0.09133 -0
vn 0.91324 -0.06009 -0.40297
vn 0.98874 -0.14963 -0
vn 0.93313 -0.35955 -0
vn 0.9442 -0.31786 -0.0863
vn 0.78116 -0.54532 0.30398
vn 0.81578 -0.46344 -0.34602
vn 0.73784 -0.67497 0
vn 0.60943 -0.79284 0
vn 0.46162 -0.77282 -0.4355
vn 0.40198 -0.91565 0
vn 0.23687 -0.97154 0
vn 0.05198 -0.94202 -0.33151
vn 0.00696 -0.99831 -0.05777
vn -0.41396 -0.90692 0.07835
vn -0.28331 -0.79561 -0.53548
vn -0.55905 -0.82913 0
vn -0.69454 -0.71946 0
vn -0.71624 -0.55505 -0.42299
vn -0.84653 -0.53234 0
vn -0.92611 -0.37725 0
vn -0.96261 -0.17114 -0.21
vn -0.95342 -0.17497 -0.24571
vn -0.99957 0.02936 0
vn -0.97928 0.20249 0
vn -0.86119 0.27337 -0.42851
vn -0.90237 0.43097 0
vn -0.81382 0.58111 -0
vn -0.65264 0.65958 -0.37285
vn -0.64795 0.76136 0.02228
vn -0.29231 0.95583 -0.0309
vn -0.3123 0.83978 -0.44412
vn -0.11804 0.99301 -0
vn 0.05619 0.99842 -0
vn 0.16711 0.88543 -0.43368
vn 0.29349 0.95596 -0
vn 0.45504 0.89047 -0
f 1//1 2//1 3//1
f 3//1 2//1 4//1
f 3//1 4//1 5//1
f 5//1 4//1 6//1
f 5//1 6//1 7//1
f 7//1 6//1 8//1
f 7//1 8//1 9//1
f 9//1 8//1 10//1
f 9//1 10//1 11//1
f 11//1 10//1 12//1
f 11//1 12//1 13//1
f 13//1 12//1 14//1
f 13//1 14//1 15//1
f 15//1 14//1 16//1
f 15//1 16//1 17//1
f 17//1 16//1 18//1
f 17//1 18//1 19//1
f 19//1 18//1 20//1
f 19//1 20//1 21//1
f 21//1 20//1 22//1
f 21//1 22//1 23//1
f 23//1 22//1 24//1
f 23//1 24//1 25//1
f 25//1 24//1 26//1
f 25//1 26//1 27//1
f 27//1 26//1 28//1
f 27//1 28//1 29//1
f 29//1 28//1 30//1
f 29//1 30//1 31//1
f 31//1 30//1 32//1
f 31//1 32//1 33//1
f 33//1 32//1 34//1
f 33//1 34//1 35//1
f 35//1 34//1 36//1
f 35//1 36//1 37//1
f 37//1 36//1 38//1
f 37//1 38//1 39//1
f 39//1 38//1 40//1
f 39//1 40//1 41//1
f 41//1 40//1 42//1
f 43//2 44//2 45//2
f 45//2 44//2 46//2
f 45//2 46//2 47//2
f 47//2 46//2 48//2
f 47//2 48//2 49//2
f 49//2 48//2 50//2
f 49//2 50//2 51//2
f 51//2 50//2 52//2
f 51//2 52//2 53//2
f 53//2 52//2 54//2
f 53//2 54//2 55//2
f 55//2 54//2 56//2
f 55//2 56//2 57//2
f 57//2 56//2 58//2
f 57//2 58//2 59//2
f 59//2 58//2 60//2
f 59//2 60//2 61//2
f 61//2 60//2 62//2
f 61//2 62//2 63//2
f 63//2 62//2 64//2
f 63//2 64//2 65//2
f 65//2 64//2 66//2
f 65//2 66//2 67//2
f 67//2 66//2 68//2
f 67//2 68//2 69//2
f 69//2 68//2 70//2
f 69//2 70//2 71//2
f 71//2 70//2 72//2
f 71//2 72//2 73//2
f 73//2 72//2 74//2
f 73//2 74//2 75//2
f 75//2 74//2 76//2
f 75//2 76//2 77//2
f 77//2 76//2 78//2
f 77//2 78//2 79//2
f 79//2 78//2 80//2
f 79//2 80//2 81//2
f 81//2 80//2 82//2
f 81//2 82//2 83//2
f 83//2 82//2 84//2
f 85//3 86//3 87//3
f 88//3 89//3 90//3
f 91//3 92//3 93//3
f 94//3 95//3 96//3
f 97//3 98//3 99//3
f 100//3 101//3 102//3
f 103//3 104//3 105//3
f 106//3 107//3 108//3
f 109//3 110//3 111//3
f 112//3 113//3 114//3
f 115//3 116//3 117//3
f 118//3 119//3 120//3
f 121//3 122//3 123//3
f 124//3 125//3 126//3
f 127//3 128//3 129//3
f 130//3 131//3 132//3
f 133//3 134//3 135//3
f 136//3 137//3 138//3
f 139//3 140//3 141//3
f 142//3 143//3 144//3
f 145//3 146//3 142//3
f 147//3 148//3 149//3
f 150//3 151//3 152//3
f 152//3 151//3 153//3
f 149//3 148//3 154//3
f 154//3 148//3 155//3
f 154//3 155//3 156//3
f 143//3 157//3 144//3
f 144//3 157//3 158//3
f 144//3 158//3 149//3
f 149//3 158//3 159//3
f 149//3 159//3 147//3
f 160//3 161//3 162//3
f 162//3 161//3 163//3
f 164//3 165//3 166//3
f 166//3 165//3 163//3
f 167//3 95//3 168//3
f 168//3 95//3 169//3
f 169//3 95//3 170//3
f 170//3 95//3 94//3
f 170//3 94//3 171//3
f 164//3 172//3 99//3
f 99//3 172//3 173//3
f 99//3 173//3 174//3
f 175//3 176//3 177//3
f 177//3 176//3 178//3
f 179//3 180//3 181//3
f 182//3 183//3 184//3
f 184//3 183//3 185//3
f 140//3 186//3 187//3
f 187//3 186//3 188//3
f 189//3 190//3 141//3
f 141//3 190//3 191//3
f 141//3 191//3 139//3
f 192//3 193//3 194//3
f 195//3 196//3 6//3
f 193//3 197//3 194//3
f 194//3 197//3 198//3
f 194//3 198//3 199//3
f 199//3 198//3 200//3
f 199//3 200//3 201//3
f 6//3 196//3 8//3
f 8//3 196//3 202//3
f 8//3 202//3 192//3
f 201//3 203//3 204//3
f 204//3 203//3 205//3
f 204//3 205//3 6//3
f 6//3 205//3 206//3
f 6//3 206//3 195//3
f 138//3 137//3 207//3
f 207//3 137//3 208//3
f 207//3 208//3 209//3
f 208//3 210//3 211//3
f 211//3 210//3 212//3
f 211//3 212//3 213//3
f 214//3 87//3 215//3
f 215//3 87//3 86//3
f 215//3 86//3 216//3
f 216//3 86//3 213//3
f 214//3 217//3 87//3
f 87//3 217//3 218//3
f 87//3 218//3 138//3
f 138//3 218//3 219//3
f 138//3 219//3 136//3
f 220//3 221//3 222//3
f 223//3 224//3 225//3
f 225//3 224//3 226//3
f 225//3 226//3 227//3
f 223//3 225//3 228//3
f 228//3 225//3 229//3
f 228//3 229//3 230//3
f 231//3 232//3 233//3
f 233//3 232//3 234//3
f 233//3 234//3 235//3
f 236//3 237//3 238//3
f 238//3 237//3 239//3
f 238//3 239//3 240//3
f 236//3 238//3 241//3
f 241//3 238//3 242//3
f 241//3 242//3 243//3
f 243//3 242//3 244//3
f 243//3 244//3 245//3
f 246//3 247//3 248//3
f 248//3 247//3 249//3
f 250//3 251//3 252//3
f 252//3 251//3 253//3
f 252//3 253//3 254//3
f 255//3 256//3 257//3
f 257//3 256//3 258//3
f 259//3 40//3 260//3
f 260//3 40//3 38//3
f 260//3 38//3 261//3
f 259//3 262//3 40//3
f 40//3 262//3 263//3
f 40//3 263//3 253//3
f 253//3 263//3 264//3
f 253//3 264//3 254//3
f 265//3 266//3 267//3
f 267//3 266//3 268//3
f 269//3 270//3 131//3
f 131//3 270//3 271//3
f 272//3 273//3 274//3
f 275//3 276//3 277//3
f 130//3 132//3 278//3
f 278//3 132//3 272//3
f 278//3 272//3 276//3
f 276//3 272//3 274//3
f 276//3 274//3 277//3
f 279//3 280//3 281//3
f 281//3 280//3 282//3
f 281//3 282//3 283//3
f 284//3 285//3 286//3
f 285//3 287//3 286//3
f 286//3 287//3 288//3
f 286//3 288//3 272//3
f 272//3 288//3 289//3
f 272//3 289//3 273//3
f 290//3 291//3 292//3
f 293//3 294//3 295//3
f 295//3 294//3 296//3
f 295//3 296//3 297//3
f 281//3 298//3 299//3
f 277//3 279//3 275//3
f 275//3 279//3 281//3
f 275//3 281//3 300//3
f 300//3 281//3 299//3
f 290//3 292//3 301//3
f 299//3 302//3 300//3
f 300//3 302//3 303//3
f 300//3 303//3 304//3
f 304//3 303//3 305//3
f 304//3 305//3 301//3
f 306//3 307//3 308//3
f 127//3 309//3 310//3
f 310//3 309//3 311//3
f 310//3 311//3 312//3
f 306//3 308//3 311//3
f 311//3 308//3 313//3
f 311//3 313//3 312//3
f 312//3 314//3 310//3
f 310//3 314//3 315//3
f 310//3 315//3 316//3
f 317//3 318//3 319//3
f 320//3 321//3 322//3
f 322//3 321//3 323//3
f 301//3 292//3 304//3
f 304//3 292//3 322//3
f 304//3 322//3 306//3
f 306//3 322//3 323//3
f 306//3 323//3 307//3
f 128//3 127//3 324//3
f 324//3 127//3 310//3
f 324//3 310//3 317//3
f 317//3 310//3 316//3
f 317//3 316//3 318//3
f 325//3 129//3 89//3
f 326//3 327//3 328//3
f 328//3 327//3 329//3
f 330//3 327//3 331//3
f 331//3 327//3 332//3
f 333//3 334//3 335//3
f 335//3 334//3 336//3
f 335//3 336//3 326//3
f 326//3 336//3 337//3
f 337//3 338//3 326//3
f 326//3 338//3 339//3
f 326//3 339//3 327//3
f 327//3 339//3 340//3
f 327//3 340//3 332//3
f 124//3 126//3 341//3
f 342//3 343//3 344//3
f 344//3 343//3 341//3
f 122//3 121//3 345//3
f 345//3 121//3 346//3
f 345//3 346//3 347//3
f 348//3 349//3 350//3
f 350//3 349//3 351//3
f 350//3 351//3 352//3
f 353//3 354//3 355//3
f 355//3 354//3 350//3
f 355//3 350//3 356//3
f 356//3 350//3 352//3
f 352//3 357//3 356//3
f 356//3 357//3 358//3
f 356//3 358//3 359//3
f 360//3 361//3 359//3
f 362//3 363//3 364//3
f 364//3 363//3 361//3
f 364//3 361//3 365//3
f 365//3 361//3 360//3
f 365//3 360//3 366//3
f 367//3 368//3 369//3
f 369//3 368//3 370//3
f 371//3 372//3 373//3
f 373//3 372//3 363//3
f 373//3 374//3 375//3
f 115//3 117//3 376//3
f 373//3 375//3 371//3
f 371//3 375//3 377//3
f 371//3 377//3 378//3
f 379//3 380//3 381//3
f 381//3 380//3 382//3
f 381//3 382//3 376//3
f 377//3 379//3 378//3
f 378//3 379//3 381//3
f 378//3 381//3 383//3
f 383//3 381//3 134//3
f 384//3 385//3 386//3
f 386//3 385//3 387//3
f 386//3 387//3 388//3
f 366//3 360//3 389//3
f 389//3 360//3 390//3
f 389//3 390//3 391//3
f 392//3 393//3 394//3
f 394//3 393//3 135//3
f 394//3 135//3 395//3
f 395//3 135//3 134//3
f 395//3 134//3 396//3
f 392//3 397//3 393//3
f 393//3 397//3 398//3
f 393//3 398//3 399//3
f 399//3 398//3 400//3
f 401//3 402//3 403//3
f 403//3 402//3 404//3
f 403//3 404//3 405//3
f 404//3 406//3 405//3
f 405//3 406//3 407//3
f 405//3 407//3 269//3
f 269//3 407//3 408//3
f 269//3 408//3 270//3
f 409//3 410//3 292//3
f 292//3 410//3 411//3
f 292//3 411//3 322//3
f 322//3 411//3 412//3
f 322//3 412//3 413//3
f 319//3 320//3 317//3
f 317//3 320//3 322//3
f 317//3 322//3 414//3
f 414//3 322//3 413//3
f 414//3 413//3 415//3
f 416//3 417//3 418//3
f 419//3 420//3 421//3
f 421//3 420//3 422//3
f 332//3 423//3 331//3
f 331//3 423//3 424//3
f 331//3 424//3 425//3
f 425//3 424//3 426//3
f 427//3 428//3 390//3
f 429//3 430//3 431//3
f 431//3 430//3 432//3
f 433//3 434//3 435//3
f 435//3 434//3 436//3
f 435//3 436//3 437//3
f 432//3 430//3 438//3
f 438//3 430//3 439//3
f 438//3 439//3 440//3
f 440//3 439//3 441//3
f 440//3 441//3 442//3
f 443//3 444//3 445//3
f 445//3 444//3 446//3
f 445//3 446//3 430//3
f 430//3 446//3 447//3
f 430//3 447//3 448//3
f 449//3 450//3 348//3
f 348//3 450//3 451//3
f 348//3 451//3 349//3
f 125//3 452//3 453//3
f 453//3 452//3 454//3
f 453//3 454//3 455//3
f 455//3 454//3 456//3
f 455//3 456//3 457//3
f 457//3 456//3 458//3
f 457//3 458//3 459//3
f 59//3 61//3 460//3
f 460//3 461//3 59//3
f 59//3 461//3 462//3
f 59//3 462//3 463//3
f 464//3 463//3 465//3
f 465//3 466//3 464//3
f 464//3 466//3 467//3
f 464//3 467//3 468//3
f 468//3 467//3 469//3
f 468//3 469//3 470//3
f 470//3 469//3 471//3
f 470//3 471//3 472//3
f 63//3 473//3 61//3
f 61//3 473//3 474//3
f 61//3 474//3 460//3
f 475//3 476//3 477//3
f 477//3 478//3 71//3
f 71//3 478//3 479//3
f 71//3 479//3 69//3
f 479//3 480//3 69//3
f 69//3 480//3 481//3
f 69//3 481//3 67//3
f 67//3 481//3 482//3
f 67//3 482//3 483//3
f 483//3 484//3 485//3
f 485//3 484//3 486//3
f 485//3 486//3 487//3
f 487//3 486//3 488//3
f 487//3 488//3 475//3
f 475//3 488//3 489//3
f 475//3 489//3 476//3
f 113//3 490//3 491//3
f 491//3 490//3 492//3
f 493//3 494//3 495//3
f 493//3 495//3 496//3
f 496//3 495//3 497//3
f 496//3 497//3 498//3
f 112//3 114//3 498//3
f 494//3 493//3 499//3
f 499//3 493//3 500//3
f 499//3 500//3 501//3
f 502//3 503//3 504//3
f 504//3 503//3 505//3
f 106//3 108//3 506//3
f 108//3 507//3 506//3
f 506//3 507//3 508//3
f 506//3 508//3 104//3
f 503//3 509//3 505//3
f 505//3 509//3 510//3
f 505//3 510//3 511//3
f 511//3 510//3 512//3
f 511//3 512//3 513//3
f 513//3 512//3 514//3
f 103//3 105//3 514//3
f 515//3 345//3 516//3
f 516//3 345//3 517//3
f 516//3 517//3 518//3
f 519//3 122//3 520//3
f 520//3 122//3 345//3
f 520//3 345//3 521//3
f 521//3 345//3 515//3
f 519//3 522//3 122//3
f 122//3 522//3 523//3
f 122//3 523//3 123//3
f 123//3 523//3 353//3
f 518//3 517//3 524//3
f 524//3 517//3 525//3
f 524//3 525//3 526//3
f 522//3 527//3 523//3
f 523//3 527//3 528//3
f 523//3 528//3 529//3
f 529//3 528//3 530//3
f 529//3 530//3 526//3
f 531//3 532//3 369//3
f 362//3 367//3 363//3
f 363//3 367//3 369//3
f 363//3 369//3 373//3
f 373//3 369//3 532//3
f 373//3 532//3 374//3
f 533//3 534//3 2//3
f 2//3 534//3 4//3
f 535//3 536//3 537//3
f 537//3 536//3 538//3
f 539//3 540//3 541//3
f 541//3 540//3 98//3
f 541//3 98//3 542//3
f 542//3 98//3 97//3
f 542//3 97//3 543//3
f 544//3 545//3 546//3
f 546//3 545//3 547//3
f 546//3 547//3 548//3
f 548//3 547//3 549//3
f 550//3 551//3 4//3
f 4//3 551//3 6//3
f 552//3 553//3 204//3
f 204//3 553//3 554//3
f 204//3 554//3 534//3
f 534//3 554//3 555//3
f 551//3 556//3 6//3
f 6//3 556//3 557//3
f 6//3 557//3 204//3
f 204//3 557//3 558//3
f 204//3 558//3 552//3
f 555//3 559//3 534//3
f 534//3 559//3 560//3
f 534//3 560//3 4//3
f 4//3 560//3 561//3
f 4//3 561//3 550//3
f 201//3 204//3 199//3
f 199//3 204//3 534//3
f 199//3 534//3 562//3
f 562//3 534//3 533//3
f 562//3 533//3 100//3
f 140//3 187//3 141//3
f 141//3 187//3 563//3
f 141//3 563//3 538//3
f 538//3 563//3 564//3
f 538//3 564//3 537//3
f 141//3 565//3 189//3
f 189//3 565//3 566//3
f 189//3 566//3 567//3
f 567//3 568//3 189//3
f 189//3 568//3 569//3
f 189//3 569//3 536//3
f 569//3 570//3 536//3
f 536//3 570//3 571//3
f 536//3 571//3 538//3
f 538//3 571//3 572//3
f 538//3 572//3 573//3
f 573//3 574//3 538//3
f 538//3 574//3 575//3
f 538//3 575//3 141//3
f 141//3 575//3 576//3
f 141//3 576//3 565//3
f 535//3 577//3 536//3
f 536//3 577//3 177//3
f 536//3 177//3 189//3
f 189//3 177//3 178//3
f 189//3 178//3 190//3
f 578//3 543//3 579//3
f 579//3 543//3 97//3
f 579//3 97//3 580//3
f 580//3 97//3 99//3
f 580//3 99//3 94//3
f 94//3 99//3 174//3
f 94//3 174//3 171//3
f 165//3 581//3 582//3
f 582//3 583//3 165//3
f 165//3 583//3 584//3
f 165//3 584//3 540//3
f 540//3 584//3 585//3
f 164//3 99//3 165//3
f 165//3 99//3 586//3
f 165//3 586//3 581//3
f 585//3 587//3 540//3
f 540//3 587//3 588//3
f 540//3 588//3 98//3
f 98//3 588//3 589//3
f 589//3 590//3 98//3
f 98//3 590//3 591//3
f 98//3 591//3 99//3
f 99//3 591//3 592//3
f 99//3 592//3 586//3
f 163//3 165//3 162//3
f 162//3 165//3 540//3
f 162//3 540//3 593//3
f 593//3 540//3 539//3
f 593//3 539//3 594//3
f 595//3 596//3 144//3
f 144//3 596//3 597//3
f 144//3 597//3 545//3
f 545//3 597//3 598//3
f 599//3 600//3 547//3
f 547//3 600//3 149//3
f 547//3 149//3 549//3
f 549//3 149//3 601//3
f 598//3 602//3 545//3
f 545//3 602//3 603//3
f 545//3 603//3 547//3
f 547//3 603//3 604//3
f 547//3 604//3 599//3
f 600//3 605//3 149//3
f 149//3 605//3 606//3
f 149//3 606//3 144//3
f 144//3 606//3 607//3
f 144//3 607//3 595//3
f 142//3 144//3 145//3
f 145//3 144//3 545//3
f 145//3 545//3 608//3
f 608//3 545//3 544//3
f 608//3 544//3 609//3
f 610//3 611//3 612//3
f 613//3 614//3 615//3
f 615//3 614//3 616//3
f 615//3 616//3 610//3
f 610//3 616//3 617//3
f 610//3 617//3 611//3
f 618//3 619//3 620//3
f 100//3 102//3 562//3
f 562//3 102//3 610//3
f 562//3 610//3 199//3
f 199//3 610//3 612//3
f 199//3 612//3 621//3
f 622//3 623//3 618//3
f 618//3 623//3 624//3
f 618//3 624//3 619//3
f 625//3 435//3 441//3
f 441//3 435//3 437//3
f 441//3 437//3 442//3
f 626//3 627//3 628//3
f 629//3 630//3 154//3
f 154//3 630//3 631//3
f 154//3 631//3 149//3
f 631//3 632//3 149//3
f 149//3 632//3 633//3
f 149//3 633//3 601//3
f 601//3 633//3 634//3
f 601//3 634//3 635//3
f 635//3 636//3 601//3
f 601//3 636//3 637//3
f 601//3 637//3 628//3
f 628//3 637//3 638//3
f 628//3 638//3 626//3
f 639//3 96//3 640//3
f 640//3 96//3 95//3
f 640//3 95//3 160//3
f 160//3 95//3 167//3
f 160//3 167//3 161//3
f 104//3 508//3 105//3
f 105//3 508//3 641//3
f 105//3 641//3 642//3
f 642//3 641//3 643//3
f 642//3 643//3 644//3
f 644//3 643//3 645//3
f 644//3 645//3 646//3
f 646//3 645//3 647//3
f 646//3 647//3 648//3
f 514//3 105//3 513//3
f 513//3 105//3 642//3
f 513//3 642//3 628//3
f 628//3 642//3 644//3
f 628//3 644//3 601//3
f 601//3 644//3 646//3
f 601//3 646//3 549//3
f 549//3 646//3 648//3
f 549//3 648//3 548//3
f 577//3 625//3 177//3
f 177//3 625//3 441//3
f 177//3 441//3 175//3
f 175//3 441//3 439//3
f 175//3 439//3 649//3
f 649//3 439//3 430//3
f 649//3 430//3 449//3
f 449//3 430//3 448//3
f 449//3 448//3 450//3
f 650//3 391//3 651//3
f 651//3 391//3 390//3
f 651//3 390//3 652//3
f 652//3 390//3 428//3
f 652//3 428//3 433//3
f 108//3 639//3 507//3
f 507//3 639//3 640//3
f 507//3 640//3 508//3
f 508//3 640//3 160//3
f 508//3 160//3 641//3
f 641//3 160//3 162//3
f 641//3 162//3 643//3
f 643//3 162//3 593//3
f 643//3 593//3 645//3
f 645//3 593//3 594//3
f 645//3 594//3 647//3
f 358//3 443//3 359//3
f 359//3 443//3 445//3
f 359//3 445//3 360//3
f 360//3 445//3 430//3
f 360//3 430//3 390//3
f 390//3 430//3 429//3
f 390//3 429//3 427//3
f 535//3 578//3 577//3
f 577//3 578//3 579//3
f 577//3 579//3 625//3
f 625//3 579//3 580//3
f 625//3 580//3 435//3
f 435//3 580//3 94//3
f 435//3 94//3 653//3
f 653//3 94//3 96//3
f 653//3 96//3 654//3
f 654//3 96//3 639//3
f 654//3 639//3 655//3
f 655//3 639//3 108//3
f 655//3 108//3 91//3
f 91//3 108//3 107//3
f 91//3 107//3 92//3
f 92//3 107//3 656//3
f 92//3 656//3 502//3
f 526//3 525//3 529//3
f 529//3 525//3 657//3
f 529//3 657//3 658//3
f 658//3 657//3 659//3
f 658//3 659//3 660//3
f 660//3 659//3 661//3
f 660//3 661//3 662//3
f 662//3 661//3 179//3
f 662//3 179//3 183//3
f 183//3 179//3 181//3
f 183//3 181//3 185//3
f 663//3 531//3 664//3
f 664//3 531//3 369//3
f 664//3 369//3 120//3
f 120//3 369//3 370//3
f 120//3 370//3 118//3
f 192//3 194//3 8//3
f 8//3 194//3 665//3
f 8//3 665//3 10//3
f 10//3 665//3 666//3
f 10//3 666//3 12//3
f 12//3 666//3 667//3
f 12//3 667//3 14//3
f 14//3 667//3 668//3
f 14//3 668//3 16//3
f 16//3 668//3 669//3
f 16//3 669//3 18//3
f 670//3 669//3 671//3
f 671//3 669//3 668//3
f 671//3 668//3 672//3
f 672//3 668//3 667//3
f 672//3 667//3 673//3
f 673//3 667//3 666//3
f 673//3 666//3 674//3
f 674//3 666//3 665//3
f 674//3 665//3 675//3
f 675//3 665//3 194//3
f 675//3 194//3 618//3
f 618//3 194//3 199//3
f 618//3 199//3 622//3
f 622//3 199//3 621//3
f 353//3 523//3 354//3
f 354//3 523//3 529//3
f 354//3 529//3 350//3
f 350//3 529//3 658//3
f 350//3 658//3 348//3
f 348//3 658//3 660//3
f 348//3 660//3 449//3
f 449//3 660//3 662//3
f 449//3 662//3 649//3
f 649//3 662//3 183//3
f 649//3 183//3 175//3
f 175//3 183//3 182//3
f 175//3 182//3 176//3
f 433//3 435//3 652//3
f 652//3 435//3 653//3
f 652//3 653//3 651//3
f 651//3 653//3 654//3
f 651//3 654//3 676//3
f 676//3 654//3 655//3
f 676//3 655//3 677//3
f 677//3 655//3 91//3
f 677//3 91//3 678//3
f 678//3 91//3 93//3
f 678//3 93//3 399//3
f 463//3 464//3 59//3
f 59//3 464//3 679//3
f 59//3 679//3 57//3
f 57//3 679//3 680//3
f 57//3 680//3 55//3
f 55//3 680//3 681//3
f 55//3 681//3 53//3
f 53//3 681//3 682//3
f 53//3 682//3 51//3
f 51//3 682//3 146//3
f 51//3 146//3 49//3
f 49//3 146//3 145//3
f 49//3 145//3 47//3
f 47//3 145//3 608//3
f 47//3 608//3 45//3
f 45//3 608//3 609//3
f 45//3 609//3 43//3
f 683//3 20//3 18//3
f 455//3 670//3 453//3
f 453//3 670//3 671//3
f 453//3 671//3 684//3
f 684//3 671//3 672//3
f 684//3 672//3 685//3
f 685//3 672//3 673//3
f 685//3 673//3 686//3
f 686//3 673//3 674//3
f 686//3 674//3 687//3
f 687//3 674//3 675//3
f 687//3 675//3 688//3
f 688//3 675//3 618//3
f 688//3 618//3 615//3
f 615//3 618//3 620//3
f 615//3 620//3 613//3
f 125//3 453//3 126//3
f 126//3 453//3 684//3
f 126//3 684//3 689//3
f 689//3 684//3 685//3
f 689//3 685//3 690//3
f 690//3 685//3 686//3
f 690//3 686//3 691//3
f 691//3 686//3 687//3
f 691//3 687//3 692//3
f 692//3 687//3 688//3
f 692//3 688//3 693//3
f 693//3 688//3 615//3
f 693//3 615//3 694//3
f 694//3 615//3 610//3
f 694//3 610//3 695//3
f 695//3 610//3 102//3
f 695//3 102//3 696//3
f 696//3 102//3 101//3
f 696//3 101//3 697//3
f 341//3 126//3 344//3
f 344//3 126//3 689//3
f 344//3 689//3 698//3
f 698//3 689//3 690//3
f 698//3 690//3 699//3
f 699//3 690//3 691//3
f 699//3 691//3 700//3
f 700//3 691//3 692//3
f 700//3 692//3 701//3
f 701//3 692//3 693//3
f 701//3 693//3 702//3
f 702//3 693//3 694//3
f 702//3 694//3 188//3
f 188//3 694//3 695//3
f 188//3 695//3 187//3
f 187//3 695//3 696//3
f 187//3 696//3 563//3
f 563//3 696//3 697//3
f 563//3 697//3 564//3
f 703//3 342//3 347//3
f 347//3 342//3 344//3
f 347//3 344//3 345//3
f 345//3 344//3 698//3
f 345//3 698//3 517//3
f 517//3 698//3 699//3
f 517//3 699//3 525//3
f 525//3 699//3 700//3
f 525//3 700//3 657//3
f 657//3 700//3 701//3
f 657//3 701//3 659//3
f 659//3 701//3 702//3
f 659//3 702//3 661//3
f 661//3 702//3 188//3
f 661//3 188//3 179//3
f 179//3 188//3 186//3
f 179//3 186//3 180//3
f 376//3 117//3 381//3
f 381//3 117//3 386//3
f 381//3 386//3 134//3
f 134//3 386//3 388//3
f 134//3 388//3 396//3
f 704//3 384//3 705//3
f 705//3 384//3 386//3
f 705//3 386//3 706//3
f 706//3 386//3 117//3
f 706//3 117//3 664//3
f 664//3 117//3 116//3
f 664//3 116//3 663//3
f 400//3 704//3 399//3
f 399//3 704//3 705//3
f 399//3 705//3 678//3
f 678//3 705//3 706//3
f 678//3 706//3 677//3
f 677//3 706//3 664//3
f 677//3 664//3 676//3
f 676//3 664//3 120//3
f 676//3 120//3 651//3
f 651//3 120//3 119//3
f 651//3 119//3 650//3
f 502//3 504//3 92//3
f 92//3 504//3 707//3
f 92//3 707//3 93//3
f 93//3 707//3 708//3
f 93//3 708//3 399//3
f 399//3 708//3 709//3
f 399//3 709//3 393//3
f 20//3 683//3 710//3
f 710//3 683//3 711//3
f 710//3 711//3 712//3
f 712//3 711//3 425//3
f 712//3 425//3 713//3
f 713//3 425//3 426//3
f 713//3 426//3 714//3
f 715//3 716//3 455//3
f 455//3 716//3 717//3
f 18//3 669//3 683//3
f 683//3 669//3 670//3
f 683//3 670//3 711//3
f 711//3 670//3 455//3
f 711//3 455//3 425//3
f 425//3 455//3 717//3
f 425//3 717//3 718//3
f 719//3 720//3 331//3
f 331//3 720//3 457//3
f 331//3 457//3 330//3
f 330//3 457//3 459//3
f 330//3 459//3 347//3
f 347//3 459//3 721//3
f 347//3 721//3 703//3
f 720//3 722//3 457//3
f 457//3 722//3 723//3
f 457//3 723//3 455//3
f 455//3 723//3 724//3
f 455//3 724//3 715//3
f 718//3 725//3 425//3
f 425//3 725//3 726//3
f 425//3 726//3 331//3
f 331//3 726//3 727//3
f 331//3 727//3 719//3
f 728//3 729//3 709//3
f 730//3 731//3 405//3
f 732//3 733//3 734//3
f 709//3 729//3 393//3
f 393//3 729//3 735//3
f 393//3 735//3 736//3
f 730//3 405//3 737//3
f 736//3 737//3 393//3
f 393//3 737//3 405//3
f 393//3 405//3 135//3
f 135//3 405//3 269//3
f 135//3 269//3 133//3
f 133//3 269//3 131//3
f 734//3 738//3 732//3
f 732//3 738//3 739//3
f 732//3 739//3 709//3
f 709//3 739//3 740//3
f 709//3 740//3 728//3
f 483//3 485//3 67//3
f 67//3 485//3 741//3
f 67//3 741//3 65//3
f 65//3 741//3 470//3
f 65//3 470//3 63//3
f 63//3 470//3 472//3
f 63//3 472//3 473//3
f 329//3 325//3 328//3
f 328//3 325//3 89//3
f 328//3 89//3 326//3
f 326//3 89//3 88//3
f 326//3 88//3 335//3
f 742//3 743//3 89//3
f 129//3 128//3 89//3
f 89//3 128//3 744//3
f 89//3 744//3 742//3
f 745//3 746//3 324//3
f 743//3 747//3 89//3
f 89//3 747//3 748//3
f 89//3 748//3 90//3
f 90//3 748//3 749//3
f 90//3 749//3 750//3
f 746//3 751//3 324//3
f 324//3 751//3 752//3
f 324//3 752//3 128//3
f 128//3 752//3 753//3
f 128//3 753//3 744//3
f 754//3 286//3 755//3
f 755//3 286//3 272//3
f 755//3 272//3 756//3
f 756//3 272//3 132//3
f 756//3 132//3 267//3
f 267//3 132//3 131//3
f 267//3 131//3 265//3
f 265//3 131//3 271//3
f 113//3 491//3 114//3
f 114//3 491//3 757//3
f 114//3 757//3 758//3
f 758//3 757//3 759//3
f 758//3 759//3 403//3
f 403//3 759//3 760//3
f 403//3 760//3 401//3
f 498//3 114//3 496//3
f 496//3 114//3 758//3
f 496//3 758//3 761//3
f 761//3 758//3 403//3
f 761//3 403//3 762//3
f 762//3 403//3 405//3
f 762//3 405//3 732//3
f 732//3 405//3 731//3
f 732//3 731//3 733//3
f 763//3 754//3 492//3
f 492//3 754//3 755//3
f 492//3 755//3 491//3
f 491//3 755//3 756//3
f 491//3 756//3 757//3
f 757//3 756//3 267//3
f 757//3 267//3 759//3
f 759//3 267//3 268//3
f 759//3 268//3 760//3
f 764//3 34//3 32//3
f 750//3 745//3 90//3
f 90//3 745//3 324//3
f 90//3 324//3 765//3
f 765//3 324//3 317//3
f 765//3 317//3 766//3
f 766//3 317//3 414//3
f 766//3 414//3 416//3
f 416//3 414//3 415//3
f 416//3 415//3 417//3
f 767//3 500//3 768//3
f 768//3 500//3 493//3
f 768//3 493//3 769//3
f 769//3 493//3 496//3
f 769//3 496//3 770//3
f 770//3 496//3 761//3
f 770//3 761//3 771//3
f 771//3 761//3 762//3
f 771//3 762//3 772//3
f 772//3 762//3 732//3
f 772//3 732//3 773//3
f 773//3 732//3 709//3
f 773//3 709//3 774//3
f 774//3 709//3 708//3
f 774//3 708//3 775//3
f 775//3 708//3 707//3
f 775//3 707//3 776//3
f 776//3 707//3 504//3
f 776//3 504//3 777//3
f 777//3 504//3 505//3
f 777//3 505//3 778//3
f 778//3 505//3 511//3
f 778//3 511//3 779//3
f 779//3 511//3 513//3
f 779//3 513//3 780//3
f 780//3 513//3 628//3
f 780//3 628//3 154//3
f 154//3 628//3 627//3
f 154//3 627//3 629//3
f 781//3 36//3 34//3
f 36//3 256//3 38//3
f 38//3 256//3 255//3
f 38//3 255//3 261//3
f 36//3 781//3 256//3
f 256//3 781//3 782//3
f 256//3 782//3 258//3
f 783//3 784//3 785//3
f 785//3 784//3 786//3
f 782//3 787//3 788//3
f 789//3 790//3 791//3
f 782//3 788//3 791//3
f 791//3 788//3 792//3
f 791//3 792//3 789//3
f 793//3 794//3 795//3
f 795//3 794//3 796//3
f 795//3 796//3 797//3
f 783//3 793//3 784//3
f 784//3 793//3 795//3
f 784//3 795//3 798//3
f 798//3 795//3 764//3
f 798//3 764//3 799//3
f 799//3 764//3 32//3
f 799//3 32//3 30//3
f 34//3 764//3 781//3
f 781//3 764//3 795//3
f 781//3 795//3 782//3
f 782//3 795//3 797//3
f 782//3 797//3 787//3
f 790//3 786//3 791//3
f 791//3 786//3 784//3
f 791//3 784//3 800//3
f 801//3 800//3 802//3
f 802//3 800//3 784//3
f 802//3 784//3 803//3
f 803//3 784//3 798//3
f 803//3 798//3 804//3
f 804//3 798//3 799//3
f 804//3 799//3 805//3
f 805//3 799//3 30//3
f 805//3 30//3 28//3
f 249//3 806//3 248//3
f 248//3 806//3 801//3
f 248//3 801//3 807//3
f 807//3 801//3 802//3
f 807//3 802//3 808//3
f 808//3 802//3 803//3
f 808//3 803//3 809//3
f 809//3 803//3 804//3
f 809//3 804//3 810//3
f 810//3 804//3 805//3
f 810//3 805//3 811//3
f 811//3 805//3 28//3
f 811//3 28//3 26//3
f 812//3 246//3 813//3
f 813//3 246//3 248//3
f 813//3 248//3 814//3
f 814//3 248//3 807//3
f 814//3 807//3 815//3
f 815//3 807//3 808//3
f 815//3 808//3 816//3
f 816//3 808//3 809//3
f 816//3 809//3 817//3
f 817//3 809//3 810//3
f 817//3 810//3 818//3
f 818//3 810//3 811//3
f 818//3 811//3 819//3
f 819//3 811//3 26//3
f 819//3 26//3 24//3
f 820//3 812//3 821//3
f 821//3 812//3 813//3
f 821//3 813//3 822//3
f 822//3 813//3 814//3
f 822//3 814//3 823//3
f 823//3 814//3 815//3
f 823//3 815//3 824//3
f 824//3 815//3 816//3
f 824//3 816//3 825//3
f 825//3 816//3 817//3
f 825//3 817//3 826//3
f 826//3 817//3 818//3
f 826//3 818//3 827//3
f 827//3 818//3 819//3
f 827//3 819//3 828//3
f 828//3 819//3 24//3
f 828//3 24//3 22//3
f 418//3 422//3 416//3
f 416//3 422//3 420//3
f 416//3 420//3 829//3
f 829//3 420//3 233//3
f 829//3 233//3 229//3
f 229//3 233//3 235//3
f 229//3 235//3 230//3
f 222//3 231//3 220//3
f 220//3 231//3 233//3
f 220//3 233//3 830//3
f 830//3 233//3 420//3
f 830//3 420//3 831//3
f 831//3 420//3 419//3
f 831//3 419//3 832//3
f 833//3 221//3 834//3
f 834//3 221//3 220//3
f 834//3 220//3 835//3
f 835//3 220//3 830//3
f 835//3 830//3 836//3
f 836//3 830//3 831//3
f 836//3 831//3 292//3
f 292//3 831//3 832//3
f 292//3 832//3 409//3
f 837//3 838//3 767//3
f 110//3 501//3 111//3
f 111//3 501//3 500//3
f 111//3 500//3 839//3
f 839//3 500//3 767//3
f 839//3 767//3 840//3
f 840//3 767//3 838//3
f 86//3 841//3 767//3
f 767//3 841//3 842//3
f 767//3 842//3 837//3
f 840//3 843//3 839//3
f 839//3 843//3 844//3
f 839//3 844//3 845//3
f 846//3 847//3 85//3
f 85//3 847//3 848//3
f 85//3 848//3 86//3
f 86//3 848//3 849//3
f 86//3 849//3 841//3
f 490//3 850//3 492//3
f 492//3 850//3 109//3
f 492//3 109//3 763//3
f 763//3 109//3 111//3
f 763//3 111//3 851//3
f 851//3 111//3 839//3
f 851//3 839//3 85//3
f 85//3 839//3 845//3
f 85//3 845//3 846//3
f 213//3 86//3 211//3
f 211//3 86//3 767//3
f 211//3 767//3 852//3
f 852//3 767//3 768//3
f 852//3 768//3 853//3
f 853//3 768//3 769//3
f 853//3 769//3 854//3
f 854//3 769//3 770//3
f 854//3 770//3 855//3
f 855//3 770//3 771//3
f 855//3 771//3 856//3
f 856//3 771//3 772//3
f 856//3 772//3 857//3
f 857//3 772//3 773//3
f 857//3 773//3 858//3
f 858//3 773//3 774//3
f 858//3 774//3 859//3
f 859//3 774//3 775//3
f 859//3 775//3 860//3
f 860//3 775//3 776//3
f 860//3 776//3 861//3
f 861//3 776//3 777//3
f 861//3 777//3 862//3
f 862//3 777//3 778//3
f 862//3 778//3 863//3
f 863//3 778//3 779//3
f 863//3 779//3 864//3
f 864//3 779//3 780//3
f 864//3 780//3 865//3
f 865//3 780//3 154//3
f 865//3 154//3 151//3
f 151//3 154//3 156//3
f 151//3 156//3 153//3
f 208//3 211//3 209//3
f 209//3 211//3 852//3
f 209//3 852//3 866//3
f 866//3 852//3 853//3
f 866//3 853//3 867//3
f 867//3 853//3 854//3
f 867//3 854//3 868//3
f 868//3 854//3 855//3
f 868//3 855//3 475//3
f 475//3 855//3 856//3
f 475//3 856//3 487//3
f 487//3 856//3 857//3
f 487//3 857//3 485//3
f 485//3 857//3 858//3
f 485//3 858//3 741//3
f 741//3 858//3 859//3
f 741//3 859//3 470//3
f 470//3 859//3 860//3
f 470//3 860//3 468//3
f 468//3 860//3 861//3
f 468//3 861//3 464//3
f 464//3 861//3 862//3
f 464//3 862//3 679//3
f 679//3 862//3 863//3
f 679//3 863//3 680//3
f 680//3 863//3 864//3
f 680//3 864//3 681//3
f 681//3 864//3 865//3
f 681//3 865//3 682//3
f 682//3 865//3 151//3
f 682//3 151//3 146//3
f 146//3 151//3 150//3
f 146//3 150//3 142//3
f 806//3 245//3 801//3
f 801//3 245//3 244//3
f 801//3 244//3 800//3
f 800//3 244//3 869//3
f 800//3 869//3 791//3
f 791//3 869//3 870//3
f 791//3 870//3 782//3
f 782//3 870//3 251//3
f 782//3 251//3 258//3
f 258//3 251//3 250//3
f 239//3 820//3 240//3
f 240//3 820//3 821//3
f 240//3 821//3 871//3
f 872//3 871//3 873//3
f 873//3 871//3 821//3
f 873//3 821//3 874//3
f 874//3 821//3 822//3
f 874//3 822//3 875//3
f 875//3 822//3 823//3
f 875//3 823//3 876//3
f 876//3 823//3 824//3
f 876//3 824//3 877//3
f 877//3 824//3 825//3
f 877//3 825//3 878//3
f 878//3 825//3 826//3
f 878//3 826//3 713//3
f 713//3 826//3 827//3
f 713//3 827//3 712//3
f 712//3 827//3 828//3
f 712//3 828//3 710//3
f 710//3 828//3 22//3
f 710//3 22//3 20//3
f 714//3 333//3 713//3
f 713//3 333//3 335//3
f 713//3 335//3 878//3
f 878//3 335//3 88//3
f 878//3 88//3 877//3
f 877//3 88//3 90//3
f 877//3 90//3 876//3
f 876//3 90//3 765//3
f 876//3 765//3 875//3
f 875//3 765//3 766//3
f 875//3 766//3 874//3
f 874//3 766//3 416//3
f 874//3 416//3 873//3
f 873//3 416//3 829//3
f 873//3 829//3 872//3
f 872//3 829//3 229//3
f 226//3 833//3 227//3
f 227//3 833//3 834//3
f 227//3 834//3 879//3
f 880//3 881//3 253//3
f 882//3 883//3 42//3
f 884//3 885//3 886//3
f 42//3 883//3 886//3
f 886//3 883//3 887//3
f 886//3 887//3 884//3
f 40//3 888//3 42//3
f 42//3 888//3 889//3
f 42//3 889//3 882//3
f 881//3 890//3 253//3
f 253//3 890//3 891//3
f 253//3 891//3 40//3
f 40//3 891//3 892//3
f 40//3 892//3 888//3
f 893//3 894//3 895//3
f 896//3 897//3 242//3
f 898//3 899//3 238//3
f 238//3 899//3 900//3
f 238//3 900//3 242//3
f 242//3 900//3 901//3
f 242//3 901//3 896//3
f 902//3 903//3 904//3
f 904//3 903//3 905//3
f 904//3 905//3 895//3
f 895//3 905//3 906//3
f 895//3 906//3 893//3
f 885//3 880//3 886//3
f 886//3 880//3 253//3
f 886//3 253//3 907//3
f 907//3 253//3 251//3
f 907//3 251//3 908//3
f 908//3 251//3 870//3
f 908//3 870//3 909//3
f 909//3 870//3 869//3
f 909//3 869//3 910//3
f 910//3 869//3 244//3
f 910//3 244//3 904//3
f 904//3 244//3 242//3
f 904//3 242//3 902//3
f 902//3 242//3 897//3
f 911//3 912//3 913//3
f 914//3 915//3 225//3
f 916//3 917//3 918//3
f 918//3 917//3 919//3
f 918//3 919//3 913//3
f 913//3 919//3 920//3
f 913//3 920//3 911//3
f 915//3 921//3 225//3
f 225//3 921//3 922//3
f 225//3 922//3 229//3
f 229//3 922//3 923//3
f 229//3 923//3 924//3
f 894//3 898//3 895//3
f 895//3 898//3 238//3
f 895//3 238//3 925//3
f 925//3 238//3 240//3
f 925//3 240//3 926//3
f 926//3 240//3 871//3
f 926//3 871//3 927//3
f 927//3 871//3 872//3
f 927//3 872//3 918//3
f 918//3 872//3 229//3
f 918//3 229//3 916//3
f 916//3 229//3 924//3
f 912//3 914//3 913//3
f 913//3 914//3 225//3
f 913//3 225//3 928//3
f 928//3 225//3 227//3
f 928//3 227//3 929//3
f 929//3 227//3 879//3
f 929//3 879//3 930//3
f 291//3 293//3 292//3
f 292//3 293//3 295//3
f 292//3 295//3 836//3
f 836//3 295//3 931//3
f 836//3 931//3 835//3
f 835//3 931//3 932//3
f 835//3 932//3 834//3
f 834//3 932//3 933//3
f 834//3 933//3 879//3
f 879//3 933//3 934//3
f 879//3 934//3 930//3
f 930//3 934//3 935//3
f 936//3 935//3 937//3
f 937//3 935//3 934//3
f 937//3 934//3 938//3
f 938//3 934//3 933//3
f 938//3 933//3 939//3
f 939//3 933//3 932//3
f 939//3 932//3 940//3
f 940//3 932//3 931//3
f 940//3 931//3 941//3
f 941//3 931//3 295//3
f 941//3 295//3 281//3
f 281//3 295//3 297//3
f 281//3 297//3 298//3
f 942//3 943//3 944//3
f 945//3 946//3 138//3
f 283//3 284//3 281//3
f 281//3 284//3 286//3
f 281//3 286//3 941//3
f 941//3 286//3 754//3
f 941//3 754//3 940//3
f 940//3 754//3 763//3
f 940//3 763//3 939//3
f 939//3 763//3 851//3
f 939//3 851//3 938//3
f 938//3 851//3 85//3
f 938//3 85//3 937//3
f 937//3 85//3 87//3
f 937//3 87//3 936//3
f 936//3 87//3 947//3
f 936//3 947//3 948//3
f 946//3 949//3 138//3
f 138//3 949//3 950//3
f 138//3 950//3 87//3
f 87//3 950//3 951//3
f 87//3 951//3 947//3
f 948//3 952//3 936//3
f 936//3 952//3 953//3
f 936//3 953//3 944//3
f 944//3 953//3 954//3
f 944//3 954//3 942//3
f 207//3 955//3 138//3
f 138//3 955//3 944//3
f 138//3 944//3 945//3
f 945//3 944//3 943//3
f 477//3 71//3 475//3
f 475//3 71//3 73//3
f 475//3 73//3 868//3
f 868//3 73//3 75//3
f 868//3 75//3 867//3
f 867//3 75//3 77//3
f 867//3 77//3 866//3
f 866//3 77//3 79//3
f 866//3 79//3 209//3
f 209//3 79//3 81//3
f 209//3 81//3 207//3
f 207//3 81//3 83//3
f 207//3 83//3 955//3
f 1//4 3//4 956//4
f 957//4 958//4 959//4
f 960//4 961//4 962//4
f 963//4 964//4 965//4
f 966//4 967//4 968//4
f 969//4 970//4 41//4
f 971//4 972//4 973//4
f 974//4 975//4 976//4
f 977//4 978//4 979//4
f 980//4 981//4 982//4
f 983//4 984//4 985//4
f 986//4 987//4 988//4
f 989//4 990//4 991//4
f 992//4 993//4 994//4
f 994//4 993//4 995//4
f 996//4 997//4 998//4
f 998//4 997//4 999//4
f 998//4 999//4 1000//4
f 1000//4 999//4 1001//4
f 996//4 1002//4 997//4
f 997//4 1002//4 1003//4
f 997//4 1003//4 1004//4
f 1004//4 1003//4 1005//4
f 1004//4 1005//4 1006//4
f 1007//4 1008//4 1009//4
f 1009//4 1008//4 1010//4
f 1009//4 1010//4 1011//4
f 1012//4 1013//4 1014//4
f 1014//4 1013//4 1015//4
f 1014//4 1015//4 1016//4
f 1015//4 1017//4 1016//4
f 1016//4 1017//4 1018//4
f 1016//4 1018//4 1019//4
f 1019//4 1020//4 1021//4
f 1021//4 1020//4 1022//4
f 1021//4 1022//4 1010//4
f 1010//4 1022//4 1023//4
f 1010//4 1023//4 1011//4
f 1024//4 1025//4 1026//4
f 1027//4 1028//4 1029//4
f 1029//4 1028//4 1024//4
f 1029//4 1024//4 1030//4
f 1030//4 1024//4 1026//4
f 989//4 1031//4 990//4
f 990//4 1031//4 1032//4
f 990//4 1032//4 1033//4
f 1032//4 1034//4 1033//4
f 1033//4 1034//4 1035//4
f 1033//4 1035//4 1036//4
f 1036//4 1035//4 1037//4
f 1036//4 1037//4 1038//4
f 1038//4 1037//4 1039//4
f 1038//4 1039//4 1025//4
f 1025//4 1039//4 1040//4
f 1025//4 1040//4 1026//4
f 988//4 987//4 1041//4
f 1042//4 1043//4 1044//4
f 1045//4 5//4 1046//4
f 1046//4 5//4 7//4
f 1046//4 7//4 1047//4
f 1047//4 7//4 1048//4
f 1045//4 1049//4 5//4
f 5//4 1049//4 1050//4
f 5//4 1050//4 988//4
f 988//4 1050//4 1051//4
f 988//4 1051//4 986//4
f 1052//4 1053//4 1054//4
f 1055//4 1056//4 1057//4
f 1057//4 1056//4 1058//4
f 1059//4 1060//4 1061//4
f 1053//4 1062//4 1054//4
f 1054//4 1062//4 1063//4
f 1054//4 1063//4 1064//4
f 1064//4 1063//4 1065//4
f 1064//4 1065//4 1066//4
f 1067//4 1068//4 1069//4
f 1067//4 1069//4 1070//4
f 1071//4 1072//4 1073//4
f 1073//4 1072//4 1074//4
f 1075//4 1076//4 1077//4
f 1077//4 1076//4 1078//4
f 1077//4 1078//4 1079//4
f 1079//4 1078//4 1080//4
f 1081//4 1082//4 1083//4
f 1083//4 1082//4 1079//4
f 1083//4 1079//4 1084//4
f 1084//4 1079//4 1080//4
f 1085//4 1086//4 1087//4
f 1085//4 1087//4 1088//4
f 1089//4 1090//4 1091//4
f 1092//4 1093//4 1094//4
f 1095//4 966//4 1096//4
f 1097//4 1098//4 1099//4
f 1099//4 1098//4 1100//4
f 1100//4 1098//4 1101//4
f 1101//4 1098//4 1102//4
f 1101//4 1102//4 1103//4
f 1104//4 1105//4 1106//4
f 1106//4 1105//4 1107//4
f 1106//4 1107//4 1108//4
f 1109//4 37//4 1110//4
f 1110//4 37//4 39//4
f 1110//4 39//4 1111//4
f 1112//4 1113//4 1114//4
f 1114//4 1113//4 1115//4
f 1114//4 1115//4 39//4
f 39//4 1115//4 1116//4
f 39//4 1116//4 1111//4
f 1117//4 958//4 1118//4
f 1118//4 958//4 957//4
f 1118//4 957//4 1119//4
f 1119//4 957//4 1120//4
f 1119//4 1120//4 1121//4
f 1121//4 1122//4 1119//4
f 1119//4 1122//4 1123//4
f 1119//4 1123//4 1124//4
f 1124//4 1123//4 1125//4
f 1126//4 1127//4 1128//4
f 1129//4 1126//4 1130//4
f 1130//4 1126//4 1131//4
f 1130//4 1131//4 1132//4
f 1129//4 1133//4 1126//4
f 1126//4 1133//4 1134//4
f 1126//4 1134//4 1127//4
f 1127//4 1134//4 1135//4
f 1127//4 1135//4 1136//4
f 1137//4 1138//4 1139//4
f 1139//4 1138//4 1140//4
f 1139//4 1140//4 1141//4
f 1135//4 1142//4 1136//4
f 1136//4 1142//4 1143//4
f 1136//4 1143//4 1144//4
f 1144//4 1143//4 1139//4
f 1144//4 1139//4 1145//4
f 1145//4 1139//4 1141//4
f 1141//4 1146//4 1145//4
f 1145//4 1146//4 1147//4
f 1145//4 1147//4 1148//4
f 1148//4 1147//4 1149//4
f 1148//4 1149//4 1150//4
f 1151//4 1152//4 1153//4
f 1153//4 1152//4 1154//4
f 1153//4 1154//4 1155//4
f 1155//4 1154//4 1156//4
f 1155//4 1156//4 1157//4
f 1158//4 1159//4 1160//4
f 1158//4 1160//4 1161//4
f 984//4 1162//4 985//4
f 985//4 1162//4 1155//4
f 985//4 1155//4 1158//4
f 1158//4 1155//4 1157//4
f 1158//4 1157//4 1159//4
f 1163//4 1164//4 1165//4
f 1163//4 1165//4 1166//4
f 1167//4 1168//4 1169//4
f 1169//4 1168//4 1170//4
f 1169//4 1170//4 1171//4
f 1172//4 1173//4 1174//4
f 1175//4 1176//4 1177//4
f 1177//4 1176//4 1178//4
f 1175//4 1179//4 1176//4
f 1176//4 1179//4 1180//4
f 1176//4 1180//4 1181//4
f 1181//4 1180//4 1182//4
f 1183//4 1184//4 1185//4
f 1185//4 1184//4 1186//4
f 1185//4 1186//4 1187//4
f 1188//4 1189//4 1190//4
f 1191//4 1192//4 1193//4
f 1193//4 1192//4 1194//4
f 1193//4 1194//4 1195//4
f 1190//4 1196//4 1188//4
f 1188//4 1196//4 1197//4
f 1188//4 1197//4 1198//4
f 1197//4 1199//4 1198//4
f 1198//4 1199//4 1200//4
f 1198//4 1200//4 1201//4
f 1200//4 1202//4 1201//4
f 1201//4 1202//4 1203//4
f 1201//4 1203//4 1191//4
f 1191//4 1203//4 1204//4
f 1191//4 1204//4 1192//4
f 1205//4 1206//4 1207//4
f 1208//4 1209//4 1210//4
f 1210//4 1209//4 1211//4
f 1210//4 1211//4 1212//4
f 1211//4 1213//4 1212//4
f 1212//4 1213//4 1214//4
f 1212//4 1214//4 980//4
f 1205//4 1207//4 1215//4
f 1215//4 1207//4 981//4
f 1215//4 981//4 1216//4
f 1214//4 1217//4 980//4
f 980//4 1217//4 1218//4
f 980//4 1218//4 981//4
f 981//4 1218//4 1219//4
f 981//4 1219//4 1216//4
f 1220//4 1221//4 1222//4
f 1222//4 1221//4 1223//4
f 1224//4 1225//4 981//4
f 1225//4 1226//4 981//4
f 981//4 1226//4 1227//4
f 981//4 1227//4 982//4
f 982//4 1227//4 1228//4
f 982//4 1228//4 1229//4
f 1230//4 1231//4 1232//4
f 1231//4 1233//4 1232//4
f 1232//4 1233//4 1234//4
f 1232//4 1234//4 1220//4
f 1235//4 1236//4 1229//4
f 1237//4 1238//4 1239//4
f 1238//4 1240//4 1239//4
f 1239//4 1240//4 1117//4
f 1239//4 1117//4 1235//4
f 1235//4 1117//4 1241//4
f 1235//4 1241//4 1236//4
f 1149//4 1242//4 1150//4
f 1150//4 1242//4 1243//4
f 1150//4 1243//4 1244//4
f 1243//4 1245//4 1244//4
f 1244//4 1245//4 1246//4
f 1244//4 1246//4 1247//4
f 1247//4 1246//4 1248//4
f 1247//4 1248//4 1137//4
f 1137//4 1248//4 1249//4
f 1137//4 1249//4 1138//4
f 1250//4 1251//4 1252//4
f 1251//4 1253//4 1252//4
f 1252//4 1253//4 1254//4
f 1252//4 1254//4 1255//4
f 1255//4 1254//4 1256//4
f 1255//4 1256//4 1257//4
f 1237//4 1239//4 1258//4
f 1258//4 1239//4 1259//4
f 1258//4 1259//4 1260//4
f 1260//4 1259//4 1261//4
f 1260//4 1261//4 1262//4
f 1262//4 1261//4 1263//4
f 1263//4 1261//4 959//4
f 1263//4 959//4 1264//4
f 1240//4 1265//4 1117//4
f 1117//4 1265//4 1266//4
f 1117//4 1266//4 958//4
f 958//4 1266//4 1267//4
f 958//4 1267//4 959//4
f 959//4 1267//4 1268//4
f 959//4 1268//4 1264//4
f 1212//4 1191//4 1210//4
f 1210//4 1191//4 1193//4
f 1210//4 1193//4 1269//4
f 1269//4 1193//4 1270//4
f 1269//4 1271//4 1210//4
f 1210//4 1271//4 1272//4
f 1210//4 1272//4 1273//4
f 1273//4 1272//4 1274//4
f 1273//4 1274//4 1275//4
f 1275//4 1274//4 1276//4
f 1275//4 1276//4 1277//4
f 1278//4 1279//4 1280//4
f 1280//4 1279//4 1281//4
f 1280//4 1281//4 1282//4
f 1282//4 1281//4 1283//4
f 1282//4 1283//4 1193//4
f 1193//4 1283//4 1284//4
f 1193//4 1284//4 1270//4
f 1285//4 1286//4 1287//4
f 1287//4 1286//4 1288//4
f 1287//4 1288//4 1289//4
f 1289//4 1288//4 1290//4
f 1289//4 1290//4 1178//4
f 1178//4 1290//4 1291//4
f 1178//4 1291//4 1177//4
f 1244//4 1292//4 1293//4
f 977//4 1294//4 1295//4
f 1295//4 1294//4 1296//4
f 978//4 1297//4 1298//4
f 1297//4 1299//4 1298//4
f 1298//4 1299//4 1300//4
f 1298//4 1300//4 1301//4
f 1301//4 1300//4 1302//4
f 1301//4 1302//4 974//4
f 1160//4 1303//4 1161//4
f 1161//4 1303//4 1304//4
f 1161//4 1304//4 1305//4
f 1304//4 1306//4 1305//4
f 1305//4 1306//4 1307//4
f 1305//4 1307//4 1294//4
f 1294//4 1307//4 1308//4
f 1294//4 1308//4 1151//4
f 1151//4 1308//4 1309//4
f 1151//4 1309//4 1152//4
f 1310//4 1311//4 1312//4
f 1312//4 1311//4 1313//4
f 1312//4 1313//4 1314//4
f 1314//4 1313//4 1315//4
f 1314//4 1315//4 1316//4
f 1316//4 1315//4 1317//4
f 1316//4 1317//4 1318//4
f 1318//4 1317//4 1164//4
f 1318//4 1164//4 1319//4
f 1320//4 1321//4 60//4
f 60//4 1321//4 1322//4
f 60//4 1322//4 62//4
f 1323//4 1324//4 1325//4
f 1325//4 1324//4 1326//4
f 1325//4 1326//4 1327//4
f 1327//4 1326//4 1328//4
f 1327//4 1328//4 1329//4
f 1322//4 1330//4 62//4
f 62//4 1330//4 1331//4
f 62//4 1331//4 64//4
f 1332//4 1333//4 1323//4
f 1323//4 1333//4 1334//4
f 1323//4 1334//4 1324//4
f 1335//4 1336//4 1337//4
f 1338//4 72//4 1339//4
f 1339//4 72//4 70//4
f 1339//4 70//4 1340//4
f 1335//4 1337//4 1341//4
f 1340//4 70//4 1342//4
f 1342//4 70//4 68//4
f 1342//4 68//4 1343//4
f 1344//4 1345//4 1346//4
f 1346//4 1345//4 1347//4
f 1346//4 1347//4 1348//4
f 1348//4 1347//4 1337//4
f 1348//4 1337//4 1349//4
f 1349//4 1337//4 1336//4
f 1350//4 1351//4 1352//4
f 1352//4 1351//4 1353//4
f 1352//4 1353//4 1354//4
f 1354//4 1353//4 1355//4
f 1354//4 1355//4 1356//4
f 1356//4 1355//4 1357//4
f 1356//4 1357//4 1358//4
f 1359//4 1360//4 1361//4
f 1362//4 1363//4 1364//4
f 1365//4 1366//4 1367//4
f 1367//4 1366//4 1368//4
f 1367//4 1368//4 1360//4
f 1360//4 1368//4 1369//4
f 1360//4 1369//4 1361//4
f 1370//4 1371//4 1372//4
f 1372//4 1371//4 1373//4
f 1373//4 1371//4 1374//4
f 1373//4 1374//4 1375//4
f 1375//4 1374//4 1376//4
f 1375//4 1376//4 1377//4
f 1378//4 1379//4 1380//4
f 1380//4 1379//4 1381//4
f 1380//4 1381//4 1382//4
f 1382//4 1381//4 1383//4
f 1382//4 1383//4 1384//4
f 1372//4 1385//4 1370//4
f 1370//4 1385//4 1386//4
f 1370//4 1386//4 1387//4
f 1388//4 1389//4 1390//4
f 1391//4 1392//4 1393//4
f 1391//4 1393//4 1166//4
f 1393//4 1394//4 1166//4
f 1166//4 1394//4 1395//4
f 1166//4 1395//4 1163//4
f 1163//4 1395//4 1396//4
f 1396//4 1397//4 1163//4
f 1163//4 1397//4 1398//4
f 1163//4 1398//4 1399//4
f 1398//4 1400//4 1399//4
f 1399//4 1400//4 1401//4
f 1399//4 1401//4 1402//4
f 1402//4 1401//4 1403//4
f 1392//4 1391//4 1404//4
f 1404//4 1391//4 1405//4
f 1404//4 1405//4 1406//4
f 1132//4 1131//4 1407//4
f 1407//4 1131//4 1408//4
f 1407//4 1408//4 1409//4
f 1142//4 1410//4 1143//4
f 1143//4 1410//4 1411//4
f 1143//4 1411//4 1139//4
f 1139//4 1411//4 1412//4
f 41//4 970//4 39//4
f 1413//4 1414//4 1114//4
f 1114//4 1414//4 1415//4
f 1114//4 1415//4 1416//4
f 1416//4 1415//4 1417//4
f 970//4 1418//4 39//4
f 39//4 1418//4 1419//4
f 39//4 1419//4 1114//4
f 1114//4 1419//4 1420//4
f 1114//4 1420//4 1413//4
f 1417//4 1421//4 1416//4
f 1416//4 1421//4 1422//4
f 1416//4 1422//4 41//4
f 41//4 1422//4 1423//4
f 41//4 1423//4 969//4
f 1416//4 1424//4 1114//4
f 1114//4 1424//4 1425//4
f 1114//4 1425//4 1112//4
f 1112//4 1425//4 1426//4
f 1427//4 1428//4 1429//4
f 1430//4 1431//4 1098//4
f 1429//4 1428//4 968//4
f 968//4 1428//4 1432//4
f 968//4 1432//4 1433//4
f 1433//4 1430//4 968//4
f 968//4 1430//4 1098//4
f 968//4 1098//4 966//4
f 966//4 1098//4 1097//4
f 966//4 1097//4 1096//4
f 1431//4 1434//4 1098//4
f 1098//4 1434//4 1435//4
f 1098//4 1435//4 1102//4
f 1102//4 1435//4 1436//4
f 1436//4 1437//4 1102//4
f 1102//4 1437//4 1438//4
f 1102//4 1438//4 1429//4
f 1429//4 1438//4 1439//4
f 1429//4 1439//4 1427//4
f 1429//4 1440//4 1102//4
f 1102//4 1440//4 1086//4
f 1102//4 1086//4 1103//4
f 1103//4 1086//4 1085//4
f 1441//4 1442//4 1443//4
f 965//4 964//4 1079//4
f 1443//4 1442//4 965//4
f 965//4 1442//4 1444//4
f 965//4 1444//4 963//4
f 964//4 1445//4 1079//4
f 1079//4 1445//4 1446//4
f 1079//4 1446//4 1077//4
f 1077//4 1446//4 1447//4
f 1077//4 1447//4 1448//4
f 1448//4 1449//4 1077//4
f 1077//4 1449//4 1450//4
f 1077//4 1450//4 1443//4
f 1443//4 1450//4 1451//4
f 1443//4 1451//4 1441//4
f 1443//4 1452//4 1077//4
f 1077//4 1452//4 1068//4
f 1077//4 1068//4 1075//4
f 1075//4 1068//4 1067//4
f 1453//4 1454//4 962//4
f 962//4 1454//4 1064//4
f 962//4 1064//4 960//4
f 960//4 1064//4 1455//4
f 1456//4 1457//4 1054//4
f 1054//4 1457//4 1458//4
f 1054//4 1458//4 1459//4
f 1459//4 1458//4 1460//4
f 1460//4 1461//4 1459//4
f 1459//4 1461//4 1462//4
f 1459//4 1462//4 962//4
f 962//4 1462//4 1463//4
f 962//4 1463//4 1453//4
f 1454//4 1464//4 1064//4
f 1064//4 1464//4 1465//4
f 1064//4 1465//4 1054//4
f 1054//4 1465//4 1466//4
f 1054//4 1466//4 1456//4
f 1459//4 1467//4 1054//4
f 1054//4 1467//4 1468//4
f 1054//4 1468//4 1052//4
f 1052//4 1468//4 1469//4
f 1052//4 1469//4 1470//4
f 1471//4 1472//4 1473//4
f 1473//4 1472//4 1474//4
f 1471//4 1475//4 1472//4
f 1472//4 1475//4 1476//4
f 1472//4 1476//4 1477//4
f 1477//4 1476//4 1478//4
f 1477//4 1478//4 1479//4
f 1479//4 1480//4 1477//4
f 1477//4 1480//4 1481//4
f 1477//4 1481//4 1482//4
f 1482//4 1481//4 1425//4
f 1482//4 1425//4 1483//4
f 1483//4 1425//4 1424//4
f 1480//4 1484//4 1481//4
f 1481//4 1484//4 1485//4
f 1481//4 1485//4 1486//4
f 1486//4 1485//4 1487//4
f 1486//4 1487//4 1488//4
f 1489//4 1490//4 1491//4
f 1491//4 1490//4 1492//4
f 1491//4 1492//4 1493//4
f 1493//4 1492//4 1494//4
f 1493//4 1494//4 1280//4
f 1280//4 1494//4 1275//4
f 1280//4 1275//4 1278//4
f 1278//4 1275//4 1277//4
f 1495//4 1496//4 1455//4
f 1497//4 1498//4 1499//4
f 1066//4 1059//4 1064//4
f 1064//4 1059//4 1061//4
f 1064//4 1061//4 1455//4
f 1455//4 1061//4 1500//4
f 1455//4 1500//4 1495//4
f 1496//4 1501//4 1455//4
f 1455//4 1501//4 1502//4
f 1455//4 1502//4 1503//4
f 1503//4 1502//4 1504//4
f 1503//4 1504//4 1505//4
f 1498//4 1506//4 1499//4
f 1499//4 1506//4 1507//4
f 1499//4 1507//4 1061//4
f 1061//4 1507//4 1508//4
f 1061//4 1508//4 1500//4
f 1509//4 1510//4 1511//4
f 1511//4 1510//4 1512//4
f 1511//4 1512//4 1513//4
f 1513//4 1512//4 1514//4
f 1513//4 1514//4 1515//4
f 1515//4 1514//4 1516//4
f 1515//4 1516//4 1357//4
f 1357//4 1516//4 1364//4
f 1357//4 1364//4 1358//4
f 1358//4 1364//4 1363//4
f 1510//4 961//4 1512//4
f 1512//4 961//4 960//4
f 1512//4 960//4 1514//4
f 1514//4 960//4 1455//4
f 1514//4 1455//4 1516//4
f 1516//4 1455//4 1503//4
f 1516//4 1503//4 1364//4
f 1364//4 1503//4 1359//4
f 1364//4 1359//4 1362//4
f 1362//4 1359//4 1361//4
f 1440//4 1489//4 1086//4
f 1086//4 1489//4 1491//4
f 1086//4 1491//4 1087//4
f 1087//4 1491//4 1493//4
f 1087//4 1493//4 1517//4
f 1517//4 1493//4 1280//4
f 1517//4 1280//4 1518//4
f 1518//4 1280//4 1282//4
f 1518//4 1282//4 1188//4
f 1188//4 1282//4 1193//4
f 1188//4 1193//4 1189//4
f 1189//4 1193//4 1195//4
f 1490//4 965//4 1492//4
f 1492//4 965//4 1079//4
f 1492//4 1079//4 1494//4
f 1494//4 1079//4 1082//4
f 1494//4 1082//4 1275//4
f 1275//4 1082//4 1519//4
f 1275//4 1519//4 1273//4
f 1273//4 1519//4 1520//4
f 1273//4 1520//4 1210//4
f 1210//4 1520//4 1207//4
f 1210//4 1207//4 1208//4
f 1208//4 1207//4 1206//4
f 1093//4 1088//4 1094//4
f 1094//4 1088//4 1087//4
f 1094//4 1087//4 1521//4
f 1521//4 1087//4 1517//4
f 1521//4 1517//4 1522//4
f 1522//4 1517//4 1518//4
f 1522//4 1518//4 1523//4
f 1523//4 1518//4 1188//4
f 1523//4 1188//4 1186//4
f 1186//4 1188//4 1198//4
f 1186//4 1198//4 1187//4
f 1187//4 1198//4 1201//4
f 1081//4 1071//4 1082//4
f 1082//4 1071//4 1073//4
f 1082//4 1073//4 1519//4
f 1519//4 1073//4 1524//4
f 1519//4 1524//4 1520//4
f 1520//4 1524//4 1525//4
f 1520//4 1525//4 1207//4
f 1207//4 1525//4 1526//4
f 1207//4 1526//4 981//4
f 981//4 1526//4 1222//4
f 981//4 1222//4 1224//4
f 1224//4 1222//4 1223//4
f 1074//4 1070//4 1073//4
f 1073//4 1070//4 1069//4
f 1073//4 1069//4 1524//4
f 1524//4 1069//4 1527//4
f 1524//4 1527//4 1525//4
f 1525//4 1527//4 1528//4
f 1525//4 1528//4 1526//4
f 1526//4 1528//4 1529//4
f 1526//4 1529//4 1222//4
f 1222//4 1529//4 1530//4
f 1452//4 1509//4 1068//4
f 1068//4 1509//4 1511//4
f 1068//4 1511//4 1069//4
f 1069//4 1511//4 1513//4
f 1069//4 1513//4 1527//4
f 1527//4 1513//4 1515//4
f 1527//4 1515//4 1528//4
f 1528//4 1515//4 1357//4
f 1528//4 1357//4 1529//4
f 1529//4 1357//4 1355//4
f 1529//4 1355//4 1530//4
f 1530//4 1355//4 1353//4
f 1467//4 84//4 1468//4
f 1468//4 84//4 82//4
f 1468//4 82//4 1469//4
f 1469//4 82//4 80//4
f 1469//4 80//4 1531//4
f 1531//4 80//4 78//4
f 1531//4 78//4 1532//4
f 1532//4 78//4 76//4
f 1532//4 76//4 1533//4
f 1533//4 76//4 74//4
f 1533//4 74//4 1337//4
f 1337//4 74//4 72//4
f 1337//4 72//4 1341//4
f 1341//4 72//4 1338//4
f 1534//4 1535//4 1536//4
f 1186//4 1537//4 1538//4
f 1536//4 1184//4 1534//4
f 1534//4 1184//4 1183//4
f 1534//4 1183//4 1539//4
f 1539//4 1183//4 1540//4
f 1539//4 1540//4 1541//4
f 1536//4 1542//4 1184//4
f 1184//4 1542//4 1543//4
f 1184//4 1543//4 1186//4
f 1186//4 1543//4 1544//4
f 1186//4 1544//4 1537//4
f 1545//4 1546//4 1547//4
f 1546//4 1548//4 1547//4
f 1547//4 1548//4 1549//4
f 1547//4 1549//4 1534//4
f 1534//4 1549//4 1550//4
f 1534//4 1550//4 1535//4
f 1091//4 1092//4 1089//4
f 1089//4 1092//4 1094//4
f 1089//4 1094//4 1551//4
f 1551//4 1094//4 1521//4
f 1551//4 1521//4 1552//4
f 1552//4 1521//4 1522//4
f 1552//4 1522//4 1553//4
f 1553//4 1522//4 1523//4
f 1553//4 1523//4 1547//4
f 1547//4 1523//4 1186//4
f 1547//4 1186//4 1545//4
f 1545//4 1186//4 1538//4
f 1220//4 1222//4 1232//4
f 1232//4 1222//4 1530//4
f 1232//4 1530//4 1554//4
f 1554//4 1530//4 1353//4
f 1554//4 1353//4 1555//4
f 1555//4 1353//4 1351//4
f 1555//4 1351//4 1556//4
f 1483//4 1557//4 1482//4
f 1482//4 1557//4 1558//4
f 1482//4 1558//4 1477//4
f 1477//4 1558//4 1559//4
f 1477//4 1559//4 1472//4
f 1472//4 1559//4 1560//4
f 1472//4 1560//4 1561//4
f 1561//4 1560//4 1562//4
f 1561//4 1562//4 1563//4
f 1563//4 1562//4 1564//4
f 1563//4 1564//4 1565//4
f 1565//4 1564//4 1566//4
f 1565//4 1566//4 1567//4
f 1567//4 1566//4 1568//4
f 1567//4 1568//4 1287//4
f 1287//4 1568//4 1174//4
f 1287//4 1174//4 1285//4
f 1285//4 1174//4 1173//4
f 1557//4 967//4 1558//4
f 1558//4 967//4 966//4
f 1558//4 966//4 1559//4
f 1559//4 966//4 1095//4
f 1559//4 1095//4 1560//4
f 1560//4 1095//4 1569//4
f 1560//4 1569//4 1562//4
f 1562//4 1569//4 1570//4
f 1562//4 1570//4 1564//4
f 1564//4 1570//4 1571//4
f 1564//4 1571//4 1566//4
f 1566//4 1571//4 1572//4
f 1566//4 1572//4 1568//4
f 1568//4 1572//4 1573//4
f 1568//4 1573//4 1174//4
f 1174//4 1573//4 1181//4
f 1174//4 1181//4 1172//4
f 1172//4 1181//4 1182//4
f 1096//4 1090//4 1095//4
f 1095//4 1090//4 1089//4
f 1095//4 1089//4 1569//4
f 1569//4 1089//4 1551//4
f 1569//4 1551//4 1570//4
f 1570//4 1551//4 1552//4
f 1570//4 1552//4 1571//4
f 1571//4 1552//4 1553//4
f 1571//4 1553//4 1572//4
f 1572//4 1553//4 1547//4
f 1572//4 1547//4 1573//4
f 1573//4 1547//4 1534//4
f 1573//4 1534//4 1181//4
f 1181//4 1534//4 1539//4
f 1181//4 1539//4 1176//4
f 1176//4 1539//4 1541//4
f 1228//4 1230//4 1229//4
f 1229//4 1230//4 1232//4
f 1229//4 1232//4 1235//4
f 1235//4 1232//4 1554//4
f 1235//4 1554//4 1239//4
f 1239//4 1554//4 1555//4
f 1239//4 1555//4 1259//4
f 1259//4 1555//4 1556//4
f 1259//4 1556//4 1261//4
f 1574//4 1313//4 1575//4
f 1575//4 1313//4 1289//4
f 1575//4 1289//4 1576//4
f 1576//4 1289//4 1577//4
f 1574//4 1578//4 1313//4
f 1313//4 1578//4 1579//4
f 1313//4 1579//4 1315//4
f 1315//4 1579//4 1580//4
f 1315//4 1580//4 1581//4
f 1176//4 1317//4 1178//4
f 1178//4 1317//4 1315//4
f 1178//4 1315//4 1582//4
f 1582//4 1315//4 1581//4
f 1582//4 1583//4 1178//4
f 1178//4 1583//4 1584//4
f 1178//4 1584//4 1289//4
f 1289//4 1584//4 1585//4
f 1289//4 1585//4 1577//4
f 1586//4 1255//4 1587//4
f 1587//4 1255//4 1588//4
f 1589//4 1590//4 1591//4
f 1350//4 1365//4 1351//4
f 1351//4 1365//4 1367//4
f 1351//4 1367//4 1556//4
f 1556//4 1367//4 1592//4
f 1556//4 1592//4 1261//4
f 1261//4 1592//4 1593//4
f 1261//4 1593//4 959//4
f 959//4 1593//4 1594//4
f 959//4 1594//4 1595//4
f 1595//4 1596//4 959//4
f 959//4 1596//4 1597//4
f 959//4 1597//4 1598//4
f 1590//4 1599//4 1591//4
f 1591//4 1599//4 1600//4
f 1591//4 1600//4 1594//4
f 1594//4 1600//4 1601//4
f 1594//4 1601//4 1595//4
f 1598//4 1588//4 959//4
f 959//4 1588//4 1255//4
f 959//4 1255//4 957//4
f 957//4 1255//4 1257//4
f 957//4 1257//4 1120//4
f 1344//4 1343//4 1345//4
f 1345//4 1343//4 68//4
f 1345//4 68//4 1602//4
f 1602//4 68//4 66//4
f 1602//4 66//4 1323//4
f 1323//4 66//4 64//4
f 1323//4 64//4 1332//4
f 1332//4 64//4 1331//4
f 1603//4 1250//4 1604//4
f 1604//4 1250//4 1252//4
f 1604//4 1252//4 1605//4
f 1605//4 1252//4 1606//4
f 1605//4 1606//4 1383//4
f 1383//4 1606//4 1390//4
f 1383//4 1390//4 1384//4
f 1384//4 1390//4 1389//4
f 1586//4 1589//4 1255//4
f 1255//4 1589//4 1591//4
f 1255//4 1591//4 1252//4
f 1252//4 1591//4 1607//4
f 1252//4 1607//4 1606//4
f 1606//4 1607//4 1608//4
f 1606//4 1608//4 1390//4
f 1390//4 1608//4 1387//4
f 1390//4 1387//4 1388//4
f 1388//4 1387//4 1386//4
f 1609//4 1610//4 1611//4
f 1611//4 1610//4 1612//4
f 1611//4 1612//4 1402//4
f 1402//4 1612//4 1613//4
f 1402//4 1613//4 1399//4
f 1399//4 1613//4 1614//4
f 1399//4 1614//4 1163//4
f 1163//4 1614//4 1169//4
f 1163//4 1169//4 1164//4
f 1164//4 1169//4 1171//4
f 1164//4 1171//4 1319//4
f 1403//4 1406//4 1402//4
f 1402//4 1406//4 1405//4
f 1402//4 1405//4 1611//4
f 1611//4 1405//4 1615//4
f 1611//4 1615//4 1609//4
f 1609//4 1615//4 1616//4
f 1165//4 1617//4 1166//4
f 1166//4 1617//4 983//4
f 1166//4 983//4 1391//4
f 1391//4 983//4 985//4
f 1391//4 985//4 1405//4
f 1405//4 985//4 1158//4
f 1405//4 1158//4 1615//4
f 1615//4 1158//4 1161//4
f 1615//4 1161//4 1616//4
f 1616//4 1161//4 1305//4
f 1153//4 1148//4 1151//4
f 1151//4 1148//4 1150//4
f 1151//4 1150//4 1294//4
f 1294//4 1150//4 1244//4
f 1294//4 1244//4 1296//4
f 1296//4 1244//4 1293//4
f 1412//4 1409//4 1139//4
f 1139//4 1409//4 1408//4
f 1139//4 1408//4 1137//4
f 1137//4 1408//4 1618//4
f 1137//4 1618//4 1247//4
f 1247//4 1618//4 1619//4
f 1128//4 1119//4 1126//4
f 1126//4 1119//4 1124//4
f 1126//4 1124//4 1131//4
f 1131//4 1124//4 1620//4
f 1131//4 1620//4 1408//4
f 1408//4 1620//4 1621//4
f 1408//4 1621//4 1618//4
f 1618//4 1621//4 1622//4
f 1618//4 1622//4 1619//4
f 1619//4 1622//4 1623//4
f 1125//4 1603//4 1124//4
f 1124//4 1603//4 1604//4
f 1124//4 1604//4 1620//4
f 1620//4 1604//4 1605//4
f 1620//4 1605//4 1621//4
f 1621//4 1605//4 1383//4
f 1621//4 1383//4 1622//4
f 1622//4 1383//4 1381//4
f 1622//4 1381//4 1623//4
f 1623//4 1381//4 1379//4
f 977//4 979//4 1294//4
f 1294//4 979//4 1624//4
f 1294//4 1624//4 1305//4
f 1305//4 1624//4 1625//4
f 1305//4 1625//4 1616//4
f 1616//4 1625//4 1626//4
f 1616//4 1626//4 1609//4
f 1609//4 1626//4 1627//4
f 1609//4 1627//4 1610//4
f 1377//4 1376//4 1378//4
f 1378//4 1376//4 1628//4
f 1378//4 1628//4 1379//4
f 1379//4 1628//4 1629//4
f 1379//4 1629//4 1623//4
f 1623//4 1629//4 1630//4
f 1623//4 1630//4 1619//4
f 1619//4 1630//4 1631//4
f 1619//4 1631//4 1247//4
f 1247//4 1631//4 976//4
f 1247//4 976//4 1244//4
f 1244//4 976//4 975//4
f 1244//4 975//4 1292//4
f 1109//4 1104//4 37//4
f 37//4 1104//4 1106//4
f 37//4 1106//4 35//4
f 35//4 1106//4 1632//4
f 35//4 1632//4 33//4
f 33//4 1632//4 1633//4
f 33//4 1633//4 31//4
f 31//4 1633//4 1634//4
f 31//4 1634//4 29//4
f 29//4 1634//4 1635//4
f 29//4 1635//4 27//4
f 27//4 1635//4 1636//4
f 27//4 1636//4 25//4
f 25//4 1636//4 1637//4
f 25//4 1637//4 23//4
f 23//4 1637//4 1638//4
f 23//4 1638//4 21//4
f 21//4 1638//4 1639//4
f 21//4 1639//4 19//4
f 19//4 1639//4 1640//4
f 19//4 1640//4 17//4
f 17//4 1640//4 1641//4
f 17//4 1641//4 15//4
f 15//4 1641//4 1642//4
f 15//4 1642//4 13//4
f 13//4 1642//4 1643//4
f 13//4 1643//4 11//4
f 11//4 1643//4 1644//4
f 11//4 1644//4 9//4
f 9//4 1644//4 1645//4
f 9//4 1645//4 7//4
f 7//4 1645//4 1042//4
f 7//4 1042//4 1048//4
f 1048//4 1042//4 1044//4
f 987//4 1646//4 1041//4
f 1041//4 1646//4 1043//4
f 1041//4 1043//4 1647//4
f 1647//4 1043//4 1042//4
f 1647//4 1042//4 1648//4
f 1648//4 1042//4 1645//4
f 1648//4 1645//4 1649//4
f 1649//4 1645//4 1644//4
f 1649//4 1644//4 1650//4
f 1650//4 1644//4 1643//4
f 1650//4 1643//4 1651//4
f 1651//4 1643//4 1642//4
f 1651//4 1642//4 1652//4
f 1652//4 1642//4 1641//4
f 1652//4 1641//4 1653//4
f 1653//4 1641//4 1640//4
f 1653//4 1640//4 1654//4
f 1654//4 1640//4 1639//4
f 1654//4 1639//4 1655//4
f 1655//4 1639//4 1638//4
f 1655//4 1638//4 1656//4
f 1656//4 1638//4 1637//4
f 1656//4 1637//4 1657//4
f 1657//4 1637//4 1636//4
f 1657//4 1636//4 1658//4
f 1658//4 1636//4 1635//4
f 1658//4 1635//4 1659//4
f 1659//4 1635//4 1634//4
f 1659//4 1634//4 1660//4
f 1660//4 1634//4 1633//4
f 1660//4 1633//4 1486//4
f 1486//4 1633//4 1632//4
f 1486//4 1632//4 1481//4
f 1481//4 1632//4 1106//4
f 1481//4 1106//4 1425//4
f 1425//4 1106//4 1108//4
f 1425//4 1108//4 1426//4
f 978//4 1298//4 979//4
f 979//4 1298//4 991//4
f 979//4 991//4 1624//4
f 1624//4 991//4 990//4
f 1624//4 990//4 1625//4
f 1625//4 990//4 1033//4
f 1625//4 1033//4 1626//4
f 1626//4 1033//4 1036//4
f 1626//4 1036//4 1627//4
f 974//4 976//4 1301//4
f 1301//4 976//4 1631//4
f 1301//4 1631//4 1016//4
f 1016//4 1631//4 1630//4
f 1016//4 1630//4 1014//4
f 1014//4 1630//4 1629//4
f 1014//4 1629//4 1661//4
f 1661//4 1629//4 1628//4
f 1661//4 1628//4 1662//4
f 1662//4 1628//4 1376//4
f 1662//4 1376//4 1663//4
f 1663//4 1376//4 1374//4
f 1663//4 1374//4 1664//4
f 1060//4 1055//4 1061//4
f 1061//4 1055//4 1057//4
f 1061//4 1057//4 1499//4
f 1499//4 1057//4 1665//4
f 1499//4 1665//4 1666//4
f 1666//4 1665//4 1667//4
f 1666//4 1667//4 1668//4
f 1668//4 1667//4 1669//4
f 1668//4 1669//4 1670//4
f 1670//4 1669//4 1671//4
f 1670//4 1671//4 1672//4
f 1672//4 1671//4 1673//4
f 1672//4 1673//4 1674//4
f 1674//4 1673//4 1675//4
f 1674//4 1675//4 1676//4
f 1676//4 1675//4 1677//4
f 1676//4 1677//4 1678//4
f 1678//4 1677//4 1679//4
f 1678//4 1679//4 1680//4
f 1680//4 1679//4 1681//4
f 1680//4 1681//4 1682//4
f 1682//4 1681//4 1683//4
f 1682//4 1683//4 1684//4
f 1684//4 1683//4 1685//4
f 1684//4 1685//4 1686//4
f 1686//4 1685//4 1687//4
f 1686//4 1687//4 1688//4
f 1688//4 1687//4 1689//4
f 1688//4 1689//4 1690//4
f 1690//4 1689//4 1691//4
f 1690//4 1691//4 999//4
f 999//4 1691//4 994//4
f 999//4 994//4 1001//4
f 1001//4 994//4 995//4
f 1058//4 1470//4 1057//4
f 1057//4 1470//4 1469//4
f 1057//4 1469//4 1665//4
f 1665//4 1469//4 1531//4
f 1665//4 1531//4 1667//4
f 1667//4 1531//4 1532//4
f 1667//4 1532//4 1669//4
f 1669//4 1532//4 1533//4
f 1669//4 1533//4 1671//4
f 1671//4 1533//4 1337//4
f 1671//4 1337//4 1673//4
f 1673//4 1337//4 1347//4
f 1673//4 1347//4 1675//4
f 1675//4 1347//4 1345//4
f 1675//4 1345//4 1677//4
f 1677//4 1345//4 1602//4
f 1677//4 1602//4 1679//4
f 1679//4 1602//4 1323//4
f 1679//4 1323//4 1681//4
f 1681//4 1323//4 1325//4
f 1681//4 1325//4 1683//4
f 1683//4 1325//4 1327//4
f 1683//4 1327//4 1685//4
f 1685//4 1327//4 1692//4
f 1685//4 1692//4 1687//4
f 1687//4 1692//4 1693//4
f 1687//4 1693//4 1689//4
f 1689//4 1693//4 1694//4
f 1689//4 1694//4 1691//4
f 1691//4 1694//4 1695//4
f 1691//4 1695//4 994//4
f 994//4 1695//4 1696//4
f 994//4 1696//4 992//4
f 992//4 1696//4 1697//4
f 992//4 1697//4 1698//4
f 1699//4 1700//4 1647//4
f 1700//4 1701//4 1647//4
f 1647//4 1701//4 1702//4
f 1647//4 1702//4 1041//4
f 1703//4 1699//4 1704//4
f 1704//4 1699//4 1647//4
f 1704//4 1647//4 1705//4
f 1705//4 1647//4 1648//4
f 1705//4 1648//4 1706//4
f 1706//4 1648//4 1649//4
f 1706//4 1649//4 1707//4
f 1707//4 1649//4 1650//4
f 1707//4 1650//4 1708//4
f 1708//4 1650//4 1651//4
f 1708//4 1651//4 1709//4
f 1709//4 1651//4 1652//4
f 1709//4 1652//4 1311//4
f 1311//4 1652//4 1653//4
f 1311//4 1653//4 1313//4
f 1313//4 1653//4 1654//4
f 1313//4 1654//4 1289//4
f 1289//4 1654//4 1655//4
f 1289//4 1655//4 1287//4
f 1287//4 1655//4 1656//4
f 1287//4 1656//4 1567//4
f 1567//4 1656//4 1657//4
f 1567//4 1657//4 1565//4
f 1565//4 1657//4 1658//4
f 1565//4 1658//4 1563//4
f 1563//4 1658//4 1659//4
f 1563//4 1659//4 1561//4
f 1561//4 1659//4 1660//4
f 1561//4 1660//4 1472//4
f 1472//4 1660//4 1486//4
f 1472//4 1486//4 1474//4
f 1474//4 1486//4 1488//4
f 1702//4 1710//4 1041//4
f 1041//4 1710//4 1711//4
f 1041//4 1711//4 1712//4
f 1712//4 1711//4 1713//4
f 1712//4 1713//4 1714//4
f 1714//4 1715//4 1712//4
f 1712//4 1715//4 1716//4
f 1712//4 1716//4 1704//4
f 1704//4 1716//4 1717//4
f 1704//4 1717//4 1703//4
f 1310//4 971//4 1311//4
f 1311//4 971//4 973//4
f 1311//4 973//4 1709//4
f 1709//4 973//4 1718//4
f 1709//4 1718//4 1708//4
f 1708//4 1718//4 1719//4
f 1708//4 1719//4 1707//4
f 1707//4 1719//4 1720//4
f 1707//4 1720//4 1706//4
f 1706//4 1720//4 1721//4
f 1706//4 1721//4 1705//4
f 1705//4 1721//4 1722//4
f 1705//4 1722//4 1704//4
f 1704//4 1722//4 1723//4
f 1704//4 1723//4 1712//4
f 1712//4 1723//4 1724//4
f 972//4 1167//4 973//4
f 973//4 1167//4 1169//4
f 973//4 1169//4 1718//4
f 1718//4 1169//4 1614//4
f 1718//4 1614//4 1719//4
f 1719//4 1614//4 1613//4
f 1719//4 1613//4 1720//4
f 1720//4 1613//4 1612//4
f 1720//4 1612//4 1721//4
f 1721//4 1612//4 1610//4
f 1721//4 1610//4 1722//4
f 1722//4 1610//4 1627//4
f 1722//4 1627//4 1723//4
f 1723//4 1627//4 1036//4
f 1723//4 1036//4 1724//4
f 1724//4 1036//4 1038//4
f 1019//4 1021//4 1016//4
f 1016//4 1021//4 1725//4
f 1016//4 1725//4 1301//4
f 1301//4 1725//4 1726//4
f 1301//4 1726//4 1298//4
f 1298//4 1726//4 1028//4
f 1298//4 1028//4 991//4
f 991//4 1028//4 1027//4
f 991//4 1027//4 989//4
f 1012//4 1014//4 1007//4
f 1007//4 1014//4 1661//4
f 1007//4 1661//4 1008//4
f 1008//4 1661//4 1662//4
f 1008//4 1662//4 1727//4
f 1727//4 1662//4 1663//4
f 1727//4 1663//4 1728//4
f 1728//4 1663//4 1664//4
f 1728//4 1664//4 1729//4
f 1729//4 1730//4 1731//4
f 1729//4 1731//4 997//4
f 999//4 1732//4 1733//4
f 1731//4 1734//4 997//4
f 997//4 1734//4 1735//4
f 997//4 1735//4 999//4
f 999//4 1735//4 1736//4
f 999//4 1736//4 1732//4
f 1737//4 1738//4 1664//4
f 1738//4 1739//4 1664//4
f 1664//4 1739//4 1740//4
f 1664//4 1740//4 1729//4
f 1729//4 1740//4 1741//4
f 1729//4 1741//4 1730//4
f 1505//4 1497//4 1503//4
f 1503//4 1497//4 1499//4
f 1503//4 1499//4 1359//4
f 1359//4 1499//4 1666//4
f 1359//4 1666//4 1360//4
f 1360//4 1666//4 1668//4
f 1360//4 1668//4 1367//4
f 1367//4 1668//4 1670//4
f 1367//4 1670//4 1592//4
f 1592//4 1670//4 1672//4
f 1592//4 1672//4 1593//4
f 1593//4 1672//4 1674//4
f 1593//4 1674//4 1594//4
f 1594//4 1674//4 1676//4
f 1594//4 1676//4 1591//4
f 1591//4 1676//4 1678//4
f 1591//4 1678//4 1607//4
f 1607//4 1678//4 1680//4
f 1607//4 1680//4 1608//4
f 1608//4 1680//4 1682//4
f 1608//4 1682//4 1387//4
f 1387//4 1682//4 1684//4
f 1387//4 1684//4 1370//4
f 1370//4 1684//4 1686//4
f 1370//4 1686//4 1371//4
f 1371//4 1686//4 1688//4
f 1371//4 1688//4 1374//4
f 1374//4 1688//4 1690//4
f 1374//4 1690//4 1664//4
f 1664//4 1690//4 999//4
f 1664//4 999//4 1737//4
f 1737//4 999//4 1733//4
f 1742//4 3//4 1743//4
f 1743//4 3//4 5//4
f 1744//4 956//4 1745//4
f 1745//4 956//4 1746//4
f 1744//4 1747//4 988//4
f 1742//4 1748//4 3//4
f 3//4 1748//4 1749//4
f 3//4 1749//4 956//4
f 956//4 1749//4 1750//4
f 956//4 1750//4 1746//4
f 1747//4 1751//4 988//4
f 988//4 1751//4 1752//4
f 988//4 1752//4 5//4
f 5//4 1752//4 1753//4
f 5//4 1753//4 1743//4
f 1744//4 988//4 956//4
f 956//4 988//4 1041//4
f 956//4 1041//4 1754//4
f 1754//4 1041//4 1712//4
f 1754//4 1712//4 1755//4
f 1755//4 1712//4 1724//4
f 1755//4 1724//4 1756//4
f 1756//4 1724//4 1038//4
f 1756//4 1038//4 1757//4
f 1757//4 1038//4 1025//4
f 1757//4 1025//4 1758//4
f 1759//4 1025//4 1760//4
f 1760//4 1025//4 1024//4
f 1760//4 1024//4 1761//4
f 1761//4 1024//4 1762//4
f 1759//4 1763//4 1025//4
f 1025//4 1763//4 1764//4
f 1025//4 1764//4 1758//4
f 1758//4 1764//4 1765//4
f 1766//4 1767//4 1768//4
f 1765//4 1769//4 1758//4
f 1758//4 1769//4 1770//4
f 1758//4 1770//4 1768//4
f 1768//4 1770//4 1771//4
f 1768//4 1771//4 1766//4
f 1021//4 1772//4 1725//4
f 1725//4 1772//4 1773//4
f 1725//4 1773//4 1726//4
f 1726//4 1773//4 1774//4
f 1726//4 1774//4 1028//4
f 1028//4 1774//4 1768//4
f 1028//4 1768//4 1024//4
f 1024//4 1768//4 1767//4
f 1024//4 1767//4 1762//4
f 1775//4 1776//4 1010//4
f 1777//4 1778//4 1021//4
f 1021//4 1778//4 1779//4
f 1021//4 1779//4 1772//4
f 1776//4 1780//4 1010//4
f 1010//4 1780//4 1781//4
f 1010//4 1781//4 1021//4
f 1021//4 1781//4 1782//4
f 1021//4 1782//4 1777//4
f 1783//4 1784//4 1785//4
f 1785//4 1784//4 1779//4
f 1785//4 1779//4 1786//4
f 1786//4 1779//4 1778//4
f 1783//4 1787//4 1784//4
f 1784//4 1787//4 1788//4
f 1784//4 1788//4 1775//4
f 1775//4 1010//4 1784//4
f 1784//4 1010//4 1008//4
f 1784//4 1008//4 1789//4
f 1789//4 1008//4 1727//4
f 1789//4 1727//4 1790//4
f 1790//4 1727//4 1728//4
f 1790//4 1728//4 1791//4
f 1791//4 1728//4 1729//4
f 1791//4 1729//4 1792//4
f 1792//4 1729//4 997//4
f 1792//4 997//4 1793//4
f 1793//4 997//4 1794//4
f 1793//4 1794//4 1795//4
f 1796//4 1004//4 1797//4
f 1797//4 1004//4 1798//4
f 1797//4 1798//4 1799//4
f 1799//4 1798//4 1800//4
f 1796//4 1801//4 1004//4
f 1004//4 1801//4 1802//4
f 1004//4 1802//4 997//4
f 997//4 1802//4 1803//4
f 997//4 1803//4 1794//4
f 1795//4 1804//4 1793//4
f 1793//4 1804//4 1805//4
f 1793//4 1805//4 1798//4
f 1798//4 1805//4 1806//4
f 1798//4 1806//4 1800//4
f 1006//4 1698//4 1004//4
f 1004//4 1698//4 1697//4
f 1004//4 1697//4 1798//4
f 1798//4 1697//4 1807//4
f 1329//4 1320//4 1327//4
f 1327//4 1320//4 60//4
f 1327//4 60//4 1692//4
f 1692//4 60//4 58//4
f 1692//4 58//4 1693//4
f 1693//4 58//4 56//4
f 1693//4 56//4 1694//4
f 1694//4 56//4 54//4
f 1694//4 54//4 1695//4
f 1695//4 54//4 52//4
f 1695//4 52//4 1696//4
f 1696//4 52//4 50//4
f 1696//4 50//4 1697//4
f 1697//4 50//4 48//4
f 1697//4 48//4 1807//4
f 1807//4 48//4 46//4
f 1//4 956//4 1808//4
f 1808//4 956//4 1754//4
f 1808//4 1754//4 1809//4
f 1809//4 1754//4 1755//4
f 1809//4 1755//4 1810//4
f 1810//4 1755//4 1756//4
f 1810//4 1756//4 1811//4
f 1811//4 1756//4 1757//4
f 1811//4 1757//4 1812//4
f 1812//4 1757//4 1758//4
f 1812//4 1758//4 1813//4
f 1813//4 1758//4 1768//4
f 1813//4 1768//4 1814//4
f 1814//4 1768//4 1774//4
f 1814//4 1774//4 1815//4
f 1815//4 1774//4 1773//4
f 1815//4 1773//4 1816//4
f 1816//4 1773//4 1772//4
f 1816//4 1772//4 1817//4
f 1817//4 1772//4 1779//4
f 1817//4 1779//4 1818//4
f 1818//4 1779//4 1784//4
f 1818//4 1784//4 1819//4
f 1819//4 1784//4 1789//4
f 1819//4 1789//4 1820//4
f 1820//4 1789//4 1790//4
f 1820//4 1790//4 1821//4
f 1821//4 1790//4 1791//4
f 1821//4 1791//4 1822//4
f 1822//4 1791//4 1792//4
f 1822//4 1792//4 1823//4
f 1823//4 1792//4 1793//4
f 1823//4 1793//4 1824//4
f 1824//4 1793//4 1798//4
f 1824//4 1798//4 1825//4
f 1825//4 1798//4 1807//4
f 1825//4 1807//4 1826//4
f 1826//4 1807//4 46//4
f 1826//4 46//4 44//4
f 1716//5 1827//5 1717//5
f 1717//5 1827//5 1828//5
f 1717//6 1828//6 1703//6
f 1703//6 1828//6 1829//6
f 1703//7 1829//7 1699//7
f 1699//7 1829//7 1830//7
f 1699//8 1830//8 1700//8
f 1700//8 1830//8 1831//8
f 1700//9 1831//9 1701//9
f 1701//9 1831//9 1832//9
f 1701//10 1832//10 1702//10
f 1702//10 1832//10 1833//10
f 1702//11 1833//11 1710//11
f 1710//11 1833//11 1834//11
f 1710//12 1834//12 1711//12
f 1711//12 1834//12 1835//12
f 1711//13 1835//13 1713//13
f 1713//13 1835//13 1836//13
f 1713//14 1836//14 1714//14
f 1714//14 1836//14 1837//14
f 1714//15 1837//15 1715//15
f 1715//15 1837//15 1838//15
f 1715//16 1838//16 1716//16
f 1716//16 1838//16 1827//16
f 1507//17 1839//17 1508//17
f 1508//17 1839//17 1840//17
f 1508//6 1840//6 1500//6
f 1500//6 1840//6 1841//6
f 1500//18 1841//18 1495//18
f 1495//18 1841//18 1842//18
f 1495//19 1842//19 1496//19
f 1496//19 1842//19 1843//19
f 1496//9 1843//9 1501//9
f 1501//9 1843//9 1844//9
f 1501//20 1844//20 1502//20
f 1502//20 1844//20 1845//20
f 1502//21 1845//21 1504//21
f 1504//21 1845//21 1846//21
f 1504//12 1846//12 1505//12
f 1505//12 1846//12 1847//12
f 1505//22 1847//22 1497//22
f 1497//22 1847//22 1848//22
f 1497//23 1848//23 1498//23
f 1498//23 1848//23 1849//23
f 1498//15 1849//15 1506//15
f 1506//15 1849//15 1850//15
f 1506//24 1850//24 1507//24
f 1507//24 1850//24 1839//24
f 1476//17 1851//17 1478//17
f 1478//17 1851//17 1852//17
f 1478//6 1852//6 1479//6
f 1479//6 1852//6 1853//6
f 1479//7 1853//7 1480//7
f 1480//7 1853//7 1854//7
f 1480//8 1854//8 1484//8
f 1484//8 1854//8 1855//8
f 1484//9 1855//9 1485//9
f 1485//9 1855//9 1856//9
f 1485//20 1856//20 1487//20
f 1487//20 1856//20 1857//20
f 1487//21 1857//21 1488//21
f 1488//21 1857//21 1858//21
f 1488//12 1858//12 1474//12
f 1474//12 1858//12 1859//12
f 1474//13 1859//13 1473//13
f 1473//13 1859//13 1860//13
f 1473//14 1860//14 1471//14
f 1471//14 1860//14 1861//14
f 1471//15 1861//15 1475//15
f 1475//15 1861//15 1862//15
f 1475//24 1862//24 1476//24
f 1476//24 1862//24 1851//24
f 1736//5 1863//5 1732//5
f 1732//5 1863//5 1864//5
f 1732//6 1864//6 1733//6
f 1733//6 1864//6 1865//6
f 1733//18 1865//18 1737//18
f 1737//18 1865//18 1866//18
f 1737//19 1866//19 1738//19
f 1738//19 1866//19 1867//19
f 1738//9 1867//9 1739//9
f 1739//9 1867//9 1868//9
f 1739//10 1868//10 1740//10
f 1740//10 1868//10 1869//10
f 1740//11 1869//11 1741//11
f 1741//11 1869//11 1870//11
f 1741//12 1870//12 1730//12
f 1730//12 1870//12 1871//12
f 1730//22 1871//22 1731//22
f 1731//22 1871//22 1872//22
f 1731//23 1872//23 1734//23
f 1734//23 1872//23 1873//23
f 1734//15 1873//15 1735//15
f 1735//15 1873//15 1874//15
f 1735//16 1874//16 1736//16
f 1736//16 1874//16 1863//16
f 1869//3 1875//3 1870//3
f 1870//3 1875//3 1876//3
f 1870//3 1876//3 1871//3
f 1871//3 1876//3 1877//3
f 1871//3 1877//3 1872//3
f 1872//3 1877//3 1878//3
f 1872//3 1878//3 1873//3
f 1873//3 1878//3 1879//3
f 1873//3 1879//3 1874//3
f 1874//3 1879//3 1880//3
f 1874//3 1880//3 1863//3
f 1863//3 1880//3 1881//3
f 1863//3 1881//3 1864//3
f 1864//3 1881//3 1882//3
f 1864//3 1882//3 1865//3
f 1865//3 1882//3 1883//3
f 1865//3 1883//3 1866//3
f 1866//3 1883//3 1884//3
f 1866//3 1884//3 1867//3
f 1867//3 1884//3 1885//3
f 1867//3 1885//3 1868//3
f 1868//3 1885//3 1886//3
f 1868//3 1886//3 1869//3
f 1869//3 1886//3 1875//3
f 1881//25 631//25 1882//25
f 1882//25 631//25 630//25
f 1882//6 630//6 1883//6
f 1883//6 630//6 629//6
f 1883//18 629//18 1884//18
f 1884//18 629//18 627//18
f 1884//26 627//26 1885//26
f 1885//26 627//26 626//26
f 1885//9 626//9 1886//9
f 1886//9 626//9 638//9
f 1886//27 638//27 1875//27
f 1875//27 638//27 637//27
f 1875//11 637//11 1876//11
f 1876//11 637//11 636//11
f 1876//12 636//12 1877//12
f 1877//12 636//12 635//12
f 1877//28 635//28 1878//28
f 1878//28 635//28 634//28
f 1878//23 634//23 1879//23
f 1879//23 634//23 633//23
f 1879//15 633//15 1880//15
f 1880//15 633//15 632//15
f 1880//16 632//16 1881//16
f 1881//16 632//16 631//16
f 1840//3 1887//3 1841//3
f 1841//3 1887//3 1888//3
f 1841//3 1888//3 1842//3
f 1842//3 1888//3 1889//3
f 1842//3 1889//3 1843//3
f 1843//3 1889//3 1890//3
f 1843//3 1890//3 1844//3
f 1844//3 1890//3 1891//3
f 1844//3 1891//3 1845//3
f 1845//3 1891//3 1892//3
f 1845//3 1892//3 1846//3
f 1846//3 1892//3 1893//3
f 1846//3 1893//3 1847//3
f 1847//3 1893//3 1894//3
f 1847//3 1894//3 1848//3
f 1848//3 1894//3 1895//3
f 1848//3 1895//3 1849//3
f 1849//3 1895//3 1896//3
f 1849//3 1896//3 1850//3
f 1850//3 1896//3 1897//3
f 1850//3 1897//3 1839//3
f 1839//3 1897//3 1898//3
f 1839//3 1898//3 1840//3
f 1840//3 1898//3 1887//3
f 1898//17 842//17 1887//17
f 1887//17 842//17 841//17
f 1887//6 841//6 1888//6
f 1888//6 841//6 849//6
f 1888//18 849//18 1889//18
f 1889//18 849//18 848//18
f 1889//26 848//26 1890//26
f 1890//26 848//26 847//26
f 1890//9 847//9 1891//9
f 1891//9 847//9 846//9
f 1891//20 846//20 1892//20
f 1892//20 846//20 845//20
f 1892//29 845//29 1893//29
f 1893//29 845//29 844//29
f 1893//12 844//12 1894//12
f 1894//12 844//12 843//12
f 1894//28 843//28 1895//28
f 1895//28 843//28 840//28
f 1895//23 840//23 1896//23
f 1896//23 840//23 838//23
f 1896//15 838//15 1897//15
f 1897//15 838//15 837//15
f 1897//30 837//30 1898//30
f 1898//30 837//30 842//30
f 1857//3 1899//3 1858//3
f 1858//3 1899//3 1900//3
f 1858//3 1900//3 1859//3
f 1859//3 1900//3 1901//3
f 1859//3 1901//3 1860//3
f 1860//3 1901//3 1902//3
f 1860//3 1902//3 1861//3
f 1861//3 1902//3 1903//3
f 1861//3 1903//3 1862//3
f 1862//3 1903//3 1904//3
f 1862//3 1904//3 1851//3
f 1851//3 1904//3 1905//3
f 1851//3 1905//3 1852//3
f 1852//3 1905//3 1906//3
f 1852//3 1906//3 1853//3
f 1853//3 1906//3 1907//3
f 1853//3 1907//3 1854//3
f 1854//3 1907//3 1908//3
f 1854//3 1908//3 1855//3
f 1855//3 1908//3 1909//3
f 1855//3 1909//3 1856//3
f 1856//3 1909//3 1910//3
f 1856//3 1910//3 1857//3
f 1857//3 1910//3 1899//3
f 1905//17 786//17 1906//17
f 1906//17 786//17 790//17
f 1906//6 790//6 1907//6
f 1907//6 790//6 789//6
f 1907//31 789//31 1908//31
f 1908//31 789//31 792//31
f 1908//8 792//8 1909//8
f 1909//8 792//8 788//8
f 1909//9 788//9 1910//9
f 1910//9 788//9 787//9
f 1910//20 787//20 1899//20
f 1899//20 787//20 797//20
f 1899//29 797//29 1900//29
f 1900//29 797//29 796//29
f 1900//12 796//12 1901//12
f 1901//12 796//12 794//12
f 1901//13 794//13 1902//13
f 1902//13 794//13 793//13
f 1902//32 793//32 1903//32
f 1903//32 793//32 783//32
f 1903//15 783//15 1904//15
f 1904//15 783//15 785//15
f 1904//30 785//30 1905//30
f 1905//30 785//30 786//30
f 1828//3 1911//3 1829//3
f 1829//3 1911//3 1912//3
f 1829//3 1912//3 1830//3
f 1830//3 1912//3 1913//3
f 1830//3 1913//3 1831//3
f 1831//3 1913//3 1914//3
f 1831//3 1914//3 1832//3
f 1832//3 1914//3 1915//3
f 1832//3 1915//3 1833//3
f 1833//3 1915//3 1916//3
f 1833//3 1916//3 1834//3
f 1834//3 1916//3 1917//3
f 1834//3 1917//3 1835//3
f 1835//3 1917//3 1918//3
f 1835//3 1918//3 1836//3
f 1836//3 1918//3 1919//3
f 1836//3 1919//3 1837//3
f 1837//3 1919//3 1920//3
f 1837//3 1920//3 1838//3
f 1838//3 1920//3 1921//3
f 1838//3 1921//3 1827//3
f 1827//3 1921//3 1922//3
f 1827//3 1922//3 1828//3
f 1828//3 1922//3 1911//3
f 1922//25 616//25 1911//25
f 1911//25 616//25 614//25
f 1911//6 614//6 1912//6
f 1912//6 614//6 613//6
f 1912//31 613//31 1913//31
f 1913//31 613//31 620//31
f 1913//8 620//8 1914//8
f 1914//8 620//8 619//8
f 1914//9 619//9 1915//9
f 1915//9 619//9 624//9
f 1915//27 624//27 1916//27
f 1916//27 624//27 623//27
f 1916//11 623//11 1917//11
f 1917//11 623//11 622//11
f 1917//12 622//12 1918//12
f 1918//12 622//12 621//12
f 1918//13 621//13 1919//13
f 1919//13 621//13 612//13
f 1919//32 612//32 1920//32
f 1920//32 612//32 611//32
f 1920//15 611//15 1921//15
f 1921//15 611//15 617//15
f 1921//16 617//16 1922//16
f 1922//16 617//16 616//16
f 2//33 1//33 533//33
f 533//33 1//33 1808//33
f 533//33 1808//33 100//33
f 100//33 1808//33 1809//33
f 100//33 1809//33 101//33
f 101//33 1809//33 1810//33
f 101//33 1810//33 697//33
f 697//33 1810//33 1811//33
f 697//33 1811//33 564//33
f 564//33 1811//33 1812//33
f 564//33 1812//33 537//33
f 537//33 1812//33 1813//33
f 537//33 1813//33 535//33
f 535//33 1813//33 1814//33
f 535//33 1814//33 578//33
f 578//33 1814//33 1815//33
f 578//33 1815//33 543//33
f 543//33 1815//33 1816//33
f 543//33 1816//33 542//33
f 542//33 1816//33 1817//33
f 542//33 1817//33 541//33
f 541//33 1817//33 1818//33
f 541//33 1818//33 539//33
f 539//33 1818//33 1819//33
f 539//33 1819//33 594//33
f 594//33 1819//33 1820//33
f 594//33 1820//33 647//33
f 647//33 1820//33 1821//33
f 647//33 1821//33 648//33
f 648//33 1821//33 1822//33
f 648//33 1822//33 548//33
f 548//33 1822//33 1823//33
f 548//33 1823//33 546//33
f 546//33 1823//33 1824//33
f 546//33 1824//33 544//33
f 544//33 1824//33 1825//33
f 544//33 1825//33 609//33
f 609//33 1825//33 1826//33
f 609//33 1826//33 43//33
f 43//33 1826//33 44//33
f 83//34 84//34 955//34
f 955//34 84//34 1467//34
f 955//34 1467//34 944//34
f 944//34 1467//34 1459//34
f 944//34 1459//34 936//34
f 936//34 1459//34 962//34
f 936//34 962//34 935//34
f 935//34 962//34 961//34
f 935//34 961//34 930//34
f 930//34 961//34 1510//34
f 930//34 1510//34 929//34
f 929//34 1510//34 1509//34
f 929//34 1509//34 928//34
f 928//34 1509//34 1452//34
f 928//34 1452//34 913//34
f 913//34 1452//34 1443//34
f 913//34 1443//34 918//34
f 918//34 1443//34 965//34
f 918//34 965//34 927//34
f 927//34 965//34 1490//34
f 927//34 1490//34 926//34
f 926//34 1490//34 1489//34
f 926//34 1489//34 925//34
f 925//34 1489//34 1440//34
f 925//34 1440//34 895//34
f 895//34 1440//34 1429//34
f 895//34 1429//34 904//34
f 904//34 1429//34 968//34
f 904//34 968//34 910//34
f 910//34 968//34 967//34
f 910//34 967//34 909//34
f 909//34 967//34 1557//34
f 909//34 1557//34 908//34
f 908//34 1557//34 1483//34
f 908//34 1483//34 907//34
f 907//34 1483//34 1424//34
f 907//34 1424//34 886//34
f 886//34 1424//34 1416//34
f 886//34 1416//34 42//34
f 42//34 1416//34 41//34
f 1775//35 584//35 1776//35
f 1776//35 584//35 583//35
f 1776//36 583//36 1780//36
f 1780//36 583//36 582//36
f 1780//37 582//37 1781//37
f 1781//37 582//37 581//37
f 1781//38 581//38 1782//38
f 1782//38 581//38 586//38
f 1782//39 586//39 1777//39
f 1777//39 586//39 592//39
f 1777//40 592//40 1778//40
f 1778//40 592//40 591//40
f 1778//11 591//11 1786//11
f 1786//11 591//11 590//11
f 1786//41 590//41 1785//41
f 1785//41 590//41 589//41
f 1785//42 589//42 1783//42
f 1783//42 589//42 588//42
f 1783//43 588//43 1787//43
f 1787//43 588//43 587//43
f 1787//44 587//44 1788//44
f 1788//44 587//44 585//44
f 1788//45 585//45 1775//45
f 1775//45 585//45 584//45
f 992//46 142//46 993//46
f 993//46 142//46 150//46
f 993//47 150//47 995//47
f 995//47 150//47 152//47
f 995//48 152//48 1001//48
f 1001//48 152//48 153//48
f 1001//49 153//49 1000//49
f 1000//49 153//49 156//49
f 1000//9 156//9 998//9
f 998//9 156//9 155//9
f 998//50 155//50 996//50
f 996//50 155//50 148//50
f 996//51 148//51 1002//51
f 1002//51 148//51 147//51
f 1002//52 147//52 1003//52
f 1003//52 147//52 159//52
f 1003//53 159//53 1005//53
f 1005//53 159//53 158//53
f 1005//54 158//54 1006//54
f 1006//54 158//54 157//54
f 1006//55 157//55 1698//55
f 1698//55 157//55 143//55
f 1698//56 143//56 992//56
f 992//56 143//56 142//56
f 1007//46 161//46 1012//46
f 1012//46 161//46 167//46
f 1012//57 167//57 1013//57
f 1013//57 167//57 168//57
f 1013//58 168//58 1015//58
f 1015//58 168//58 169//58
f 1015//59 169//59 1017//59
f 1017//59 169//59 170//59
f 1017//60 170//60 1018//60
f 1018//60 170//60 171//60
f 1018//50 171//50 1019//50
f 1019//50 171//50 174//50
f 1019//51 174//51 1020//51
f 1020//51 174//51 173//51
f 1020//61 173//61 1022//61
f 1022//61 173//61 172//61
f 1022//62 172//62 1023//62
f 1023//62 172//62 164//62
f 1023//63 164//63 1011//63
f 1011//63 164//63 166//63
f 1011//64 166//64 1009//64
f 1009//64 166//64 163//64
f 1009//56 163//56 1007//56
f 1007//56 163//56 161//56
f 1027//46 176//46 989//46
f 989//46 176//46 182//46
f 989//65 182//65 1031//65
f 1031//65 182//65 184//65
f 1031//58 184//58 1032//58
f 1032//58 184//58 185//58
f 1032//59 185//59 1034//59
f 1034//59 185//59 181//59
f 1034//66 181//66 1035//66
f 1035//66 181//66 180//66
f 1035//50 180//50 1037//50
f 1037//50 180//50 186//50
f 1037//51 186//51 1039//51
f 1039//51 186//51 140//51
f 1039//67 140//67 1040//67
f 1040//67 140//67 139//67
f 1040//62 139//62 1026//62
f 1026//62 139//62 191//62
f 1026//63 191//63 1030//63
f 1030//63 191//63 190//63
f 1030//68 190//68 1029//68
f 1029//68 190//68 178//68
f 1029//56 178//56 1027//56
f 1027//56 178//56 176//56
f 1744//69 554//69 1747//69
f 1747//69 554//69 553//69
f 1747//70 553//70 1751//70
f 1751//70 553//70 552//70
f 1751//71 552//71 1752//71
f 1752//71 552//71 558//71
f 1752//38 558//38 1753//38
f 1753//38 558//38 557//38
f 1753//72 557//72 1743//72
f 1743//72 557//72 556//72
f 1743//73 556//73 1742//73
f 1742//73 556//73 551//73
f 1742//74 551//74 1748//74
f 1748//74 551//74 550//74
f 1748//12 550//12 1749//12
f 1749//12 550//12 561//12
f 1749//42 561//42 1750//42
f 1750//42 561//42 560//42
f 1750//75 560//75 1746//75
f 1746//75 560//75 559//75
f 1746//15 559//15 1745//15
f 1745//15 559//15 555//15
f 1745//76 555//76 1744//76
f 1744//76 555//76 554//76
f 1767//77 569//77 1762//77
f 1762//77 569//77 568//77
f 1762//36 568//36 1761//36
f 1761//36 568//36 567//36
f 1761//71 567//71 1760//71
f 1760//71 567//71 566//71
f 1760//78 566//78 1759//78
f 1759//78 566//78 565//78
f 1759//39 565//39 1763//39
f 1763//39 565//39 576//39
f 1763//79 576//79 1764//79
f 1764//79 576//79 575//79
f 1764//80 575//80 1765//80
f 1765//80 575//80 574//80
f 1765//41 574//41 1769//41
f 1769//41 574//41 573//41
f 1769//81 573//81 1770//81
f 1770//81 573//81 572//81
f 1770//75 572//75 1771//75
f 1771//75 572//75 571//75
f 1771//44 571//44 1766//44
f 1766//44 571//44 570//44
f 1766//16 570//16 1767//16
f 1767//16 570//16 569//16
f 1797//69 597//69 1796//69
f 1796//69 597//69 596//69
f 1796//70 596//70 1801//70
f 1801//70 596//70 595//70
f 1801//71 595//71 1802//71
f 1802//71 595//71 607//71
f 1802//38 607//38 1803//38
f 1803//38 607//38 606//38
f 1803//72 606//72 1794//72
f 1794//72 606//72 605//72
f 1794//73 605//73 1795//73
f 1795//73 605//73 600//73
f 1795//74 600//74 1804//74
f 1804//74 600//74 599//74
f 1804//12 599//12 1805//12
f 1805//12 599//12 604//12
f 1805//42 604//42 1806//42
f 1806//42 604//42 603//42
f 1806//75 603//75 1800//75
f 1800//75 603//75 602//75
f 1800//15 602//15 1799//15
f 1799//15 602//15 598//15
f 1799//76 598//76 1797//76
f 1797//76 598//76 597//76
f 1646//46 200//46 1043//46
f 1043//46 200//46 198//46
f 1043//6 198//6 1044//6
f 1044//6 198//6 197//6
f 1044//82 197//82 1048//82
f 1048//82 197//82 193//82
f 1048//83 193//83 1047//83
f 1047//83 193//83 192//83
f 1047//84 192//84 1046//84
f 1046//84 192//84 202//84
f 1046//50 202//50 1045//50
f 1045//50 202//50 196//50
f 1045//51 196//51 1049//51
f 1049//51 196//51 195//51
f 1049//85 195//85 1050//85
f 1050//85 195//85 206//85
f 1050//86 206//86 1051//86
f 1051//86 206//86 205//86
f 1051//87 205//87 986//87
f 986//87 205//87 203//87
f 986//88 203//88 987//88
f 987//88 203//88 201//88
f 987//56 201//56 1646//56
f 1646//56 201//56 200//56
f 1450//89 914//89 1451//89
f 1451//89 914//89 912//89
f 1451//90 912//90 1441//90
f 1441//90 912//90 911//90
f 1441//91 911//91 1442//91
f 1442//91 911//91 920//91
f 1442//92 920//92 1444//92
f 1444//92 920//92 919//92
f 1444//93 919//93 963//93
f 963//93 919//93 917//93
f 963//20 917//20 964//20
f 964//20 917//20 916//20
f 964//94 916//94 1445//94
f 1445//94 916//94 924//94
f 1445//95 924//95 1446//95
f 1446//95 924//95 923//95
f 1446//96 923//96 1447//96
f 1447//96 923//96 922//96
f 1447//97 922//97 1448//97
f 1448//97 922//97 921//97
f 1448//98 921//98 1449//98
f 1449//98 921//98 915//98
f 1449//99 915//99 1450//99
f 1450//99 915//99 914//99
f 1052//100 208//100 1053//100
f 1053//100 208//100 137//100
f 1053//101 137//101 1062//101
f 1062//101 137//101 136//101
f 1062//102 136//102 1063//102
f 1063//102 136//102 219//102
f 1063//103 219//103 1065//103
f 1065//103 219//103 218//103
f 1065//104 218//104 1066//104
f 1066//104 218//104 217//104
f 1066//105 217//105 1059//105
f 1059//105 217//105 214//105
f 1059//106 214//106 1060//106
f 1060//106 214//106 215//106
f 1060//12 215//12 1055//12
f 1055//12 215//12 216//12
f 1055//107 216//107 1056//107
f 1056//107 216//107 213//107
f 1056//108 213//108 1058//108
f 1058//108 213//108 212//108
f 1058//109 212//109 1470//109
f 1470//109 212//109 210//109
f 1470//110 210//110 1052//110
f 1052//110 210//110 208//110
f 1067//100 833//100 1075//100
f 1075//100 833//100 226//100
f 1075//111 226//111 1076//111
f 1076//111 226//111 224//111
f 1076//112 224//112 1078//112
f 1078//112 224//112 223//112
f 1078//113 223//113 1080//113
f 1080//113 223//113 228//113
f 1080//114 228//114 1084//114
f 1084//114 228//114 230//114
f 1084//105 230//105 1083//105
f 1083//105 230//105 235//105
f 1083//106 235//106 1081//106
f 1081//106 235//106 234//106
f 1081//115 234//115 1071//115
f 1071//115 234//115 232//115
f 1071//116 232//116 1072//116
f 1072//116 232//116 231//116
f 1072//117 231//117 1074//117
f 1074//117 231//117 222//117
f 1074//118 222//118 1070//118
f 1070//118 222//118 221//118
f 1070//110 221//110 1067//110
f 1067//110 221//110 833//110
f 1085//100 820//100 1103//100
f 1103//100 820//100 239//100
f 1103//119 239//119 1101//119
f 1101//119 239//119 237//119
f 1101//112 237//112 1100//112
f 1100//112 237//112 236//112
f 1100//113 236//113 1099//113
f 1099//113 236//113 241//113
f 1099//120 241//120 1097//120
f 1097//120 241//120 243//120
f 1097//105 243//105 1096//105
f 1096//105 243//105 245//105
f 1096//106 245//106 1090//106
f 1090//106 245//106 806//106
f 1090//121 806//121 1091//121
f 1091//121 806//121 249//121
f 1091//116 249//116 1092//116
f 1092//116 249//116 247//116
f 1092//117 247//117 1093//117
f 1093//117 247//117 246//117
f 1093//122 246//122 1088//122
f 1088//122 246//122 812//122
f 1088//110 812//110 1085//110
f 1085//110 812//110 820//110
f 1415//123 880//123 1417//123
f 1417//123 880//123 885//123
f 1417//6 885//6 1421//6
f 1421//6 885//6 884//6
f 1421//124 884//124 1422//124
f 1422//124 884//124 887//124
f 1422//92 887//92 1423//92
f 1423//92 887//92 883//92
f 1423//9 883//9 969//9
f 969//9 883//9 882//9
f 969//125 882//125 970//125
f 970//125 882//125 889//125
f 970//126 889//126 1418//126
f 1418//126 889//126 888//126
f 1418//127 888//127 1419//127
f 1419//127 888//127 892//127
f 1419//96 892//96 1420//96
f 1420//96 892//96 891//96
f 1420//128 891//128 1413//128
f 1413//128 891//128 890//128
f 1413//129 890//129 1414//129
f 1414//129 890//129 881//129
f 1414//130 881//130 1415//130
f 1415//130 881//130 880//130
f 1438//17 898//17 1439//17
f 1439//17 898//17 894//17
f 1439//90 894//90 1427//90
f 1427//90 894//90 893//90
f 1427//124 893//124 1428//124
f 1428//124 893//124 906//124
f 1428//131 906//131 1432//131
f 1432//131 906//131 905//131
f 1432//93 905//93 1433//93
f 1433//93 905//93 903//93
f 1433//132 903//132 1430//132
f 1430//132 903//132 902//132
f 1430//133 902//133 1431//133
f 1431//133 902//133 897//133
f 1431//95 897//95 1434//95
f 1434//95 897//95 896//95
f 1434//134 896//134 1435//134
f 1435//134 896//134 901//134
f 1435//128 901//128 1436//128
f 1436//128 901//128 900//128
f 1436//98 900//98 1437//98
f 1437//98 900//98 899//98
f 1437//135 899//135 1438//135
f 1438//135 899//135 898//135
f 1458//123 945//123 1460//123
f 1460//123 945//123 943//123
f 1460//6 943//6 1461//6
f 1461//6 943//6 942//6
f 1461//124 942//124 1462//124
f 1462//124 942//124 954//124
f 1462//92 954//92 1463//92
f 1463//92 954//92 953//92
f 1463//9 953//9 1453//9
f 1453//9 953//9 952//9
f 1453//125 952//125 1454//125
f 1454//125 952//125 948//125
f 1454//126 948//126 1464//126
f 1464//126 948//126 947//126
f 1464//127 947//127 1465//127
f 1465//127 947//127 951//127
f 1465//96 951//96 1466//96
f 1466//96 951//96 950//96
f 1466//128 950//128 1456//128
f 1456//128 950//128 949//128
f 1456//129 949//129 1457//129
f 1457//129 949//129 946//129
f 1457//130 946//130 1458//130
f 1458//130 946//130 945//130
f 1426//100 250//100 1112//100
f 1112//100 250//100 252//100
f 1112//136 252//136 1113//136
f 1113//136 252//136 254//136
f 1113//137 254//137 1115//137
f 1115//137 254//137 264//137
f 1115//138 264//138 1116//138
f 1116//138 264//138 263//138
f 1116//139 263//139 1111//139
f 1111//139 263//139 262//139
f 1111//105 262//105 1110//105
f 1110//105 262//105 259//105
f 1110//106 259//106 1109//106
f 1109//106 259//106 260//106
f 1109//140 260//140 1104//140
f 1104//140 260//140 261//140
f 1104//141 261//141 1105//141
f 1105//141 261//141 255//141
f 1105//142 255//142 1107//142
f 1107//142 255//142 257//142
f 1107//15 257//15 1108//15
f 1108//15 257//15 258//15
f 1108//110 258//110 1426//110
f 1426//110 258//110 250//110
f 1118//143 1923//143 1117//143
f 1117//143 1923//143 131//143
f 1117//144 131//144 1241//144
f 1241//144 131//144 130//144
f 1241//145 130//145 1236//145
f 1236//145 130//145 278//145
f 1236//146 278//146 1229//146
f 1229//146 278//146 276//146
f 1229//147 276//147 982//147
f 982//147 276//147 275//147
f 982//148 275//148 980//148
f 980//148 275//148 300//148
f 980//149 300//149 1212//149
f 1212//149 300//149 304//149
f 1212//33 304//33 1191//33
f 1191//33 304//33 306//33
f 1191//150 306//150 1201//150
f 1201//150 306//150 311//150
f 1201//151 311//151 1187//151
f 1187//151 311//151 309//151
f 1187//152 309//152 1185//152
f 1185//152 309//152 127//152
f 1185//153 127//153 1183//153
f 1183//153 127//153 129//153
f 1183//154 129//154 1540//154
f 1540//154 129//154 325//154
f 1540//155 325//155 1541//155
f 1541//155 325//155 329//155
f 1541//156 329//156 1176//156
f 1176//156 329//156 327//156
f 1176//157 327//157 1317//157
f 1317//157 327//157 330//157
f 1317//158 330//158 1164//158
f 1164//158 330//158 347//158
f 1164//159 347//159 1165//159
f 1165//159 347//159 346//159
f 1165//160 346//160 1617//160
f 1617//160 346//160 121//160
f 1617//161 121//161 983//161
f 983//161 121//161 123//161
f 983//162 123//162 984//162
f 984//162 123//162 353//162
f 984//163 353//163 1162//163
f 1162//163 353//163 355//163
f 1162//164 355//164 1155//164
f 1155//164 355//164 356//164
f 1155//165 356//165 1153//165
f 1153//165 356//165 359//165
f 1153//34 359//34 1148//34
f 1148//34 359//34 361//34
f 1148//166 361//166 1145//166
f 1145//166 361//166 363//166
f 1145//167 363//167 1144//167
f 1144//167 363//167 372//167
f 1144//168 372//168 1136//168
f 1136//168 372//168 371//168
f 1136//169 371//169 1127//169
f 1127//169 371//169 378//169
f 1127//170 378//170 1128//170
f 1128//170 378//170 383//170
f 1128//171 383//171 1119//171
f 1119//171 383//171 134//171
f 1119//172 134//172 1118//172
f 1118//172 134//172 1923//172
f 1138//89 118//89 1140//89
f 1140//89 118//89 370//89
f 1140//173 370//173 1141//173
f 1141//173 370//173 368//173
f 1141//174 368//174 1146//174
f 1146//174 368//174 367//174
f 1146//175 367//175 1147//175
f 1147//175 367//175 362//175
f 1147//176 362//176 1149//176
f 1149//176 362//176 364//176
f 1149//132 364//132 1242//132
f 1242//132 364//132 365//132
f 1242//80 365//80 1243//80
f 1243//80 365//80 366//80
f 1243//12 366//12 1245//12
f 1245//12 366//12 389//12
f 1245//177 389//177 1246//177
f 1246//177 389//177 391//177
f 1246//178 391//178 1248//178
f 1248//178 391//178 650//178
f 1248//15 650//15 1249//15
f 1249//15 650//15 119//15
f 1249//45 119//45 1138//45
f 1138//45 119//45 118//45
f 1254//89 398//89 1256//89
f 1256//89 398//89 397//89
f 1256//6 397//6 1257//6
f 1257//6 397//6 392//6
f 1257//179 392//179 1120//179
f 1120//179 392//179 394//179
f 1120//180 394//180 1121//180
f 1121//180 394//180 395//180
f 1121//181 395//181 1122//181
f 1122//181 395//181 396//181
f 1122//182 396//182 1123//182
f 1123//182 396//182 388//182
f 1123//183 388//183 1125//183
f 1125//183 388//183 387//183
f 1125//184 387//184 1603//184
f 1603//184 387//184 385//184
f 1603//177 385//177 1250//177
f 1250//177 385//177 384//177
f 1250//178 384//178 1251//178
f 1251//178 384//178 704//178
f 1251//15 704//15 1253//15
f 1253//15 704//15 400//15
f 1253//45 400//45 1254//45
f 1254//45 400//45 398//45
f 1600//185 1924//185 1601//185
f 1601//185 1924//185 738//185
f 1601//186 738//186 1595//186
f 1595//186 738//186 734//186
f 1595//187 734//187 1596//187
f 1596//187 734//187 733//187
f 1596//188 733//188 1597//188
f 1597//188 733//188 731//188
f 1597//189 731//189 1598//189
f 1598//189 731//189 730//189
f 1598//190 730//190 1588//190
f 1588//190 730//190 737//190
f 1588//191 737//191 1587//191
f 1587//191 737//191 736//191
f 1587//192 736//192 1586//192
f 1586//192 736//192 735//192
f 1586//193 735//193 1589//193
f 1589//193 735//193 729//193
f 1589//194 729//194 1590//194
f 1590//194 729//194 728//194
f 1590//195 728//195 1599//195
f 1599//195 728//195 740//195
f 1599//196 740//196 1600//196
f 1600//196 740//196 1924//196
f 1263//89 404//89 1262//89
f 1262//89 404//89 402//89
f 1262//6 402//6 1260//6
f 1260//6 402//6 401//6
f 1260//179 401//179 1258//179
f 1258//179 401//179 760//179
f 1258//180 760//180 1237//180
f 1237//180 760//180 268//180
f 1237//181 268//181 1238//181
f 1238//181 268//181 266//181
f 1238//182 266//182 1240//182
f 1240//182 266//182 265//182
f 1240//183 265//183 1265//183
f 1265//183 265//183 271//183
f 1265//184 271//184 1266//184
f 1266//184 271//184 270//184
f 1266//177 270//177 1267//177
f 1267//177 270//177 408//177
f 1267//178 408//178 1268//178
f 1268//178 408//178 407//178
f 1268//15 407//15 1264//15
f 1264//15 407//15 406//15
f 1264//45 406//45 1263//45
f 1263//45 406//45 404//45
f 1215//89 297//89 1205//89
f 1205//89 297//89 296//89
f 1205//6 296//6 1206//6
f 1206//6 296//6 294//6
f 1206//179 294//179 1208//179
f 1208//179 294//179 293//179
f 1208//180 293//180 1209//180
f 1209//180 293//180 291//180
f 1209//9 291//9 1211//9
f 1211//9 291//9 290//9
f 1211//132 290//132 1213//132
f 1213//132 290//132 301//132
f 1213//80 301//80 1214//80
f 1214//80 301//80 305//80
f 1214//197 305//197 1217//197
f 1217//197 305//197 303//197
f 1217//198 303//198 1218//198
f 1218//198 303//198 302//198
f 1218//199 302//199 1219//199
f 1219//199 302//199 299//199
f 1219//200 299//200 1216//200
f 1216//200 299//200 298//200
f 1216//45 298//45 1215//45
f 1215//45 298//45 297//45
f 1274//201 832//201 1276//201
f 1276//201 832//201 419//201
f 1276//202 419//202 1277//202
f 1277//202 419//202 421//202
f 1277//203 421//203 1278//203
f 1278//203 421//203 422//203
f 1278//204 422//204 1279//204
f 1279//204 422//204 418//204
f 1279//205 418//205 1281//205
f 1281//205 418//205 417//205
f 1281//206 417//206 1283//206
f 1283//206 417//206 415//206
f 1283//207 415//207 1284//207
f 1284//207 415//207 413//207
f 1284//208 413//208 1270//208
f 1270//208 413//208 412//208
f 1270//209 412//209 1269//209
f 1269//209 412//209 411//209
f 1269//210 411//210 1271//210
f 1271//210 411//210 410//210
f 1271//211 410//211 1272//211
f 1272//211 410//211 409//211
f 1272//212 409//212 1274//212
f 1274//212 409//212 832//212
f 1192//89 307//89 1194//89
f 1194//89 307//89 323//89
f 1194//6 323//6 1195//6
f 1195//6 323//6 321//6
f 1195//179 321//179 1189//179
f 1189//179 321//179 320//179
f 1189//180 320//180 1190//180
f 1190//180 320//180 319//180
f 1190//9 319//9 1196//9
f 1196//9 319//9 318//9
f 1196//132 318//132 1197//132
f 1197//132 318//132 316//132
f 1197//80 316//80 1199//80
f 1199//80 316//80 315//80
f 1199//197 315//197 1200//197
f 1200//197 315//197 314//197
f 1200//198 314//198 1202//198
f 1202//198 314//198 312//198
f 1202//199 312//199 1203//199
f 1203//199 312//199 313//199
f 1203//200 313//200 1204//200
f 1204//200 313//200 308//200
f 1204//45 308//45 1192//45
f 1192//45 308//45 307//45
f 1180//213 339//213 1182//213
f 1182//213 339//213 338//213
f 1182//214 338//214 1172//214
f 1172//214 338//214 337//214
f 1172//179 337//179 1173//179
f 1173//179 337//179 336//179
f 1173//180 336//180 1285//180
f 1285//180 336//180 334//180
f 1285//9 334//9 1286//9
f 1286//9 334//9 333//9
f 1286//132 333//132 1288//132
f 1288//132 333//132 714//132
f 1288//80 714//80 1290//80
f 1290//80 714//80 426//80
f 1290//12 426//12 1291//12
f 1291//12 426//12 424//12
f 1291//177 424//177 1177//177
f 1177//177 424//177 423//177
f 1177//178 423//178 1175//178
f 1175//178 423//178 332//178
f 1175//215 332//215 1179//215
f 1179//215 332//215 340//215
f 1179//216 340//216 1180//216
f 1180//216 340//216 339//216
f 975//201 433//201 1292//201
f 1292//201 433//201 428//201
f 1292//202 428//202 1293//202
f 1293//202 428//202 427//202
f 1293//203 427//203 1296//203
f 1296//203 427//203 429//203
f 1296//204 429//204 1295//204
f 1295//204 429//204 431//204
f 1295//205 431//205 977//205
f 977//205 431//205 432//205
f 977//206 432//206 978//206
f 978//206 432//206 438//206
f 978//207 438//207 1297//207
f 1297//207 438//207 440//207
f 1297//208 440//208 1299//208
f 1299//208 440//208 442//208
f 1299//209 442//209 1300//209
f 1300//209 442//209 437//209
f 1300//210 437//210 1302//210
f 1302//210 437//210 436//210
f 1302//211 436//211 974//211
f 974//211 436//211 434//211
f 974//212 434//212 975//212
f 975//212 434//212 433//212
f 1152//89 444//89 1154//89
f 1154//89 444//89 443//89
f 1154//173 443//173 1156//173
f 1156//173 443//173 358//173
f 1156//174 358//174 1157//174
f 1157//174 358//174 357//174
f 1157//175 357//175 1159//175
f 1159//175 357//175 352//175
f 1159//176 352//176 1160//176
f 1160//176 352//176 351//176
f 1160//132 351//132 1303//132
f 1303//132 351//132 349//132
f 1303//80 349//80 1304//80
f 1304//80 349//80 451//80
f 1304//12 451//12 1306//12
f 1306//12 451//12 450//12
f 1306//177 450//177 1307//177
f 1307//177 450//177 448//177
f 1307//178 448//178 1308//178
f 1308//178 448//178 447//178
f 1308//15 447//15 1309//15
f 1309//15 447//15 446//15
f 1309//45 446//45 1152//45
f 1152//45 446//45 444//45
f 1171//213 342//213 1319//213
f 1319//213 342//213 703//213
f 1319//214 703//214 1318//214
f 1318//214 703//214 721//214
f 1318//179 721//179 1316//179
f 1316//179 721//179 459//179
f 1316//180 459//180 1314//180
f 1314//180 459//180 458//180
f 1314//9 458//9 1312//9
f 1312//9 458//9 456//9
f 1312//132 456//132 1310//132
f 1310//132 456//132 454//132
f 1310//80 454//80 971//80
f 971//80 454//80 452//80
f 971//12 452//12 972//12
f 972//12 452//12 125//12
f 972//177 125//177 1167//177
f 1167//177 125//177 124//177
f 1167//178 124//178 1168//178
f 1168//178 124//178 341//178
f 1168//215 341//215 1170//215
f 1170//215 341//215 343//215
f 1170//216 343//216 1171//216
f 1171//216 343//216 342//216
f 1582//185 1925//185 1583//185
f 1583//185 1925//185 719//185
f 1583//186 719//186 1584//186
f 1584//186 719//186 727//186
f 1584//187 727//187 1585//187
f 1585//187 727//187 726//187
f 1585//188 726//188 1577//188
f 1577//188 726//188 725//188
f 1577//189 725//189 1576//189
f 1576//189 725//189 718//189
f 1576//190 718//190 1575//190
f 1575//190 718//190 717//190
f 1575//191 717//191 1574//191
f 1574//191 717//191 716//191
f 1574//192 716//192 1578//192
f 1578//192 716//192 715//192
f 1578//193 715//193 1579//193
f 1579//193 715//193 724//193
f 1579//194 724//194 1580//194
f 1580//194 724//194 723//194
f 1580//195 723//195 1581//195
f 1581//195 723//195 722//195
f 1581//196 722//196 1582//196
f 1582//196 722//196 1925//196
f 1330//123 460//123 1331//123
f 1331//123 460//123 474//123
f 1331//217 474//217 1332//217
f 1332//217 474//217 473//217
f 1332//18 473//18 1333//18
f 1333//18 473//18 472//18
f 1333//8 472//8 1334//8
f 1334//8 472//8 471//8
f 1334//218 471//218 1324//218
f 1324//218 471//218 469//218
f 1324//125 469//125 1326//125
f 1326//125 469//125 467//125
f 1326//219 467//219 1328//219
f 1328//219 467//219 466//219
f 1328//220 466//220 1329//220
f 1329//220 466//220 465//220
f 1329//13 465//13 1320//13
f 1320//13 465//13 463//13
f 1320//23 463//23 1321//23
f 1321//23 463//23 462//23
f 1321//221 462//221 1322//221
f 1322//221 462//221 461//221
f 1322//222 461//222 1330//222
f 1330//222 461//222 460//222
f 1339//223 480//223 1338//223
f 1338//223 480//223 479//223
f 1338//217 479//217 1341//217
f 1341//217 479//217 478//217
f 1341//18 478//18 1335//18
f 1335//18 478//18 477//18
f 1335//8 477//8 1336//8
f 1336//8 477//8 476//8
f 1336//218 476//218 1349//218
f 1349//218 476//218 489//218
f 1349//224 489//224 1348//224
f 1348//224 489//224 488//224
f 1348//74 488//74 1346//74
f 1346//74 488//74 486//74
f 1346//220 486//220 1344//220
f 1344//220 486//220 484//220
f 1344//13 484//13 1343//13
f 1343//13 484//13 483//13
f 1343//23 483//23 1342//23
f 1342//23 483//23 482//23
f 1342//221 482//221 1340//221
f 1340//221 482//221 481//221
f 1340//76 481//76 1339//76
f 1339//76 481//76 480//76
f 1369//123 495//123 1361//123
f 1361//123 495//123 494//123
f 1361//6 494//6 1362//6
f 1362//6 494//6 499//6
f 1362//124 499//124 1363//124
f 1363//124 499//124 501//124
f 1363//92 501//92 1358//92
f 1358//92 501//92 110//92
f 1358//9 110//9 1356//9
f 1356//9 110//9 109//9
f 1356//20 109//20 1354//20
f 1354//20 109//20 850//20
f 1354//21 850//21 1352//21
f 1352//21 850//21 490//21
f 1352//225 490//225 1350//225
f 1350//225 490//225 113//225
f 1350//13 113//13 1365//13
f 1365//13 113//13 112//13
f 1365//23 112//23 1366//23
f 1366//23 112//23 498//23
f 1366//226 498//226 1368//226
f 1368//226 498//226 497//226
f 1368//227 497//227 1369//227
f 1369//227 497//227 495//227
f 1385//228 510//228 1386//228
f 1386//228 510//228 509//228
f 1386//229 509//229 1388//229
f 1388//229 509//229 503//229
f 1388//18 503//18 1389//18
f 1389//18 503//18 502//18
f 1389//8 502//8 1384//8
f 1384//8 502//8 656//8
f 1384//230 656//230 1382//230
f 1382//230 656//230 107//230
f 1382//10 107//10 1380//10
f 1380//10 107//10 106//10
f 1380//11 106//11 1378//11
f 1378//11 106//11 506//11
f 1378//12 506//12 1377//12
f 1377//12 506//12 104//12
f 1377//42 104//42 1375//42
f 1375//42 104//42 103//42
f 1375//75 103//75 1373//75
f 1373//75 103//75 514//75
f 1373//15 514//15 1372//15
f 1372//15 514//15 512//15
f 1372//76 512//76 1385//76
f 1385//76 512//76 510//76
f 1393//231 527//231 1394//231
f 1394//231 527//231 522//231
f 1394//6 522//6 1395//6
f 1395//6 522//6 519//6
f 1395//232 519//232 1396//232
f 1396//232 519//232 520//232
f 1396//233 520//233 1397//233
f 1397//233 520//233 521//233
f 1397//234 521//234 1398//234
f 1398//234 521//234 515//234
f 1398//235 515//235 1400//235
f 1400//235 515//235 516//235
f 1400//236 516//236 1401//236
f 1401//236 516//236 518//236
f 1401//12 518//12 1403//12
f 1403//12 518//12 524//12
f 1403//237 524//237 1406//237
f 1406//237 524//237 526//237
f 1406//238 526//238 1404//238
f 1404//238 526//238 530//238
f 1404//239 530//239 1392//239
f 1392//239 530//239 528//239
f 1392//240 528//240 1393//240
f 1393//240 528//240 527//240
f 1130//231 115//231 1129//231
f 1129//231 115//231 376//231
f 1129//241 376//241 1133//241
f 1133//241 376//241 382//241
f 1133//232 382//232 1134//232
f 1134//232 382//232 380//232
f 1134//233 380//233 1135//233
f 1135//233 380//233 379//233
f 1135//9 379//9 1142//9
f 1142//9 379//9 377//9
f 1142//235 377//235 1410//235
f 1410//235 377//235 375//235
f 1410//236 375//236 1411//236
f 1411//236 375//236 374//236
f 1411//242 374//242 1412//242
f 1412//242 374//242 532//242
f 1412//237 532//237 1409//237
f 1409//237 532//237 531//237
f 1409//238 531//238 1407//238
f 1407//238 531//238 663//238
f 1407//15 663//15 1132//15
f 1132//15 663//15 116//15
f 1132//240 116//240 1130//240
f 1130//240 116//240 115//240
f 1220//231 288//231 1221//231
f 1221//231 288//231 287//231
f 1221//6 287//6 1223//6
f 1223//6 287//6 285//6
f 1223//232 285//232 1224//232
f 1224//232 285//232 284//232
f 1224//233 284//233 1225//233
f 1225//233 284//233 283//233
f 1225//243 283//243 1226//243
f 1226//243 283//243 282//243
f 1226//235 282//235 1227//235
f 1227//235 282//235 280//235
f 1227//236 280//236 1228//236
f 1228//236 280//236 279//236
f 1228//12 279//12 1230//12
f 1230//12 279//12 277//12
f 1230//237 277//237 1231//237
f 1231//237 277//237 274//237
f 1231//238 274//238 1233//238
f 1233//238 274//238 273//238
f 1233//244 273//244 1234//244
f 1234//244 273//244 289//244
f 1234//240 289//240 1220//240
f 1220//240 289//240 288//240
f 1544//231 752//231 1537//231
f 1537//231 752//231 751//231
f 1537//245 751//245 1538//245
f 1538//245 751//245 746//245
f 1538//232 746//232 1545//232
f 1545//232 746//232 745//232
f 1545//233 745//233 1546//233
f 1546//233 745//233 750//233
f 1546//9 750//9 1548//9
f 1548//9 750//9 749//9
f 1548//235 749//235 1549//235
f 1549//235 749//235 748//235
f 1549//236 748//236 1550//236
f 1550//236 748//236 747//236
f 1550//246 747//246 1535//246
f 1535//246 747//246 743//246
f 1535//237 743//237 1536//237
f 1536//237 743//237 742//237
f 1536//238 742//238 1542//238
f 1542//238 742//238 744//238
f 1542//15 744//15 1543//15
f 1543//15 744//15 753//15
f 1543//240 753//240 1544//240
f 1544//240 753//240 752//240
f 1926//247 1927//247 1928//247
f 1926//247 1928//247 1929//247
f 1930//247 1931//247 1928//247
f 1928//247 1931//247 1932//247
f 1928//247 1932//247 1929//247
f 1933//247 1934//247 1928//247
f 1928//247 1934//247 1935//247
f 1928//247 1935//247 1930//247
f 1936//247 1937//247 1928//247
f 1928//247 1937//247 1938//247
f 1928//247 1938//247 1933//247
f 1939//247 1940//247 1928//247
f 1928//247 1940//247 1941//247
f 1928//247 1941//247 1936//247
f 1942//247 1943//247 1928//247
f 1928//247 1943//247 1944//247
f 1928//247 1944//247 1939//247
f 1945//247 1946//247 1928//247
f 1928//247 1946//247 1947//247
f 1928//247 1947//247 1942//247
f 1948//247 1949//247 1928//247
f 1928//247 1949//247 1950//247
f 1928//247 1950//247 1945//247
f 1951//247 1952//247 1928//247
f 1928//247 1952//247 1953//247
f 1928//247 1953//247 1948//247
f 1954//247 1955//247 1928//247
f 1928//247 1955//247 1956//247
f 1928//247 1956//247 1951//247
f 1957//247 1958//247 1928//247
f 1928//247 1958//247 1959//247
f 1928//247 1959//247 1954//247
f 1960//247 1961//247 1928//247
f 1928//247 1961//247 1962//247
f 1928//247 1962//247 1957//247
f 1927//247 1963//247 1928//247
f 1928//247 1963//247 1964//247
f 1928//247 1964//247 1960//247
f 1965//248 1966//248 1967//248
f 1967//248 1966//248 1968//248
f 1967//248 1968//248 1969//248
f 1969//248 1968//248 1970//248
f 1971//248 1972//248 1973//248
f 1973//248 1972//248 1974//248
f 1973//248 1974//248 1975//248
f 1975//248 1974//248 1976//248
f 1977//248 1978//248 1979//248
f 1979//248 1978//248 1980//248
f 1979//248 1980//248 1981//248
f 1981//248 1980//248 1982//248
f 1983//249 1984//249 1970//249
f 1970//249 1984//249 1969//249
f 1984//250 1985//250 1969//250
f 1969//250 1985//250 1967//250
f 1985//251 1986//251 1967//251
f 1967//251 1986//251 1965//251
f 1986//252 1987//252 1965//252
f 1965//252 1987//252 1966//252
f 1987//253 1988//253 1966//253
f 1966//253 1988//253 1968//253
f 1988//254 1983//254 1968//254
f 1968//254 1983//254 1970//254
f 1989//255 1990//255 1976//255
f 1976//255 1990//255 1975//255
f 1990//256 1991//256 1975//256
f 1975//256 1991//256 1973//256
f 1991//253 1992//253 1973//253
f 1973//253 1992//253 1971//253
f 1992//257 1993//257 1971//257
f 1971//257 1993//257 1972//257
f 1993//249 1994//249 1972//249
f 1972//249 1994//249 1974//249
f 1994//250 1989//250 1974//250
f 1974//250 1989//250 1976//250
f 1995//258 1996//258 1979//258
f 1979//258 1996//258 1977//258
f 1996//259 1997//259 1977//259
f 1977//259 1997//259 1978//259
f 1997//249 1998//249 1978//249
f 1978//249 1998//249 1980//249
f 1998//260 1999//260 1980//260
f 1980//260 1999//260 1982//260
f 1999//261 2000//261 1982//261
f 1982//261 2000//261 1981//261
f 2000//262 1995//262 1981//262
f 1981//262 1995//262 1979//262
f 2001//248 2002//248 2003//248
f 2003//248 2002//248 2004//248
f 2003//248 2004//248 2005//248
f 2006//248 2007//248 2003//248
f 2003//248 2007//248 2008//248
f 2003//248 2008//248 2001//248
f 2009//248 2010//248 2003//248
f 2003//248 2010//248 2011//248
f 2003//248 2011//248 2006//248
f 2005//248 2012//248 2003//248
f 2003//248 2012//248 2013//248
f 2003//248 2013//248 2009//248
f 2014//248 2015//248 2016//248
f 2016//248 2015//248 2017//248
f 2016//248 2017//248 2018//248
f 2019//248 2020//248 2016//248
f 2016//248 2020//248 2021//248
f 2016//248 2021//248 2014//248
f 2022//248 2023//248 2016//248
f 2016//248 2023//248 2024//248
f 2016//248 2024//248 2019//248
f 2018//248 2025//248 2016//248
f 2016//248 2025//248 2026//248
f 2016//248 2026//248 2022//248
f 2027//248 2028//248 2029//248
f 2029//248 2028//248 2030//248
f 2029//248 2030//248 2031//248
f 2032//248 2033//248 2029//248
f 2029//248 2033//248 2034//248
f 2029//248 2034//248 2027//248
f 2035//248 2036//248 2029//248
f 2029//248 2036//248 2037//248
f 2029//248 2037//248 2032//248
f 2031//248 2038//248 2029//248
f 2029//248 2038//248 2039//248
f 2029//248 2039//248 2035//248
f 2040//248 2041//248 2042//248
f 2042//248 2041//248 2043//248
f 2042//248 2043//248 2044//248
f 2045//248 2046//248 2042//248
f 2042//248 2046//248 2047//248
f 2042//248 2047//248 2040//248
f 2048//248 2049//248 2042//248
f 2042//248 2049//248 2050//248
f 2042//248 2050//248 2045//248
f 2044//248 2051//248 2042//248
f 2042//248 2051//248 2052//248
f 2042//248 2052//248 2048//248
f 2053//248 2054//248 2055//248
f 2055//248 2054//248 2056//248
f 2055//248 2056//248 2057//248
f 2058//248 2059//248 2055//248
f 2055//248 2059//248 2060//248
f 2055//248 2060//248 2053//248
f 2061//248 2062//248 2055//248
f 2055//248 2062//248 2063//248
f 2055//248 2063//248 2058//248
f 2057//248 2064//248 2055//248
f 2055//248 2064//248 2065//248
f 2055//248 2065//248 2061//248
f 2066//248 2067//248 2068//248
f 2068//248 2067//248 2069//248
f 2068//248 2069//248 2070//248
f 2071//248 2072//248 2068//248
f 2068//248 2072//248 2073//248
f 2068//248 2073//248 2066//248
f 2074//248 2075//248 2068//248
f 2068//248 2075//248 2076//248
f 2068//248 2076//248 2071//248
f 2070//248 2077//248 2068//248
f 2068//248 2077//248 2078//248
f 2068//248 2078//248 2074//248
f 2079//248 2080//248 2081//248
f 2082//248 2083//248 2081//248
f 2081//248 2083//248 2084//248
f 2081//248 2084//248 2079//248
f 2085//248 2086//248 2081//248
f 2081//248 2086//248 2087//248
f 2081//248 2087//248 2082//248
f 2088//248 2089//248 2081//248
f 2081//248 2089//248 2090//248
f 2081//248 2090//248 2085//248
f 2091//248 2092//248 2081//248
f 2081//248 2092//248 2093//248
f 2081//248 2093//248 2088//248
f 2094//248 2095//248 2081//248
f 2081//248 2095//248 2096//248
f 2081//248 2096//248 2091//248
f 2080//248 2097//248 2081//248
f 2081//248 2097//248 2098//248
f 2081//248 2098//248 2094//248
f 2099//248 2100//248 1987//248
f 2101//248 2102//248 1983//248
f 1983//248 2102//248 2103//248
f 2103//248 2104//248 1983//248
f 1983//248 2104//248 2105//248
f 1983//248 2105//248 1984//248
f 1984//248 2105//248 2106//248
f 1984//248 2106//248 2107//248
f 2108//248 1986//248 2109//248
f 2109//248 1986//248 1985//248
f 2109//248 1985//248 2110//248
f 2110//248 1985//248 2111//248
f 2108//248 2112//248 1986//248
f 1986//248 2112//248 2113//248
f 1986//248 2113//248 2114//248
f 2107//248 2115//248 1984//248
f 1984//248 2115//248 2116//248
f 1984//248 2116//248 1985//248
f 1985//248 2116//248 2117//248
f 1985//248 2117//248 2111//248
f 2118//248 2119//248 1988//248
f 1988//248 2119//248 2120//248
f 1988//248 2120//248 1983//248
f 1983//248 2120//248 2121//248
f 1983//248 2121//248 2101//248
f 2100//248 2122//248 1987//248
f 1987//248 2122//248 2123//248
f 1987//248 2123//248 1988//248
f 1988//248 2123//248 2124//248
f 1988//248 2124//248 2118//248
f 2114//248 2125//248 1986//248
f 1986//248 2125//248 2126//248
f 1986//248 2126//248 1987//248
f 1987//248 2126//248 2127//248
f 1987//248 2127//248 2099//248
f 2128//248 2129//248 2130//248
f 2130//248 2129//248 2131//248
f 2130//248 2131//248 2132//248
f 2133//248 2134//248 2130//248
f 2130//248 2134//248 2135//248
f 2130//248 2135//248 2128//248
f 2136//248 2137//248 2130//248
f 2130//248 2137//248 2138//248
f 2130//248 2138//248 2133//248
f 2132//248 2139//248 2130//248
f 2130//248 2139//248 2140//248
f 2130//248 2140//248 2136//248
f 2141//248 2142//248 2143//248
f 2143//248 2142//248 2144//248
f 2143//248 2144//248 2145//248
f 2146//248 2147//248 2143//248
f 2143//248 2147//248 2148//248
f 2143//248 2148//248 2141//248
f 2149//248 2150//248 2143//248
f 2143//248 2150//248 2151//248
f 2143//248 2151//248 2146//248
f 2145//248 2152//248 2143//248
f 2143//248 2152//248 2153//248
f 2143//248 2153//248 2149//248
f 2154//248 2155//248 1990//248
f 2156//248 2157//248 1993//248
f 2158//248 2159//248 1991//248
f 2160//248 2161//248 1994//248
f 1994//248 2161//248 2162//248
f 2163//248 1989//248 2164//248
f 2164//248 1989//248 1994//248
f 2164//248 1994//248 2165//248
f 2165//248 1994//248 2162//248
f 2154//248 1990//248 2166//248
f 2157//248 2167//248 1993//248
f 1993//248 2167//248 2168//248
f 1993//248 2168//248 1994//248
f 1994//248 2168//248 2169//248
f 1994//248 2169//248 2160//248
f 2170//248 2171//248 1992//248
f 1992//248 2171//248 2172//248
f 1992//248 2172//248 1993//248
f 1993//248 2172//248 2173//248
f 1993//248 2173//248 2156//248
f 2170//248 1992//248 2174//248
f 2174//248 1992//248 1991//248
f 2174//248 1991//248 2175//248
f 2159//248 2176//248 1991//248
f 1991//248 2176//248 2177//248
f 1991//248 2177//248 2175//248
f 2155//248 2178//248 1990//248
f 1990//248 2178//248 2179//248
f 1990//248 2179//248 1991//248
f 1991//248 2179//248 2180//248
f 1991//248 2180//248 2158//248
f 2163//248 2181//248 1989//248
f 1989//248 2181//248 2182//248
f 1989//248 2182//248 1990//248
f 1990//248 2182//248 2183//248
f 1990//248 2183//248 2166//248
f 2184//248 2185//248 2186//248
f 2186//248 2185//248 2187//248
f 2186//248 2187//248 2188//248
f 2189//248 2190//248 2186//248
f 2186//248 2190//248 2191//248
f 2186//248 2191//248 2184//248
f 2192//248 2193//248 2186//248
f 2186//248 2193//248 2194//248
f 2186//248 2194//248 2189//248
f 2188//248 2195//248 2186//248
f 2186//248 2195//248 2196//248
f 2186//248 2196//248 2192//248
f 2197//248 2198//248 1998//248
f 2199//248 2200//248 2000//248
f 2201//248 2202//248 1995//248
f 1995//248 2202//248 2203//248
f 2204//248 2205//248 1996//248
f 1996//248 2205//248 2206//248
f 1996//248 2206//248 1997//248
f 2203//248 2207//248 1995//248
f 1995//248 2207//248 2208//248
f 1995//248 2208//248 1996//248
f 1996//248 2208//248 2209//248
f 1996//248 2209//248 2204//248
f 2200//248 2210//248 2000//248
f 2000//248 2210//248 2211//248
f 2000//248 2211//248 1995//248
f 1995//248 2211//248 2212//248
f 1995//248 2212//248 2201//248
f 2213//248 2214//248 1999//248
f 1999//248 2214//248 2215//248
f 1999//248 2215//248 2000//248
f 2000//248 2215//248 2216//248
f 2000//248 2216//248 2199//248
f 2206//248 2217//248 1997//248
f 1997//248 2217//248 2218//248
f 1997//248 2218//248 2219//248
f 2219//248 2220//248 1997//248
f 1997//248 2220//248 2221//248
f 1997//248 2221//248 1998//248
f 1998//248 2221//248 2222//248
f 1998//248 2222//248 2197//248
f 2198//248 2223//248 1998//248
f 1998//248 2223//248 2224//248
f 1998//248 2224//248 1999//248
f 1999//248 2224//248 2225//248
f 1999//248 2225//248 2213//248
f 2226//248 2227//248 2228//248
f 2228//248 2227//248 2229//248
f 2228//248 2229//248 2230//248
f 2231//248 2232//248 2228//248
f 2228//248 2232//248 2233//248
f 2228//248 2233//248 2226//248
f 2234//248 2235//248 2228//248
f 2228//248 2235//248 2236//248
f 2228//248 2236//248 2231//248
f 2230//248 2237//248 2228//248
f 2228//248 2237//248 2238//248
f 2228//248 2238//248 2234//248
f 2239//248 2240//248 2241//248
f 2241//248 2240//248 2242//248
f 2241//248 2242//248 2243//248
f 2244//248 2245//248 2241//248
f 2241//248 2245//248 2246//248
f 2241//248 2246//248 2239//248
f 2247//248 2248//248 2241//248
f 2241//248 2248//248 2249//248
f 2241//248 2249//248 2244//248
f 2243//248 2250//248 2241//248
f 2241//248 2250//248 2251//248
f 2241//248 2251//248 2247//248
f 2252//248 2253//248 2254//248
f 2254//248 2253//248 2255//248
f 2254//248 2255//248 2256//248
f 2257//248 2258//248 2254//248
f 2254//248 2258//248 2259//248
f 2254//248 2259//248 2252//248
f 2260//248 2261//248 2254//248
f 2254//248 2261//248 2262//248
f 2254//248 2262//248 2257//248
f 2256//248 2263//248 2254//248
f 2254//248 2263//248 2264//248
f 2254//248 2264//248 2260//248
f 2265//248 2266//248 2267//248
f 2267//248 2266//248 2268//248
f 2267//248 2268//248 2269//248
f 2270//248 2271//248 2267//248
f 2267//248 2271//248 2272//248
f 2267//248 2272//248 2265//248
f 2273//248 2274//248 2267//248
f 2267//248 2274//248 2275//248
f 2267//248 2275//248 2270//248
f 2269//248 2276//248 2267//248
f 2267//248 2276//248 2277//248
f 2267//248 2277//248 2273//248
f 2278//248 2279//248 2280//248
f 2280//248 2279//248 2281//248
f 2280//248 2281//248 2282//248
f 2283//248 2284//248 2280//248
f 2280//248 2284//248 2285//248
f 2280//248 2285//248 2278//248
f 2286//248 2287//248 2280//248
f 2280//248 2287//248 2288//248
f 2280//248 2288//248 2283//248
f 2282//248 2289//248 2280//248
f 2280//248 2289//248 2290//248
f 2280//248 2290//248 2286//248
f 2291//248 2292//248 2293//248
f 2293//248 2292//248 2294//248
f 2293//248 2294//248 2295//248
f 2296//248 2297//248 2293//248
f 2293//248 2297//248 2298//248
f 2293//248 2298//248 2291//248
f 2299//248 2300//248 2293//248
f 2293//248 2300//248 2301//248
f 2293//248 2301//248 2296//248
f 2295//248 2302//248 2293//248
f 2293//248 2302//248 2303//248
f 2293//248 2303//248 2299//248
f 2304//248 2305//248 2306//248
f 2306//248 2305//248 2307//248
f 2306//248 2307//248 2308//248
f 2309//248 2310//248 2306//248
f 2306//248 2310//248 2311//248
f 2306//248 2311//248 2304//248
f 2312//248 2313//248 2306//248
f 2306//248 2313//248 2314//248
f 2306//248 2314//248 2309//248
f 2308//248 2315//248 2306//248
f 2306//248 2315//248 2316//248
f 2306//248 2316//248 2312//248
f 2317//248 2318//248 2319//248
f 2319//248 2318//248 2320//248
f 2319//248 2320//248 2321//248
f 2322//248 2323//248 2319//248
f 2319//248 2323//248 2324//248
f 2319//248 2324//248 2317//248
f 2325//248 2326//248 2319//248
f 2319//248 2326//248 2327//248
f 2319//248 2327//248 2322//248
f 2321//248 2328//248 2319//248
f 2319//248 2328//248 2329//248
f 2319//248 2329//248 2325//248
f 2004//263 2330//263 2005//263
f 2005//263 2330//263 2331//263
f 2005//264 2331//264 2012//264
f 2012//264 2331//264 2332//264
f 2012//265 2332//265 2013//265
f 2013//265 2332//265 2333//265
f 2013//266 2333//266 2009//266
f 2009//266 2333//266 2334//266
f 2009//267 2334//267 2010//267
f 2010//267 2334//267 2335//267
f 2010//268 2335//268 2011//268
f 2011//268 2335//268 2336//268
f 2011//269 2336//269 2006//269
f 2006//269 2336//269 2337//269
f 2006//270 2337//270 2007//270
f 2007//270 2337//270 2338//270
f 2007//271 2338//271 2008//271
f 2008//271 2338//271 2339//271
f 2008//272 2339//272 2001//272
f 2001//272 2339//272 2340//272
f 2001//273 2340//273 2002//273
f 2002//273 2340//273 2341//273
f 2002//274 2341//274 2004//274
f 2004//274 2341//274 2330//274
f 2017//275 2342//275 2018//275
f 2018//275 2342//275 2343//275
f 2018//276 2343//276 2025//276
f 2025//276 2343//276 2344//276
f 2025//277 2344//277 2026//277
f 2026//277 2344//277 2345//277
f 2026//278 2345//278 2022//278
f 2022//278 2345//278 2346//278
f 2022//279 2346//279 2023//279
f 2023//279 2346//279 2347//279
f 2023//268 2347//268 2024//268
f 2024//268 2347//268 2348//268
f 2024//280 2348//280 2019//280
f 2019//280 2348//280 2349//280
f 2019//281 2349//281 2020//281
f 2020//281 2349//281 2350//281
f 2020//271 2350//271 2021//271
f 2021//271 2350//271 2351//271
f 2021//272 2351//272 2014//272
f 2014//272 2351//272 2352//272
f 2014//282 2352//282 2015//282
f 2015//282 2352//282 2353//282
f 2015//274 2353//274 2017//274
f 2017//274 2353//274 2342//274
f 2030//283 2354//283 2031//283
f 2031//283 2354//283 2355//283
f 2031//284 2355//284 2038//284
f 2038//284 2355//284 2356//284
f 2038//285 2356//285 2039//285
f 2039//285 2356//285 2357//285
f 2039//286 2357//286 2035//286
f 2035//286 2357//286 2358//286
f 2035//287 2358//287 2036//287
f 2036//287 2358//287 2359//287
f 2036//288 2359//288 2037//288
f 2037//288 2359//288 2360//288
f 2037//289 2360//289 2032//289
f 2032//289 2360//289 2361//289
f 2032//290 2361//290 2033//290
f 2033//290 2361//290 2362//290
f 2033//291 2362//291 2034//291
f 2034//291 2362//291 2363//291
f 2034//292 2363//292 2027//292
f 2027//292 2363//292 2364//292
f 2027//293 2364//293 2028//293
f 2028//293 2364//293 2365//293
f 2028//294 2365//294 2030//294
f 2030//294 2365//294 2354//294
f 2366//295 2367//295 2041//295
f 2041//296 2367//296 2368//296
f 2041//296 2368//296 2043//296
f 2043//297 2368//297 2369//297
f 2043//297 2369//297 2044//297
f 2044//298 2369//298 2370//298
f 2044//298 2370//298 2051//298
f 2051//299 2370//299 2371//299
f 2051//299 2371//299 2052//299
f 2052//300 2371//300 2372//300
f 2052//300 2372//300 2048//300
f 2048//301 2372//301 2373//301
f 2048//301 2373//301 2049//301
f 2049//302 2373//302 2374//302
f 2049//302 2374//302 2050//302
f 2050//303 2374//303 2375//303
f 2050//303 2375//303 2045//303
f 2045//304 2375//304 2376//304
f 2045//304 2376//304 2046//304
f 2046//305 2376//305 2377//305
f 2046//305 2377//305 2047//305
f 2047//306 2377//306 2378//306
f 2047//306 2378//306 2040//306
f 2040//307 2378//307 2366//307
f 2040//308 2366//308 2041//308
f 2379//309 2380//309 2065//309
f 2065//310 2380//310 2381//310
f 2065//310 2381//310 2061//310
f 2061//311 2381//311 2382//311
f 2061//311 2382//311 2062//311
f 2062//312 2382//312 2383//312
f 2062//312 2383//312 2063//312
f 2063//313 2383//313 2384//313
f 2063//313 2384//313 2058//313
f 2058//314 2384//314 2385//314
f 2058//314 2385//314 2059//314
f 2059//315 2385//315 2386//315
f 2059//315 2386//315 2060//315
f 2060//316 2386//316 2387//316
f 2060//316 2387//316 2053//316
f 2053//317 2387//317 2388//317
f 2053//317 2388//317 2054//317
f 2054//318 2388//318 2389//318
f 2054//318 2389//318 2056//318
f 2056//319 2389//319 2390//319
f 2056//319 2390//319 2057//319
f 2057//320 2390//320 2391//320
f 2057//320 2391//320 2064//320
f 2064//321 2391//321 2379//321
f 2064//322 2379//322 2065//322
f 2069//323 2392//323 2070//323
f 2070//323 2392//323 2393//323
f 2070//324 2393//324 2077//324
f 2077//324 2393//324 2394//324
f 2077//277 2394//277 2078//277
f 2078//277 2394//277 2395//277
f 2078//266 2395//266 2074//266
f 2074//266 2395//266 2396//266
f 2074//267 2396//267 2075//267
f 2075//267 2396//267 2397//267
f 2075//268 2397//268 2076//268
f 2076//268 2397//268 2398//268
f 2076//269 2398//269 2071//269
f 2071//269 2398//269 2399//269
f 2071//270 2399//270 2072//270
f 2072//270 2399//270 2400//270
f 2072//271 2400//271 2073//271
f 2073//271 2400//271 2401//271
f 2073//325 2401//325 2066//325
f 2066//325 2401//325 2402//325
f 2066//326 2402//326 2067//326
f 2067//326 2402//326 2403//326
f 2067//274 2403//274 2069//274
f 2069//274 2403//274 2392//274
f 2080//327 2079//327 2404//327
f 2404//328 2405//328 2080//328
f 2080//329 2405//329 2406//329
f 2080//330 2406//330 2097//330
f 2406//331 2407//331 2097//331
f 2097//332 2407//332 2408//332
f 2097//333 2408//333 2098//333
f 2408//334 2409//334 2098//334
f 2098//335 2409//335 2410//335
f 2098//336 2410//336 2094//336
f 2410//337 2411//337 2094//337
f 2094//338 2411//338 2412//338
f 2094//339 2412//339 2095//339
f 2412//340 2413//340 2095//340
f 2095//341 2413//341 2414//341
f 2095//342 2414//342 2096//342
f 2414//343 2415//343 2096//343
f 2096//344 2415//344 2416//344
f 2096//345 2416//345 2091//345
f 2416//346 2417//346 2091//346
f 2091//347 2417//347 2418//347
f 2091//348 2418//348 2092//348
f 2418//349 2419//349 2092//349
f 2092//350 2419//350 2420//350
f 2092//351 2420//351 2093//351
f 2420//352 2421//352 2093//352
f 2093//353 2421//353 2422//353
f 2093//354 2422//354 2088//354
f 2422//355 2423//355 2088//355
f 2088//356 2423//356 2424//356
f 2088//357 2424//357 2089//357
f 2424//358 2425//358 2089//358
f 2089//359 2425//359 2426//359
f 2089//360 2426//360 2090//360
f 2426//361 2427//361 2090//361
f 2090//362 2427//362 2428//362
f 2090//363 2428//363 2085//363
f 2429//364 2086//364 2430//364
f 2430//365 2086//365 2085//365
f 2430//366 2085//366 2431//366
f 2431//367 2085//367 2428//367
f 2429//368 2432//368 2086//368
f 2086//369 2432//369 2433//369
f 2086//370 2433//370 2087//370
f 2433//371 2434//371 2087//371
f 2087//372 2434//372 2435//372
f 2087//373 2435//373 2082//373
f 2435//374 2436//374 2082//374
f 2082//375 2436//375 2437//375
f 2082//376 2437//376 2083//376
f 2437//377 2438//377 2083//377
f 2083//378 2438//378 2439//378
f 2083//379 2439//379 2084//379
f 2439//380 2440//380 2084//380
f 2084//381 2440//381 2441//381
f 2084//382 2441//382 2079//382
f 2079//383 2441//383 2442//383
f 2079//384 2442//384 2404//384
f 2443//385 2444//385 2445//385
f 2445//386 2444//386 2446//386
f 2445//387 2446//387 2447//387
f 2447//388 2446//388 2448//388
f 2447//389 2448//389 2449//389
f 2449//390 2448//390 2450//390
f 2449//391 2450//391 2451//391
f 2451//392 2450//392 2452//392
f 2451//393 2452//393 2453//393
f 2453//394 2452//394 2454//394
f 2453//395 2454//395 2455//395
f 2455//396 2454//396 2456//396
f 2455//397 2456//397 2457//397
f 2457//398 2456//398 2458//398
f 2457//399 2458//399 2459//399
f 2459//400 2458//400 2460//400
f 2459//401 2460//401 2461//401
f 2461//402 2460//402 2462//402
f 2461//403 2462//403 2463//403
f 2463//404 2462//404 2464//404
f 2463//405 2464//405 2465//405
f 2465//406 2464//406 2466//406
f 2465//407 2466//407 2467//407
f 2467//408 2466//408 2468//408
f 2467//409 2468//409 2469//409
f 2469//410 2468//410 2470//410
f 2469//411 2470//411 2471//411
f 2471//412 2470//412 2472//412
f 2471//413 2472//413 2473//413
f 2473//414 2472//414 2474//414
f 2473//415 2474//415 2475//415
f 2475//416 2474//416 2476//416
f 2475//417 2476//417 2477//417
f 2477//418 2476//418 2478//418
f 2477//419 2478//419 2479//419
f 2479//420 2478//420 2480//420
f 2479//421 2480//421 2481//421
f 2481//422 2480//422 2482//422
f 2481//423 2482//423 2483//423
f 2483//424 2482//424 2484//424
f 2483//425 2484//425 2485//425
f 2485//426 2484//426 2486//426
f 2485//427 2486//427 2487//427
f 2487//428 2486//428 2488//428
f 2487//429 2488//429 2489//429
f 2489//430 2488//430 2490//430
f 2489//431 2490//431 2491//431
f 2491//432 2490//432 2492//432
f 2491//433 2492//433 2493//433
f 2493//434 2492//434 2494//434
f 2493//435 2494//435 2495//435
f 2495//436 2494//436 2496//436
f 2495//437 2496//437 2497//437
f 2497//438 2496//438 2498//438
f 2497//439 2498//439 2443//439
f 2443//440 2498//440 2444//440
f 2108//441 2109//441 2486//441
f 2486//442 2109//442 2110//442
f 2486//443 2110//443 2488//443
f 2488//444 2110//444 2111//444
f 2488//445 2111//445 2490//445
f 2490//446 2111//446 2117//446
f 2490//447 2117//447 2492//447
f 2492//448 2117//448 2116//448
f 2492//449 2116//449 2494//449
f 2494//450 2116//450 2115//450
f 2494//451 2115//451 2496//451
f 2496//452 2115//452 2107//452
f 2496//453 2107//453 2498//453
f 2498//454 2107//454 2106//454
f 2498//455 2106//455 2444//455
f 2444//456 2106//456 2105//456
f 2444//457 2105//457 2446//457
f 2446//458 2105//458 2104//458
f 2446//459 2104//459 2448//459
f 2448//460 2104//460 2103//460
f 2448//461 2103//461 2450//461
f 2450//462 2103//462 2102//462
f 2450//463 2102//463 2452//463
f 2452//464 2102//464 2101//464
f 2452//465 2101//465 2454//465
f 2454//466 2101//466 2121//466
f 2454//467 2121//467 2456//467
f 2456//468 2121//468 2120//468
f 2456//469 2120//469 2458//469
f 2458//470 2120//470 2119//470
f 2458//471 2119//471 2460//471
f 2460//472 2119//472 2118//472
f 2460//473 2118//473 2462//473
f 2462//474 2118//474 2124//474
f 2462//475 2124//475 2464//475
f 2464//476 2124//476 2123//476
f 2464//477 2123//477 2466//477
f 2466//478 2123//478 2122//478
f 2466//479 2122//479 2468//479
f 2468//480 2122//480 2100//480
f 2468//481 2100//481 2470//481
f 2470//482 2100//482 2099//482
f 2470//483 2099//483 2472//483
f 2472//484 2099//484 2127//484
f 2472//485 2127//485 2474//485
f 2474//486 2127//486 2126//486
f 2474//487 2126//487 2476//487
f 2476//488 2126//488 2125//488
f 2476//489 2125//489 2478//489
f 2478//490 2125//490 2114//490
f 2478//491 2114//491 2480//491
f 2480//492 2114//492 2113//492
f 2480//493 2113//493 2482//493
f 2482//494 2113//494 2112//494
f 2482//495 2112//495 2484//495
f 2484//496 2112//496 2108//496
f 2484//497 2108//497 2486//497
f 2131//498 2499//498 2132//498
f 2132//498 2499//498 2500//498
f 2132//499 2500//499 2139//499
f 2139//499 2500//499 2501//499
f 2139//500 2501//500 2140//500
f 2140//500 2501//500 2502//500
f 2140//501 2502//501 2136//501
f 2136//501 2502//501 2503//501
f 2136//502 2503//502 2137//502
f 2137//502 2503//502 2504//502
f 2137//288 2504//288 2138//288
f 2138//288 2504//288 2505//288
f 2138//503 2505//503 2133//503
f 2133//503 2505//503 2506//503
f 2133//504 2506//504 2134//504
f 2134//504 2506//504 2507//504
f 2134//505 2507//505 2135//505
f 2135//505 2507//505 2508//505
f 2135//506 2508//506 2128//506
f 2128//506 2508//506 2509//506
f 2128//507 2509//507 2129//507
f 2129//507 2509//507 2510//507
f 2129//294 2510//294 2131//294
f 2131//294 2510//294 2499//294
f 2144//275 2511//275 2145//275
f 2145//275 2511//275 2512//275
f 2145//276 2512//276 2152//276
f 2152//276 2512//276 2513//276
f 2152//277 2513//277 2153//277
f 2153//277 2513//277 2514//277
f 2153//266 2514//266 2149//266
f 2149//266 2514//266 2515//266
f 2149//508 2515//508 2150//508
f 2150//508 2515//508 2516//508
f 2150//268 2516//268 2151//268
f 2151//268 2516//268 2517//268
f 2151//509 2517//509 2146//509
f 2146//509 2517//509 2518//509
f 2146//510 2518//510 2147//510
f 2147//510 2518//510 2519//510
f 2147//511 2519//511 2148//511
f 2148//511 2519//511 2520//511
f 2148//272 2520//272 2141//272
f 2141//272 2520//272 2521//272
f 2141//282 2521//282 2142//282
f 2142//282 2521//282 2522//282
f 2142//274 2522//274 2144//274
f 2144//274 2522//274 2511//274
f 2523//512 2524//512 2525//512
f 2523//513 2525//513 2526//513
f 2526//410 2525//410 2527//410
f 2526//411 2527//411 2528//411
f 2528//412 2527//412 2529//412
f 2528//413 2529//413 2530//413
f 2530//414 2529//414 2531//414
f 2530//514 2531//514 2532//514
f 2532//515 2531//515 2533//515
f 2532//516 2533//516 2534//516
f 2534//517 2533//517 2535//517
f 2534//518 2535//518 2536//518
f 2536//519 2535//519 2537//519
f 2536//520 2537//520 2538//520
f 2538//521 2537//521 2539//521
f 2538//522 2539//522 2540//522
f 2540//523 2539//523 2541//523
f 2540//423 2541//423 2542//423
f 2542//524 2541//524 2543//524
f 2542//525 2543//525 2544//525
f 2544//526 2543//526 2545//526
f 2544//527 2545//527 2546//527
f 2546//528 2545//528 2547//528
f 2546//529 2547//529 2548//529
f 2548//530 2547//530 2549//530
f 2548//531 2549//531 2550//531
f 2550//532 2549//532 2551//532
f 2550//533 2551//533 2552//533
f 2552//534 2551//534 2553//534
f 2552//535 2553//535 2554//535
f 2554//536 2553//536 2555//536
f 2554//537 2555//537 2556//537
f 2556//538 2555//538 2557//538
f 2556//539 2557//539 2558//539
f 2558//540 2557//540 2559//540
f 2558//541 2559//541 2560//541
f 2560//542 2559//542 2561//542
f 2560//543 2561//543 2562//543
f 2562//544 2561//544 2563//544
f 2562//545 2563//545 2564//545
f 2564//546 2563//546 2565//546
f 2564//547 2565//547 2566//547
f 2566//548 2565//548 2567//548
f 2566//549 2567//549 2568//549
f 2568//550 2567//550 2569//550
f 2568//395 2569//395 2570//395
f 2570//396 2569//396 2571//396
f 2570//551 2571//551 2572//551
f 2572//552 2571//552 2573//552
f 2572//553 2573//553 2574//553
f 2574//554 2573//554 2575//554
f 2574//555 2575//555 2576//555
f 2576//402 2575//402 2577//402
f 2576//556 2577//556 2578//556
f 2578//557 2577//557 2579//557
f 2578//558 2579//558 2580//558
f 2174//559 2175//559 2524//559
f 2175//560 2177//560 2524//560
f 2524//561 2177//561 2176//561
f 2524//562 2176//562 2525//562
f 2525//480 2176//480 2159//480
f 2525//481 2159//481 2527//481
f 2527//482 2159//482 2158//482
f 2527//483 2158//483 2529//483
f 2529//484 2158//484 2180//484
f 2529//485 2180//485 2531//485
f 2531//486 2180//486 2179//486
f 2531//487 2179//487 2533//487
f 2533//563 2179//563 2178//563
f 2533//564 2178//564 2535//564
f 2535//565 2178//565 2155//565
f 2535//566 2155//566 2537//566
f 2537//567 2155//567 2154//567
f 2537//568 2154//568 2539//568
f 2539//569 2154//569 2166//569
f 2539//570 2166//570 2541//570
f 2541//494 2166//494 2183//494
f 2541//571 2183//571 2543//571
f 2543//572 2183//572 2182//572
f 2543//573 2182//573 2545//573
f 2545//574 2182//574 2181//574
f 2545//575 2181//575 2547//575
f 2547//576 2181//576 2163//576
f 2547//577 2163//577 2549//577
f 2549//578 2163//578 2164//578
f 2549//579 2164//579 2551//579
f 2551//580 2164//580 2165//580
f 2551//581 2165//581 2553//581
f 2553//582 2165//582 2162//582
f 2553//583 2162//583 2555//583
f 2555//584 2162//584 2161//584
f 2555//585 2161//585 2557//585
f 2557//586 2161//586 2160//586
f 2557//587 2160//587 2559//587
f 2559//588 2160//588 2169//588
f 2559//589 2169//589 2561//589
f 2561//590 2169//590 2168//590
f 2561//591 2168//591 2563//591
f 2563//592 2168//592 2167//592
f 2563//593 2167//593 2565//593
f 2565//594 2167//594 2157//594
f 2565//595 2157//595 2567//595
f 2567//596 2157//596 2156//596
f 2567//597 2156//597 2569//597
f 2569//598 2156//598 2173//598
f 2569//599 2173//599 2571//599
f 2571//600 2173//600 2172//600
f 2571//601 2172//601 2573//601
f 2573//602 2172//602 2171//602
f 2573//603 2171//603 2575//603
f 2575//604 2171//604 2170//604
f 2575//605 2170//605 2577//605
f 2577//606 2170//606 2174//606
f 2577//607 2174//607 2579//607
f 2579//608 2174//608 2524//608
f 2579//609 2524//609 2580//609
f 2580//610 2524//610 2523//610
f 2581//611 2582//611 2189//611
f 2189//612 2582//612 2583//612
f 2189//612 2583//612 2190//612
f 2190//613 2583//613 2584//613
f 2190//613 2584//613 2191//613
f 2191//614 2584//614 2585//614
f 2191//614 2585//614 2184//614
f 2184//313 2585//313 2586//313
f 2184//313 2586//313 2185//313
f 2185//314 2586//314 2587//314
f 2185//314 2587//314 2187//314
f 2187//315 2587//315 2588//315
f 2187//315 2588//315 2188//315
f 2188//615 2588//615 2589//615
f 2188//615 2589//615 2195//615
f 2195//616 2589//616 2590//616
f 2195//616 2590//616 2196//616
f 2196//617 2590//617 2591//617
f 2196//617 2591//617 2192//617
f 2192//618 2591//618 2592//618
f 2192//618 2592//618 2193//618
f 2193//619 2592//619 2593//619
f 2193//619 2593//619 2194//619
f 2194//620 2593//620 2581//620
f 2194//621 2581//621 2189//621
f 2594//622 2595//622 2596//622
f 2594//623 2596//623 2597//623
f 2597//624 2596//624 2598//624
f 2597//625 2598//625 2599//625
f 2599//626 2598//626 2600//626
f 2599//627 2600//627 2601//627
f 2601//628 2600//628 2602//628
f 2601//629 2602//629 2603//629
f 2603//630 2602//630 2604//630
f 2603//631 2604//631 2605//631
f 2605//632 2604//632 2606//632
f 2605//633 2606//633 2607//633
f 2607//634 2606//634 2608//634
f 2607//635 2608//635 2609//635
f 2609//636 2608//636 2610//636
f 2609//637 2610//637 2611//637
f 2611//638 2610//638 2612//638
f 2611//639 2612//639 2613//639
f 2613//640 2612//640 2614//640
f 2613//641 2614//641 2615//641
f 2615//642 2614//642 2616//642
f 2615//643 2616//643 2617//643
f 2617//644 2616//644 2618//644
f 2617//645 2618//645 2619//645
f 2619//646 2618//646 2620//646
f 2619//647 2620//647 2621//647
f 2621//648 2620//648 2622//648
f 2621//649 2622//649 2623//649
f 2623//650 2622//650 2624//650
f 2623//651 2624//651 2625//651
f 2625//652 2624//652 2626//652
f 2625//653 2626//653 2627//653
f 2627//654 2626//654 2628//654
f 2627//655 2628//655 2629//655
f 2629//656 2628//656 2630//656
f 2629//657 2630//657 2631//657
f 2631//658 2630//658 2632//658
f 2631//659 2632//659 2633//659
f 2633//660 2632//660 2634//660
f 2633//661 2634//661 2635//661
f 2635//662 2634//662 2636//662
f 2635//663 2636//663 2637//663
f 2637//664 2636//664 2638//664
f 2637//665 2638//665 2639//665
f 2639//666 2638//666 2640//666
f 2639//667 2640//667 2641//667
f 2641//668 2640//668 2642//668
f 2641//669 2642//669 2643//669
f 2643//670 2642//670 2644//670
f 2643//671 2644//671 2645//671
f 2645//672 2644//672 2646//672
f 2645//673 2646//673 2647//673
f 2647//674 2646//674 2648//674
f 2647//675 2648//675 2649//675
f 2222//676 2221//676 2595//676
f 2221//677 2220//677 2595//677
f 2595//678 2220//678 2219//678
f 2595//679 2219//679 2596//679
f 2596//680 2219//680 2218//680
f 2596//681 2218//681 2598//681
f 2598//682 2218//682 2217//682
f 2598//683 2217//683 2600//683
f 2600//684 2217//684 2206//684
f 2600//685 2206//685 2602//685
f 2602//686 2206//686 2205//686
f 2602//687 2205//687 2604//687
f 2604//688 2205//688 2204//688
f 2604//689 2204//689 2606//689
f 2606//690 2204//690 2209//690
f 2606//691 2209//691 2608//691
f 2608//692 2209//692 2208//692
f 2608//693 2208//693 2610//693
f 2610//694 2208//694 2207//694
f 2610//695 2207//695 2612//695
f 2612//696 2207//696 2203//696
f 2612//697 2203//697 2614//697
f 2614//698 2203//698 2202//698
f 2614//699 2202//699 2616//699
f 2616//700 2202//700 2201//700
f 2616//701 2201//701 2618//701
f 2618//702 2201//702 2212//702
f 2618//703 2212//703 2620//703
f 2620//704 2212//704 2211//704
f 2620//705 2211//705 2622//705
f 2622//706 2211//706 2210//706
f 2622//707 2210//707 2624//707
f 2624//708 2210//708 2200//708
f 2624//709 2200//709 2626//709
f 2626//710 2200//710 2199//710
f 2626//711 2199//711 2628//711
f 2628//712 2199//712 2216//712
f 2628//713 2216//713 2630//713
f 2630//714 2216//714 2215//714
f 2630//715 2215//715 2632//715
f 2632//716 2215//716 2214//716
f 2632//717 2214//717 2634//717
f 2634//718 2214//718 2213//718
f 2634//719 2213//719 2636//719
f 2636//720 2213//720 2225//720
f 2636//721 2225//721 2638//721
f 2638//722 2225//722 2224//722
f 2638//723 2224//723 2640//723
f 2640//724 2224//724 2223//724
f 2640//725 2223//725 2642//725
f 2642//726 2223//726 2198//726
f 2642//727 2198//727 2644//727
f 2644//728 2198//728 2197//728
f 2644//729 2197//729 2646//729
f 2646//730 2197//730 2222//730
f 2646//731 2222//731 2648//731
f 2648//732 2222//732 2595//732
f 2648//733 2595//733 2649//733
f 2649//734 2595//734 2594//734
f 2650//735 2230//735 2651//735
f 2651//736 2230//736 2229//736
f 2651//737 2229//737 2652//737
f 2652//738 2229//738 2227//738
f 2652//739 2227//739 2653//739
f 2653//740 2227//740 2226//740
f 2653//741 2226//741 2654//741
f 2654//742 2226//742 2233//742
f 2654//743 2233//743 2655//743
f 2655//744 2233//744 2232//744
f 2655//745 2232//745 2656//745
f 2656//746 2232//746 2231//746
f 2656//747 2231//747 2657//747
f 2650//748 2658//748 2230//748
f 2230//749 2658//749 2659//749
f 2230//750 2659//750 2237//750
f 2237//751 2659//751 2660//751
f 2237//752 2660//752 2238//752
f 2238//753 2660//753 2661//753
f 2238//754 2661//754 2234//754
f 2234//755 2661//755 2662//755
f 2234//756 2662//756 2235//756
f 2235//757 2662//757 2663//757
f 2235//758 2663//758 2236//758
f 2236//759 2663//759 2664//759
f 2236//760 2664//760 2231//760
f 2231//761 2664//761 2665//761
f 2231//762 2665//762 2657//762
f 2666//763 2243//763 2667//763
f 2667//764 2243//764 2242//764
f 2667//765 2242//765 2668//765
f 2668//766 2242//766 2240//766
f 2668//767 2240//767 2669//767
f 2669//768 2240//768 2239//768
f 2669//769 2239//769 2670//769
f 2670//770 2239//770 2246//770
f 2670//771 2246//771 2671//771
f 2671//772 2246//772 2245//772
f 2671//773 2245//773 2672//773
f 2672//746 2245//746 2244//746
f 2672//774 2244//774 2673//774
f 2666//775 2674//775 2243//775
f 2243//749 2674//749 2675//749
f 2243//750 2675//750 2250//750
f 2250//776 2675//776 2676//776
f 2250//777 2676//777 2251//777
f 2251//778 2676//778 2677//778
f 2251//779 2677//779 2247//779
f 2247//780 2677//780 2678//780
f 2247//781 2678//781 2248//781
f 2248//782 2678//782 2679//782
f 2248//783 2679//783 2249//783
f 2249//784 2679//784 2680//784
f 2249//785 2680//785 2244//785
f 2244//786 2680//786 2681//786
f 2244//787 2681//787 2673//787
f 2682//788 2256//788 2683//788
f 2683//789 2256//789 2255//789
f 2683//790 2255//790 2684//790
f 2684//791 2255//791 2253//791
f 2684//792 2253//792 2685//792
f 2685//793 2253//793 2252//793
f 2685//794 2252//794 2686//794
f 2686//795 2252//795 2259//795
f 2686//796 2259//796 2687//796
f 2687//797 2259//797 2258//797
f 2687//798 2258//798 2688//798
f 2688//799 2258//799 2257//799
f 2688//774 2257//774 2689//774
f 2682//800 2690//800 2256//800
f 2256//801 2690//801 2691//801
f 2256//802 2691//802 2263//802
f 2263//803 2691//803 2692//803
f 2263//804 2692//804 2264//804
f 2264//805 2692//805 2693//805
f 2264//806 2693//806 2260//806
f 2260//807 2693//807 2694//807
f 2260//808 2694//808 2261//808
f 2261//809 2694//809 2695//809
f 2261//810 2695//810 2262//810
f 2262//811 2695//811 2696//811
f 2262//812 2696//812 2257//812
f 2257//813 2696//813 2697//813
f 2257//814 2697//814 2689//814
f 2698//815 2269//815 2699//815
f 2699//816 2269//816 2268//816
f 2699//817 2268//817 2700//817
f 2700//818 2268//818 2266//818
f 2700//792 2266//792 2701//792
f 2701//793 2266//793 2265//793
f 2701//819 2265//819 2702//819
f 2702//820 2265//820 2272//820
f 2702//821 2272//821 2703//821
f 2703//822 2272//822 2271//822
f 2703//823 2271//823 2704//823
f 2704//824 2271//824 2270//824
f 2704//825 2270//825 2705//825
f 2698//826 2706//826 2269//826
f 2269//827 2706//827 2707//827
f 2269//802 2707//802 2276//802
f 2276//828 2707//828 2708//828
f 2276//752 2708//752 2277//752
f 2277//753 2708//753 2709//753
f 2277//829 2709//829 2273//829
f 2273//830 2709//830 2710//830
f 2273//831 2710//831 2274//831
f 2274//757 2710//757 2711//757
f 2274//832 2711//832 2275//832
f 2275//784 2711//784 2712//784
f 2275//785 2712//785 2270//785
f 2270//813 2712//813 2713//813
f 2270//814 2713//814 2705//814
f 2714//833 2282//833 2715//833
f 2715//834 2282//834 2281//834
f 2715//835 2281//835 2716//835
f 2716//836 2281//836 2279//836
f 2716//837 2279//837 2717//837
f 2717//768 2279//768 2278//768
f 2717//769 2278//769 2718//769
f 2718//742 2278//742 2285//742
f 2718//743 2285//743 2719//743
f 2719//744 2285//744 2284//744
f 2719//745 2284//745 2720//745
f 2720//746 2284//746 2283//746
f 2720//838 2283//838 2721//838
f 2714//826 2722//826 2282//826
f 2282//827 2722//827 2723//827
f 2282//750 2723//750 2289//750
f 2289//751 2723//751 2724//751
f 2289//752 2724//752 2290//752
f 2290//753 2724//753 2725//753
f 2290//754 2725//754 2286//754
f 2286//839 2725//839 2726//839
f 2286//840 2726//840 2287//840
f 2287//841 2726//841 2727//841
f 2287//842 2727//842 2288//842
f 2288//843 2727//843 2728//843
f 2288//844 2728//844 2283//844
f 2283//845 2728//845 2729//845
f 2283//846 2729//846 2721//846
f 2730//847 2295//847 2731//847
f 2731//848 2295//848 2294//848
f 2731//817 2294//817 2732//817
f 2732//849 2294//849 2292//849
f 2732//850 2292//850 2733//850
f 2733//851 2292//851 2291//851
f 2733//852 2291//852 2734//852
f 2734//853 2291//853 2298//853
f 2734//854 2298//854 2735//854
f 2735//855 2298//855 2297//855
f 2735//856 2297//856 2736//856
f 2736//746 2297//746 2296//746
f 2736//838 2296//838 2737//838
f 2730//857 2738//857 2295//857
f 2295//801 2738//801 2739//801
f 2295//750 2739//750 2302//750
f 2302//858 2739//858 2740//858
f 2302//859 2740//859 2303//859
f 2303//805 2740//805 2741//805
f 2303//860 2741//860 2299//860
f 2299//755 2741//755 2742//755
f 2299//756 2742//756 2300//756
f 2300//861 2742//861 2743//861
f 2300//862 2743//862 2301//862
f 2301//863 2743//863 2744//863
f 2301//864 2744//864 2296//864
f 2296//865 2744//865 2745//865
f 2296//866 2745//866 2737//866
f 2746//788 2308//788 2747//788
f 2747//789 2308//789 2307//789
f 2747//790 2307//790 2748//790
f 2748//791 2307//791 2305//791
f 2748//792 2305//792 2749//792
f 2749//793 2305//793 2304//793
f 2749//794 2304//794 2750//794
f 2750//867 2304//867 2311//867
f 2750//771 2311//771 2751//771
f 2751//868 2311//868 2310//868
f 2751//869 2310//869 2752//869
f 2752//799 2310//799 2309//799
f 2752//774 2309//774 2753//774
f 2746//800 2754//800 2308//800
f 2308//801 2754//801 2755//801
f 2308//802 2755//802 2315//802
f 2315//870 2755//870 2756//870
f 2315//871 2756//871 2316//871
f 2316//872 2756//872 2757//872
f 2316//873 2757//873 2312//873
f 2312//807 2757//807 2758//807
f 2312//808 2758//808 2313//808
f 2313//809 2758//809 2759//809
f 2313//810 2759//810 2314//810
f 2314//811 2759//811 2760//811
f 2314//812 2760//812 2309//812
f 2309//813 2760//813 2761//813
f 2309//814 2761//814 2753//814
f 2762//788 2321//788 2763//788
f 2763//848 2321//848 2320//848
f 2763//817 2320//817 2764//817
f 2764//874 2320//874 2318//874
f 2764//837 2318//837 2765//837
f 2765//875 2318//875 2317//875
f 2765//876 2317//876 2766//876
f 2766//877 2317//877 2324//877
f 2766//743 2324//743 2767//743
f 2767//744 2324//744 2323//744
f 2767//878 2323//878 2768//878
f 2768//799 2323//799 2322//799
f 2768//747 2322//747 2769//747
f 2762//800 2770//800 2321//800
f 2321//879 2770//879 2771//879
f 2321//880 2771//880 2328//880
f 2328//881 2771//881 2772//881
f 2328//882 2772//882 2329//882
f 2329//883 2772//883 2773//883
f 2329//884 2773//884 2325//884
f 2325//885 2773//885 2774//885
f 2325//808 2774//808 2326//808
f 2326//809 2774//809 2775//809
f 2326//886 2775//886 2327//886
f 2327//784 2775//784 2776//784
f 2327//887 2776//887 2322//887
f 2322//888 2776//888 2777//888
f 2322//762 2777//762 2769//762
f 2337//889 2778//889 2338//889
f 2338//890 2778//890 2779//890
f 2338//891 2779//891 2339//891
f 2339//892 2779//892 2780//892
f 2339//893 2780//893 2340//893
f 2340//894 2780//894 2781//894
f 2340//895 2781//895 2341//895
f 2341//896 2781//896 2782//896
f 2341//897 2782//897 2330//897
f 2330//898 2782//898 2783//898
f 2330//899 2783//899 2331//899
f 2331//900 2783//900 2784//900
f 2331//901 2784//901 2332//901
f 2332//902 2784//902 2785//902
f 2332//903 2785//903 2333//903
f 2333//904 2785//904 2786//904
f 2333//905 2786//905 2334//905
f 2334//906 2786//906 2787//906
f 2334//907 2787//907 2335//907
f 2335//908 2787//908 2788//908
f 2335//909 2788//909 2336//909
f 2336//910 2788//910 2789//910
f 2336//911 2789//911 2337//911
f 2337//912 2789//912 2778//912
f 2790//913 2346//913 2791//913
f 2791//914 2346//914 2345//914
f 2790//915 2792//915 2346//915
f 2346//916 2792//916 2793//916
f 2346//917 2793//917 2347//917
f 2347//918 2793//918 2794//918
f 2347//919 2794//919 2348//919
f 2348//920 2794//920 2795//920
f 2348//921 2795//921 2349//921
f 2349//922 2795//922 2796//922
f 2349//923 2796//923 2350//923
f 2350//924 2796//924 2797//924
f 2350//925 2797//925 2351//925
f 2351//926 2797//926 2798//926
f 2351//893 2798//893 2352//893
f 2352//927 2798//927 2799//927
f 2352//928 2799//928 2353//928
f 2353//929 2799//929 2800//929
f 2353//930 2800//930 2342//930
f 2342//931 2800//931 2801//931
f 2342//932 2801//932 2343//932
f 2343//933 2801//933 2802//933
f 2343//934 2802//934 2344//934
f 2344//935 2802//935 2803//935
f 2344//936 2803//936 2345//936
f 2345//904 2803//904 2804//904
f 2345//937 2804//937 2791//937
f 2361//938 2805//938 2362//938
f 2362//939 2805//939 2806//939
f 2362//940 2806//940 2363//940
f 2363//940 2806//940 2807//940
f 2363//941 2807//941 2364//941
f 2364//942 2807//942 2808//942
f 2364//943 2808//943 2365//943
f 2365//944 2808//944 2809//944
f 2365//945 2809//945 2354//945
f 2354//946 2809//946 2810//946
f 2354//947 2810//947 2355//947
f 2355//948 2810//948 2811//948
f 2355//949 2811//949 2356//949
f 2356//950 2811//950 2812//950
f 2356//951 2812//951 2357//951
f 2357//952 2812//952 2813//952
f 2357//953 2813//953 2358//953
f 2358//954 2813//954 2814//954
f 2358//955 2814//955 2359//955
f 2359//956 2814//956 2815//956
f 2359//957 2815//957 2360//957
f 2360//958 2815//958 2816//958
f 2360//959 2816//959 2361//959
f 2361//960 2816//960 2805//960
f 2367//961 2817//961 2368//961
f 2368//962 2817//962 2818//962
f 2368//963 2818//963 2369//963
f 2369//964 2818//964 2819//964
f 2369//965 2819//965 2370//965
f 2370//966 2819//966 2820//966
f 2370//967 2820//967 2371//967
f 2371//968 2820//968 2821//968
f 2371//969 2821//969 2372//969
f 2372//970 2821//970 2822//970
f 2372//971 2822//971 2373//971
f 2373//972 2822//972 2823//972
f 2373//973 2823//973 2374//973
f 2374//973 2823//973 2824//973
f 2374//974 2824//974 2375//974
f 2375//975 2824//975 2825//975
f 2375//976 2825//976 2376//976
f 2376//977 2825//977 2826//977
f 2376//978 2826//978 2377//978
f 2377//979 2826//979 2827//979
f 2377//980 2827//980 2378//980
f 2378//981 2827//981 2828//981
f 2378//982 2828//982 2366//982
f 2366//983 2828//983 2829//983
f 2366//984 2829//984 2367//984
f 2367//985 2829//985 2817//985
f 2380//986 2830//986 2381//986
f 2381//987 2830//987 2831//987
f 2381//988 2831//988 2382//988
f 2382//989 2831//989 2832//989
f 2382//990 2832//990 2383//990
f 2383//991 2832//991 2833//991
f 2383//992 2833//992 2384//992
f 2384//993 2833//993 2834//993
f 2384//994 2834//994 2385//994
f 2385//995 2834//995 2835//995
f 2385//996 2835//996 2386//996
f 2386//997 2835//997 2836//997
f 2386//998 2836//998 2387//998
f 2387//999 2836//999 2837//999
f 2387//1000 2837//1000 2388//1000
f 2388//1001 2837//1001 2838//1001
f 2388//1002 2838//1002 2389//1002
f 2389//1003 2838//1003 2839//1003
f 2389//1004 2839//1004 2390//1004
f 2390//1005 2839//1005 2840//1005
f 2390//1006 2840//1006 2391//1006
f 2391//1007 2840//1007 2841//1007
f 2391//1008 2841//1008 2379//1008
f 2379//1009 2841//1009 2842//1009
f 2379//1010 2842//1010 2380//1010
f 2380//1011 2842//1011 2830//1011
f 2399//889 2843//889 2400//889
f 2400//890 2843//890 2844//890
f 2400//891 2844//891 2401//891
f 2401//892 2844//892 2845//892
f 2401//1012 2845//1012 2402//1012
f 2402//1013 2845//1013 2846//1013
f 2402//1014 2846//1014 2403//1014
f 2403//1015 2846//1015 2847//1015
f 2403//1016 2847//1016 2392//1016
f 2392//1017 2847//1017 2848//1017
f 2392//1018 2848//1018 2393//1018
f 2393//1019 2848//1019 2849//1019
f 2393//1020 2849//1020 2394//1020
f 2394//1021 2849//1021 2850//1021
f 2394//1022 2850//1022 2395//1022
f 2395//1023 2850//1023 2851//1023
f 2395//905 2851//905 2396//905
f 2396//906 2851//906 2852//906
f 2396//907 2852//907 2397//907
f 2397//908 2852//908 2853//908
f 2397//909 2853//909 2398//909
f 2398//910 2853//910 2854//910
f 2398//911 2854//911 2399//911
f 2399//912 2854//912 2843//912
f 2404//1024 2855//1024 2405//1024
f 2405//1025 2855//1025 2856//1025
f 2405//1026 2856//1026 2406//1026
f 2406//1027 2856//1027 2857//1027
f 2406//1028 2857//1028 2407//1028
f 2407//1029 2857//1029 2858//1029
f 2407//1030 2858//1030 2408//1030
f 2408//1031 2858//1031 2859//1031
f 2408//1032 2859//1032 2409//1032
f 2409//1033 2859//1033 2860//1033
f 2409//1034 2860//1034 2410//1034
f 2410//1035 2860//1035 2861//1035
f 2410//1036 2861//1036 2411//1036
f 2411//1037 2861//1037 2862//1037
f 2411//1038 2862//1038 2412//1038
f 2412//1038 2862//1038 2863//1038
f 2412//1039 2863//1039 2413//1039
f 2413//1040 2863//1040 2864//1040
f 2413//1041 2864//1041 2414//1041
f 2414//1042 2864//1042 2865//1042
f 2414//1043 2865//1043 2415//1043
f 2415//1044 2865//1044 2866//1044
f 2415//1045 2866//1045 2416//1045
f 2416//1046 2866//1046 2867//1046
f 2416//1047 2867//1047 2417//1047
f 2417//1048 2867//1048 2868//1048
f 2417//1049 2868//1049 2418//1049
f 2418//1050 2868//1050 2869//1050
f 2418//1051 2869//1051 2419//1051
f 2419//1052 2869//1052 2870//1052
f 2419//1053 2870//1053 2420//1053
f 2420//1054 2870//1054 2871//1054
f 2420//1055 2871//1055 2421//1055
f 2421//1056 2871//1056 2872//1056
f 2421//1057 2872//1057 2422//1057
f 2422//1058 2872//1058 2873//1058
f 2422//1059 2873//1059 2423//1059
f 2423//1060 2873//1060 2874//1060
f 2423//1061 2874//1061 2424//1061
f 2424//1062 2874//1062 2875//1062
f 2424//1063 2875//1063 2425//1063
f 2425//1064 2875//1064 2876//1064
f 2425//1065 2876//1065 2426//1065
f 2426//1066 2876//1066 2877//1066
f 2426//1067 2877//1067 2427//1067
f 2427//1068 2877//1068 2878//1068
f 2427//1069 2878//1069 2428//1069
f 2428//1070 2878//1070 2879//1070
f 2428//1071 2879//1071 2431//1071
f 2431//1072 2879//1072 2880//1072
f 2431//1073 2880//1073 2430//1073
f 2430//1074 2880//1074 2881//1074
f 2430//1075 2881//1075 2429//1075
f 2429//1075 2881//1075 2882//1075
f 2429//1076 2882//1076 2432//1076
f 2432//1077 2882//1077 2883//1077
f 2432//1078 2883//1078 2433//1078
f 2433//1079 2883//1079 2884//1079
f 2433//1080 2884//1080 2434//1080
f 2434//1081 2884//1081 2885//1081
f 2434//1082 2885//1082 2435//1082
f 2435//1083 2885//1083 2886//1083
f 2435//1084 2886//1084 2436//1084
f 2436//1085 2886//1085 2887//1085
f 2436//1086 2887//1086 2437//1086
f 2437//1087 2887//1087 2888//1087
f 2437//1088 2888//1088 2438//1088
f 2438//1089 2888//1089 2889//1089
f 2438//1090 2889//1090 2439//1090
f 2439//1091 2889//1091 2890//1091
f 2439//1092 2890//1092 2440//1092
f 2440//1093 2890//1093 2891//1093
f 2440//1094 2891//1094 2441//1094
f 2441//1095 2891//1095 2892//1095
f 2441//1096 2892//1096 2442//1096
f 2442//1097 2892//1097 2893//1097
f 2442//1098 2893//1098 2404//1098
f 2404//1099 2893//1099 2855//1099
f 2894//1100 2489//1100 2491//1100
f 2894//1101 2491//1101 2895//1101
f 2491//1102 2493//1102 2895//1102
f 2895//1103 2493//1103 2495//1103
f 2895//1104 2495//1104 2896//1104
f 2896//1105 2495//1105 2497//1105
f 2896//1106 2497//1106 2897//1106
f 2497//1107 2443//1107 2897//1107
f 2897//1108 2443//1108 2445//1108
f 2897//1109 2445//1109 2898//1109
f 2445//1110 2447//1110 2898//1110
f 2898//1111 2447//1111 2449//1111
f 2898//1112 2449//1112 2899//1112
f 2449//1113 2451//1113 2899//1113
f 2899//1114 2451//1114 2453//1114
f 2899//1115 2453//1115 2900//1115
f 2900//1116 2453//1116 2455//1116
f 2455//1117 2457//1117 2900//1117
f 2900//1118 2457//1118 2459//1118
f 2900//1119 2459//1119 2901//1119
f 2459//1120 2461//1120 2901//1120
f 2901//1121 2461//1121 2463//1121
f 2901//1122 2463//1122 2902//1122
f 2902//1123 2463//1123 2465//1123
f 2902//1124 2465//1124 2903//1124
f 2465//1125 2467//1125 2903//1125
f 2903//1126 2467//1126 2469//1126
f 2903//1127 2469//1127 2904//1127
f 2469//1128 2471//1128 2904//1128
f 2904//1129 2471//1129 2473//1129
f 2904//1130 2473//1130 2905//1130
f 2905//1131 2473//1131 2475//1131
f 2475//1132 2477//1132 2905//1132
f 2905//1133 2477//1133 2479//1133
f 2905//1134 2479//1134 2906//1134
f 2479//1135 2481//1135 2906//1135
f 2906//1136 2481//1136 2483//1136
f 2906//1137 2483//1137 2907//1137
f 2907//1138 2483//1138 2485//1138
f 2907//1139 2485//1139 2894//1139
f 2894//1140 2485//1140 2487//1140
f 2894//1141 2487//1141 2489//1141
f 2506//1142 2908//1142 2507//1142
f 2507//1143 2908//1143 2909//1143
f 2507//1144 2909//1144 2508//1144
f 2508//1145 2909//1145 2910//1145
f 2508//1146 2910//1146 2509//1146
f 2509//1147 2910//1147 2911//1147
f 2509//1148 2911//1148 2510//1148
f 2510//1149 2911//1149 2912//1149
f 2510//1150 2912//1150 2499//1150
f 2499//1151 2912//1151 2913//1151
f 2499//1152 2913//1152 2500//1152
f 2500//1153 2913//1153 2914//1153
f 2500//1154 2914//1154 2501//1154
f 2501//1155 2914//1155 2915//1155
f 2501//1156 2915//1156 2502//1156
f 2502//1156 2915//1156 2916//1156
f 2502//1157 2916//1157 2503//1157
f 2503//1158 2916//1158 2917//1158
f 2503//1159 2917//1159 2504//1159
f 2504//1160 2917//1160 2918//1160
f 2504//1161 2918//1161 2505//1161
f 2505//1162 2918//1162 2919//1162
f 2505//1163 2919//1163 2506//1163
f 2506//1164 2919//1164 2908//1164
f 2518//1165 2920//1165 2519//1165
f 2519//1166 2920//1166 2921//1166
f 2519//1167 2921//1167 2520//1167
f 2520//892 2921//892 2922//892
f 2520//893 2922//893 2521//893
f 2521//927 2922//927 2923//927
f 2521//928 2923//928 2522//928
f 2522//929 2923//929 2924//929
f 2522//930 2924//930 2511//930
f 2511//931 2924//931 2925//931
f 2511//932 2925//932 2512//932
f 2512//933 2925//933 2926//933
f 2512//934 2926//934 2513//934
f 2513//935 2926//935 2927//935
f 2513//936 2927//936 2514//936
f 2514//904 2927//904 2928//904
f 2514//905 2928//905 2515//905
f 2515//1168 2928//1168 2929//1168
f 2515//1169 2929//1169 2516//1169
f 2516//1170 2929//1170 2930//1170
f 2516//1171 2930//1171 2517//1171
f 2517//1172 2930//1172 2931//1172
f 2517//1173 2931//1173 2518//1173
f 2518//1174 2931//1174 2920//1174
f 2554//1175 2932//1175 2552//1175
f 2552//1176 2932//1176 2933//1176
f 2552//1177 2933//1177 2550//1177
f 2550//1178 2933//1178 2934//1178
f 2550//1179 2934//1179 2548//1179
f 2554//1180 2556//1180 2932//1180
f 2932//1181 2556//1181 2558//1181
f 2932//1182 2558//1182 2935//1182
f 2935//1183 2558//1183 2560//1183
f 2935//1184 2560//1184 2936//1184
f 2560//1185 2562//1185 2936//1185
f 2936//1186 2562//1186 2564//1186
f 2936//1187 2564//1187 2937//1187
f 2937//1188 2564//1188 2566//1188
f 2566//1189 2568//1189 2937//1189
f 2937//1190 2568//1190 2570//1190
f 2937//1191 2570//1191 2938//1191
f 2938//1192 2570//1192 2572//1192
f 2938//1193 2572//1193 2939//1193
f 2572//1194 2574//1194 2939//1194
f 2939//1195 2574//1195 2576//1195
f 2939//1196 2576//1196 2940//1196
f 2940//1197 2576//1197 2578//1197
f 2578//1198 2580//1198 2940//1198
f 2940//1199 2580//1199 2523//1199
f 2940//1200 2523//1200 2941//1200
f 2941//1201 2523//1201 2526//1201
f 2941//1127 2526//1127 2942//1127
f 2942//1128 2526//1128 2528//1128
f 2528//1129 2530//1129 2942//1129
f 2942//1202 2530//1202 2532//1202
f 2942//1203 2532//1203 2943//1203
f 2532//1204 2534//1204 2943//1204
f 2943//1205 2534//1205 2536//1205
f 2943//1206 2536//1206 2944//1206
f 2536//1207 2538//1207 2944//1207
f 2944//1208 2538//1208 2540//1208
f 2944//1209 2540//1209 2945//1209
f 2540//1210 2542//1210 2945//1210
f 2945//1138 2542//1138 2544//1138
f 2945//1139 2544//1139 2934//1139
f 2934//1140 2544//1140 2546//1140
f 2934//1211 2546//1211 2548//1211
f 2582//1212 2946//1212 2583//1212
f 2583//1213 2946//1213 2947//1213
f 2583//1214 2947//1214 2584//1214
f 2584//1215 2947//1215 2948//1215
f 2584//1216 2948//1216 2585//1216
f 2585//1217 2948//1217 2949//1217
f 2585//1218 2949//1218 2586//1218
f 2586//1219 2949//1219 2950//1219
f 2586//994 2950//994 2587//994
f 2587//995 2950//995 2951//995
f 2587//996 2951//996 2588//996
f 2588//997 2951//997 2952//997
f 2588//1220 2952//1220 2589//1220
f 2589//1221 2952//1221 2953//1221
f 2589//1222 2953//1222 2590//1222
f 2590//1223 2953//1223 2954//1223
f 2590//1224 2954//1224 2591//1224
f 2591//1225 2954//1225 2955//1225
f 2591//1226 2955//1226 2592//1226
f 2592//1227 2955//1227 2956//1227
f 2592//1228 2956//1228 2593//1228
f 2593//1229 2956//1229 2957//1229
f 2593//1230 2957//1230 2581//1230
f 2581//1231 2957//1231 2958//1231
f 2581//1232 2958//1232 2582//1232
f 2582//1011 2958//1011 2946//1011
f 2959//1233 2635//1233 2637//1233
f 2959//1234 2637//1234 2960//1234
f 2637//1235 2639//1235 2960//1235
f 2960//1236 2639//1236 2641//1236
f 2960//1237 2641//1237 2961//1237
f 2961//1180 2641//1180 2643//1180
f 2961//1238 2643//1238 2962//1238
f 2962//1239 2643//1239 2645//1239
f 2645//1240 2647//1240 2962//1240
f 2962//1241 2647//1241 2649//1241
f 2962//1242 2649//1242 2963//1242
f 2963//1111 2649//1111 2594//1111
f 2963//1243 2594//1243 2964//1243
f 2594//1244 2597//1244 2964//1244
f 2964//1245 2597//1245 2599//1245
f 2964//1246 2599//1246 2965//1246
f 2965//1247 2599//1247 2601//1247
f 2601//1248 2603//1248 2965//1248
f 2965//1249 2603//1249 2605//1249
f 2965//1250 2605//1250 2966//1250
f 2605//1251 2607//1251 2966//1251
f 2966//1252 2607//1252 2609//1252
f 2966//1253 2609//1253 2967//1253
f 2609//1254 2611//1254 2967//1254
f 2967//1255 2611//1255 2613//1255
f 2967//1256 2613//1256 2968//1256
f 2968//1257 2613//1257 2615//1257
f 2968//1258 2615//1258 2969//1258
f 2615//1259 2617//1259 2969//1259
f 2969//1260 2617//1260 2619//1260
f 2969//1261 2619//1261 2970//1261
f 2619//1262 2621//1262 2970//1262
f 2970//1263 2621//1263 2623//1263
f 2970//1264 2623//1264 2971//1264
f 2623//1265 2625//1265 2971//1265
f 2971//1266 2625//1266 2627//1266
f 2971//1267 2627//1267 2972//1267
f 2627//1268 2629//1268 2972//1268
f 2972//1269 2629//1269 2631//1269
f 2972//1270 2631//1270 2959//1270
f 2959//1271 2631//1271 2633//1271
f 2959//1272 2633//1272 2635//1272
f 2658//1273 2973//1273 2659//1273
f 2659//1274 2973//1274 2974//1274
f 2659//1275 2974//1275 2660//1275
f 2660//1276 2974//1276 2661//1276
f 2661//1276 2974//1276 2975//1276
f 2661//1276 2975//1276 2662//1276
f 2657//1277 2665//1277 2976//1277
f 2976//1277 2665//1277 2664//1277
f 2976//1277 2664//1277 2975//1277
f 2975//1277 2664//1277 2663//1277
f 2975//1277 2663//1277 2662//1277
f 2657//1278 2976//1278 2656//1278
f 2656//1278 2976//1278 2977//1278
f 2656//1278 2977//1278 2655//1278
f 2655//1279 2977//1279 2654//1279
f 2654//1280 2977//1280 2978//1280
f 2654//1281 2978//1281 2653//1281
f 2658//1282 2650//1282 2973//1282
f 2973//1282 2650//1282 2651//1282
f 2973//1282 2651//1282 2978//1282
f 2978//1282 2651//1282 2652//1282
f 2978//1282 2652//1282 2653//1282
f 2674//1283 2979//1283 2675//1283
f 2675//1284 2979//1284 2980//1284
f 2675//1285 2980//1285 2676//1285
f 2676//1286 2980//1286 2677//1286
f 2677//1287 2980//1287 2981//1287
f 2677//1288 2981//1288 2678//1288
f 2673//1277 2681//1277 2982//1277
f 2982//1277 2681//1277 2680//1277
f 2982//1277 2680//1277 2981//1277
f 2981//1277 2680//1277 2679//1277
f 2981//1277 2679//1277 2678//1277
f 2673//1289 2982//1289 2672//1289
f 2672//1290 2982//1290 2983//1290
f 2672//1291 2983//1291 2671//1291
f 2671//1292 2983//1292 2670//1292
f 2670//1293 2983//1293 2984//1293
f 2670//1294 2984//1294 2669//1294
f 2674//1282 2666//1282 2979//1282
f 2979//1282 2666//1282 2667//1282
f 2979//1282 2667//1282 2984//1282
f 2984//1282 2667//1282 2668//1282
f 2984//1282 2668//1282 2669//1282
f 2690//1285 2985//1285 2691//1285
f 2691//1295 2985//1295 2986//1295
f 2691//1283 2986//1283 2692//1283
f 2692//1288 2986//1288 2693//1288
f 2693//1296 2986//1296 2987//1296
f 2693//1297 2987//1297 2694//1297
f 2689//1277 2697//1277 2988//1277
f 2988//1277 2697//1277 2696//1277
f 2988//1277 2696//1277 2987//1277
f 2987//1277 2696//1277 2695//1277
f 2987//1277 2695//1277 2694//1277
f 2689//1289 2988//1289 2688//1289
f 2688//1298 2988//1298 2989//1298
f 2688//1299 2989//1299 2687//1299
f 2687//1300 2989//1300 2686//1300
f 2686//1301 2989//1301 2990//1301
f 2686//1302 2990//1302 2685//1302
f 2690//1282 2682//1282 2985//1282
f 2985//1282 2682//1282 2683//1282
f 2985//1282 2683//1282 2990//1282
f 2990//1282 2683//1282 2684//1282
f 2990//1282 2684//1282 2685//1282
f 2706//1275 2991//1275 2707//1275
f 2707//1303 2991//1303 2992//1303
f 2707//1273 2992//1273 2708//1273
f 2708//1276 2992//1276 2709//1276
f 2709//1276 2992//1276 2993//1276
f 2709//1276 2993//1276 2710//1276
f 2705//1277 2713//1277 2994//1277
f 2994//1277 2713//1277 2712//1277
f 2994//1277 2712//1277 2993//1277
f 2993//1277 2712//1277 2711//1277
f 2993//1277 2711//1277 2710//1277
f 2705//1278 2994//1278 2704//1278
f 2704//1278 2994//1278 2995//1278
f 2704//1278 2995//1278 2703//1278
f 2703//1281 2995//1281 2702//1281
f 2702//1304 2995//1304 2996//1304
f 2702//1279 2996//1279 2701//1279
f 2706//1282 2698//1282 2991//1282
f 2991//1282 2698//1282 2699//1282
f 2991//1282 2699//1282 2996//1282
f 2996//1282 2699//1282 2700//1282
f 2996//1282 2700//1282 2701//1282
f 2722//1275 2997//1275 2723//1275
f 2723//1275 2997//1275 2998//1275
f 2723//1275 2998//1275 2724//1275
f 2724//1276 2998//1276 2725//1276
f 2725//1305 2998//1305 2999//1305
f 2725//1306 2999//1306 2726//1306
f 2721//1277 2729//1277 3000//1277
f 3000//1277 2729//1277 2728//1277
f 3000//1277 2728//1277 2999//1277
f 2999//1277 2728//1277 2727//1277
f 2999//1277 2727//1277 2726//1277
f 2721//1307 3000//1307 2720//1307
f 2720//1308 3000//1308 3001//1308
f 2720//1278 3001//1278 2719//1278
f 2719//1279 3001//1279 2718//1279
f 2718//1279 3001//1279 3002//1279
f 2718//1279 3002//1279 2717//1279
f 2722//1282 2714//1282 2997//1282
f 2997//1282 2714//1282 2715//1282
f 2997//1282 2715//1282 3002//1282
f 3002//1282 2715//1282 2716//1282
f 3002//1282 2716//1282 2717//1282
f 2738//1285 3003//1285 2739//1285
f 2739//1295 3003//1295 3004//1295
f 2739//1283 3004//1283 2740//1283
f 2740//1288 3004//1288 2741//1288
f 2741//1309 3004//1309 3005//1309
f 2741//1286 3005//1286 2742//1286
f 2737//1277 2745//1277 3006//1277
f 3006//1277 2745//1277 2744//1277
f 3006//1277 2744//1277 3005//1277
f 3005//1277 2744//1277 2743//1277
f 3005//1277 2743//1277 2742//1277
f 2737//1291 3006//1291 2736//1291
f 2736//1310 3006//1310 3007//1310
f 2736//1289 3007//1289 2735//1289
f 2735//1294 3007//1294 2734//1294
f 2734//1311 3007//1311 3008//1311
f 2734//1292 3008//1292 2733//1292
f 2738//1282 2730//1282 3003//1282
f 3003//1282 2730//1282 2731//1282
f 3003//1282 2731//1282 3008//1282
f 3008//1282 2731//1282 2732//1282
f 3008//1282 2732//1282 2733//1282
f 2754//1285 3009//1285 2755//1285
f 2755//1312 3009//1312 3010//1312
f 2755//1313 3010//1313 2756//1313
f 2756//1314 3010//1314 2757//1314
f 2757//1315 3010//1315 3011//1315
f 2757//1297 3011//1297 2758//1297
f 2753//1277 2761//1277 3012//1277
f 3012//1277 2761//1277 2760//1277
f 3012//1277 2760//1277 3011//1277
f 3011//1277 2760//1277 2759//1277
f 3011//1277 2759//1277 2758//1277
f 2753//1289 3012//1289 2752//1289
f 2752//1290 3012//1290 3013//1290
f 2752//1291 3013//1291 2751//1291
f 2751//1292 3013//1292 2750//1292
f 2750//1316 3013//1316 3014//1316
f 2750//1302 3014//1302 2749//1302
f 2754//1282 2746//1282 3009//1282
f 3009//1282 2746//1282 2747//1282
f 3009//1282 2747//1282 3014//1282
f 3014//1282 2747//1282 2748//1282
f 3014//1282 2748//1282 2749//1282
f 2770//1275 3015//1275 2771//1275
f 2771//1275 3015//1275 3016//1275
f 2771//1275 3016//1275 2772//1275
f 2772//1306 3016//1306 2773//1306
f 2773//1317 3016//1317 3017//1317
f 2773//1276 3017//1276 2774//1276
f 2769//1277 2777//1277 3018//1277
f 3018//1277 2777//1277 2776//1277
f 3018//1277 2776//1277 3017//1277
f 3017//1277 2776//1277 2775//1277
f 3017//1277 2775//1277 2774//1277
f 2769//1278 3018//1278 2768//1278
f 2768//1318 3018//1318 3019//1318
f 2768//1307 3019//1307 2767//1307
f 2767//1279 3019//1279 2766//1279
f 2766//1279 3019//1279 3020//1279
f 2766//1279 3020//1279 2765//1279
f 2770//1282 2762//1282 3015//1282
f 3015//1282 2762//1282 2763//1282
f 3015//1282 2763//1282 3020//1282
f 3020//1282 2763//1282 2764//1282
f 3020//1282 2764//1282 2765//1282
f 2929//248 3021//248 2930//248
f 2835//248 2834//248 3022//248
f 3023//248 3024//248 3025//248
f 3026//248 3027//248 3028//248
f 2936//248 2937//248 3029//248
f 2964//248 2965//248 3030//248
f 3031//248 3032//248 3033//248
f 3031//248 3033//248 3034//248
f 3035//248 3036//248 3037//248
f 3038//248 3039//248 3040//248
f 3040//248 3039//248 3036//248
f 3038//248 3040//248 3041//248
f 3041//248 3040//248 3042//248
f 3041//248 3042//248 3043//248
f 3043//248 3042//248 3044//248
f 3043//248 3044//248 3045//248
f 3044//248 3046//248 2785//248
f 2785//248 3046//248 2786//248
f 2786//248 3046//248 3047//248
f 2786//248 3047//248 2787//248
f 2779//248 3048//248 2780//248
f 2780//248 3048//248 3049//248
f 2780//248 3049//248 2781//248
f 2781//248 3049//248 3050//248
f 2781//248 3050//248 2782//248
f 2782//248 3050//248 3045//248
f 2782//248 3045//248 2783//248
f 2783//248 3045//248 3044//248
f 2783//248 3044//248 2784//248
f 2784//248 3044//248 2785//248
f 2779//248 2778//248 3048//248
f 3048//248 2778//248 2789//248
f 3048//248 2789//248 3047//248
f 3047//248 2789//248 2788//248
f 3047//248 2788//248 2787//248
f 3030//248 2965//248 3047//248
f 3047//248 2965//248 2966//248
f 3047//248 2966//248 3048//248
f 3048//248 2966//248 2967//248
f 3048//248 2967//248 3051//248
f 3051//248 2967//248 2968//248
f 3051//248 2968//248 3052//248
f 3052//248 2968//248 2969//248
f 3052//248 2969//248 3053//248
f 3053//248 2969//248 2970//248
f 3053//248 2970//248 3054//248
f 2970//248 2971//248 3054//248
f 3054//248 2971//248 2972//248
f 3054//248 2972//248 2959//248
f 2960//248 2961//248 3055//248
f 3055//248 2961//248 2962//248
f 3055//248 2962//248 3030//248
f 3030//248 2962//248 2963//248
f 3030//248 2963//248 2964//248
f 3056//248 2802//248 2801//248
f 2801//248 3057//248 3056//248
f 3056//248 3057//248 3054//248
f 3056//248 3054//248 3055//248
f 3055//248 3054//248 2959//248
f 3055//248 2959//248 2960//248
f 2801//248 2800//248 3057//248
f 3057//248 2800//248 2799//248
f 3057//248 2799//248 3058//248
f 3058//248 2799//248 2798//248
f 3058//248 2798//248 3059//248
f 2798//248 2797//248 3059//248
f 3059//248 2797//248 2796//248
f 3059//248 2796//248 3060//248
f 3060//248 2796//248 2795//248
f 2794//248 3061//248 2795//248
f 2795//248 3061//248 3062//248
f 2795//248 3062//248 3060//248
f 3063//248 3064//248 3065//248
f 3065//248 3064//248 3061//248
f 3065//248 3061//248 3066//248
f 3066//248 3061//248 2794//248
f 2951//248 2950//248 3063//248
f 2950//248 2949//248 3063//248
f 3063//248 2949//248 3067//248
f 3063//248 3067//248 3064//248
f 2951//248 3063//248 2952//248
f 2952//248 3063//248 3068//248
f 2952//248 3068//248 2953//248
f 2949//248 2948//248 3067//248
f 3067//248 2948//248 2947//248
f 3067//248 2947//248 3069//248
f 3069//248 2947//248 2946//248
f 3069//248 2946//248 3070//248
f 3070//248 2946//248 2958//248
f 3071//248 2955//248 3068//248
f 3068//248 2955//248 2954//248
f 3068//248 2954//248 2953//248
f 2958//248 2957//248 3070//248
f 3070//248 2957//248 2956//248
f 3070//248 2956//248 3072//248
f 3073//248 2811//248 2810//248
f 3073//248 2810//248 3071//248
f 3071//248 2810//248 2809//248
f 3071//248 2809//248 2808//248
f 2956//248 2955//248 3072//248
f 3072//248 2955//248 3071//248
f 3072//248 3071//248 2807//248
f 2807//248 3071//248 2808//248
f 2807//248 2806//248 3072//248
f 3072//248 2806//248 2805//248
f 3072//248 2805//248 3074//248
f 3074//248 2805//248 2816//248
f 3074//248 2816//248 3075//248
f 3075//248 2816//248 2815//248
f 3075//248 2815//248 2814//248
f 2811//248 3073//248 2812//248
f 2812//248 3073//248 3076//248
f 2812//248 3076//248 2813//248
f 2940//248 2941//248 3076//248
f 3076//248 2941//248 2942//248
f 2814//248 2813//248 3075//248
f 3075//248 2813//248 3076//248
f 3075//248 3076//248 2943//248
f 2943//248 3076//248 2942//248
f 2943//248 2944//248 3075//248
f 3075//248 2944//248 2945//248
f 3075//248 2945//248 3077//248
f 3077//248 2945//248 2934//248
f 3077//248 2934//248 3078//248
f 2934//248 2933//248 3078//248
f 3078//248 2933//248 2932//248
f 3078//248 2932//248 3079//248
f 3079//248 2932//248 2935//248
f 3080//248 3081//248 3082//248
f 3082//248 3081//248 3079//248
f 3082//248 3079//248 3029//248
f 3029//248 3079//248 2935//248
f 3029//248 2935//248 2936//248
f 2929//248 2928//248 3021//248
f 3021//248 2928//248 3083//248
f 3021//248 3083//248 3084//248
f 3085//248 3086//248 3087//248
f 3088//248 3089//248 3090//248
f 3091//248 3092//248 3093//248
f 3092//248 2898//248 3023//248
f 3023//248 2898//248 2899//248
f 3023//248 2899//248 3024//248
f 3024//248 2899//248 2900//248
f 3024//248 2900//248 2901//248
f 2792//248 2790//248 3094//248
f 3094//248 2790//248 2791//248
f 3094//248 2791//248 3095//248
f 3096//248 3097//248 2817//248
f 3098//248 2820//248 3099//248
f 3099//248 2820//248 2819//248
f 3099//248 2819//248 3097//248
f 3097//248 2819//248 2818//248
f 3097//248 2818//248 2817//248
f 3089//248 3088//248 2826//248
f 2817//248 2829//248 3096//248
f 3096//248 2829//248 2828//248
f 3096//248 2828//248 3088//248
f 3088//248 2828//248 2827//248
f 3088//248 2827//248 2826//248
f 2826//248 2825//248 3089//248
f 3089//248 2825//248 2824//248
f 3089//248 2824//248 3100//248
f 3100//248 2824//248 2823//248
f 3100//248 2823//248 3101//248
f 3101//248 2823//248 2822//248
f 3101//248 2822//248 3098//248
f 3098//248 2822//248 2821//248
f 3098//248 2821//248 2820//248
f 3102//248 3103//248 2831//248
f 2830//248 2842//248 3104//248
f 2831//248 3103//248 2832//248
f 2832//248 3103//248 3105//248
f 2832//248 3105//248 2833//248
f 2833//248 3106//248 3035//248
f 3107//248 3108//248 3037//248
f 3037//248 3108//248 3022//248
f 3037//248 3022//248 3035//248
f 3035//248 3022//248 2834//248
f 3035//248 2834//248 2833//248
f 2839//248 2838//248 3108//248
f 3108//248 2838//248 2837//248
f 3108//248 2837//248 3022//248
f 3022//248 2837//248 2836//248
f 3022//248 2836//248 2835//248
f 2845//248 3109//248 2846//248
f 2846//248 3109//248 3110//248
f 2846//248 3110//248 2847//248
f 2849//248 2848//248 3111//248
f 3111//248 2848//248 2896//248
f 3111//248 2896//248 2897//248
f 2853//248 3112//248 2854//248
f 2854//248 3112//248 3113//248
f 2854//248 3113//248 2843//248
f 2843//248 3113//248 3114//248
f 2843//248 3114//248 2844//248
f 2853//248 2852//248 3112//248
f 3112//248 2852//248 2851//248
f 3112//248 2851//248 3115//248
f 3115//248 2851//248 2850//248
f 3115//248 2850//248 3116//248
f 3116//248 2850//248 2849//248
f 3116//248 2849//248 3091//248
f 3091//248 2849//248 3111//248
f 3091//248 3111//248 3092//248
f 3092//248 3111//248 2897//248
f 3092//248 2897//248 2898//248
f 2882//248 2881//248 3117//248
f 2882//248 3117//248 2883//248
f 2883//248 3117//248 3118//248
f 2883//248 3118//248 2884//248
f 2889//248 3109//248 3114//248
f 3114//248 3109//248 2845//248
f 3114//248 2845//248 2844//248
f 2889//248 2888//248 3109//248
f 3109//248 2888//248 2887//248
f 3109//248 2887//248 3119//248
f 3119//248 2887//248 2886//248
f 3119//248 2886//248 2885//248
f 2890//248 3098//248 2891//248
f 2891//248 3098//248 2892//248
f 2857//248 2856//248 3099//248
f 3099//248 2856//248 2855//248
f 3099//248 2855//248 3098//248
f 3098//248 2855//248 2893//248
f 3098//248 2893//248 2892//248
f 2857//248 3099//248 2858//248
f 2858//248 3099//248 3120//248
f 2858//248 3120//248 2859//248
f 2859//248 3120//248 2860//248
f 2860//248 3120//248 3121//248
f 2860//248 3121//248 2861//248
f 2863//248 3122//248 2864//248
f 2864//248 3122//248 3123//248
f 2864//248 3123//248 2865//248
f 2865//248 3123//248 2866//248
f 2866//248 3123//248 3124//248
f 2866//248 3124//248 2867//248
f 2867//248 3124//248 2868//248
f 2868//248 3124//248 3095//248
f 2868//248 3095//248 2869//248
f 2791//248 2804//248 3095//248
f 3095//248 2804//248 3125//248
f 3095//248 3125//248 2869//248
f 2869//248 3125//248 3126//248
f 2869//248 3126//248 2870//248
f 2870//248 3126//248 2871//248
f 2875//248 2874//248 3127//248
f 3127//248 2874//248 2873//248
f 3127//248 2873//248 3126//248
f 3126//248 2873//248 2872//248
f 3126//248 2872//248 2871//248
f 2875//248 3127//248 2876//248
f 2876//248 3127//248 3128//248
f 2876//248 3128//248 2877//248
f 2877//248 3128//248 2878//248
f 2878//248 3128//248 3102//248
f 2878//248 3102//248 2879//248
f 2881//248 2880//248 3117//248
f 3117//248 2880//248 2879//248
f 3117//248 2879//248 3104//248
f 3104//248 2879//248 3102//248
f 3104//248 3102//248 2830//248
f 2830//248 3102//248 2831//248
f 2848//248 2847//248 2896//248
f 2896//248 2847//248 3110//248
f 2896//248 3110//248 2895//248
f 2895//248 3110//248 3109//248
f 2895//248 3109//248 2894//248
f 2894//248 3109//248 3119//248
f 2894//248 3119//248 2907//248
f 2907//248 3119//248 3129//248
f 3130//248 2901//248 2902//248
f 2902//248 2903//248 3130//248
f 3130//248 2903//248 2904//248
f 3130//248 2904//248 3131//248
f 3131//248 2904//248 2905//248
f 3131//248 2905//248 3129//248
f 3129//248 2905//248 2906//248
f 3129//248 2906//248 2907//248
f 2938//248 3121//248 2937//248
f 2937//248 3121//248 2921//248
f 3096//248 2926//248 3097//248
f 3097//248 2926//248 2925//248
f 3097//248 2925//248 3099//248
f 3099//248 2925//248 2924//248
f 3099//248 2924//248 3120//248
f 3120//248 2924//248 2923//248
f 3120//248 2923//248 3121//248
f 3121//248 2923//248 2922//248
f 3121//248 2922//248 2921//248
f 3086//248 3083//248 3087//248
f 3087//248 3083//248 2928//248
f 3087//248 2928//248 3132//248
f 3132//248 2928//248 2927//248
f 3084//248 3080//248 3021//248
f 3021//248 3080//248 3082//248
f 3021//248 3082//248 2930//248
f 2930//248 3082//248 3029//248
f 2930//248 3029//248 2931//248
f 2931//248 3029//248 2937//248
f 2931//248 2937//248 2920//248
f 2920//248 2937//248 2921//248
f 2938//248 2939//248 3121//248
f 3121//248 2939//248 3133//248
f 3121//248 3133//248 2861//248
f 2861//248 3133//248 3122//248
f 2861//248 3122//248 2862//248
f 2862//248 3122//248 2863//248
f 3036//248 3035//248 3040//248
f 3040//248 3035//248 3106//248
f 3040//248 3106//248 3042//248
f 3042//248 3106//248 3134//248
f 3042//248 3134//248 3044//248
f 3044//248 3134//248 3135//248
f 3044//248 3135//248 3046//248
f 3046//248 3135//248 3136//248
f 3046//248 3136//248 3047//248
f 3047//248 3136//248 3137//248
f 3047//248 3137//248 3030//248
f 3030//248 3137//248 3138//248
f 3030//248 3138//248 3055//248
f 3055//248 3138//248 3139//248
f 3055//248 3139//248 3056//248
f 3056//248 3139//248 2803//248
f 3056//248 2803//248 2802//248
f 2833//248 3105//248 3106//248
f 3106//248 3105//248 3103//248
f 3106//248 3103//248 3134//248
f 3134//248 3103//248 3102//248
f 3134//248 3102//248 3135//248
f 3135//248 3102//248 3128//248
f 3135//248 3128//248 3136//248
f 3136//248 3128//248 3127//248
f 3136//248 3127//248 3137//248
f 3137//248 3127//248 3126//248
f 3137//248 3126//248 3138//248
f 3138//248 3126//248 3125//248
f 3138//248 3125//248 3139//248
f 3139//248 3125//248 2804//248
f 3139//248 2804//248 2803//248
f 2842//248 2841//248 3104//248
f 3104//248 2841//248 3140//248
f 3104//248 3140//248 3117//248
f 3117//248 3140//248 3141//248
f 3117//248 3141//248 3118//248
f 3118//248 3141//248 3142//248
f 2841//248 2840//248 3140//248
f 3140//248 2840//248 3143//248
f 3140//248 3143//248 3141//248
f 3141//248 3143//248 3144//248
f 3141//248 3144//248 3142//248
f 3142//248 3144//248 3145//248
f 2913//248 2912//248 3146//248
f 3146//248 2912//248 2911//248
f 2910//248 2909//248 3144//248
f 3144//248 2909//248 2908//248
f 3144//248 2908//248 3145//248
f 3145//248 2908//248 2919//248
f 3145//248 2919//248 2918//248
f 2918//248 2917//248 3145//248
f 3145//248 2917//248 2916//248
f 3145//248 2916//248 3033//248
f 3033//248 2916//248 2915//248
f 3033//248 2915//248 2914//248
f 3107//248 3147//248 3108//248
f 3108//248 3147//248 3034//248
f 3108//248 3034//248 3146//248
f 3146//248 3034//248 3033//248
f 3146//248 3033//248 2913//248
f 2913//248 3033//248 2914//248
f 2911//248 2910//248 3146//248
f 3146//248 2910//248 3144//248
f 3146//248 3144//248 3108//248
f 3108//248 3144//248 3143//248
f 3108//248 3143//248 2839//248
f 2839//248 3143//248 2840//248
f 2794//248 2793//248 3066//248
f 3066//248 2793//248 2792//248
f 3066//248 2792//248 3065//248
f 3065//248 2792//248 3094//248
f 3065//248 3094//248 3063//248
f 3063//248 3094//248 3095//248
f 3063//248 3095//248 3068//248
f 3068//248 3095//248 3124//248
f 3068//248 3124//248 3071//248
f 3071//248 3124//248 3123//248
f 3071//248 3123//248 3073//248
f 3073//248 3123//248 3122//248
f 3073//248 3122//248 3076//248
f 3076//248 3122//248 3133//248
f 3076//248 3133//248 2940//248
f 2940//248 3133//248 2939//248
f 3025//248 3024//248 3148//248
f 3148//248 3024//248 2901//248
f 3148//248 2901//248 3032//248
f 3032//248 2901//248 3130//248
f 3032//248 3130//248 3033//248
f 3033//248 3130//248 3131//248
f 3033//248 3131//248 3145//248
f 3145//248 3131//248 3129//248
f 3145//248 3129//248 3142//248
f 3142//248 3129//248 3119//248
f 3142//248 3119//248 3118//248
f 3118//248 3119//248 2885//248
f 3118//248 2885//248 2884//248
f 2890//248 2889//248 3098//248
f 3098//248 2889//248 3114//248
f 3098//248 3114//248 3101//248
f 3101//248 3114//248 3113//248
f 3101//248 3113//248 3100//248
f 3100//248 3113//248 3112//248
f 3100//248 3112//248 3089//248
f 2927//248 2926//248 3132//248
f 3132//248 2926//248 3096//248
f 3132//248 3096//248 3087//248
f 3087//248 3096//248 3088//248
f 3087//248 3088//248 3085//248
f 3085//248 3088//248 3090//248
f 3093//248 3149//248 3091//248
f 3091//248 3149//248 3150//248
f 3091//248 3150//248 3116//248
f 3116//248 3150//248 3151//248
f 3116//248 3151//248 3115//248
f 3115//248 3151//248 3028//248
f 3115//248 3028//248 3112//248
f 3112//248 3028//248 3027//248
f 3112//248 3027//248 3089//248
f 3089//248 3027//248 3026//248
f 3089//248 3026//248 3090//248
f 3152//248 3153//248 2977//248
f 2977//248 3153//248 3154//248
f 2977//248 3154//248 3155//248
f 3156//248 3157//248 2976//248
f 2976//248 3157//248 3158//248
f 2976//248 3158//248 2977//248
f 2977//248 3158//248 3159//248
f 2977//248 3159//248 3152//248
f 3160//248 3161//248 2973//248
f 2973//248 3161//248 3162//248
f 2973//248 3162//248 2974//248
f 2974//248 3162//248 3163//248
f 2974//248 3163//248 3164//248
f 3155//248 3165//248 2977//248
f 2977//248 3165//248 3166//248
f 2977//248 3166//248 2978//248
f 2978//248 3166//248 3167//248
f 2978//248 3167//248 2973//248
f 2973//248 3167//248 3168//248
f 2973//248 3168//248 3160//248
f 3169//248 3170//248 2974//248
f 2974//248 3170//248 3171//248
f 2974//248 3171//248 2975//248
f 2975//248 3171//248 3172//248
f 2975//248 3172//248 2976//248
f 2976//248 3172//248 3173//248
f 2976//248 3173//248 3156//248
f 3164//248 3174//248 2974//248
f 2974//248 3174//248 3175//248
f 2974//248 3175//248 3169//248
f 3176//248 3177//248 2979//248
f 2979//248 3177//248 3178//248
f 2979//248 3178//248 2980//248
f 2980//248 3178//248 3179//248
f 2980//248 3179//248 2981//248
f 2981//248 3179//248 3180//248
f 2981//248 3180//248 3181//248
f 3182//248 3183//248 2981//248
f 2981//248 3183//248 3184//248
f 2981//248 3184//248 2982//248
f 2982//248 3184//248 3185//248
f 2982//248 3185//248 3186//248
f 3181//248 3187//248 2981//248
f 2981//248 3187//248 3188//248
f 2981//248 3188//248 3182//248
f 2984//248 3189//248 2979//248
f 2979//248 3189//248 3190//248
f 2979//248 3190//248 3176//248
f 3191//248 2984//248 3192//248
f 3192//248 2984//248 3193//248
f 3191//248 3194//248 2984//248
f 2984//248 3194//248 3195//248
f 2984//248 3195//248 3189//248
f 3186//248 3196//248 2982//248
f 2982//248 3196//248 3197//248
f 2982//248 3197//248 2983//248
f 2983//248 3197//248 3198//248
f 2983//248 3198//248 2984//248
f 2984//248 3198//248 3199//248
f 2984//248 3199//248 3193//248
f 3200//248 3201//248 2990//248
f 2990//248 3201//248 3202//248
f 2990//248 3202//248 2985//248
f 2985//248 3202//248 3203//248
f 2985//248 3203//248 3204//248
f 3205//248 3206//248 2989//248
f 2989//248 3206//248 3207//248
f 2989//248 3207//248 2990//248
f 2990//248 3207//248 3208//248
f 2990//248 3208//248 3200//248
f 3209//248 3210//248 2988//248
f 2988//248 3210//248 3211//248
f 2988//248 3211//248 2989//248
f 2989//248 3211//248 3212//248
f 2989//248 3212//248 3205//248
f 3213//248 3214//248 2986//248
f 2986//248 3214//248 3215//248
f 2986//248 3215//248 3216//248
f 3216//248 3217//248 2986//248
f 2986//248 3217//248 3218//248
f 2986//248 3218//248 2987//248
f 2987//248 3218//248 3219//248
f 2987//248 3219//248 2988//248
f 2988//248 3219//248 3220//248
f 2988//248 3220//248 3209//248
f 3204//248 3221//248 2985//248
f 2985//248 3221//248 3222//248
f 2985//248 3222//248 2986//248
f 2986//248 3222//248 3223//248
f 2986//248 3223//248 3213//248
f 3224//248 2995//248 3225//248
f 3225//248 2995//248 3226//248
f 3227//248 3228//248 2992//248
f 2992//248 3228//248 3229//248
f 2992//248 3229//248 2993//248
f 2993//248 3229//248 3230//248
f 2993//248 3230//248 2994//248
f 2994//248 3230//248 3231//248
f 2994//248 3231//248 3232//248
f 3232//248 3233//248 2994//248
f 2994//248 3233//248 3234//248
f 2994//248 3234//248 2995//248
f 2995//248 3234//248 3235//248
f 2995//248 3235//248 3226//248
f 3236//248 3237//248 2991//248
f 2991//248 3237//248 3238//248
f 2991//248 3238//248 2992//248
f 2992//248 3238//248 3239//248
f 2992//248 3239//248 3227//248
f 2995//248 3240//248 2996//248
f 2996//248 3240//248 3241//248
f 2996//248 3241//248 3242//248
f 3224//248 3243//248 2995//248
f 2995//248 3243//248 3244//248
f 2995//248 3244//248 3240//248
f 3242//248 3245//248 2996//248
f 2996//248 3245//248 3246//248
f 2996//248 3246//248 2991//248
f 2991//248 3246//248 3247//248
f 2991//248 3247//248 3236//248
f 3000//248 3248//248 3001//248
f 3001//248 3248//248 3249//248
f 3001//248 3249//248 3250//248
f 3251//248 3000//248 3252//248
f 3252//248 3000//248 3253//248
f 3254//248 3255//248 2997//248
f 2997//248 3255//248 3256//248
f 2997//248 3256//248 2998//248
f 2998//248 3256//248 3257//248
f 2998//248 3257//248 2999//248
f 2999//248 3257//248 3258//248
f 2999//248 3258//248 3259//248
f 3260//248 3261//248 3002//248
f 3002//248 3261//248 3262//248
f 3002//248 3262//248 2997//248
f 2997//248 3262//248 3263//248
f 2997//248 3263//248 3254//248
f 3250//248 3264//248 3001//248
f 3001//248 3264//248 3265//248
f 3001//248 3265//248 3002//248
f 3002//248 3265//248 3266//248
f 3002//248 3266//248 3260//248
f 3251//248 3267//248 3000//248
f 3000//248 3267//248 3268//248
f 3000//248 3268//248 3248//248
f 3259//248 3269//248 2999//248
f 2999//248 3269//248 3270//248
f 2999//248 3270//248 3000//248
f 3000//248 3270//248 3271//248
f 3000//248 3271//248 3253//248
f 3272//248 3273//248 3006//248
f 3274//248 3275//248 3008//248
f 3276//248 3277//248 3007//248
f 3008//248 3275//248 3003//248
f 3003//248 3275//248 3278//248
f 3003//248 3278//248 3279//248
f 3007//248 3277//248 3008//248
f 3008//248 3277//248 3280//248
f 3008//248 3280//248 3274//248
f 3273//248 3281//248 3006//248
f 3006//248 3281//248 3282//248
f 3006//248 3282//248 3007//248
f 3007//248 3282//248 3283//248
f 3007//248 3283//248 3276//248
f 3272//248 3006//248 3284//248
f 3284//248 3006//248 3005//248
f 3284//248 3005//248 3285//248
f 3285//248 3005//248 3004//248
f 3285//248 3004//248 3286//248
f 3279//248 3287//248 3003//248
f 3003//248 3287//248 3288//248
f 3003//248 3288//248 3004//248
f 3004//248 3288//248 3289//248
f 3004//248 3289//248 3286//248
f 3290//248 3013//248 3291//248
f 3291//248 3013//248 3012//248
f 3291//248 3012//248 3292//248
f 3292//248 3012//248 3293//248
f 3294//248 3295//248 3010//248
f 3010//248 3295//248 3296//248
f 3010//248 3296//248 3011//248
f 3011//248 3296//248 3297//248
f 3011//248 3297//248 3012//248
f 3012//248 3297//248 3298//248
f 3012//248 3298//248 3293//248
f 3294//248 3010//248 3299//248
f 3299//248 3010//248 3009//248
f 3299//248 3009//248 3300//248
f 3301//248 3302//248 3014//248
f 3014//248 3302//248 3303//248
f 3014//248 3303//248 3009//248
f 3009//248 3303//248 3304//248
f 3009//248 3304//248 3300//248
f 3290//248 3305//248 3013//248
f 3013//248 3305//248 3306//248
f 3013//248 3306//248 3014//248
f 3014//248 3306//248 3307//248
f 3014//248 3307//248 3301//248
f 3308//248 3309//248 3018//248
f 3018//248 3309//248 3310//248
f 3018//248 3310//248 3019//248
f 3019//248 3310//248 3311//248
f 3312//248 3313//248 3016//248
f 3016//248 3313//248 3314//248
f 3016//248 3314//248 3017//248
f 3017//248 3314//248 3315//248
f 3017//248 3315//248 3018//248
f 3018//248 3315//248 3316//248
f 3018//248 3316//248 3308//248
f 3312//248 3016//248 3317//248
f 3317//248 3016//248 3015//248
f 3317//248 3015//248 3318//248
f 3319//248 3320//248 3020//248
f 3020//248 3320//248 3321//248
f 3020//248 3321//248 3015//248
f 3015//248 3321//248 3322//248
f 3015//248 3322//248 3318//248
f 3311//248 3323//248 3019//248
f 3019//248 3323//248 3324//248
f 3019//248 3324//248 3020//248
f 3020//248 3324//248 3325//248
f 3020//248 3325//248 3319//248
f 3326//1319 3084//1319 3083//1319
f 3084//1320 3326//1320 3080//1320
f 3080//1321 3326//1321 3327//1321
f 3080//1322 3327//1322 3081//1322
f 3081//1323 3327//1323 3328//1323
f 3081//1324 3328//1324 3079//1324
f 3079//1325 3328//1325 3329//1325
f 3079//1326 3329//1326 3078//1326
f 3078//1327 3329//1327 3330//1327
f 3078//1328 3330//1328 3077//1328
f 3077//1329 3330//1329 3331//1329
f 3077//1330 3331//1330 3075//1330
f 3075//1331 3331//1331 3332//1331
f 3075//1332 3332//1332 3074//1332
f 3074//1333 3332//1333 3072//1333
f 3072//1334 3332//1334 3333//1334
f 3072//1335 3333//1335 3070//1335
f 3070//1336 3333//1336 3334//1336
f 3070//1337 3334//1337 3069//1337
f 3335//1338 3064//1338 3334//1338
f 3334//1339 3064//1339 3067//1339
f 3334//1340 3067//1340 3069//1340
f 3057//1341 3058//1341 3336//1341
f 3336//1342 3058//1342 3059//1342
f 3336//1343 3059//1343 3337//1343
f 3337//1344 3059//1344 3060//1344
f 3337//1345 3060//1345 3338//1345
f 3338//1346 3060//1346 3062//1346
f 3338//1347 3062//1347 3335//1347
f 3335//1348 3062//1348 3061//1348
f 3335//1349 3061//1349 3064//1349
f 3057//1350 3336//1350 3054//1350
f 3054//1351 3336//1351 3339//1351
f 3054//1352 3339//1352 3053//1352
f 3053//1353 3339//1353 3340//1353
f 3053//1354 3340//1354 3052//1354
f 3052//1355 3340//1355 3051//1355
f 3051//1356 3340//1356 3341//1356
f 3051//1357 3341//1357 3048//1357
f 3342//1358 3043//1358 3343//1358
f 3343//1359 3043//1359 3045//1359
f 3343//1360 3045//1360 3344//1360
f 3344//1361 3045//1361 3050//1361
f 3344//1362 3050//1362 3341//1362
f 3341//1363 3050//1363 3049//1363
f 3341//1364 3049//1364 3048//1364
f 3345//1365 3037//1365 3036//1365
f 3036//1366 3039//1366 3345//1366
f 3345//1367 3039//1367 3038//1367
f 3345//1368 3038//1368 3342//1368
f 3342//1369 3038//1369 3041//1369
f 3342//1370 3041//1370 3043//1370
f 3037//1371 3345//1371 3107//1371
f 3107//1372 3345//1372 3346//1372
f 3107//1373 3346//1373 3147//1373
f 3147//1374 3346//1374 3347//1374
f 3147//1375 3347//1375 3034//1375
f 3034//1376 3347//1376 3031//1376
f 3031//1377 3347//1377 3348//1377
f 3031//1378 3348//1378 3032//1378
f 3349//1379 3148//1379 3350//1379
f 3350//1380 3148//1380 3032//1380
f 3350//1381 3032//1381 3351//1381
f 3351//1382 3032//1382 3348//1382
f 3092//1383 3023//1383 3349//1383
f 3349//1384 3023//1384 3025//1384
f 3349//1385 3025//1385 3148//1385
f 3349//1386 3352//1386 3092//1386
f 3092//1387 3352//1387 3353//1387
f 3092//1388 3353//1388 3093//1388
f 3354//1389 3150//1389 3353//1389
f 3353//1390 3150//1390 3149//1390
f 3353//1391 3149//1391 3093//1391
f 3083//1392 3086//1392 3326//1392
f 3326//1393 3086//1393 3085//1393
f 3326//1394 3085//1394 3355//1394
f 3355//1395 3085//1395 3090//1395
f 3355//1396 3090//1396 3356//1396
f 3356//1397 3090//1397 3026//1397
f 3356//1398 3026//1398 3357//1398
f 3357//1399 3026//1399 3028//1399
f 3357//1400 3028//1400 3354//1400
f 3354//1401 3028//1401 3151//1401
f 3354//1402 3151//1402 3150//1402
f 3358//1403 3359//1403 3360//1403
f 3360//1404 3359//1404 3361//1404
f 3360//1405 3361//1405 3362//1405
f 3362//1406 3361//1406 3363//1406
f 3362//1407 3363//1407 3364//1407
f 3364//1408 3363//1408 3365//1408
f 3364//1409 3365//1409 3366//1409
f 3366//1410 3365//1410 3367//1410
f 3366//1411 3367//1411 3368//1411
f 3368//1412 3367//1412 3369//1412
f 3368//1413 3369//1413 3370//1413
f 3370//1414 3369//1414 3371//1414
f 3370//1415 3371//1415 3372//1415
f 3372//1416 3371//1416 3373//1416
f 3372//1417 3373//1417 3374//1417
f 3374//1418 3373//1418 3375//1418
f 3374//1419 3375//1419 3376//1419
f 3376//1420 3375//1420 3377//1420
f 3376//1421 3377//1421 3378//1421
f 3378//1422 3377//1422 3379//1422
f 3378//1423 3379//1423 3380//1423
f 3380//1424 3379//1424 3381//1424
f 3380//1425 3381//1425 3382//1425
f 3382//1426 3381//1426 3383//1426
f 3382//1427 3383//1427 3384//1427
f 3384//1428 3383//1428 3385//1428
f 3384//1429 3385//1429 3386//1429
f 3386//1430 3385//1430 3387//1430
f 3386//1431 3387//1431 3388//1431
f 3388//1432 3387//1432 3389//1432
f 3388//1433 3389//1433 3390//1433
f 3390//1434 3389//1434 3391//1434
f 3390//1435 3391//1435 3392//1435
f 3392//1436 3391//1436 3393//1436
f 3392//1437 3393//1437 3394//1437
f 3394//1438 3393//1438 3395//1438
f 3394//1439 3395//1439 3396//1439
f 3396//1440 3395//1440 3397//1440
f 3396//1441 3397//1441 3398//1441
f 3398//1442 3397//1442 3399//1442
f 3398//1443 3399//1443 3400//1443
f 3400//1444 3399//1444 3401//1444
f 3400//1445 3401//1445 3402//1445
f 3402//1446 3401//1446 3403//1446
f 3402//1447 3403//1447 3404//1447
f 3404//1448 3403//1448 3405//1448
f 3404//1449 3405//1449 3358//1449
f 3358//1450 3405//1450 3359//1450
f 3405//1451 3406//1451 3359//1451
f 3359//1452 3406//1452 3407//1452
f 3359//1453 3407//1453 3361//1453
f 3361//1454 3407//1454 3408//1454
f 3361//1455 3408//1455 3363//1455
f 3363//1456 3408//1456 3409//1456
f 3363//1457 3409//1457 3365//1457
f 3365//1458 3409//1458 3410//1458
f 3365//1459 3410//1459 3367//1459
f 3367//1460 3410//1460 3411//1460
f 3367//1461 3411//1461 3369//1461
f 3369//1462 3411//1462 3412//1462
f 3369//1463 3412//1463 3371//1463
f 3371//1464 3412//1464 3413//1464
f 3371//1465 3413//1465 3373//1465
f 3373//1466 3413//1466 3414//1466
f 3373//1467 3414//1467 3375//1467
f 3375//1468 3414//1468 3415//1468
f 3375//1469 3415//1469 3377//1469
f 3377//1470 3415//1470 3416//1470
f 3377//1471 3416//1471 3379//1471
f 3379//1472 3416//1472 3417//1472
f 3379//1473 3417//1473 3381//1473
f 3381//1474 3417//1474 3418//1474
f 3381//1475 3418//1475 3383//1475
f 3383//1476 3418//1476 3419//1476
f 3383//1477 3419//1477 3385//1477
f 3385//1478 3419//1478 3420//1478
f 3385//1479 3420//1479 3387//1479
f 3387//1480 3420//1480 3421//1480
f 3387//1480 3421//1480 3389//1480
f 3389//1481 3421//1481 3422//1481
f 3389//1482 3422//1482 3391//1482
f 3391//1483 3422//1483 3423//1483
f 3391//1484 3423//1484 3393//1484
f 3393//1485 3423//1485 3424//1485
f 3393//1486 3424//1486 3395//1486
f 3395//1487 3424//1487 3425//1487
f 3395//1488 3425//1488 3397//1488
f 3397//1489 3425//1489 3426//1489
f 3397//1489 3426//1489 3399//1489
f 3399//1490 3426//1490 3427//1490
f 3399//1491 3427//1491 3401//1491
f 3401//1492 3427//1492 3428//1492
f 3401//1493 3428//1493 3403//1493
f 3403//1494 3428//1494 3429//1494
f 3403//1495 3429//1495 3405//1495
f 3405//1496 3429//1496 3406//1496
f 3429//1497 3168//1497 3406//1497
f 3406//1498 3168//1498 3167//1498
f 3406//1499 3167//1499 3407//1499
f 3407//1500 3167//1500 3166//1500
f 3407//1501 3166//1501 3408//1501
f 3408//1502 3166//1502 3165//1502
f 3408//1503 3165//1503 3409//1503
f 3409//1504 3165//1504 3155//1504
f 3409//1505 3155//1505 3410//1505
f 3410//1506 3155//1506 3154//1506
f 3410//1507 3154//1507 3411//1507
f 3411//1508 3154//1508 3153//1508
f 3411//1509 3153//1509 3412//1509
f 3412//1510 3153//1510 3152//1510
f 3412//1511 3152//1511 3413//1511
f 3413//1512 3152//1512 3159//1512
f 3413//1513 3159//1513 3414//1513
f 3414//1514 3159//1514 3158//1514
f 3414//1515 3158//1515 3415//1515
f 3415//1516 3158//1516 3157//1516
f 3415//1517 3157//1517 3416//1517
f 3416//1518 3157//1518 3156//1518
f 3416//1519 3156//1519 3417//1519
f 3417//1520 3156//1520 3173//1520
f 3417//1521 3173//1521 3418//1521
f 3418//1522 3173//1522 3172//1522
f 3418//1523 3172//1523 3419//1523
f 3419//1524 3172//1524 3171//1524
f 3419//1525 3171//1525 3420//1525
f 3420//1526 3171//1526 3170//1526
f 3420//1527 3170//1527 3421//1527
f 3421//1528 3170//1528 3169//1528
f 3421//1529 3169//1529 3422//1529
f 3422//1530 3169//1530 3175//1530
f 3422//1531 3175//1531 3423//1531
f 3423//1532 3175//1532 3174//1532
f 3423//1533 3174//1533 3424//1533
f 3424//1534 3174//1534 3164//1534
f 3424//1535 3164//1535 3425//1535
f 3425//1536 3164//1536 3163//1536
f 3425//1537 3163//1537 3426//1537
f 3426//1538 3163//1538 3162//1538
f 3426//1539 3162//1539 3427//1539
f 3427//1540 3162//1540 3161//1540
f 3427//1541 3161//1541 3428//1541
f 3428//1542 3161//1542 3160//1542
f 3428//1543 3160//1543 3429//1543
f 3429//1544 3160//1544 3168//1544
f 3430//1545 3431//1545 3432//1545
f 3432//1546 3431//1546 3433//1546
f 3432//1547 3433//1547 3434//1547
f 3434//1548 3433//1548 3435//1548
f 3434//1549 3435//1549 3436//1549
f 3436//1550 3435//1550 3437//1550
f 3436//1551 3437//1551 3438//1551
f 3438//1552 3437//1552 3439//1552
f 3438//1553 3439//1553 3440//1553
f 3440//1554 3439//1554 3441//1554
f 3440//1555 3441//1555 3442//1555
f 3442//1556 3441//1556 3443//1556
f 3442//1557 3443//1557 3444//1557
f 3444//1558 3443//1558 3445//1558
f 3444//1559 3445//1559 3446//1559
f 3446//1560 3445//1560 3447//1560
f 3446//1561 3447//1561 3448//1561
f 3448//1562 3447//1562 3449//1562
f 3448//1563 3449//1563 3450//1563
f 3450//1564 3449//1564 3451//1564
f 3450//1565 3451//1565 3452//1565
f 3452//1566 3451//1566 3453//1566
f 3452//1567 3453//1567 3454//1567
f 3454//1568 3453//1568 3455//1568
f 3454//1569 3455//1569 3456//1569
f 3456//1570 3455//1570 3457//1570
f 3456//1571 3457//1571 3458//1571
f 3458//1572 3457//1572 3459//1572
f 3458//1573 3459//1573 3460//1573
f 3460//1574 3459//1574 3461//1574
f 3460//1575 3461//1575 3462//1575
f 3462//1576 3461//1576 3463//1576
f 3462//1577 3463//1577 3464//1577
f 3464//1578 3463//1578 3465//1578
f 3464//1579 3465//1579 3466//1579
f 3466//1580 3465//1580 3467//1580
f 3466//1581 3467//1581 3468//1581
f 3468//1582 3467//1582 3469//1582
f 3468//1583 3469//1583 3470//1583
f 3470//1584 3469//1584 3471//1584
f 3470//1585 3471//1585 3472//1585
f 3472//1586 3471//1586 3473//1586
f 3472//1587 3473//1587 3474//1587
f 3474//1588 3473//1588 3475//1588
f 3474//1589 3475//1589 3476//1589
f 3476//1590 3475//1590 3477//1590
f 3476//1591 3477//1591 3430//1591
f 3430//1592 3477//1592 3431//1592
f 3477//1593 3478//1593 3431//1593
f 3431//1594 3478//1594 3479//1594
f 3431//1595 3479//1595 3433//1595
f 3433//1596 3479//1596 3480//1596
f 3433//1596 3480//1596 3435//1596
f 3435//1597 3480//1597 3481//1597
f 3435//1598 3481//1598 3437//1598
f 3437//1599 3481//1599 3482//1599
f 3437//1600 3482//1600 3439//1600
f 3439//1601 3482//1601 3483//1601
f 3439//1602 3483//1602 3441//1602
f 3441//1603 3483//1603 3484//1603
f 3441//1604 3484//1604 3443//1604
f 3443//1605 3484//1605 3485//1605
f 3443//1606 3485//1606 3445//1606
f 3445//1607 3485//1607 3486//1607
f 3445//1608 3486//1608 3447//1608
f 3447//1609 3486//1609 3487//1609
f 3447//1610 3487//1610 3449//1610
f 3449//1611 3487//1611 3488//1611
f 3449//1612 3488//1612 3451//1612
f 3451//1613 3488//1613 3489//1613
f 3451//1614 3489//1614 3453//1614
f 3453//1615 3489//1615 3490//1615
f 3453//1616 3490//1616 3455//1616
f 3455//1617 3490//1617 3491//1617
f 3455//1618 3491//1618 3457//1618
f 3457//1619 3491//1619 3492//1619
f 3457//1620 3492//1620 3459//1620
f 3459//1621 3492//1621 3493//1621
f 3459//1622 3493//1622 3461//1622
f 3461//1623 3493//1623 3494//1623
f 3461//1482 3494//1482 3463//1482
f 3463//1624 3494//1624 3495//1624
f 3463//1625 3495//1625 3465//1625
f 3465//1626 3495//1626 3496//1626
f 3465//1627 3496//1627 3467//1627
f 3467//1628 3496//1628 3497//1628
f 3467//1629 3497//1629 3469//1629
f 3469//1630 3497//1630 3498//1630
f 3469//1631 3498//1631 3471//1631
f 3471//1632 3498//1632 3499//1632
f 3471//1633 3499//1633 3473//1633
f 3473//1634 3499//1634 3500//1634
f 3473//1635 3500//1635 3475//1635
f 3475//1636 3500//1636 3501//1636
f 3475//1637 3501//1637 3477//1637
f 3477//1638 3501//1638 3478//1638
f 3501//1639 3194//1639 3478//1639
f 3478//1640 3194//1640 3191//1640
f 3478//1641 3191//1641 3479//1641
f 3479//1642 3191//1642 3192//1642
f 3479//1643 3192//1643 3480//1643
f 3480//1644 3192//1644 3193//1644
f 3480//1645 3193//1645 3481//1645
f 3481//1646 3193//1646 3199//1646
f 3481//1647 3199//1647 3482//1647
f 3482//1648 3199//1648 3198//1648
f 3482//1649 3198//1649 3483//1649
f 3483//1650 3198//1650 3197//1650
f 3483//1651 3197//1651 3484//1651
f 3484//1652 3197//1652 3196//1652
f 3484//1653 3196//1653 3485//1653
f 3485//1654 3196//1654 3186//1654
f 3485//1655 3186//1655 3486//1655
f 3486//1656 3186//1656 3185//1656
f 3486//1657 3185//1657 3487//1657
f 3487//1658 3185//1658 3184//1658
f 3487//1659 3184//1659 3488//1659
f 3488//1660 3184//1660 3183//1660
f 3488//1661 3183//1661 3489//1661
f 3489//1662 3183//1662 3182//1662
f 3489//1663 3182//1663 3490//1663
f 3490//1664 3182//1664 3188//1664
f 3490//1665 3188//1665 3491//1665
f 3491//1666 3188//1666 3187//1666
f 3491//1667 3187//1667 3492//1667
f 3492//1668 3187//1668 3181//1668
f 3492//1669 3181//1669 3493//1669
f 3493//1670 3181//1670 3180//1670
f 3493//1671 3180//1671 3494//1671
f 3494//1672 3180//1672 3179//1672
f 3494//1673 3179//1673 3495//1673
f 3495//1674 3179//1674 3178//1674
f 3495//1675 3178//1675 3496//1675
f 3496//1676 3178//1676 3177//1676
f 3496//1677 3177//1677 3497//1677
f 3497//1678 3177//1678 3176//1678
f 3497//1679 3176//1679 3498//1679
f 3498//1680 3176//1680 3190//1680
f 3498//1681 3190//1681 3499//1681
f 3499//1682 3190//1682 3189//1682
f 3499//1683 3189//1683 3500//1683
f 3500//1684 3189//1684 3195//1684
f 3500//1685 3195//1685 3501//1685
f 3501//1686 3195//1686 3194//1686
f 3502//1687 3503//1687 3504//1687
f 3504//1688 3503//1688 3505//1688
f 3504//1689 3505//1689 3506//1689
f 3506//1690 3505//1690 3507//1690
f 3506//1549 3507//1549 3508//1549
f 3508//1691 3507//1691 3509//1691
f 3508//1692 3509//1692 3510//1692
f 3510//1693 3509//1693 3511//1693
f 3510//1694 3511//1694 3512//1694
f 3512//1695 3511//1695 3513//1695
f 3512//1696 3513//1696 3514//1696
f 3514//1697 3513//1697 3515//1697
f 3514//1698 3515//1698 3516//1698
f 3516//1699 3515//1699 3517//1699
f 3516//1700 3517//1700 3518//1700
f 3518//1701 3517//1701 3519//1701
f 3518//1702 3519//1702 3520//1702
f 3520//1703 3519//1703 3521//1703
f 3520//1563 3521//1563 3522//1563
f 3522//1704 3521//1704 3523//1704
f 3522//1705 3523//1705 3524//1705
f 3524//1706 3523//1706 3525//1706
f 3524//1707 3525//1707 3526//1707
f 3526//1708 3525//1708 3527//1708
f 3526//1709 3527//1709 3528//1709
f 3528//1710 3527//1710 3529//1710
f 3528//1711 3529//1711 3530//1711
f 3530//1712 3529//1712 3531//1712
f 3530//1713 3531//1713 3532//1713
f 3532//1714 3531//1714 3533//1714
f 3532//1715 3533//1715 3534//1715
f 3534//1716 3533//1716 3535//1716
f 3534//1717 3535//1717 3536//1717
f 3536//1718 3535//1718 3537//1718
f 3536//1579 3537//1579 3538//1579
f 3538//1719 3537//1719 3539//1719
f 3538//1720 3539//1720 3540//1720
f 3540//1721 3539//1721 3541//1721
f 3540//1722 3541//1722 3542//1722
f 3542//1723 3541//1723 3543//1723
f 3542//1724 3543//1724 3544//1724
f 3544//1725 3543//1725 3545//1725
f 3544//1726 3545//1726 3546//1726
f 3546//1727 3545//1727 3547//1727
f 3546//1728 3547//1728 3548//1728
f 3548//1729 3547//1729 3549//1729
f 3548//1730 3549//1730 3502//1730
f 3502//1731 3549//1731 3503//1731
f 3549//1732 3550//1732 3503//1732
f 3503//1733 3550//1733 3551//1733
f 3503//1734 3551//1734 3505//1734
f 3505//1735 3551//1735 3552//1735
f 3505//1736 3552//1736 3507//1736
f 3507//1737 3552//1737 3553//1737
f 3507//1738 3553//1738 3509//1738
f 3509//1739 3553//1739 3554//1739
f 3509//1740 3554//1740 3511//1740
f 3511//1741 3554//1741 3555//1741
f 3511//1742 3555//1742 3513//1742
f 3513//1743 3555//1743 3556//1743
f 3513//1744 3556//1744 3515//1744
f 3515//1745 3556//1745 3557//1745
f 3515//1746 3557//1746 3517//1746
f 3517//1747 3557//1747 3558//1747
f 3517//1748 3558//1748 3519//1748
f 3519//1609 3558//1609 3559//1609
f 3519//1609 3559//1609 3521//1609
f 3521//1749 3559//1749 3560//1749
f 3521//1750 3560//1750 3523//1750
f 3523//1751 3560//1751 3561//1751
f 3523//1752 3561//1752 3525//1752
f 3525//1753 3561//1753 3562//1753
f 3525//1754 3562//1754 3527//1754
f 3527//1755 3562//1755 3563//1755
f 3527//1756 3563//1756 3529//1756
f 3529//1757 3563//1757 3564//1757
f 3529//1757 3564//1757 3531//1757
f 3531//1758 3564//1758 3565//1758
f 3531//1759 3565//1759 3533//1759
f 3533//1760 3565//1760 3566//1760
f 3533//1761 3566//1761 3535//1761
f 3535//1762 3566//1762 3567//1762
f 3535//1763 3567//1763 3537//1763
f 3537//1764 3567//1764 3568//1764
f 3537//1765 3568//1765 3539//1765
f 3539//1766 3568//1766 3569//1766
f 3539//1767 3569//1767 3541//1767
f 3541//1768 3569//1768 3570//1768
f 3541//1631 3570//1631 3543//1631
f 3543//1632 3570//1632 3571//1632
f 3543//1769 3571//1769 3545//1769
f 3545//1770 3571//1770 3572//1770
f 3545//1771 3572//1771 3547//1771
f 3547//1636 3572//1636 3573//1636
f 3547//1637 3573//1637 3549//1637
f 3549//1772 3573//1772 3550//1772
f 3573//1773 3203//1773 3550//1773
f 3550//1774 3203//1774 3202//1774
f 3550//1775 3202//1775 3551//1775
f 3551//1776 3202//1776 3201//1776
f 3551//1777 3201//1777 3552//1777
f 3552//1778 3201//1778 3200//1778
f 3552//1779 3200//1779 3553//1779
f 3553//1780 3200//1780 3208//1780
f 3553//1781 3208//1781 3554//1781
f 3554//1782 3208//1782 3207//1782
f 3554//1783 3207//1783 3555//1783
f 3555//1784 3207//1784 3206//1784
f 3555//1785 3206//1785 3556//1785
f 3556//1786 3206//1786 3205//1786
f 3556//1787 3205//1787 3557//1787
f 3557//1788 3205//1788 3212//1788
f 3557//1789 3212//1789 3558//1789
f 3558//1790 3212//1790 3211//1790
f 3558//1791 3211//1791 3559//1791
f 3559//1792 3211//1792 3210//1792
f 3559//1793 3210//1793 3560//1793
f 3560//1794 3210//1794 3209//1794
f 3560//1795 3209//1795 3561//1795
f 3561//1796 3209//1796 3220//1796
f 3561//1797 3220//1797 3562//1797
f 3562//1798 3220//1798 3219//1798
f 3562//1799 3219//1799 3563//1799
f 3563//1800 3219//1800 3218//1800
f 3563//1801 3218//1801 3564//1801
f 3564//1802 3218//1802 3217//1802
f 3564//1803 3217//1803 3565//1803
f 3565//1804 3217//1804 3216//1804
f 3565//1805 3216//1805 3566//1805
f 3566//1672 3216//1672 3215//1672
f 3566//1806 3215//1806 3567//1806
f 3567//1807 3215//1807 3214//1807
f 3567//1808 3214//1808 3568//1808
f 3568//1809 3214//1809 3213//1809
f 3568//1810 3213//1810 3569//1810
f 3569//1811 3213//1811 3223//1811
f 3569//1812 3223//1812 3570//1812
f 3570//1813 3223//1813 3222//1813
f 3570//1814 3222//1814 3571//1814
f 3571//1815 3222//1815 3221//1815
f 3571//1816 3221//1816 3572//1816
f 3572//1817 3221//1817 3204//1817
f 3572//1685 3204//1685 3573//1685
f 3573//1686 3204//1686 3203//1686
f 3574//1818 3575//1818 3576//1818
f 3576//1819 3575//1819 3577//1819
f 3576//1820 3577//1820 3578//1820
f 3578//1821 3577//1821 3579//1821
f 3578//1822 3579//1822 3580//1822
f 3580//1823 3579//1823 3581//1823
f 3580//1824 3581//1824 3582//1824
f 3582//1825 3581//1825 3583//1825
f 3582//1826 3583//1826 3584//1826
f 3584//1827 3583//1827 3585//1827
f 3584//1828 3585//1828 3586//1828
f 3586//1829 3585//1829 3587//1829
f 3586//1830 3587//1830 3588//1830
f 3588//1831 3587//1831 3589//1831
f 3588//1832 3589//1832 3590//1832
f 3590//1833 3589//1833 3591//1833
f 3590//1834 3591//1834 3592//1834
f 3592//1835 3591//1835 3593//1835
f 3592//1836 3593//1836 3594//1836
f 3594//1837 3593//1837 3595//1837
f 3594//1838 3595//1838 3596//1838
f 3596//1839 3595//1839 3597//1839
f 3596//1840 3597//1840 3598//1840
f 3598//1841 3597//1841 3599//1841
f 3598//1842 3599//1842 3600//1842
f 3600//1843 3599//1843 3601//1843
f 3600//1844 3601//1844 3602//1844
f 3602//1845 3601//1845 3603//1845
f 3602//1846 3603//1846 3604//1846
f 3604//1847 3603//1847 3605//1847
f 3604//1848 3605//1848 3606//1848
f 3606//1434 3605//1434 3607//1434
f 3606//1849 3607//1849 3608//1849
f 3608//1850 3607//1850 3609//1850
f 3608//1851 3609//1851 3610//1851
f 3610//1852 3609//1852 3611//1852
f 3610//1853 3611//1853 3612//1853
f 3612//1440 3611//1440 3613//1440
f 3612//1441 3613//1441 3614//1441
f 3614//1442 3613//1442 3615//1442
f 3614//1443 3615//1443 3616//1443
f 3616//1444 3615//1444 3617//1444
f 3616//1854 3617//1854 3618//1854
f 3618//1855 3617//1855 3619//1855
f 3618//1856 3619//1856 3620//1856
f 3620//1857 3619//1857 3621//1857
f 3620//1858 3621//1858 3574//1858
f 3574//1859 3621//1859 3575//1859
f 3621//1860 3622//1860 3575//1860
f 3575//1861 3622//1861 3623//1861
f 3575//1862 3623//1862 3577//1862
f 3577//1863 3623//1863 3624//1863
f 3577//1596 3624//1596 3579//1596
f 3579//1456 3624//1456 3625//1456
f 3579//1457 3625//1457 3581//1457
f 3581//1864 3625//1864 3626//1864
f 3581//1865 3626//1865 3583//1865
f 3583//1866 3626//1866 3627//1866
f 3583//1867 3627//1867 3585//1867
f 3585//1868 3627//1868 3628//1868
f 3585//1869 3628//1869 3587//1869
f 3587//1870 3628//1870 3629//1870
f 3587//1871 3629//1871 3589//1871
f 3589//1872 3629//1872 3630//1872
f 3589//1873 3630//1873 3591//1873
f 3591//1874 3630//1874 3631//1874
f 3591//1875 3631//1875 3593//1875
f 3593//1876 3631//1876 3632//1876
f 3593//1750 3632//1750 3595//1750
f 3595//1877 3632//1877 3633//1877
f 3595//1878 3633//1878 3597//1878
f 3597//1879 3633//1879 3634//1879
f 3597//1880 3634//1880 3599//1880
f 3599//1881 3634//1881 3635//1881
f 3599//1882 3635//1882 3601//1882
f 3601//1883 3635//1883 3636//1883
f 3601//1884 3636//1884 3603//1884
f 3603//1480 3636//1480 3637//1480
f 3603//1885 3637//1885 3605//1885
f 3605//1886 3637//1886 3638//1886
f 3605//1482 3638//1482 3607//1482
f 3607//1483 3638//1483 3639//1483
f 3607//1484 3639//1484 3609//1484
f 3609//1887 3639//1887 3640//1887
f 3609//1888 3640//1888 3611//1888
f 3611//1889 3640//1889 3641//1889
f 3611//1488 3641//1488 3613//1488
f 3613//1489 3641//1489 3642//1489
f 3613//1489 3642//1489 3615//1489
f 3615//1890 3642//1890 3643//1890
f 3615//1891 3643//1891 3617//1891
f 3617//1892 3643//1892 3644//1892
f 3617//1635 3644//1635 3619//1635
f 3619//1893 3644//1893 3645//1893
f 3619//1894 3645//1894 3621//1894
f 3621//1895 3645//1895 3622//1895
f 3645//1896 3242//1896 3622//1896
f 3622//1897 3242//1897 3241//1897
f 3622//1898 3241//1898 3623//1898
f 3623//1899 3241//1899 3240//1899
f 3623//1900 3240//1900 3624//1900
f 3624//1901 3240//1901 3244//1901
f 3624//1902 3244//1902 3625//1902
f 3625//1646 3244//1646 3243//1646
f 3625//1903 3243//1903 3626//1903
f 3626//1904 3243//1904 3224//1904
f 3626//1905 3224//1905 3627//1905
f 3627//1906 3224//1906 3225//1906
f 3627//1907 3225//1907 3628//1907
f 3628//1908 3225//1908 3226//1908
f 3628//1909 3226//1909 3629//1909
f 3629//1910 3226//1910 3235//1910
f 3629//1911 3235//1911 3630//1911
f 3630//1912 3235//1912 3234//1912
f 3630//1913 3234//1913 3631//1913
f 3631//1914 3234//1914 3233//1914
f 3631//1915 3233//1915 3632//1915
f 3632//1916 3233//1916 3232//1916
f 3632//1917 3232//1917 3633//1917
f 3633//1918 3232//1918 3231//1918
f 3633//1919 3231//1919 3634//1919
f 3634//1920 3231//1920 3230//1920
f 3634//1921 3230//1921 3635//1921
f 3635//1922 3230//1922 3229//1922
f 3635//1923 3229//1923 3636//1923
f 3636//1924 3229//1924 3228//1924
f 3636//1925 3228//1925 3637//1925
f 3637//1926 3228//1926 3227//1926
f 3637//1927 3227//1927 3638//1927
f 3638//1928 3227//1928 3239//1928
f 3638//1531 3239//1531 3639//1531
f 3639//1532 3239//1532 3238//1532
f 3639//1929 3238//1929 3640//1929
f 3640//1930 3238//1930 3237//1930
f 3640//1931 3237//1931 3641//1931
f 3641//1932 3237//1932 3236//1932
f 3641//1933 3236//1933 3642//1933
f 3642//1934 3236//1934 3247//1934
f 3642//1935 3247//1935 3643//1935
f 3643//1936 3247//1936 3246//1936
f 3643//1937 3246//1937 3644//1937
f 3644//1542 3246//1542 3245//1542
f 3644//1938 3245//1938 3645//1938
f 3645//1939 3245//1939 3242//1939
f 3646//1415 3647//1415 3648//1415
f 3648//1940 3647//1940 3649//1940
f 3648//1941 3649//1941 3650//1941
f 3650//1942 3649//1942 3651//1942
f 3650//1419 3651//1419 3652//1419
f 3652//1943 3651//1943 3653//1943
f 3652//1944 3653//1944 3654//1944
f 3654//1945 3653//1945 3655//1945
f 3654//1423 3655//1423 3656//1423
f 3656//1946 3655//1946 3657//1946
f 3656//1840 3657//1840 3658//1840
f 3658//1947 3657//1947 3659//1947
f 3658//1948 3659//1948 3660//1948
f 3660//1949 3659//1949 3661//1949
f 3660//1950 3661//1950 3662//1950
f 3662//1951 3661//1951 3663//1951
f 3662//1431 3663//1431 3664//1431
f 3664//1952 3663//1952 3665//1952
f 3664//1953 3665//1953 3666//1953
f 3666//1954 3665//1954 3667//1954
f 3666//1435 3667//1435 3668//1435
f 3668//1436 3667//1436 3669//1436
f 3668//1437 3669//1437 3670//1437
f 3670//1438 3669//1438 3671//1438
f 3670//1439 3671//1439 3672//1439
f 3672//1955 3671//1955 3673//1955
f 3672//1956 3673//1956 3674//1956
f 3674//1957 3673//1957 3675//1957
f 3674//1443 3675//1443 3676//1443
f 3676//1958 3675//1958 3677//1958
f 3676//1959 3677//1959 3678//1959
f 3678//1960 3677//1960 3679//1960
f 3678//1447 3679//1447 3680//1447
f 3680//1961 3679//1961 3681//1961
f 3680//1962 3681//1962 3682//1962
f 3682//1963 3681//1963 3683//1963
f 3682//1964 3683//1964 3684//1964
f 3684//1965 3683//1965 3685//1965
f 3684//1966 3685//1966 3686//1966
f 3686//1967 3685//1967 3687//1967
f 3686//1407 3687//1407 3688//1407
f 3688//1968 3687//1968 3689//1968
f 3688//1824 3689//1824 3690//1824
f 3690//1969 3689//1969 3691//1969
f 3690//1411 3691//1411 3692//1411
f 3692//1412 3691//1412 3693//1412
f 3692//1413 3693//1413 3646//1413
f 3646//1414 3693//1414 3647//1414
f 3693//1463 3694//1463 3647//1463
f 3647//1464 3694//1464 3695//1464
f 3647//1970 3695//1970 3649//1970
f 3649//1608 3695//1608 3696//1608
f 3649//1608 3696//1608 3651//1608
f 3651//1468 3696//1468 3697//1468
f 3651//1971 3697//1971 3653//1971
f 3653//1972 3697//1972 3698//1972
f 3653//1973 3698//1973 3655//1973
f 3655//1974 3698//1974 3699//1974
f 3655//1975 3699//1975 3657//1975
f 3657//1976 3699//1976 3700//1976
f 3657//1977 3700//1977 3659//1977
f 3659//1476 3700//1476 3701//1476
f 3659//1978 3701//1978 3661//1978
f 3661//1979 3701//1979 3702//1979
f 3661//1884 3702//1884 3663//1884
f 3663//1480 3702//1480 3703//1480
f 3663//1980 3703//1980 3665//1980
f 3665//1981 3703//1981 3704//1981
f 3665//1982 3704//1982 3667//1982
f 3667//1483 3704//1483 3705//1483
f 3667//1484 3705//1484 3669//1484
f 3669//1485 3705//1485 3706//1485
f 3669//1486 3706//1486 3671//1486
f 3671//1487 3706//1487 3707//1487
f 3671//1983 3707//1983 3673//1983
f 3673//1984 3707//1984 3708//1984
f 3673//1985 3708//1985 3675//1985
f 3675//1490 3708//1490 3709//1490
f 3675//1986 3709//1986 3677//1986
f 3677//1987 3709//1987 3710//1987
f 3677//1988 3710//1988 3679//1988
f 3679//1989 3710//1989 3711//1989
f 3679//1990 3711//1990 3681//1990
f 3681//1991 3711//1991 3712//1991
f 3681//1992 3712//1992 3683//1992
f 3683//1452 3712//1452 3713//1452
f 3683//1993 3713//1993 3685//1993
f 3685//1994 3713//1994 3714//1994
f 3685//1995 3714//1995 3687//1995
f 3687//1456 3714//1456 3715//1456
f 3687//1456 3715//1456 3689//1456
f 3689//1996 3715//1996 3716//1996
f 3689//1600 3716//1600 3691//1600
f 3691//1460 3716//1460 3717//1460
f 3691//1461 3717//1461 3693//1461
f 3693//1462 3717//1462 3694//1462
f 3717//1509 3248//1509 3694//1509
f 3694//1510 3248//1510 3268//1510
f 3694//1511 3268//1511 3695//1511
f 3695//1512 3268//1512 3267//1512
f 3695//1513 3267//1513 3696//1513
f 3696//1514 3267//1514 3251//1514
f 3696//1515 3251//1515 3697//1515
f 3697//1997 3251//1997 3252//1997
f 3697//1998 3252//1998 3698//1998
f 3698//1916 3252//1916 3253//1916
f 3698//1999 3253//1999 3699//1999
f 3699//2000 3253//2000 3271//2000
f 3699//2001 3271//2001 3700//2001
f 3700//2002 3271//2002 3270//2002
f 3700//1523 3270//1523 3701//1523
f 3701//1524 3270//1524 3269//1524
f 3701//1525 3269//1525 3702//1525
f 3702//1526 3269//1526 3259//1526
f 3702//1527 3259//1527 3703//1527
f 3703//1528 3259//1528 3258//1528
f 3703//1529 3258//1529 3704//1529
f 3704//1530 3258//1530 3257//1530
f 3704//1531 3257//1531 3705//1531
f 3705//1532 3257//1532 3256//1532
f 3705//1533 3256//1533 3706//1533
f 3706//1534 3256//1534 3255//1534
f 3706//1535 3255//1535 3707//1535
f 3707//1536 3255//1536 3254//1536
f 3707//1537 3254//1537 3708//1537
f 3708//1538 3254//1538 3263//1538
f 3708//1539 3263//1539 3709//1539
f 3709//2003 3263//2003 3262//2003
f 3709//2004 3262//2004 3710//2004
f 3710//2005 3262//2005 3261//2005
f 3710//2006 3261//2006 3711//2006
f 3711//2007 3261//2007 3260//2007
f 3711//2008 3260//2008 3712//2008
f 3712//2009 3260//2009 3266//2009
f 3712//1499 3266//1499 3713//1499
f 3713//1500 3266//1500 3265//1500
f 3713//1501 3265//1501 3714//1501
f 3714//1502 3265//1502 3264//1502
f 3714//1503 3264//1503 3715//1503
f 3715//1504 3264//1504 3250//1504
f 3715//1505 3250//1505 3716//1505
f 3716//1506 3250//1506 3249//1506
f 3716//1507 3249//1507 3717//1507
f 3717//1508 3249//1508 3248//1508
f 3718//2010 3719//2010 3720//2010
f 3718//2011 3721//2011 3719//2011
f 3719//2012 3721//2012 3722//2012
f 3719//2013 3722//2013 3723//2013
f 3723//2014 3722//2014 3724//2014
f 3723//2015 3724//2015 3725//2015
f 3724//2016 3726//2016 3725//2016
f 3725//2017 3726//2017 3727//2017
f 3725//2018 3727//2018 3728//2018
f 3727//2019 3729//2019 3728//2019
f 3728//2020 3729//2020 3730//2020
f 3728//2021 3730//2021 3731//2021
f 3731//2022 3730//2022 3732//2022
f 3731//2023 3732//2023 3733//2023
f 3734//2024 3735//2024 3736//2024
f 3735//2025 3737//2025 3736//2025
f 3736//2026 3737//2026 3738//2026
f 3736//2027 3738//2027 3739//2027
f 3738//2028 3740//2028 3739//2028
f 3739//2029 3740//2029 3741//2029
f 3739//2030 3741//2030 3742//2030
f 3742//2031 3741//2031 3743//2031
f 3742//2032 3743//2032 3744//2032
f 3743//2033 3745//2033 3744//2033
f 3744//2034 3745//2034 3746//2034
f 3744//2035 3746//2035 3747//2035
f 3746//2036 3748//2036 3747//2036
f 3747//2037 3748//2037 3749//2037
f 3747//2038 3749//2038 3750//2038
f 3750//2039 3749//2039 3751//2039
f 3750//2040 3751//2040 3752//2040
f 3752//2041 3751//2041 3753//2041
f 3752//2042 3753//2042 3754//2042
f 3754//2043 3753//2043 3755//2043
f 3755//2044 3756//2044 3754//2044
f 3754//2045 3756//2045 3757//2045
f 3754//2046 3757//2046 3758//2046
f 3758//2047 3757//2047 3759//2047
f 3758//2048 3759//2048 3760//2048
f 3760//2049 3759//2049 3761//2049
f 3760//2050 3761//2050 3720//2050
f 3720//2051 3761//2051 3762//2051
f 3720//2052 3762//2052 3718//2052
f 3733//2053 3763//2053 3764//2053
f 3733//2054 3764//2054 3731//2054
f 3731//2055 3764//2055 3765//2055
f 3731//2056 3765//2056 3728//2056
f 3728//2057 3765//2057 3766//2057
f 3728//2058 3766//2058 3725//2058
f 3725//2059 3766//2059 3767//2059
f 3725//2060 3767//2060 3723//2060
f 3723//2061 3767//2061 3768//2061
f 3723//2062 3768//2062 3719//2062
f 3719//2063 3768//2063 3769//2063
f 3719//2064 3769//2064 3720//2064
f 3720//2065 3769//2065 3770//2065
f 3720//2066 3770//2066 3760//2066
f 3760//2067 3770//2067 3771//2067
f 3760//2068 3771//2068 3758//2068
f 3758//2069 3771//2069 3772//2069
f 3758//2070 3772//2070 3754//2070
f 3754//2071 3772//2071 3773//2071
f 3754//2072 3773//2072 3752//2072
f 3752//2073 3773//2073 3774//2073
f 3752//2074 3774//2074 3750//2074
f 3750//2075 3774//2075 3775//2075
f 3750//2076 3775//2076 3747//2076
f 3747//2077 3775//2077 3776//2077
f 3747//2078 3776//2078 3744//2078
f 3744//2079 3776//2079 3777//2079
f 3744//2080 3777//2080 3742//2080
f 3742//2081 3777//2081 3778//2081
f 3742//2082 3778//2082 3739//2082
f 3739//2083 3778//2083 3779//2083
f 3739//2084 3779//2084 3736//2084
f 3763//2085 3780//2085 3781//2085
f 3763//2086 3781//2086 3764//2086
f 3764//2087 3781//2087 3782//2087
f 3764//2088 3782//2088 3765//2088
f 3765//2089 3782//2089 3783//2089
f 3765//2090 3783//2090 3766//2090
f 3766//2091 3783//2091 3784//2091
f 3766//2092 3784//2092 3767//2092
f 3767//2093 3784//2093 3785//2093
f 3767//2094 3785//2094 3768//2094
f 3768//2095 3785//2095 3786//2095
f 3768//2096 3786//2096 3769//2096
f 3769//2097 3786//2097 3787//2097
f 3769//2098 3787//2098 3770//2098
f 3770//2099 3787//2099 3788//2099
f 3770//2100 3788//2100 3771//2100
f 3771//2101 3788//2101 3789//2101
f 3771//2102 3789//2102 3772//2102
f 3772//2103 3789//2103 3790//2103
f 3772//2104 3790//2104 3773//2104
f 3773//2105 3790//2105 3791//2105
f 3773//2106 3791//2106 3774//2106
f 3774//2107 3791//2107 3792//2107
f 3774//2108 3792//2108 3775//2108
f 3775//2109 3792//2109 3793//2109
f 3775//2110 3793//2110 3776//2110
f 3776//2111 3793//2111 3794//2111
f 3776//2112 3794//2112 3777//2112
f 3777//2113 3794//2113 3795//2113
f 3777//2114 3795//2114 3778//2114
f 3778//2115 3795//2115 3796//2115
f 3778//2116 3796//2116 3779//2116
f 3281//2117 3273//2117 3780//2117
f 3273//2118 3272//2118 3780//2118
f 3780//2119 3272//2119 3284//2119
f 3780//2120 3284//2120 3781//2120
f 3781//2121 3284//2121 3285//2121
f 3781//2122 3285//2122 3782//2122
f 3782//2123 3285//2123 3286//2123
f 3782//2124 3286//2124 3783//2124
f 3783//2125 3286//2125 3289//2125
f 3783//2126 3289//2126 3784//2126
f 3784//2127 3289//2127 3288//2127
f 3784//2128 3288//2128 3785//2128
f 3785//2129 3288//2129 3287//2129
f 3785//2130 3287//2130 3786//2130
f 3786//2131 3287//2131 3279//2131
f 3786//2132 3279//2132 3787//2132
f 3787//2133 3279//2133 3278//2133
f 3787//2134 3278//2134 3788//2134
f 3788//2135 3278//2135 3275//2135
f 3788//2136 3275//2136 3789//2136
f 3789//2137 3275//2137 3274//2137
f 3789//2138 3274//2138 3790//2138
f 3790//2139 3274//2139 3280//2139
f 3790//2140 3280//2140 3791//2140
f 3791//2141 3280//2141 3277//2141
f 3791//2142 3277//2142 3792//2142
f 3792//2143 3277//2143 3276//2143
f 3792//2144 3276//2144 3793//2144
f 3793//2145 3276//2145 3283//2145
f 3793//2146 3283//2146 3794//2146
f 3794//2147 3283//2147 3282//2147
f 3794//2148 3282//2148 3795//2148
f 3795//2149 3282//2149 3281//2149
f 3795//2150 3281//2150 3796//2150
f 3796//2151 3281//2151 3780//2151
f 3796//2152 3780//2152 3779//2152
f 3779//2152 3780//2152 3763//2152
f 3779//2153 3763//2153 3736//2153
f 3736//2153 3763//2153 3733//2153
f 3736//2154 3733//2154 3734//2154
f 3734//2155 3733//2155 3732//2155
f 3797//2156 3798//2156 3799//2156
f 3797//2157 3800//2157 3798//2157
f 3798//2158 3800//2158 3801//2158
f 3798//2159 3801//2159 3802//2159
f 3802//2160 3801//2160 3803//2160
f 3802//2161 3803//2161 3804//2161
f 3803//2162 3805//2162 3804//2162
f 3804//2163 3805//2163 3806//2163
f 3804//2164 3806//2164 3807//2164
f 3806//2165 3808//2165 3807//2165
f 3807//2166 3808//2166 3809//2166
f 3807//2167 3809//2167 3810//2167
f 3810//2168 3809//2168 3811//2168
f 3810//2169 3811//2169 3812//2169
f 3813//2170 3814//2170 3815//2170
f 3814//2171 3816//2171 3815//2171
f 3815//2172 3816//2172 3817//2172
f 3815//2173 3817//2173 3818//2173
f 3817//2174 3819//2174 3818//2174
f 3818//2175 3819//2175 3820//2175
f 3818//2030 3820//2030 3821//2030
f 3821//2176 3820//2176 3822//2176
f 3821//2177 3822//2177 3823//2177
f 3822//2178 3824//2178 3823//2178
f 3823//2179 3824//2179 3825//2179
f 3823//2180 3825//2180 3826//2180
f 3825//2181 3827//2181 3826//2181
f 3826//2182 3827//2182 3828//2182
f 3826//2183 3828//2183 3829//2183
f 3829//2184 3828//2184 3830//2184
f 3829//2185 3830//2185 3831//2185
f 3831//2186 3830//2186 3832//2186
f 3831//2187 3832//2187 3833//2187
f 3833//2188 3832//2188 3834//2188
f 3834//2189 3835//2189 3833//2189
f 3833//2190 3835//2190 3836//2190
f 3833//2191 3836//2191 3837//2191
f 3837//2047 3836//2047 3838//2047
f 3837//2048 3838//2048 3839//2048
f 3839//2192 3838//2192 3840//2192
f 3839//2193 3840//2193 3799//2193
f 3799//2194 3840//2194 3841//2194
f 3799//2195 3841//2195 3797//2195
f 3812//2196 3842//2196 3843//2196
f 3812//2197 3843//2197 3810//2197
f 3810//2198 3843//2198 3844//2198
f 3810//2056 3844//2056 3807//2056
f 3807//2057 3844//2057 3845//2057
f 3807//2199 3845//2199 3804//2199
f 3804//2200 3845//2200 3846//2200
f 3804//2201 3846//2201 3802//2201
f 3802//2202 3846//2202 3847//2202
f 3802//2203 3847//2203 3798//2203
f 3798//2204 3847//2204 3848//2204
f 3798//2205 3848//2205 3799//2205
f 3799//2206 3848//2206 3849//2206
f 3799//2207 3849//2207 3839//2207
f 3839//2067 3849//2067 3850//2067
f 3839//2068 3850//2068 3837//2068
f 3837//2069 3850//2069 3851//2069
f 3837//2208 3851//2208 3833//2208
f 3833//2209 3851//2209 3852//2209
f 3833//2210 3852//2210 3831//2210
f 3831//2211 3852//2211 3853//2211
f 3831//2212 3853//2212 3829//2212
f 3829//2213 3853//2213 3854//2213
f 3829//2214 3854//2214 3826//2214
f 3826//2215 3854//2215 3855//2215
f 3826//2216 3855//2216 3823//2216
f 3823//2217 3855//2217 3856//2217
f 3823//2218 3856//2218 3821//2218
f 3821//2219 3856//2219 3857//2219
f 3821//2220 3857//2220 3818//2220
f 3818//2221 3857//2221 3858//2221
f 3818//2222 3858//2222 3815//2222
f 3842//2223 3859//2223 3860//2223
f 3842//2224 3860//2224 3843//2224
f 3843//2225 3860//2225 3861//2225
f 3843//2226 3861//2226 3844//2226
f 3844//2227 3861//2227 3862//2227
f 3844//2228 3862//2228 3845//2228
f 3845//2229 3862//2229 3863//2229
f 3845//2230 3863//2230 3846//2230
f 3846//2231 3863//2231 3864//2231
f 3846//2232 3864//2232 3847//2232
f 3847//2233 3864//2233 3865//2233
f 3847//2234 3865//2234 3848//2234
f 3848//2235 3865//2235 3866//2235
f 3848//2236 3866//2236 3849//2236
f 3849//2237 3866//2237 3867//2237
f 3849//2100 3867//2100 3850//2100
f 3850//2101 3867//2101 3868//2101
f 3850//2102 3868//2102 3851//2102
f 3851//2103 3868//2103 3869//2103
f 3851//2238 3869//2238 3852//2238
f 3852//2239 3869//2239 3870//2239
f 3852//2240 3870//2240 3853//2240
f 3853//2241 3870//2241 3871//2241
f 3853//2242 3871//2242 3854//2242
f 3854//2243 3871//2243 3872//2243
f 3854//2244 3872//2244 3855//2244
f 3855//2245 3872//2245 3873//2245
f 3855//2246 3873//2246 3856//2246
f 3856//2247 3873//2247 3874//2247
f 3856//2248 3874//2248 3857//2248
f 3857//2249 3874//2249 3875//2249
f 3857//2250 3875//2250 3858//2250
f 3292//2251 3293//2251 3859//2251
f 3293//2252 3298//2252 3859//2252
f 3859//2253 3298//2253 3297//2253
f 3859//2254 3297//2254 3860//2254
f 3860//2255 3297//2255 3296//2255
f 3860//2256 3296//2256 3861//2256
f 3861//2257 3296//2257 3295//2257
f 3861//2258 3295//2258 3862//2258
f 3862//2259 3295//2259 3294//2259
f 3862//2260 3294//2260 3863//2260
f 3863//2261 3294//2261 3299//2261
f 3863//2262 3299//2262 3864//2262
f 3864//2263 3299//2263 3300//2263
f 3864//2130 3300//2130 3865//2130
f 3865//2264 3300//2264 3304//2264
f 3865//2265 3304//2265 3866//2265
f 3866//2266 3304//2266 3303//2266
f 3866//2267 3303//2267 3867//2267
f 3867//2268 3303//2268 3302//2268
f 3867//2269 3302//2269 3868//2269
f 3868//2270 3302//2270 3301//2270
f 3868//2138 3301//2138 3869//2138
f 3869//2139 3301//2139 3307//2139
f 3869//2271 3307//2271 3870//2271
f 3870//2272 3307//2272 3306//2272
f 3870//2273 3306//2273 3871//2273
f 3871//2274 3306//2274 3305//2274
f 3871//2275 3305//2275 3872//2275
f 3872//2276 3305//2276 3290//2276
f 3872//2277 3290//2277 3873//2277
f 3873//2278 3290//2278 3291//2278
f 3873//2278 3291//2278 3874//2278
f 3874//2279 3291//2279 3292//2279
f 3874//2280 3292//2280 3875//2280
f 3875//2281 3292//2281 3859//2281
f 3875//2152 3859//2152 3858//2152
f 3858//2152 3859//2152 3842//2152
f 3858//2282 3842//2282 3815//2282
f 3815//2282 3842//2282 3812//2282
f 3815//2154 3812//2154 3813//2154
f 3813//2283 3812//2283 3811//2283
f 3876//2284 3877//2284 3878//2284
f 3876//2285 3879//2285 3877//2285
f 3877//2286 3879//2286 3880//2286
f 3877//2287 3880//2287 3881//2287
f 3881//2288 3880//2288 3882//2288
f 3881//2289 3882//2289 3883//2289
f 3882//2290 3884//2290 3883//2290
f 3883//2291 3884//2291 3885//2291
f 3883//2292 3885//2292 3886//2292
f 3885//2293 3887//2293 3886//2293
f 3886//2294 3887//2294 3888//2294
f 3886//2295 3888//2295 3889//2295
f 3889//2296 3888//2296 3890//2296
f 3889//2297 3890//2297 3891//2297
f 3891//2298 3890//2298 3892//2298
f 3891//2154 3892//2154 3893//2154
f 3893//2299 3892//2299 3894//2299
f 3894//2300 3895//2300 3893//2300
f 3893//2301 3895//2301 3896//2301
f 3893//2302 3896//2302 3897//2302
f 3896//2303 3898//2303 3897//2303
f 3897//2304 3898//2304 3899//2304
f 3897//2305 3899//2305 3900//2305
f 3900//2176 3899//2176 3901//2176
f 3900//2306 3901//2306 3902//2306
f 3901//2307 3903//2307 3902//2307
f 3902//2308 3903//2308 3904//2308
f 3902//2309 3904//2309 3905//2309
f 3904//2310 3906//2310 3905//2310
f 3905//2311 3906//2311 3907//2311
f 3905//2312 3907//2312 3908//2312
f 3908//2313 3907//2313 3909//2313
f 3908//2314 3909//2314 3910//2314
f 3910//2315 3909//2315 3911//2315
f 3910//2316 3911//2316 3912//2316
f 3912//2317 3911//2317 3913//2317
f 3913//2318 3914//2318 3912//2318
f 3912//2319 3914//2319 3915//2319
f 3912//2320 3915//2320 3916//2320
f 3916//2321 3915//2321 3917//2321
f 3916//2322 3917//2322 3918//2322
f 3918//2323 3917//2323 3919//2323
f 3918//2324 3919//2324 3878//2324
f 3878//2325 3919//2325 3920//2325
f 3878//2326 3920//2326 3876//2326
f 3916//2327 3921//2327 3912//2327
f 3912//2328 3921//2328 3922//2328
f 3912//2329 3922//2329 3910//2329
f 3910//2330 3922//2330 3923//2330
f 3910//2331 3923//2331 3908//2331
f 3908//2332 3923//2332 3924//2332
f 3908//2333 3924//2333 3905//2333
f 3905//2334 3924//2334 3925//2334
f 3905//2335 3925//2335 3902//2335
f 3902//2336 3925//2336 3926//2336
f 3902//2337 3926//2337 3900//2337
f 3900//2338 3926//2338 3927//2338
f 3900//2339 3927//2339 3897//2339
f 3897//2340 3927//2340 3928//2340
f 3897//2341 3928//2341 3893//2341
f 3893//2153 3928//2153 3929//2153
f 3893//2153 3929//2153 3891//2153
f 3891//2342 3929//2342 3930//2342
f 3891//2343 3930//2343 3889//2343
f 3889//2344 3930//2344 3931//2344
f 3889//2345 3931//2345 3886//2345
f 3886//2346 3931//2346 3932//2346
f 3886//2347 3932//2347 3883//2347
f 3883//2348 3932//2348 3933//2348
f 3883//2349 3933//2349 3881//2349
f 3881//2350 3933//2350 3934//2350
f 3881//2351 3934//2351 3877//2351
f 3877//2352 3934//2352 3935//2352
f 3877//2353 3935//2353 3878//2353
f 3878//2354 3935//2354 3936//2354
f 3878//2355 3936//2355 3918//2355
f 3918//2356 3936//2356 3937//2356
f 3918//2357 3937//2357 3916//2357
f 3916//2358 3937//2358 3921//2358
f 3937//2359 3938//2359 3921//2359
f 3921//2360 3938//2360 3939//2360
f 3921//2361 3939//2361 3922//2361
f 3922//2362 3939//2362 3940//2362
f 3922//2363 3940//2363 3923//2363
f 3923//2364 3940//2364 3941//2364
f 3923//2365 3941//2365 3924//2365
f 3924//2366 3941//2366 3942//2366
f 3924//2367 3942//2367 3925//2367
f 3925//2368 3942//2368 3943//2368
f 3925//2369 3943//2369 3926//2369
f 3926//2370 3943//2370 3944//2370
f 3926//2371 3944//2371 3927//2371
f 3927//2372 3944//2372 3945//2372
f 3927//2373 3945//2373 3928//2373
f 3928//2374 3945//2374 3946//2374
f 3928//2374 3946//2374 3929//2374
f 3929//2375 3946//2375 3947//2375
f 3929//2376 3947//2376 3930//2376
f 3930//2377 3947//2377 3948//2377
f 3930//2378 3948//2378 3931//2378
f 3931//2379 3948//2379 3949//2379
f 3931//2380 3949//2380 3932//2380
f 3932//2381 3949//2381 3950//2381
f 3932//2382 3950//2382 3933//2382
f 3933//2383 3950//2383 3951//2383
f 3933//2384 3951//2384 3934//2384
f 3934//2385 3951//2385 3952//2385
f 3934//2386 3952//2386 3935//2386
f 3935//2387 3952//2387 3953//2387
f 3935//2388 3953//2388 3936//2388
f 3936//2389 3953//2389 3954//2389
f 3936//2390 3954//2390 3937//2390
f 3937//2391 3954//2391 3938//2391
f 3308//2392 3316//2392 3946//2392
f 3946//2393 3316//2393 3315//2393
f 3946//2394 3315//2394 3947//2394
f 3947//2395 3315//2395 3314//2395
f 3947//2396 3314//2396 3948//2396
f 3948//2397 3314//2397 3313//2397
f 3948//2398 3313//2398 3949//2398
f 3949//2399 3313//2399 3312//2399
f 3949//2400 3312//2400 3950//2400
f 3950//2261 3312//2261 3317//2261
f 3950//2401 3317//2401 3951//2401
f 3951//2402 3317//2402 3318//2402
f 3951//2403 3318//2403 3952//2403
f 3952//2404 3318//2404 3322//2404
f 3952//2405 3322//2405 3953//2405
f 3953//2406 3322//2406 3321//2406
f 3953//2407 3321//2407 3954//2407
f 3954//2408 3321//2408 3320//2408
f 3954//2409 3320//2409 3938//2409
f 3938//2410 3320//2410 3319//2410
f 3938//2411 3319//2411 3939//2411
f 3939//2412 3319//2412 3325//2412
f 3939//2413 3325//2413 3940//2413
f 3940//2414 3325//2414 3324//2414
f 3940//2415 3324//2415 3941//2415
f 3941//2274 3324//2274 3323//2274
f 3941//2416 3323//2416 3942//2416
f 3942//2417 3323//2417 3311//2417
f 3942//2418 3311//2418 3943//2418
f 3943//2419 3311//2419 3310//2419
f 3943//2148 3310//2148 3944//2148
f 3944//2420 3310//2420 3309//2420
f 3944//2421 3309//2421 3945//2421
f 3945//2422 3309//2422 3308//2422
f 3945//2423 3308//2423 3946//2423
f 3351//2424 3348//2424 3955//2424
f 3955//2425 3956//2425 3351//2425
f 3351//2426 3956//2426 3957//2426
f 3351//2426 3957//2426 3350//2426
f 3350//2427 3957//2427 3958//2427
f 3350//2427 3958//2427 3349//2427
f 3349//2428 3958//2428 3959//2428
f 3349//2428 3959//2428 3352//2428
f 3352//2429 3959//2429 3960//2429
f 3352//2429 3960//2429 3353//2429
f 3353//2430 3960//2430 3961//2430
f 3353//2430 3961//2430 3354//2430
f 3354//2431 3961//2431 3962//2431
f 3354//2431 3962//2431 3357//2431
f 3357//2432 3962//2432 3963//2432
f 3357//2432 3963//2432 3356//2432
f 3356//2433 3963//2433 3964//2433
f 3356//2433 3964//2433 3355//2433
f 3355//2434 3964//2434 3965//2434
f 3355//2434 3965//2434 3326//2434
f 3326//2435 3965//2435 3966//2435
f 3326//2435 3966//2435 3327//2435
f 3327//2436 3966//2436 3967//2436
f 3327//2436 3967//2436 3328//2436
f 3328//2437 3967//2437 3968//2437
f 3328//2437 3968//2437 3329//2437
f 3329//2438 3968//2438 3969//2438
f 3329//2438 3969//2438 3330//2438
f 3330//2439 3969//2439 3970//2439
f 3330//2439 3970//2439 3331//2439
f 3331//2440 3970//2440 3971//2440
f 3331//2440 3971//2440 3332//2440
f 3332//2441 3971//2441 3972//2441
f 3332//2441 3972//2441 3333//2441
f 3333//2442 3972//2442 3973//2442
f 3333//2442 3973//2442 3334//2442
f 3334//2443 3973//2443 3974//2443
f 3334//2443 3974//2443 3335//2443
f 3335//2444 3974//2444 3975//2444
f 3335//2444 3975//2444 3338//2444
f 3338//2445 3975//2445 3976//2445
f 3338//2445 3976//2445 3337//2445
f 3337//2446 3976//2446 3977//2446
f 3337//2446 3977//2446 3336//2446
f 3336//2447 3977//2447 3978//2447
f 3336//2447 3978//2447 3339//2447
f 3339//2448 3978//2448 3979//2448
f 3339//2448 3979//2448 3340//2448
f 3340//2449 3979//2449 3980//2449
f 3340//2449 3980//2449 3341//2449
f 3341//2450 3980//2450 3981//2450
f 3341//2450 3981//2450 3344//2450
f 3344//2451 3981//2451 3982//2451
f 3344//2451 3982//2451 3343//2451
f 3343//2452 3982//2452 3983//2452
f 3343//2452 3983//2452 3342//2452
f 3342//2453 3983//2453 3984//2453
f 3342//2453 3984//2453 3345//2453
f 3345//2454 3984//2454 3985//2454
f 3345//2454 3985//2454 3346//2454
f 3346//2455 3985//2455 3955//2455
f 3346//2455 3955//2455 3347//2455
f 3347//2456 3955//2456 3348//2456
f 3404//2457 3986//2457 3987//2457
f 3988//2458 3400//2458 3987//2458
f 3987//2459 3400//2459 3402//2459
f 3987//2460 3402//2460 3404//2460
f 3989//2461 3396//2461 3988//2461
f 3988//2462 3396//2462 3398//2462
f 3988//2463 3398//2463 3400//2463
f 3990//2464 3392//2464 3989//2464
f 3989//2465 3392//2465 3394//2465
f 3989//2466 3394//2466 3396//2466
f 3991//2467 3388//2467 3990//2467
f 3990//2468 3388//2468 3390//2468
f 3990//2469 3390//2469 3392//2469
f 3992//2470 3384//2470 3991//2470
f 3991//2471 3384//2471 3386//2471
f 3991//2472 3386//2472 3388//2472
f 3993//2473 3380//2473 3992//2473
f 3992//2474 3380//2474 3382//2474
f 3992//2475 3382//2475 3384//2475
f 3994//2476 3376//2476 3993//2476
f 3993//2477 3376//2477 3378//2477
f 3993//2478 3378//2478 3380//2478
f 3995//2479 3372//2479 3994//2479
f 3994//2480 3372//2480 3374//2480
f 3994//2481 3374//2481 3376//2481
f 3996//2482 3368//2482 3995//2482
f 3995//2483 3368//2483 3370//2483
f 3995//2484 3370//2484 3372//2484
f 3997//2485 3364//2485 3996//2485
f 3996//2486 3364//2486 3366//2486
f 3996//2487 3366//2487 3368//2487
f 3404//2488 3358//2488 3986//2488
f 3986//2489 3358//2489 3360//2489
f 3986//2490 3360//2490 3997//2490
f 3997//2491 3360//2491 3362//2491
f 3997//2492 3362//2492 3364//2492
f 3998//2493 3999//2493 4000//2493
f 4000//2493 3999//2493 4001//2493
f 4000//2494 4001//2494 4002//2494
f 4002//2494 4001//2494 4003//2494
f 4002//2495 4003//2495 4004//2495
f 4004//2495 4003//2495 4005//2495
f 4004//2496 4005//2496 4006//2496
f 4006//2496 4005//2496 4007//2496
f 4006//2497 4007//2497 4008//2497
f 4008//2497 4007//2497 4009//2497
f 4008//2498 4009//2498 4010//2498
f 4010//2498 4009//2498 4011//2498
f 4010//2499 4011//2499 4012//2499
f 4012//2499 4011//2499 4013//2499
f 4012//2500 4013//2500 4014//2500
f 4014//2500 4013//2500 4015//2500
f 4016//2501 4017//2501 3476//2501
f 4018//2502 3472//2502 4017//2502
f 4017//2503 3472//2503 3474//2503
f 4017//2504 3474//2504 3476//2504
f 4019//2505 3468//2505 4018//2505
f 4018//2506 3468//2506 3470//2506
f 4018//2507 3470//2507 3472//2507
f 4020//2508 3464//2508 4019//2508
f 4019//2509 3464//2509 3466//2509
f 4019//2510 3466//2510 3468//2510
f 4021//2511 3460//2511 4020//2511
f 4020//2512 3460//2512 3462//2512
f 4020//2513 3462//2513 3464//2513
f 4022//2514 3456//2514 4021//2514
f 4021//2515 3456//2515 3458//2515
f 4021//2516 3458//2516 3460//2516
f 4023//2517 3452//2517 4022//2517
f 4022//2518 3452//2518 3454//2518
f 4022//2519 3454//2519 3456//2519
f 4024//2520 3448//2520 4023//2520
f 4023//2521 3448//2521 3450//2521
f 4023//2522 3450//2522 3452//2522
f 4025//2523 3444//2523 4024//2523
f 4024//2524 3444//2524 3446//2524
f 4024//2525 3446//2525 3448//2525
f 4026//2526 3440//2526 4025//2526
f 4025//2527 3440//2527 3442//2527
f 4025//2528 3442//2528 3444//2528
f 4027//2529 3436//2529 4026//2529
f 4026//2530 3436//2530 3438//2530
f 4026//2531 3438//2531 3440//2531
f 3476//2532 3430//2532 4016//2532
f 4016//2489 3430//2489 3432//2489
f 4016//2490 3432//2490 4027//2490
f 4027//2491 3432//2491 3434//2491
f 4027//2533 3434//2533 3436//2533
f 4028//2534 4029//2534 4030//2534
f 4030//2534 4029//2534 4031//2534
f 4030//2535 4031//2535 4032//2535
f 4032//2535 4031//2535 4033//2535
f 4032//2536 4033//2536 4034//2536
f 4034//2536 4033//2536 4035//2536
f 4034//2537 4035//2537 4036//2537
f 4036//2537 4035//2537 4037//2537
f 4036//2538 4037//2538 4038//2538
f 4038//2538 4037//2538 4039//2538
f 4038//2539 4039//2539 4040//2539
f 4040//2539 4039//2539 4041//2539
f 4040//2540 4041//2540 4042//2540
f 4042//2540 4041//2540 4043//2540
f 4042//2541 4043//2541 4044//2541
f 4044//2541 4043//2541 4045//2541
f 3548//2542 4046//2542 4047//2542
f 4048//2543 3544//2543 4047//2543
f 4047//2544 3544//2544 3546//2544
f 4047//2460 3546//2460 3548//2460
f 4049//2545 3540//2545 4048//2545
f 4048//2462 3540//2462 3542//2462
f 4048//2546 3542//2546 3544//2546
f 4050//2547 3536//2547 4049//2547
f 4049//2509 3536//2509 3538//2509
f 4049//2548 3538//2548 3540//2548
f 4051//2549 3532//2549 4050//2549
f 4050//2550 3532//2550 3534//2550
f 4050//2469 3534//2469 3536//2469
f 4052//2551 3528//2551 4051//2551
f 4051//2471 3528//2471 3530//2471
f 4051//2552 3530//2552 3532//2552
f 4053//2553 3524//2553 4052//2553
f 4052//2554 3524//2554 3526//2554
f 4052//2555 3526//2555 3528//2555
f 4054//2556 3520//2556 4053//2556
f 4053//2521 3520//2521 3522//2521
f 4053//2478 3522//2478 3524//2478
f 4055//2557 3516//2557 4054//2557
f 4054//2480 3516//2480 3518//2480
f 4054//2558 3518//2558 3520//2558
f 4056//2559 3512//2559 4055//2559
f 4055//2560 3512//2560 3514//2560
f 4055//2561 3514//2561 3516//2561
f 4057//2562 3508//2562 4056//2562
f 4056//2563 3508//2563 3510//2563
f 4056//2487 3510//2487 3512//2487
f 3548//2564 3502//2564 4046//2564
f 4046//2565 3502//2565 3504//2565
f 4046//2566 3504//2566 4057//2566
f 4057//2491 3504//2491 3506//2491
f 4057//2533 3506//2533 3508//2533
f 4058//2567 4059//2567 4060//2567
f 4060//2567 4059//2567 4061//2567
f 4060//2568 4061//2568 4062//2568
f 4062//2568 4061//2568 4063//2568
f 4062//2569 4063//2569 4064//2569
f 4064//2569 4063//2569 4065//2569
f 4064//2570 4065//2570 4066//2570
f 4066//2570 4065//2570 4067//2570
f 4066//2571 4067//2571 4068//2571
f 4068//2571 4067//2571 4069//2571
f 4068//2572 4069//2572 4070//2572
f 4070//2572 4069//2572 4071//2572
f 4070//2573 4071//2573 4072//2573
f 4072//2573 4071//2573 4073//2573
f 4072//2574 4073//2574 4074//2574
f 4074//2574 4073//2574 4075//2574
f 4076//2575 4077//2575 3620//2575
f 4078//2576 3616//2576 4077//2576
f 4077//2577 3616//2577 3618//2577
f 4077//2578 3618//2578 3620//2578
f 4079//2545 3612//2545 4078//2545
f 4078//2462 3612//2462 3614//2462
f 4078//2463 3614//2463 3616//2463
f 4080//2579 3608//2579 4079//2579
f 4079//2580 3608//2580 3610//2580
f 4079//2548 3610//2548 3612//2548
f 4081//2511 3604//2511 4080//2511
f 4080//2581 3604//2581 3606//2581
f 4080//2582 3606//2582 3608//2582
f 4082//2583 3600//2583 4081//2583
f 4081//2584 3600//2584 3602//2584
f 4081//2585 3602//2585 3604//2585
f 4083//2586 3596//2586 4082//2586
f 4082//2587 3596//2587 3598//2587
f 4082//2475 3598//2475 3600//2475
f 4084//2588 3592//2588 4083//2588
f 4083//2589 3592//2589 3594//2589
f 4083//2590 3594//2590 3596//2590
f 4085//2591 3588//2591 4084//2591
f 4084//2592 3588//2592 3590//2592
f 4084//2593 3590//2593 3592//2593
f 4086//2594 3584//2594 4085//2594
f 4085//2595 3584//2595 3586//2595
f 4085//2596 3586//2596 3588//2596
f 4087//2529 3580//2529 4086//2529
f 4086//2486 3580//2486 3582//2486
f 4086//2597 3582//2597 3584//2597
f 3620//2598 3574//2598 4076//2598
f 4076//2599 3574//2599 3576//2599
f 4076//2600 3576//2600 4087//2600
f 4087//2601 3576//2601 3578//2601
f 4087//2602 3578//2602 3580//2602
f 4088//2603 4089//2603 4090//2603
f 4090//2603 4089//2603 4091//2603
f 4090//2604 4091//2604 4092//2604
f 4092//2604 4091//2604 4093//2604
f 4092//2605 4093//2605 4094//2605
f 4094//2605 4093//2605 4095//2605
f 4094//2606 4095//2606 4096//2606
f 4096//2606 4095//2606 4097//2606
f 4096//2607 4097//2607 4098//2607
f 4098//2607 4097//2607 4099//2607
f 4098//2608 4099//2608 4100//2608
f 4100//2608 4099//2608 4101//2608
f 4100//2609 4101//2609 4102//2609
f 4102//2609 4101//2609 4103//2609
f 4102//2610 4103//2610 4104//2610
f 4104//2610 4103//2610 4105//2610
f 4106//2611 4107//2611 3680//2611
f 4108//2458 3676//2458 4107//2458
f 4107//2459 3676//2459 3678//2459
f 4107//2460 3678//2460 3680//2460
f 4109//2461 3672//2461 4108//2461
f 4108//2462 3672//2462 3674//2462
f 4108//2463 3674//2463 3676//2463
f 4110//2464 3668//2464 4109//2464
f 4109//2465 3668//2465 3670//2465
f 4109//2466 3670//2466 3672//2466
f 4111//2467 3664//2467 4110//2467
f 4110//2468 3664//2468 3666//2468
f 4110//2469 3666//2469 3668//2469
f 4112//2612 3660//2612 4111//2612
f 4111//2471 3660//2471 3662//2471
f 4111//2472 3662//2472 3664//2472
f 4113//2613 3656//2613 4112//2613
f 4112//2587 3656//2587 3658//2587
f 4112//2614 3658//2614 3660//2614
f 4114//2476 3652//2476 4113//2476
f 4113//2477 3652//2477 3654//2477
f 4113//2478 3654//2478 3656//2478
f 4115//2479 3648//2479 4114//2479
f 4114//2480 3648//2480 3650//2480
f 4114//2481 3650//2481 3652//2481
f 4116//2482 3692//2482 4115//2482
f 4115//2483 3692//2483 3646//2483
f 4115//2484 3646//2484 3648//2484
f 4117//2485 3688//2485 4116//2485
f 4116//2486 3688//2486 3690//2486
f 4116//2487 3690//2487 3692//2487
f 3680//2615 3682//2615 4106//2615
f 4106//2616 3682//2616 3684//2616
f 4106//2617 3684//2617 4117//2617
f 4117//2491 3684//2491 3686//2491
f 4117//2492 3686//2492 3688//2492
f 4118//2618 4119//2618 4120//2618
f 4120//2618 4119//2618 4121//2618
f 4120//2619 4121//2619 4122//2619
f 4122//2619 4121//2619 4123//2619
f 4122//2620 4123//2620 4124//2620
f 4124//2620 4123//2620 4125//2620
f 4124//2621 4125//2621 4126//2621
f 4126//2621 4125//2621 4127//2621
f 4126//2622 4127//2622 4128//2622
f 4128//2622 4127//2622 4129//2622
f 4128//2623 4129//2623 4130//2623
f 4130//2623 4129//2623 4131//2623
f 4130//2624 4131//2624 4132//2624
f 4132//2624 4131//2624 4133//2624
f 4132//2625 4133//2625 4134//2625
f 4134//2625 4133//2625 4135//2625
f 4136//2626 4137//2626 3722//2626
f 3762//2627 4138//2627 3718//2627
f 3718//2628 4138//2628 4136//2628
f 3718//2629 4136//2629 3721//2629
f 3721//2630 4136//2630 3722//2630
f 3729//2631 3727//2631 4139//2631
f 4139//2632 3727//2632 3726//2632
f 4139//2633 3726//2633 4137//2633
f 4137//2634 3726//2634 3724//2634
f 4137//2635 3724//2635 3722//2635
f 3729//2636 4139//2636 3730//2636
f 3730//2637 4139//2637 4140//2637
f 3730//2638 4140//2638 3732//2638
f 3732//2639 4140//2639 3734//2639
f 3734//2640 4140//2640 4141//2640
f 3734//2641 4141//2641 3735//2641
f 4142//2642 3743//2642 3741//2642
f 4142//2643 3741//2643 4143//2643
f 3741//2644 3740//2644 4143//2644
f 4143//2645 3740//2645 3738//2645
f 4143//2646 3738//2646 4141//2646
f 4141//2647 3738//2647 3737//2647
f 4141//2648 3737//2648 3735//2648
f 3743//2649 4142//2649 3745//2649
f 3745//2650 4142//2650 4144//2650
f 3745//2651 4144//2651 3746//2651
f 4145//2652 3751//2652 3749//2652
f 4145//2653 3749//2653 4144//2653
f 4144//2654 3749//2654 3748//2654
f 4144//2655 3748//2655 3746//2655
f 3751//2656 4145//2656 3753//2656
f 3753//2657 4145//2657 4146//2657
f 3753//2658 4146//2658 3755//2658
f 3762//2659 3761//2659 4138//2659
f 4138//2660 3761//2660 3759//2660
f 4138//2661 3759//2661 4147//2661
f 4147//2662 3759//2662 3757//2662
f 4147//2663 3757//2663 4146//2663
f 4146//2664 3757//2664 3756//2664
f 4146//2665 3756//2665 3755//2665
f 4148//2666 4149//2666 4150//2666
f 4150//2666 4149//2666 4151//2666
f 4150//2667 4151//2667 4152//2667
f 4152//2667 4151//2667 4153//2667
f 4152//2668 4153//2668 4154//2668
f 4154//2668 4153//2668 4155//2668
f 4154//2669 4155//2669 4156//2669
f 4156//2669 4155//2669 4157//2669
f 4156//2670 4157//2670 4158//2670
f 4158//2670 4157//2670 4159//2670
f 4158//2671 4159//2671 4160//2671
f 4160//2671 4159//2671 4161//2671
f 4160//2672 4161//2672 4162//2672
f 4162//2672 4161//2672 4163//2672
f 4162//2673 4163//2673 4164//2673
f 4164//2673 4163//2673 4165//2673
f 4166//2674 3797//2674 4167//2674
f 4167//2675 3797//2675 3841//2675
f 4168//2676 3801//2676 4166//2676
f 4166//2630 3801//2630 3800//2630
f 4166//2629 3800//2629 3797//2629
f 3808//2677 3806//2677 4169//2677
f 4169//2678 3806//2678 3805//2678
f 4169//2679 3805//2679 4168//2679
f 4168//2680 3805//2680 3803//2680
f 4168//2681 3803//2681 3801//2681
f 3808//2682 4169//2682 3809//2682
f 3809//2683 4169//2683 4170//2683
f 3809//2684 4170//2684 3811//2684
f 3811//2685 4170//2685 3813//2685
f 3813//2686 4170//2686 4171//2686
f 3813//2687 4171//2687 3814//2687
f 4172//2688 3822//2688 3820//2688
f 4172//2689 3820//2689 4173//2689
f 3820//2690 3819//2690 4173//2690
f 4173//2691 3819//2691 3817//2691
f 4173//2692 3817//2692 4171//2692
f 4171//2693 3817//2693 3816//2693
f 4171//2648 3816//2648 3814//2648
f 3822//2694 4172//2694 3824//2694
f 3824//2695 4172//2695 4174//2695
f 3824//2696 4174//2696 3825//2696
f 4175//2697 3830//2697 3828//2697
f 4175//2698 3828//2698 4174//2698
f 4174//2699 3828//2699 3827//2699
f 4174//2700 3827//2700 3825//2700
f 3830//2656 4175//2656 3832//2656
f 3832//2701 4175//2701 4176//2701
f 3832//2702 4176//2702 3834//2702
f 3841//2703 3840//2703 4167//2703
f 4167//2704 3840//2704 3838//2704
f 4167//2705 3838//2705 4177//2705
f 4177//2662 3838//2662 3836//2662
f 4177//2706 3836//2706 4176//2706
f 4176//2707 3836//2707 3835//2707
f 4176//2708 3835//2708 3834//2708
f 4178//2709 4179//2709 4180//2709
f 4180//2709 4179//2709 4181//2709
f 4180//2710 4181//2710 4182//2710
f 4182//2710 4181//2710 4183//2710
f 4182//2711 4183//2711 4184//2711
f 4184//2711 4183//2711 4185//2711
f 4184//2712 4185//2712 4186//2712
f 4186//2712 4185//2712 4187//2712
f 4186//2713 4187//2713 4188//2713
f 4188//2713 4187//2713 4189//2713
f 4188//2714 4189//2714 4190//2714
f 4190//2714 4189//2714 4191//2714
f 4190//2715 4191//2715 4192//2715
f 4192//2715 4191//2715 4193//2715
f 4192//2716 4193//2716 4194//2716
f 4194//2716 4193//2716 4195//2716
f 4196//2628 3876//2628 4197//2628
f 4197//2717 3876//2717 3920//2717
f 4198//2718 3880//2718 4196//2718
f 4196//2719 3880//2719 3879//2719
f 4196//2720 3879//2720 3876//2720
f 3887//2677 3885//2677 4199//2677
f 4199//2721 3885//2721 3884//2721
f 4199//2722 3884//2722 4198//2722
f 4198//2723 3884//2723 3882//2723
f 4198//2724 3882//2724 3880//2724
f 3887//2725 4199//2725 3888//2725
f 3888//2726 4199//2726 4200//2726
f 3888//2727 4200//2727 3890//2727
f 3890//2728 4200//2728 3892//2728
f 3892//2729 4200//2729 4201//2729
f 3892//2730 4201//2730 3894//2730
f 4202//2688 3901//2688 3899//2688
f 4202//2731 3899//2731 4203//2731
f 3899//2732 3898//2732 4203//2732
f 4203//2733 3898//2733 3896//2733
f 4203//2646 3896//2646 4201//2646
f 4201//2734 3896//2734 3895//2734
f 4201//2735 3895//2735 3894//2735
f 3901//2736 4202//2736 3903//2736
f 3903//2737 4202//2737 4204//2737
f 3903//2738 4204//2738 3904//2738
f 4205//2739 3909//2739 3907//2739
f 4205//2740 3907//2740 4204//2740
f 4204//2741 3907//2741 3906//2741
f 4204//2742 3906//2742 3904//2742
f 3909//2743 4205//2743 3911//2743
f 3911//2744 4205//2744 4206//2744
f 3911//2745 4206//2745 3913//2745
f 3920//2746 3919//2746 4197//2746
f 4197//2747 3919//2747 3917//2747
f 4197//2748 3917//2748 4207//2748
f 4207//2749 3917//2749 3915//2749
f 4207//2663 3915//2663 4206//2663
f 4206//2750 3915//2750 3914//2750
f 4206//2751 3914//2751 3913//2751
f 4208//2752 4209//2752 4210//2752
f 4210//2752 4209//2752 4211//2752
f 4210//2753 4211//2753 4212//2753
f 4212//2753 4211//2753 4213//2753
f 4212//2754 4213//2754 4214//2754
f 4214//2754 4213//2754 4215//2754
f 4214//2755 4215//2755 4216//2755
f 4216//2755 4215//2755 4217//2755
f 4216//2756 4217//2756 4218//2756
f 4218//2756 4217//2756 4219//2756
f 4218//2757 4219//2757 4220//2757
f 4220//2757 4219//2757 4221//2757
f 4220//2758 4221//2758 4222//2758
f 4222//2758 4221//2758 4223//2758
f 4222//2759 4223//2759 4224//2759
f 4224//2759 4223//2759 4225//2759
f 4226//248 4227//248 4228//248
f 4229//248 4230//248 4231//248
f 4232//248 4233//248 4234//248
f 4234//248 4233//248 4105//248
f 4234//248 4105//248 4235//248
f 4235//248 4105//248 4103//248
f 4235//248 4103//248 4236//248
f 4236//248 4103//248 4101//248
f 4237//248 4238//248 4239//248
f 4239//248 4238//248 4089//248
f 4067//248 4065//248 4101//248
f 4101//248 4065//248 4063//248
f 4101//248 4063//248 4236//248
f 4236//248 4063//248 4061//248
f 4236//248 4061//248 4228//248
f 4228//248 4061//248 4059//248
f 4228//248 4059//248 4226//248
f 4240//248 4241//248 4242//248
f 4242//248 4241//248 4135//248
f 4242//248 4135//248 4243//248
f 4243//248 4135//248 4133//248
f 4244//248 4245//248 4246//248
f 4123//248 4121//248 4247//248
f 4248//248 4249//248 4031//248
f 4031//248 4029//248 4248//248
f 4248//248 4029//248 4250//248
f 4248//248 4250//248 4251//248
f 4247//248 4121//248 4231//248
f 4231//248 4121//248 4119//248
f 4231//248 4119//248 4229//248
f 4252//248 4253//248 4254//248
f 4254//248 4045//248 4252//248
f 4252//248 4045//248 4043//248
f 4252//248 4043//248 4255//248
f 4043//248 4041//248 4255//248
f 4255//248 4041//248 4039//248
f 4255//248 4039//248 4037//248
f 4037//248 4035//248 4071//248
f 4071//248 4035//248 4033//248
f 4129//248 3964//248 4131//248
f 4131//248 3964//248 3963//248
f 4131//248 3963//248 4133//248
f 4133//248 3963//248 4256//248
f 4133//248 4256//248 4243//248
f 4127//248 3968//248 4129//248
f 4129//248 3968//248 3967//248
f 4033//248 4031//248 4071//248
f 4071//248 4031//248 4249//248
f 4071//248 4249//248 4073//248
f 4073//248 4249//248 4244//248
f 4073//248 4244//248 4075//248
f 4075//248 4244//248 4246//248
f 3967//248 3966//248 4129//248
f 4129//248 3966//248 3965//248
f 4129//248 3965//248 3964//248
f 4089//248 4238//248 4091//248
f 4091//248 4238//248 4256//248
f 4091//248 4256//248 4093//248
f 4093//248 4256//248 3963//248
f 4093//248 3963//248 4095//248
f 4095//248 3963//248 3962//248
f 4095//248 3962//248 4097//248
f 4097//248 3962//248 3961//248
f 4097//248 3961//248 4099//248
f 4099//248 3961//248 3960//248
f 4099//248 3960//248 4101//248
f 4101//248 3960//248 3959//248
f 4101//248 3959//248 4067//248
f 4067//248 3959//248 3958//248
f 4067//248 3958//248 4069//248
f 4257//248 4258//248 4259//248
f 4259//248 4165//248 4257//248
f 4257//248 4165//248 4163//248
f 4257//248 4163//248 4247//248
f 4260//248 4261//248 4151//248
f 4123//248 4247//248 4125//248
f 4125//248 4247//248 4163//248
f 4125//248 4163//248 4161//248
f 4151//248 4149//248 4260//248
f 4260//248 4149//248 4262//248
f 4260//248 4262//248 4263//248
f 4155//248 3970//248 4157//248
f 4157//248 3970//248 3969//248
f 4157//248 3969//248 4159//248
f 4159//248 3969//248 3968//248
f 4159//248 3968//248 4161//248
f 4161//248 3968//248 4127//248
f 4161//248 4127//248 4125//248
f 4264//248 4265//248 4266//248
f 4266//248 4265//248 4179//248
f 4187//248 4185//248 4267//248
f 4267//248 4185//248 4183//248
f 4267//248 4183//248 4181//248
f 4179//248 4265//248 4181//248
f 4181//248 4265//248 4268//248
f 4181//248 4268//248 4267//248
f 4037//248 4071//248 4255//248
f 4255//248 4071//248 3985//248
f 4255//248 3985//248 3984//248
f 4001//248 3999//248 4269//248
f 4269//248 3999//248 4270//248
f 4269//248 4270//248 4271//248
f 4272//248 4273//248 4274//248
f 4187//248 4153//248 4189//248
f 4189//248 4153//248 4191//248
f 4011//248 4217//248 4215//248
f 3958//248 3957//248 4069//248
f 4069//248 3957//248 3956//248
f 4069//248 3956//248 4071//248
f 4071//248 3956//248 3955//248
f 4071//248 3955//248 3985//248
f 4153//248 4151//248 4191//248
f 4191//248 4151//248 4261//248
f 4191//248 4261//248 4193//248
f 4193//248 4261//248 4272//248
f 4193//248 4272//248 4195//248
f 4195//248 4272//248 4274//248
f 4275//248 4276//248 4277//248
f 4277//248 4276//248 4209//248
f 4269//248 4255//248 4001//248
f 4001//248 4255//248 3984//248
f 4001//248 3984//248 4003//248
f 4003//248 3984//248 3983//248
f 4003//248 3983//248 4005//248
f 4005//248 3983//248 3982//248
f 4005//248 3982//248 4007//248
f 4007//248 3982//248 3981//248
f 4007//248 3981//248 4009//248
f 4209//248 4276//248 4211//248
f 4211//248 4276//248 4278//248
f 4211//248 4278//248 4213//248
f 4279//248 4280//248 4281//248
f 4281//248 4280//248 4225//248
f 4281//248 4225//248 4267//248
f 4267//248 4225//248 4223//248
f 4267//248 4223//248 4221//248
f 3972//248 4267//248 3973//248
f 3973//248 4267//248 4221//248
f 3973//248 4221//248 3974//248
f 4215//248 4213//248 4011//248
f 4011//248 4213//248 4278//248
f 4011//248 4278//248 4013//248
f 4013//248 4278//248 4282//248
f 4013//248 4282//248 4015//248
f 4015//248 4282//248 4283//248
f 4015//248 4283//248 4284//248
f 4284//248 4283//248 4285//248
f 4187//248 4267//248 4153//248
f 4153//248 4267//248 3972//248
f 4153//248 3972//248 4155//248
f 4155//248 3972//248 3971//248
f 4155//248 3971//248 3970//248
f 3981//248 3980//248 4009//248
f 4009//248 3980//248 3979//248
f 4009//248 3979//248 4011//248
f 4011//248 3979//248 3978//248
f 4011//248 3978//248 4217//248
f 4217//248 3978//248 3977//248
f 4217//248 3977//248 4219//248
f 4219//248 3977//248 3976//248
f 4219//248 3976//248 4221//248
f 4221//248 3976//248 3975//248
f 4221//248 3975//248 3974//248
f 4286//2760 4285//2760 4283//2760
f 4287//2761 4286//2761 4288//2761
f 4288//2762 4286//2762 4283//2762
f 4288//2763 4283//2763 4289//2763
f 4290//2764 4291//2764 4276//2764
f 4276//2765 4275//2765 4292//2765
f 4292//2766 4293//2766 4276//2766
f 4276//2767 4293//2767 4294//2767
f 4276//2768 4294//2768 4290//2768
f 4291//2769 4295//2769 4276//2769
f 4276//2770 4295//2770 4296//2770
f 4276//2771 4296//2771 4278//2771
f 4278//2772 4296//2772 4297//2772
f 4278//2773 4297//2773 4282//2773
f 4282//2774 4297//2774 4298//2774
f 4282//2775 4298//2775 4283//2775
f 4283//2776 4298//2776 4299//2776
f 4283//2777 4299//2777 4289//2777
f 4299//2778 4300//2778 4289//2778
f 4289//2779 4300//2779 4301//2779
f 4289//2780 4301//2780 4288//2780
f 4288//2781 4301//2781 4302//2781
f 4288//2781 4302//2781 4287//2781
f 4287//2782 4302//2782 4303//2782
f 4287//2782 4303//2782 4286//2782
f 4286//2783 4303//2783 4285//2783
f 4285//2784 4303//2784 4304//2784
f 4285//2785 4304//2785 4284//2785
f 4284//2786 4304//2786 4014//2786
f 4284//2786 4014//2786 4015//2786
f 4305//248 4306//248 4307//248
f 4010//248 4012//248 3996//248
f 3996//248 4012//248 3997//248
f 3996//248 3995//248 4010//248
f 4010//248 3995//248 3994//248
f 4010//248 3994//248 4008//248
f 4008//248 3994//248 3993//248
f 4302//248 4301//248 3986//248
f 3986//248 4301//248 4300//248
f 3986//248 4300//248 3987//248
f 3987//248 4300//248 4305//248
f 3987//248 4305//248 3988//248
f 3988//248 4305//248 4307//248
f 3988//248 4307//248 4308//248
f 4308//248 4309//248 3988//248
f 3988//248 4309//248 4310//248
f 3988//248 4310//248 3989//248
f 3989//248 4310//248 3998//248
f 3989//248 3998//248 3990//248
f 3990//248 3998//248 4000//248
f 3990//248 4000//248 3991//248
f 3991//248 4000//248 4002//248
f 3991//248 4002//248 3992//248
f 3992//248 4002//248 4004//248
f 3992//248 4004//248 3993//248
f 3993//248 4004//248 4006//248
f 3993//248 4006//248 4008//248
f 4012//248 4014//248 3997//248
f 3997//248 4014//248 4304//248
f 3997//248 4304//248 3986//248
f 3986//248 4304//248 4303//248
f 3986//248 4303//248 4302//248
f 4311//2787 4271//2787 4310//2787
f 4310//2788 4309//2788 4311//2788
f 4311//2789 4309//2789 4308//2789
f 4311//2789 4308//2789 4312//2789
f 4312//2790 4308//2790 4307//2790
f 4312//2790 4307//2790 4313//2790
f 4306//2791 4314//2791 4307//2791
f 4307//2792 4314//2792 4315//2792
f 4307//2793 4315//2793 4313//2793
f 4271//2794 4270//2794 4310//2794
f 4310//2795 4270//2795 3999//2795
f 4310//2795 3999//2795 3998//2795
f 4316//2796 4317//2796 4318//2796
f 4318//2797 4317//2797 4253//2797
f 4318//2798 4253//2798 4252//2798
f 4312//2799 4313//2799 4319//2799
f 4319//2800 4313//2800 4315//2800
f 4269//2801 4271//2801 4319//2801
f 4319//2802 4271//2802 4311//2802
f 4319//2803 4311//2803 4312//2803
f 4320//2804 4316//2804 4321//2804
f 4321//2805 4316//2805 4318//2805
f 4321//2806 4318//2806 4322//2806
f 4322//2807 4318//2807 4252//2807
f 4322//2808 4252//2808 4323//2808
f 4323//2809 4252//2809 4255//2809
f 4323//2810 4255//2810 4324//2810
f 4324//2811 4255//2811 4269//2811
f 4324//2811 4269//2811 4325//2811
f 4325//2812 4269//2812 4319//2812
f 4325//2813 4319//2813 4314//2813
f 4314//2814 4319//2814 4315//2814
f 4322//2815 4326//2815 4321//2815
f 4321//2816 4326//2816 4327//2816
f 4321//2817 4327//2817 4320//2817
f 4320//2818 4327//2818 4328//2818
f 4320//2818 4328//2818 4316//2818
f 4316//2819 4328//2819 4329//2819
f 4316//2819 4329//2819 4317//2819
f 4317//2820 4329//2820 4253//2820
f 4253//2821 4329//2821 4330//2821
f 4253//2822 4330//2822 4254//2822
f 4254//2823 4330//2823 4044//2823
f 4254//2823 4044//2823 4045//2823
f 4331//248 4332//248 4018//248
f 4018//248 4332//248 4019//248
f 4327//248 4326//248 4331//248
f 4018//248 4017//248 4331//248
f 4331//248 4017//248 4016//248
f 4331//248 4016//248 4330//248
f 4333//248 4334//248 4332//248
f 4332//248 4334//248 4335//248
f 4332//248 4335//248 4019//248
f 4019//248 4335//248 4336//248
f 4019//248 4336//248 4020//248
f 4020//248 4336//248 4337//248
f 4020//248 4337//248 4021//248
f 4330//248 4329//248 4331//248
f 4331//248 4329//248 4328//248
f 4331//248 4328//248 4327//248
f 4337//248 4028//248 4021//248
f 4021//248 4028//248 4030//248
f 4021//248 4030//248 4022//248
f 4022//248 4030//248 4032//248
f 4022//248 4032//248 4023//248
f 4023//248 4032//248 4034//248
f 4023//248 4034//248 4024//248
f 4024//248 4034//248 4036//248
f 4024//248 4036//248 4025//248
f 4025//248 4036//248 4038//248
f 4025//248 4038//248 4026//248
f 4026//248 4038//248 4040//248
f 4026//248 4040//248 4027//248
f 4027//248 4040//248 4042//248
f 4027//248 4042//248 4016//248
f 4016//248 4042//248 4044//248
f 4016//248 4044//248 4330//248
f 4338//2824 4251//2824 4337//2824
f 4337//2825 4336//2825 4338//2825
f 4338//2826 4336//2826 4335//2826
f 4338//2826 4335//2826 4339//2826
f 4339//2827 4335//2827 4334//2827
f 4339//2827 4334//2827 4340//2827
f 4333//2828 4341//2828 4334//2828
f 4334//2829 4341//2829 4342//2829
f 4334//2830 4342//2830 4340//2830
f 4251//2831 4250//2831 4337//2831
f 4337//2832 4250//2832 4029//2832
f 4337//2832 4029//2832 4028//2832
f 4343//2833 4344//2833 4345//2833
f 4345//2834 4344//2834 4245//2834
f 4345//2835 4245//2835 4244//2835
f 4339//2836 4340//2836 4346//2836
f 4346//2837 4340//2837 4342//2837
f 4248//2838 4251//2838 4346//2838
f 4346//2839 4251//2839 4338//2839
f 4346//2840 4338//2840 4339//2840
f 4347//2841 4343//2841 4348//2841
f 4348//2842 4343//2842 4345//2842
f 4348//2843 4345//2843 4349//2843
f 4349//2844 4345//2844 4244//2844
f 4349//2845 4244//2845 4350//2845
f 4350//2846 4244//2846 4249//2846
f 4350//2847 4249//2847 4351//2847
f 4351//2848 4249//2848 4248//2848
f 4351//2849 4248//2849 4352//2849
f 4352//2850 4248//2850 4346//2850
f 4352//2851 4346//2851 4341//2851
f 4341//2852 4346//2852 4342//2852
f 4349//2853 4353//2853 4348//2853
f 4348//2854 4353//2854 4354//2854
f 4348//2855 4354//2855 4347//2855
f 4347//2856 4354//2856 4355//2856
f 4347//2856 4355//2856 4343//2856
f 4343//2857 4355//2857 4356//2857
f 4343//2857 4356//2857 4344//2857
f 4344//2858 4356//2858 4245//2858
f 4245//2859 4356//2859 4357//2859
f 4245//2860 4357//2860 4246//2860
f 4246//2861 4357//2861 4074//2861
f 4246//2861 4074//2861 4075//2861
f 4358//248 4049//248 4048//248
f 4050//248 4359//248 4051//248
f 4051//248 4359//248 4360//248
f 4049//248 4358//248 4050//248
f 4050//248 4358//248 4361//248
f 4050//248 4361//248 4359//248
f 4354//248 4353//248 4358//248
f 4354//248 4358//248 4355//248
f 4047//248 4046//248 4070//248
f 4070//248 4046//248 4057//248
f 4070//248 4057//248 4068//248
f 4068//248 4057//248 4056//248
f 4360//248 4362//248 4051//248
f 4051//248 4362//248 4363//248
f 4051//248 4363//248 4052//248
f 4052//248 4363//248 4058//248
f 4052//248 4058//248 4053//248
f 4053//248 4058//248 4060//248
f 4053//248 4060//248 4054//248
f 4054//248 4060//248 4062//248
f 4054//248 4062//248 4055//248
f 4055//248 4062//248 4064//248
f 4055//248 4064//248 4056//248
f 4056//248 4064//248 4066//248
f 4056//248 4066//248 4068//248
f 4070//248 4072//248 4047//248
f 4047//248 4072//248 4074//248
f 4047//248 4074//248 4048//248
f 4048//248 4074//248 4357//248
f 4048//248 4357//248 4358//248
f 4358//248 4357//248 4356//248
f 4358//248 4356//248 4355//248
f 4364//2862 4227//2862 4363//2862
f 4363//2863 4362//2863 4364//2863
f 4364//2864 4362//2864 4360//2864
f 4364//2864 4360//2864 4365//2864
f 4365//2865 4360//2865 4359//2865
f 4365//2865 4359//2865 4366//2865
f 4361//2866 4367//2866 4359//2866
f 4359//2867 4367//2867 4368//2867
f 4359//2868 4368//2868 4366//2868
f 4227//2869 4226//2869 4363//2869
f 4363//2870 4226//2870 4059//2870
f 4363//2870 4059//2870 4058//2870
f 4369//2871 4232//2871 4234//2871
f 4370//2872 4369//2872 4371//2872
f 4371//2873 4369//2873 4234//2873
f 4371//2874 4234//2874 4372//2874
f 4368//2875 4367//2875 4228//2875
f 4228//2876 4227//2876 4364//2876
f 4364//2877 4365//2877 4228//2877
f 4228//2878 4365//2878 4366//2878
f 4228//2879 4366//2879 4368//2879
f 4367//2880 4373//2880 4228//2880
f 4228//2881 4373//2881 4374//2881
f 4228//2882 4374//2882 4236//2882
f 4236//2883 4374//2883 4375//2883
f 4236//2884 4375//2884 4235//2884
f 4235//2885 4375//2885 4376//2885
f 4235//2886 4376//2886 4234//2886
f 4234//2887 4376//2887 4377//2887
f 4234//2888 4377//2888 4372//2888
f 4377//2889 4378//2889 4372//2889
f 4372//2890 4378//2890 4379//2890
f 4372//2891 4379//2891 4371//2891
f 4371//2892 4379//2892 4380//2892
f 4371//2892 4380//2892 4370//2892
f 4370//2893 4380//2893 4381//2893
f 4370//2893 4381//2893 4369//2893
f 4369//2894 4381//2894 4232//2894
f 4232//2895 4381//2895 4382//2895
f 4232//2896 4382//2896 4233//2896
f 4233//2897 4382//2897 4104//2897
f 4233//2897 4104//2897 4105//2897
f 4379//248 4378//248 4383//248
f 4384//248 4385//248 4082//248
f 4082//248 4385//248 4386//248
f 4082//248 4386//248 4083//248
f 4083//248 4386//248 4387//248
f 4083//248 4387//248 4084//248
f 4381//248 4380//248 4080//248
f 4080//248 4380//248 4379//248
f 4080//248 4379//248 4081//248
f 4081//248 4379//248 4383//248
f 4081//248 4383//248 4082//248
f 4082//248 4383//248 4388//248
f 4082//248 4388//248 4384//248
f 4387//248 4088//248 4084//248
f 4084//248 4088//248 4090//248
f 4084//248 4090//248 4085//248
f 4085//248 4090//248 4092//248
f 4085//248 4092//248 4086//248
f 4086//248 4092//248 4094//248
f 4086//248 4094//248 4087//248
f 4087//248 4094//248 4096//248
f 4087//248 4096//248 4076//248
f 4076//248 4096//248 4098//248
f 4076//248 4098//248 4077//248
f 4077//248 4098//248 4100//248
f 4077//248 4100//248 4078//248
f 4078//248 4100//248 4102//248
f 4078//248 4102//248 4079//248
f 4079//248 4102//248 4104//248
f 4079//248 4104//248 4080//248
f 4080//248 4104//248 4382//248
f 4080//248 4382//248 4381//248
f 4389//2898 4237//2898 4387//2898
f 4387//2899 4386//2899 4389//2899
f 4389//2900 4386//2900 4385//2900
f 4389//2900 4385//2900 4390//2900
f 4390//2901 4385//2901 4384//2901
f 4390//2901 4384//2901 4391//2901
f 4388//2902 4392//2902 4384//2902
f 4384//2903 4392//2903 4393//2903
f 4384//2904 4393//2904 4391//2904
f 4237//2905 4239//2905 4387//2905
f 4387//2906 4239//2906 4089//2906
f 4387//2906 4089//2906 4088//2906
f 4394//2907 4240//2907 4242//2907
f 4393//2908 4392//2908 4238//2908
f 4238//2909 4237//2909 4389//2909
f 4389//2910 4390//2910 4238//2910
f 4238//2911 4390//2911 4391//2911
f 4238//2912 4391//2912 4393//2912
f 4395//2913 4394//2913 4396//2913
f 4396//2914 4394//2914 4242//2914
f 4396//2915 4242//2915 4397//2915
f 4392//2916 4398//2916 4238//2916
f 4238//2917 4398//2917 4399//2917
f 4238//2918 4399//2918 4256//2918
f 4256//2919 4399//2919 4400//2919
f 4256//2920 4400//2920 4243//2920
f 4243//2921 4400//2921 4401//2921
f 4243//2922 4401//2922 4242//2922
f 4242//2923 4401//2923 4402//2923
f 4242//2924 4402//2924 4397//2924
f 4402//2925 4403//2925 4397//2925
f 4397//2926 4403//2926 4404//2926
f 4397//2927 4404//2927 4396//2927
f 4396//2928 4404//2928 4405//2928
f 4396//2928 4405//2928 4395//2928
f 4395//2929 4405//2929 4406//2929
f 4395//2929 4406//2929 4394//2929
f 4394//2930 4406//2930 4240//2930
f 4240//2931 4406//2931 4407//2931
f 4240//2932 4407//2932 4241//2932
f 4241//2933 4407//2933 4134//2933
f 4241//2933 4134//2933 4135//2933
f 4130//248 4132//248 4110//248
f 4110//248 4132//248 4111//248
f 4110//248 4109//248 4130//248
f 4130//248 4109//248 4108//248
f 4130//248 4108//248 4128//248
f 4128//248 4108//248 4107//248
f 4408//248 4409//248 4410//248
f 4411//248 4412//248 4114//248
f 4114//248 4412//248 4413//248
f 4114//248 4413//248 4115//248
f 4115//248 4413//248 4118//248
f 4115//248 4118//248 4116//248
f 4116//248 4118//248 4120//248
f 4116//248 4120//248 4117//248
f 4117//248 4120//248 4122//248
f 4117//248 4122//248 4106//248
f 4106//248 4122//248 4124//248
f 4106//248 4124//248 4107//248
f 4107//248 4124//248 4126//248
f 4107//248 4126//248 4128//248
f 4405//248 4404//248 4112//248
f 4112//248 4404//248 4403//248
f 4112//248 4403//248 4113//248
f 4113//248 4403//248 4408//248
f 4113//248 4408//248 4114//248
f 4114//248 4408//248 4410//248
f 4114//248 4410//248 4411//248
f 4132//248 4134//248 4111//248
f 4111//248 4134//248 4407//248
f 4111//248 4407//248 4112//248
f 4112//248 4407//248 4406//248
f 4112//248 4406//248 4405//248
f 4414//2934 4230//2934 4413//2934
f 4413//2935 4412//2935 4414//2935
f 4414//2936 4412//2936 4411//2936
f 4414//2936 4411//2936 4415//2936
f 4415//2937 4411//2937 4410//2937
f 4415//2937 4410//2937 4416//2937
f 4409//2938 4417//2938 4410//2938
f 4410//2939 4417//2939 4418//2939
f 4410//2940 4418//2940 4416//2940
f 4230//2941 4229//2941 4413//2941
f 4413//2942 4229//2942 4119//2942
f 4413//2942 4119//2942 4118//2942
f 4419//2943 4420//2943 4421//2943
f 4421//2944 4420//2944 4258//2944
f 4421//2945 4258//2945 4257//2945
f 4415//2946 4416//2946 4422//2946
f 4422//2947 4416//2947 4418//2947
f 4231//2948 4230//2948 4422//2948
f 4422//2949 4230//2949 4414//2949
f 4422//2950 4414//2950 4415//2950
f 4423//2951 4419//2951 4424//2951
f 4424//2952 4419//2952 4421//2952
f 4424//2953 4421//2953 4425//2953
f 4425//2954 4421//2954 4257//2954
f 4425//2955 4257//2955 4426//2955
f 4426//2956 4257//2956 4247//2956
f 4426//2957 4247//2957 4427//2957
f 4427//2958 4247//2958 4231//2958
f 4427//2958 4231//2958 4428//2958
f 4428//2959 4231//2959 4422//2959
f 4428//2960 4422//2960 4417//2960
f 4417//2961 4422//2961 4418//2961
f 4425//2962 4429//2962 4424//2962
f 4424//2963 4429//2963 4430//2963
f 4424//2964 4430//2964 4423//2964
f 4423//2965 4430//2965 4431//2965
f 4423//2965 4431//2965 4419//2965
f 4419//2966 4431//2966 4432//2966
f 4419//2966 4432//2966 4420//2966
f 4420//2967 4432//2967 4258//2967
f 4258//2968 4432//2968 4433//2968
f 4258//2969 4433//2969 4259//2969
f 4259//2970 4433//2970 4164//2970
f 4259//2970 4164//2970 4165//2970
f 4434//248 4435//248 4142//248
f 4142//248 4435//248 4144//248
f 4433//248 4432//248 4434//248
f 4142//248 4143//248 4434//248
f 4434//248 4143//248 4141//248
f 4434//248 4141//248 4433//248
f 4432//248 4431//248 4434//248
f 4434//248 4431//248 4430//248
f 4434//248 4430//248 4429//248
f 4146//248 4150//248 4147//248
f 4147//248 4150//248 4152//248
f 4147//248 4152//248 4138//248
f 4138//248 4152//248 4154//248
f 4138//248 4154//248 4136//248
f 4136//248 4154//248 4156//248
f 4136//248 4156//248 4137//248
f 4137//248 4156//248 4158//248
f 4137//248 4158//248 4139//248
f 4139//248 4158//248 4160//248
f 4139//248 4160//248 4140//248
f 4140//248 4160//248 4162//248
f 4140//248 4162//248 4141//248
f 4141//248 4162//248 4164//248
f 4141//248 4164//248 4433//248
f 4436//248 4437//248 4435//248
f 4435//248 4437//248 4438//248
f 4435//248 4438//248 4144//248
f 4144//248 4438//248 4439//248
f 4144//248 4439//248 4145//248
f 4145//248 4439//248 4440//248
f 4145//248 4440//248 4146//248
f 4146//248 4440//248 4148//248
f 4146//248 4148//248 4150//248
f 4441//2971 4263//2971 4440//2971
f 4440//2972 4439//2972 4441//2972
f 4441//2973 4439//2973 4438//2973
f 4441//2973 4438//2973 4442//2973
f 4442//2974 4438//2974 4437//2974
f 4442//2974 4437//2974 4443//2974
f 4436//2975 4444//2975 4437//2975
f 4437//2976 4444//2976 4445//2976
f 4437//2977 4445//2977 4443//2977
f 4263//2978 4262//2978 4440//2978
f 4440//2979 4262//2979 4149//2979
f 4440//2979 4149//2979 4148//2979
f 4446//2980 4447//2980 4448//2980
f 4448//2981 4447//2981 4273//2981
f 4448//2982 4273//2982 4272//2982
f 4442//2983 4443//2983 4449//2983
f 4449//2984 4443//2984 4445//2984
f 4260//2985 4263//2985 4449//2985
f 4449//2986 4263//2986 4441//2986
f 4449//2987 4441//2987 4442//2987
f 4450//2988 4446//2988 4451//2988
f 4451//2989 4446//2989 4448//2989
f 4451//2990 4448//2990 4452//2990
f 4452//2991 4448//2991 4272//2991
f 4452//2992 4272//2992 4453//2992
f 4453//2993 4272//2993 4261//2993
f 4453//2994 4261//2994 4454//2994
f 4454//2995 4261//2995 4260//2995
f 4454//2996 4260//2996 4455//2996
f 4455//2997 4260//2997 4449//2997
f 4455//2998 4449//2998 4444//2998
f 4444//2999 4449//2999 4445//2999
f 4452//3000 4456//3000 4451//3000
f 4451//3001 4456//3001 4457//3001
f 4451//3002 4457//3002 4450//3002
f 4450//3003 4457//3003 4458//3003
f 4450//3003 4458//3003 4446//3003
f 4446//3004 4458//3004 4459//3004
f 4446//3004 4459//3004 4447//3004
f 4447//3005 4459//3005 4273//3005
f 4273//3006 4459//3006 4460//3006
f 4273//3007 4460//3007 4274//3007
f 4274//3008 4460//3008 4194//3008
f 4274//3008 4194//3008 4195//3008
f 4174//248 4172//248 4461//248
f 4174//248 4461//248 4175//248
f 4173//248 4171//248 4190//248
f 4190//248 4171//248 4170//248
f 4190//248 4170//248 4188//248
f 4188//248 4170//248 4169//248
f 4457//248 4456//248 4461//248
f 4457//248 4461//248 4458//248
f 4461//248 4462//248 4175//248
f 4175//248 4462//248 4463//248
f 4175//248 4463//248 4176//248
f 4176//248 4463//248 4464//248
f 4464//248 4465//248 4176//248
f 4176//248 4465//248 4466//248
f 4176//248 4466//248 4177//248
f 4177//248 4466//248 4178//248
f 4177//248 4178//248 4167//248
f 4167//248 4178//248 4180//248
f 4167//248 4180//248 4166//248
f 4166//248 4180//248 4182//248
f 4166//248 4182//248 4168//248
f 4168//248 4182//248 4184//248
f 4168//248 4184//248 4169//248
f 4169//248 4184//248 4186//248
f 4169//248 4186//248 4188//248
f 4190//248 4192//248 4173//248
f 4173//248 4192//248 4194//248
f 4173//248 4194//248 4172//248
f 4172//248 4194//248 4460//248
f 4172//248 4460//248 4461//248
f 4461//248 4460//248 4459//248
f 4461//248 4459//248 4458//248
f 4467//3009 4264//3009 4466//3009
f 4466//3010 4465//3010 4467//3010
f 4467//3011 4465//3011 4464//3011
f 4467//3011 4464//3011 4468//3011
f 4468//3012 4464//3012 4463//3012
f 4468//3012 4463//3012 4469//3012
f 4462//3013 4470//3013 4463//3013
f 4463//3014 4470//3014 4471//3014
f 4463//3015 4471//3015 4469//3015
f 4264//3016 4266//3016 4466//3016
f 4466//3017 4266//3017 4179//3017
f 4466//3017 4179//3017 4178//3017
f 4472//3018 4279//3018 4281//3018
f 4473//3019 4472//3019 4474//3019
f 4474//3020 4472//3020 4281//3020
f 4474//3021 4281//3021 4475//3021
f 4471//3022 4470//3022 4265//3022
f 4265//3023 4264//3023 4467//3023
f 4467//3024 4468//3024 4265//3024
f 4265//3025 4468//3025 4469//3025
f 4265//3026 4469//3026 4471//3026
f 4470//3027 4476//3027 4265//3027
f 4265//3028 4476//3028 4477//3028
f 4265//3029 4477//3029 4268//3029
f 4268//3030 4477//3030 4478//3030
f 4268//3031 4478//3031 4267//3031
f 4267//3032 4478//3032 4479//3032
f 4267//3033 4479//3033 4281//3033
f 4281//3034 4479//3034 4480//3034
f 4281//3035 4480//3035 4475//3035
f 4480//3036 4481//3036 4475//3036
f 4475//3037 4481//3037 4482//3037
f 4475//3038 4482//3038 4474//3038
f 4474//3039 4482//3039 4483//3039
f 4474//3039 4483//3039 4473//3039
f 4473//3040 4483//3040 4484//3040
f 4473//3040 4484//3040 4472//3040
f 4472//3041 4484//3041 4279//3041
f 4279//3042 4484//3042 4485//3042
f 4279//3043 4485//3043 4280//3043
f 4280//3044 4485//3044 4224//3044
f 4280//3044 4224//3044 4225//3044
f 4482//248 4481//248 4486//248
f 4487//248 4488//248 4207//248
f 4207//248 4488//248 4489//248
f 4207//248 4489//248 4197//248
f 4484//248 4483//248 4205//248
f 4205//248 4483//248 4482//248
f 4205//248 4482//248 4206//248
f 4206//248 4482//248 4486//248
f 4206//248 4486//248 4207//248
f 4207//248 4486//248 4490//248
f 4207//248 4490//248 4487//248
f 4489//248 4491//248 4197//248
f 4197//248 4491//248 4208//248
f 4197//248 4208//248 4196//248
f 4196//248 4208//248 4210//248
f 4196//248 4210//248 4198//248
f 4198//248 4210//248 4212//248
f 4198//248 4212//248 4199//248
f 4199//248 4212//248 4214//248
f 4199//248 4214//248 4200//248
f 4200//248 4214//248 4216//248
f 4200//248 4216//248 4201//248
f 4201//248 4216//248 4218//248
f 4201//248 4218//248 4203//248
f 4203//248 4218//248 4220//248
f 4203//248 4220//248 4202//248
f 4202//248 4220//248 4222//248
f 4202//248 4222//248 4204//248
f 4204//248 4222//248 4224//248
f 4204//248 4224//248 4205//248
f 4205//248 4224//248 4485//248
f 4205//248 4485//248 4484//248
f 4292//3045 4275//3045 4491//3045
f 4491//3046 4489//3046 4292//3046
f 4292//3047 4489//3047 4488//3047
f 4292//3047 4488//3047 4293//3047
f 4293//3048 4488//3048 4487//3048
f 4293//3048 4487//3048 4294//3048
f 4490//3049 4291//3049 4487//3049
f 4487//3050 4291//3050 4290//3050
f 4487//3051 4290//3051 4294//3051
f 4275//3052 4277//3052 4491//3052
f 4491//3053 4277//3053 4209//3053
f 4491//3053 4209//3053 4208//3053
f 4300//3054 4492//3054 4305//3054
f 4305//3055 4492//3055 4493//3055
f 4305//3056 4493//3056 4306//3056
f 4306//3057 4493//3057 4494//3057
f 4306//3058 4494//3058 4314//3058
f 4331//3059 4326//3059 4495//3059
f 4495//3060 4496//3060 4331//3060
f 4331//3061 4496//3061 4497//3061
f 4331//3062 4497//3062 4332//3062
f 4332//3063 4497//3063 4498//3063
f 4332//3064 4498//3064 4333//3064
f 4333//3065 4498//3065 4499//3065
f 4333//3066 4499//3066 4341//3066
f 4373//3067 4367//3067 4361//3067
f 4398//3068 4392//3068 4388//3068
f 4403//3069 4500//3069 4408//3069
f 4408//3070 4500//3070 4501//3070
f 4408//3071 4501//3071 4409//3071
f 4409//3072 4501//3072 4502//3072
f 4409//3073 4502//3073 4417//3073
f 4434//3074 4429//3074 4503//3074
f 4503//3075 4504//3075 4434//3075
f 4434//3076 4504//3076 4505//3076
f 4434//3076 4505//3076 4435//3076
f 4435//3077 4505//3077 4436//3077
f 4436//3078 4505//3078 4506//3078
f 4436//3079 4506//3079 4444//3079
f 4476//3080 4470//3080 4462//3080
f 4295//3081 4291//3081 4490//3081
f 4353//3082 4507//3082 4358//3082
f 4358//3083 4507//3083 4508//3083
f 4358//3084 4508//3084 4361//3084
f 4361//3085 4508//3085 4509//3085
f 4361//3067 4509//3067 4373//3067
f 4373//3086 4509//3086 4510//3086
f 4373//3086 4510//3086 4374//3086
f 4374//3087 4510//3087 4511//3087
f 4374//3087 4511//3087 4375//3087
f 4375//3088 4511//3088 4512//3088
f 4375//3088 4512//3088 4376//3088
f 4341//3066 4499//3066 4352//3066
f 4352//3089 4499//3089 4513//3089
f 4352//3089 4513//3089 4351//3089
f 4351//3090 4513//3090 4507//3090
f 4351//3090 4507//3090 4350//3090
f 4350//3091 4507//3091 4353//3091
f 4350//3091 4353//3091 4349//3091
f 4314//3058 4494//3058 4325//3058
f 4325//3092 4494//3092 4514//3092
f 4325//3092 4514//3092 4324//3092
f 4324//3093 4514//3093 4495//3093
f 4324//3093 4495//3093 4323//3093
f 4323//3094 4495//3094 4326//3094
f 4323//3094 4326//3094 4322//3094
f 4481//3095 4515//3095 4486//3095
f 4486//3096 4515//3096 4516//3096
f 4486//3097 4516//3097 4490//3097
f 4490//3098 4516//3098 4517//3098
f 4490//3081 4517//3081 4295//3081
f 4295//3099 4517//3099 4518//3099
f 4295//3099 4518//3099 4296//3099
f 4296//3100 4518//3100 4519//3100
f 4296//3100 4519//3100 4297//3100
f 4297//3101 4519//3101 4492//3101
f 4297//3101 4492//3101 4298//3101
f 4298//3102 4492//3102 4300//3102
f 4298//3102 4300//3102 4299//3102
f 4456//3103 4520//3103 4461//3103
f 4461//3104 4520//3104 4521//3104
f 4461//3105 4521//3105 4462//3105
f 4462//3106 4521//3106 4522//3106
f 4462//3080 4522//3080 4476//3080
f 4476//3107 4522//3107 4523//3107
f 4476//3107 4523//3107 4477//3107
f 4477//3108 4523//3108 4524//3108
f 4477//3108 4524//3108 4478//3108
f 4478//3109 4524//3109 4515//3109
f 4478//3109 4515//3109 4479//3109
f 4479//3110 4515//3110 4481//3110
f 4479//3110 4481//3110 4480//3110
f 4444//3079 4506//3079 4455//3079
f 4455//3111 4506//3111 4525//3111
f 4455//3111 4525//3111 4454//3111
f 4454//3112 4525//3112 4520//3112
f 4454//3112 4520//3112 4453//3112
f 4453//3113 4520//3113 4456//3113
f 4453//3113 4456//3113 4452//3113
f 4417//3073 4502//3073 4428//3073
f 4428//3114 4502//3114 4526//3114
f 4428//3114 4526//3114 4427//3114
f 4427//3115 4526//3115 4503//3115
f 4427//3115 4503//3115 4426//3115
f 4426//3116 4503//3116 4429//3116
f 4426//3116 4429//3116 4425//3116
f 4377//3117 4376//3117 4378//3117
f 4378//3117 4376//3117 4512//3117
f 4378//3118 4512//3118 4383//3118
f 4383//3119 4512//3119 4527//3119
f 4383//3120 4527//3120 4388//3120
f 4388//3121 4527//3121 4528//3121
f 4388//3068 4528//3068 4398//3068
f 4398//3122 4528//3122 4529//3122
f 4398//3122 4529//3122 4399//3122
f 4399//3123 4529//3123 4530//3123
f 4399//3123 4530//3123 4400//3123
f 4400//3124 4530//3124 4500//3124
f 4400//3124 4500//3124 4401//3124
f 4401//3125 4500//3125 4403//3125
f 4401//3125 4403//3125 4402//3125
f 4499//247 4498//247 4531//247
f 4531//247 4498//247 4497//247
f 4531//247 4497//247 4532//247
f 4532//247 4497//247 4496//247
f 4532//247 4496//247 4533//247
f 4533//247 4496//247 4495//247
f 4533//247 4495//247 4534//247
f 4534//247 4495//247 4514//247
f 4534//247 4514//247 4535//247
f 4535//247 4514//247 4494//247
f 4535//247 4494//247 4536//247
f 4536//247 4494//247 4493//247
f 4536//247 4493//247 4537//247
f 4537//247 4493//247 4492//247
f 4537//247 4492//247 4538//247
f 4538//247 4492//247 4519//247
f 4538//247 4519//247 4539//247
f 4539//247 4519//247 4518//247
f 4539//247 4518//247 4540//247
f 4540//247 4518//247 4517//247
f 4540//247 4517//247 4541//247
f 4541//247 4517//247 4516//247
f 4541//247 4516//247 4542//247
f 4542//247 4516//247 4515//247
f 4542//247 4515//247 4543//247
f 4543//247 4515//247 4524//247
f 4543//247 4524//247 4544//247
f 4544//247 4524//247 4523//247
f 4544//247 4523//247 4545//247
f 4545//247 4523//247 4522//247
f 4545//247 4522//247 4546//247
f 4546//247 4522//247 4521//247
f 4546//247 4521//247 4547//247
f 4547//247 4521//247 4520//247
f 4547//247 4520//247 4548//247
f 4548//247 4520//247 4525//247
f 4548//247 4525//247 4549//247
f 4549//247 4525//247 4506//247
f 4549//247 4506//247 4550//247
f 4550//247 4506//247 4505//247
f 4550//247 4505//247 4551//247
f 4551//247 4505//247 4504//247
f 4551//247 4504//247 4552//247
f 4552//247 4504//247 4503//247
f 4552//247 4503//247 4553//247
f 4553//247 4503//247 4526//247
f 4553//247 4526//247 4554//247
f 4554//247 4526//247 4502//247
f 4554//247 4502//247 4555//247
f 4555//247 4502//247 4501//247
f 4555//247 4501//247 4556//247
f 4556//247 4501//247 4500//247
f 4556//247 4500//247 4557//247
f 4557//247 4500//247 4530//247
f 4557//247 4530//247 4558//247
f 4558//247 4530//247 4529//247
f 4558//247 4529//247 4559//247
f 4559//247 4529//247 4528//247
f 4559//247 4528//247 4560//247
f 4560//247 4528//247 4527//247
f 4560//247 4527//247 4561//247
f 4561//247 4527//247 4512//247
f 4561//247 4512//247 4562//247
f 4562//247 4512//247 4511//247
f 4562//247 4511//247 4563//247
f 4563//247 4511//247 4510//247
f 4563//247 4510//247 4564//247
f 4564//247 4510//247 4509//247
f 4564//247 4509//247 4565//247
f 4565//247 4509//247 4508//247
f 4565//247 4508//247 4566//247
f 4566//247 4508//247 4507//247
f 4566//247 4507//247 4567//247
f 4567//247 4507//247 4513//247
f 4567//247 4513//247 4568//247
f 4568//247 4513//247 4499//247
f 4568//247 4499//247 4531//247
f 4569//3126 4542//3126 4570//3126
f 4570//3127 4542//3127 4543//3127
f 4570//3128 4543//3128 4571//3128
f 4571//3129 4543//3129 4544//3129
f 4571//3130 4544//3130 4572//3130
f 4572//3131 4544//3131 4545//3131
f 4572//3132 4545//3132 4573//3132
f 4573//3133 4545//3133 4546//3133
f 4573//3134 4546//3134 4574//3134
f 4574//3135 4546//3135 4547//3135
f 4574//3136 4547//3136 4575//3136
f 4575//3137 4547//3137 4548//3137
f 4575//3138 4548//3138 4576//3138
f 4576//3139 4548//3139 4549//3139
f 4576//3140 4549//3140 4577//3140
f 4577//3141 4549//3141 4550//3141
f 4577//3142 4550//3142 4578//3142
f 4578//3143 4550//3143 4551//3143
f 4578//3144 4551//3144 4579//3144
f 4579//3145 4551//3145 4552//3145
f 4579//3146 4552//3146 4580//3146
f 4580//3147 4552//3147 4553//3147
f 4580//3148 4553//3148 4581//3148
f 4581//3149 4553//3149 4554//3149
f 4581//3150 4554//3150 4582//3150
f 4582//3151 4554//3151 4555//3151
f 4582//3152 4555//3152 4583//3152
f 4583//3153 4555//3153 4556//3153
f 4583//3154 4556//3154 4584//3154
f 4584//3155 4556//3155 4557//3155
f 4584//3156 4557//3156 4585//3156
f 4585//3157 4557//3157 4558//3157
f 4585//3158 4558//3158 4586//3158
f 4586//3159 4558//3159 4559//3159
f 4586//3160 4559//3160 4587//3160
f 4587//3161 4559//3161 4560//3161
f 4587//3162 4560//3162 4588//3162
f 4588//3163 4560//3163 4561//3163
f 4588//3164 4561//3164 4589//3164
f 4589//3165 4561//3165 4562//3165
f 4589//3166 4562//3166 4590//3166
f 4590//3167 4562//3167 4563//3167
f 4590//3168 4563//3168 4591//3168
f 4591//3169 4563//3169 4564//3169
f 4591//3170 4564//3170 4592//3170
f 4592//3171 4564//3171 4565//3171
f 4592//3172 4565//3172 4593//3172
f 4593//3173 4565//3173 4566//3173
f 4593//3174 4566//3174 4594//3174
f 4594//3175 4566//3175 4567//3175
f 4594//3176 4567//3176 4595//3176
f 4595//3177 4567//3177 4568//3177
f 4595//3178 4568//3178 4596//3178
f 4596//3179 4568//3179 4531//3179
f 4596//3180 4531//3180 4597//3180
f 4597//3181 4531//3181 4532//3181
f 4597//3182 4532//3182 4598//3182
f 4598//3183 4532//3183 4533//3183
f 4598//3184 4533//3184 4599//3184
f 4599//3185 4533//3185 4534//3185
f 4599//3186 4534//3186 4600//3186
f 4600//3187 4534//3187 4535//3187
f 4600//3188 4535//3188 4601//3188
f 4601//3189 4535//3189 4536//3189
f 4601//3190 4536//3190 4602//3190
f 4602//3191 4536//3191 4537//3191
f 4602//3192 4537//3192 4603//3192
f 4603//3193 4537//3193 4538//3193
f 4603//3194 4538//3194 4604//3194
f 4604//3195 4538//3195 4539//3195
f 4604//3196 4539//3196 4605//3196
f 4605//3197 4539//3197 4540//3197
f 4605//3198 4540//3198 4606//3198
f 4606//3199 4540//3199 4541//3199
f 4606//3200 4541//3200 4569//3200
f 4569//3201 4541//3201 4542//3201
f 4588//3202 4607//3202 4587//3202
f 4587//3203 4607//3203 4608//3203
f 4587//3203 4608//3203 4586//3203
f 4586//3204 4608//3204 4609//3204
f 4586//3204 4609//3204 4585//3204
f 4585//3205 4609//3205 4610//3205
f 4585//3205 4610//3205 4584//3205
f 4584//3206 4610//3206 4611//3206
f 4584//3206 4611//3206 4583//3206
f 4583//3207 4611//3207 4612//3207
f 4583//3207 4612//3207 4582//3207
f 4582//3208 4612//3208 4613//3208
f 4582//3208 4613//3208 4581//3208
f 4581//3209 4613//3209 4614//3209
f 4581//3209 4614//3209 4580//3209
f 4580//3210 4614//3210 4615//3210
f 4580//3210 4615//3210 4579//3210
f 4579//3211 4615//3211 4616//3211
f 4579//3211 4616//3211 4578//3211
f 4578//3212 4616//3212 4617//3212
f 4578//3212 4617//3212 4577//3212
f 4577//3213 4617//3213 4618//3213
f 4577//3213 4618//3213 4576//3213
f 4576//3214 4618//3214 4619//3214
f 4576//3214 4619//3214 4575//3214
f 4575//3215 4619//3215 4620//3215
f 4575//3215 4620//3215 4574//3215
f 4574//3216 4620//3216 4621//3216
f 4574//3216 4621//3216 4573//3216
f 4573//3217 4621//3217 4622//3217
f 4573//3217 4622//3217 4572//3217
f 4572//3218 4622//3218 4623//3218
f 4572//3218 4623//3218 4571//3218
f 4571//3219 4623//3219 4624//3219
f 4571//3219 4624//3219 4570//3219
f 4570//3220 4624//3220 4625//3220
f 4570//3220 4625//3220 4569//3220
f 4569//3221 4625//3221 4626//3221
f 4569//3221 4626//3221 4606//3221
f 4606//3222 4626//3222 4627//3222
f 4606//3222 4627//3222 4605//3222
f 4605//3223 4627//3223 4628//3223
f 4605//3223 4628//3223 4604//3223
f 4604//3224 4628//3224 4629//3224
f 4604//3224 4629//3224 4603//3224
f 4603//3225 4629//3225 4630//3225
f 4603//3225 4630//3225 4602//3225
f 4602//3226 4630//3226 4631//3226
f 4602//3226 4631//3226 4601//3226
f 4601//3227 4631//3227 4632//3227
f 4601//3227 4632//3227 4600//3227
f 4600//3228 4632//3228 4633//3228
f 4600//3228 4633//3228 4599//3228
f 4599//3229 4633//3229 4634//3229
f 4599//3229 4634//3229 4598//3229
f 4598//3230 4634//3230 4635//3230
f 4598//3230 4635//3230 4597//3230
f 4597//3231 4635//3231 4636//3231
f 4597//3231 4636//3231 4596//3231
f 4596//3232 4636//3232 4637//3232
f 4596//3232 4637//3232 4595//3232
f 4595//3233 4637//3233 4638//3233
f 4595//3233 4638//3233 4594//3233
f 4594//3234 4638//3234 4639//3234
f 4594//3234 4639//3234 4593//3234
f 4593//3235 4639//3235 4640//3235
f 4593//3235 4640//3235 4592//3235
f 4592//3236 4640//3236 4641//3236
f 4592//3236 4641//3236 4591//3236
f 4591//3237 4641//3237 4642//3237
f 4591//3237 4642//3237 4590//3237
f 4590//3238 4642//3238 4643//3238
f 4590//3238 4643//3238 4589//3238
f 4589//3239 4643//3239 4644//3239
f 4589//3239 4644//3239 4588//3239
f 4588//3202 4644//3202 4607//3202
f 4625//3240 1929//3240 4626//3240
f 4626//3241 1929//3241 1932//3241
f 4626//3242 1932//3242 4627//3242
f 4627//3243 1932//3243 1931//3243
f 4627//3244 1931//3244 4628//3244
f 4628//3245 1931//3245 1930//3245
f 4628//3246 1930//3246 4629//3246
f 4629//3247 1930//3247 1935//3247
f 4629//3248 1935//3248 4630//3248
f 4630//3249 1935//3249 1934//3249
f 4630//3250 1934//3250 4631//3250
f 4631//3251 1934//3251 1933//3251
f 4631//3252 1933//3252 4632//3252
f 4632//3253 1933//3253 1938//3253
f 4632//3254 1938//3254 4633//3254
f 4633//3255 1938//3255 1937//3255
f 4633//3256 1937//3256 4634//3256
f 4634//3257 1937//3257 1936//3257
f 4634//3258 1936//3258 4635//3258
f 4635//3259 1936//3259 1941//3259
f 4635//3260 1941//3260 4636//3260
f 4636//3261 1941//3261 1940//3261
f 4636//3262 1940//3262 4637//3262
f 4637//3263 1940//3263 1939//3263
f 4637//3264 1939//3264 4638//3264
f 4638//3265 1939//3265 1944//3265
f 4638//3266 1944//3266 4639//3266
f 4639//3267 1944//3267 1943//3267
f 4639//3268 1943//3268 4640//3268
f 4640//3269 1943//3269 1942//3269
f 4640//3270 1942//3270 4641//3270
f 4641//3271 1942//3271 1947//3271
f 4641//3271 1947//3271 4642//3271
f 4642//3272 1947//3272 1946//3272
f 4642//3273 1946//3273 4643//3273
f 4643//3274 1946//3274 1945//3274
f 4643//3275 1945//3275 4644//3275
f 4644//3276 1945//3276 1950//3276
f 4644//3277 1950//3277 4607//3277
f 4607//3278 1950//3278 1949//3278
f 4607//3279 1949//3279 4608//3279
f 4608//3280 1949//3280 1948//3280
f 4608//3281 1948//3281 4609//3281
f 4609//3282 1948//3282 1953//3282
f 4609//3283 1953//3283 4610//3283
f 4610//3284 1953//3284 1952//3284
f 4610//3285 1952//3285 4611//3285
f 4611//3286 1952//3286 1951//3286
f 4611//3287 1951//3287 4612//3287
f 4612//3288 1951//3288 1956//3288
f 4612//3289 1956//3289 4613//3289
f 4613//3290 1956//3290 1955//3290
f 4613//3291 1955//3291 4614//3291
f 4614//3292 1955//3292 1954//3292
f 4614//3293 1954//3293 4615//3293
f 4615//3294 1954//3294 1959//3294
f 4615//3295 1959//3295 4616//3295
f 4616//3296 1959//3296 1958//3296
f 4616//3297 1958//3297 4617//3297
f 4617//3298 1958//3298 1957//3298
f 4617//3299 1957//3299 4618//3299
f 4618//3300 1957//3300 1962//3300
f 4618//3301 1962//3301 4619//3301
f 4619//3302 1962//3302 1961//3302
f 4619//3303 1961//3303 4620//3303
f 4620//3304 1961//3304 1960//3304
f 4620//3305 1960//3305 4621//3305
f 4621//3306 1960//3306 1964//3306
f 4621//3307 1964//3307 4622//3307
f 4622//3308 1964//3308 1963//3308
f 4622//3308 1963//3308 4623//3308
f 4623//3309 1963//3309 1927//3309
f 4623//3310 1927//3310 4624//3310
f 4624//3311 1927//3311 1926//3311
f 4624//3312 1926//3312 4625//3312
f 4625//3313 1926//3313 1929//3313
f 4645//248 4646//248 4647//248
f 4648//248 4649//248 4650//248
f 4651//248 4652//248 4653//248
f 4654//248 4655//248 4656//248
f 4657//248 4658//248 4659//248
f 4660//248 4661//248 4662//248
f 4663//248 4664//248 4665//248
f 4666//248 4667//248 4668//248
f 4669//248 4670//248 4671//248
f 4666//248 4668//248 4672//248
f 4672//248 4668//248 4673//248
f 4672//248 4673//248 4674//248
f 4675//248 4676//248 4677//248
f 4677//248 4676//248 4678//248
f 4673//248 4669//248 4674//248
f 4674//248 4669//248 4671//248
f 4674//248 4671//248 4679//248
f 4679//248 4671//248 4680//248
f 4679//248 4680//248 4675//248
f 4675//248 4680//248 4681//248
f 4675//248 4681//248 4676//248
f 4661//248 4682//248 4662//248
f 4662//248 4682//248 4683//248
f 4662//248 4683//248 4665//248
f 4665//248 4683//248 4684//248
f 4665//248 4684//248 4663//248
f 4685//248 4686//248 4687//248
f 4688//248 4689//248 4686//248
f 4686//248 4689//248 4690//248
f 4686//248 4690//248 4691//248
f 4692//248 4693//248 4694//248
f 4693//248 4695//248 4694//248
f 4694//248 4695//248 4696//248
f 4694//248 4696//248 4659//248
f 4694//248 4697//248 4692//248
f 4692//248 4697//248 4698//248
f 4692//248 4698//248 4691//248
f 4698//248 4699//248 4691//248
f 4691//248 4699//248 4700//248
f 4691//248 4700//248 4686//248
f 4686//248 4700//248 4701//248
f 4686//248 4701//248 4687//248
f 4702//248 4694//248 4703//248
f 4703//248 4694//248 4659//248
f 4703//248 4659//248 4704//248
f 4704//248 4659//248 4658//248
f 4655//248 4654//248 4659//248
f 4659//248 4654//248 4705//248
f 4659//248 4705//248 4657//248
f 4706//248 4707//248 4686//248
f 4686//248 4707//248 4708//248
f 4686//248 4708//248 4688//248
f 4688//248 4708//248 4709//248
f 4688//248 4709//248 4710//248
f 4710//248 4709//248 4711//248
f 4710//248 4711//248 4712//248
f 4713//248 4714//248 4715//248
f 4716//248 4717//248 4718//248
f 4719//248 4720//248 4721//248
f 4721//248 4720//248 4722//248
f 4718//248 4723//248 4716//248
f 4716//248 4723//248 4722//248
f 4716//248 4722//248 4724//248
f 4724//248 4722//248 4720//248
f 4724//248 4720//248 4725//248
f 4726//248 4727//248 4728//248
f 4728//248 4727//248 4729//248
f 4728//248 4729//248 4717//248
f 4717//248 4729//248 4730//248
f 4717//248 4730//248 4718//248
f 4731//248 4732//248 4733//248
f 4726//248 4734//248 4727//248
f 4727//248 4734//248 4731//248
f 4727//248 4731//248 4735//248
f 4735//248 4731//248 4733//248
f 4731//248 4736//248 4737//248
f 4732//248 4731//248 4738//248
f 4738//248 4731//248 4737//248
f 4738//248 4737//248 4739//248
f 4740//248 4741//248 4713//248
f 4713//248 4741//248 4742//248
f 4713//248 4742//248 4714//248
f 4714//248 4742//248 4743//248
f 4734//248 4744//248 4731//248
f 4731//248 4744//248 4745//248
f 4731//248 4745//248 4736//248
f 4736//248 4745//248 4746//248
f 4736//248 4746//248 4747//248
f 4747//248 4746//248 4714//248
f 4747//248 4714//248 4748//248
f 4748//248 4714//248 4743//248
f 4740//248 4713//248 4749//248
f 4749//248 4713//248 4750//248
f 4749//248 4750//248 4751//248
f 4653//248 4752//248 4753//248
f 4753//248 4752//248 4754//248
f 4753//248 4754//248 4751//248
f 4755//248 4756//248 4653//248
f 4653//248 4756//248 4757//248
f 4653//248 4757//248 4752//248
f 4758//248 4759//248 4653//248
f 4653//248 4759//248 4760//248
f 4653//248 4760//248 4755//248
f 4652//248 4761//248 4653//248
f 4653//248 4761//248 4762//248
f 4653//248 4762//248 4758//248
f 4753//248 4763//248 4764//248
f 4753//248 4764//248 4653//248
f 4653//248 4764//248 4765//248
f 4653//248 4765//248 4651//248
f 4766//248 4767//248 4753//248
f 4753//248 4767//248 4768//248
f 4753//248 4768//248 4763//248
f 4769//248 4761//248 4770//248
f 4770//248 4761//248 4652//248
f 4770//248 4652//248 4771//248
f 4771//248 4652//248 4772//248
f 4771//248 4772//248 4773//248
f 4773//248 4772//248 4774//248
f 4773//248 4774//248 4775//248
f 4775//248 4774//248 4776//248
f 4777//248 4778//248 4779//248
f 4779//248 4778//248 4780//248
f 4781//248 4782//248 4783//248
f 4781//248 4783//248 4784//248
f 4782//248 4785//248 4783//248
f 4783//248 4785//248 4786//248
f 4783//248 4786//248 4778//248
f 4778//248 4786//248 4787//248
f 4778//248 4787//248 4780//248
f 4788//248 4789//248 4790//248
f 4790//248 4789//248 4791//248
f 4790//248 4791//248 4792//248
f 4792//248 4791//248 4793//248
f 4794//248 4795//248 4791//248
f 4791//248 4795//248 4796//248
f 4791//248 4796//248 4793//248
f 4797//248 4798//248 4791//248
f 4789//248 4784//248 4791//248
f 4791//248 4784//248 4783//248
f 4791//248 4783//248 4797//248
f 4797//248 4783//248 4799//248
f 4798//248 4800//248 4791//248
f 4791//248 4800//248 4801//248
f 4791//248 4801//248 4794//248
f 4794//248 4801//248 4802//248
f 4803//248 4783//248 4804//248
f 4804//248 4783//248 4805//248
f 4806//248 4807//248 4803//248
f 4803//248 4807//248 4808//248
f 4803//248 4808//248 4783//248
f 4783//248 4808//248 4809//248
f 4783//248 4809//248 4799//248
f 4802//248 4810//248 4794//248
f 4794//248 4810//248 4811//248
f 4794//248 4811//248 4812//248
f 4812//248 4811//248 4813//248
f 4812//248 4813//248 4814//248
f 4814//248 4813//248 4807//248
f 4814//248 4807//248 4815//248
f 4815//248 4807//248 4806//248
f 4816//248 4817//248 4818//248
f 4819//248 4820//248 4821//248
f 4821//248 4820//248 4822//248
f 4822//248 4823//248 4821//248
f 4821//248 4823//248 4824//248
f 4821//248 4824//248 4817//248
f 4817//248 4824//248 4825//248
f 4817//248 4825//248 4818//248
f 4826//248 4827//248 4821//248
f 4821//248 4827//248 4828//248
f 4821//248 4828//248 4819//248
f 4829//248 4830//248 4821//248
f 4831//248 4832//248 4833//248
f 4833//248 4832//248 4834//248
f 4835//248 4836//248 4837//248
f 4837//248 4836//248 4826//248
f 4838//248 4836//248 4839//248
f 4839//248 4836//248 4835//248
f 4839//248 4835//248 4840//248
f 4840//248 4835//248 4841//248
f 4840//248 4841//248 4842//248
f 4842//248 4841//248 4843//248
f 4842//248 4843//248 4844//248
f 4844//248 4843//248 4831//248
f 4844//248 4831//248 4845//248
f 4845//248 4831//248 4833//248
f 4830//248 4846//248 4821//248
f 4821//248 4846//248 4847//248
f 4821//248 4847//248 4826//248
f 4826//248 4847//248 4848//248
f 4826//248 4848//248 4837//248
f 4834//248 4829//248 4833//248
f 4833//248 4829//248 4821//248
f 4833//248 4821//248 4849//248
f 4849//248 4821//248 4817//248
f 4849//248 4817//248 4850//248
f 4648//248 4650//248 4851//248
f 4852//248 4853//248 4854//248
f 4854//248 4853//248 4855//248
f 4856//248 4857//248 4858//248
f 4859//248 4860//248 4861//248
f 4861//248 4860//248 4855//248
f 4858//248 4857//248 4647//248
f 4647//248 4857//248 4862//248
f 4647//248 4862//248 4645//248
f 4646//248 4863//248 4853//248
f 4853//248 4863//248 4864//248
f 4853//248 4864//248 4855//248
f 4855//248 4864//248 4865//248
f 4855//248 4865//248 4861//248
f 4866//248 4860//248 4867//248
f 4867//248 4860//248 4859//248
f 4867//248 4859//248 4868//248
f 4868//248 4859//248 4869//248
f 4868//248 4869//248 4870//248
f 4870//248 4869//248 4871//248
f 4870//248 4871//248 4872//248
f 4872//248 4871//248 4856//248
f 4872//248 4856//248 4873//248
f 4873//248 4856//248 4858//248
f 4874//248 4875//248 4876//248
f 4876//248 4875//248 4853//248
f 4876//248 4853//248 4877//248
f 4877//248 4853//248 4852//248
f 4875//248 4878//248 4853//248
f 4853//248 4878//248 4879//248
f 4853//248 4879//248 4646//248
f 4646//248 4879//248 4880//248
f 4646//248 4880//248 4647//248
f 4874//248 4876//248 4881//248
f 4881//248 4876//248 4882//248
f 4881//248 4882//248 4883//248
f 4884//248 4885//248 4886//248
f 4886//248 4885//248 4887//248
f 4886//248 4887//248 4888//248
f 4888//248 4887//248 4889//248
f 4890//248 4891//248 4892//248
f 4886//248 4893//248 4894//248
f 4894//248 4895//248 4886//248
f 4886//248 4895//248 4896//248
f 4886//248 4896//248 4884//248
f 4897//248 4892//248 4898//248
f 4898//248 4892//248 4891//248
f 4898//248 4891//248 4899//248
f 4895//248 4900//248 4896//248
f 4896//248 4900//248 4901//248
f 4896//248 4901//248 4902//248
f 4902//248 4901//248 4903//248
f 4902//248 4903//248 4904//248
f 4904//248 4903//248 4905//248
f 4904//248 4905//248 4906//248
f 4906//248 4905//248 4890//248
f 4906//248 4890//248 4907//248
f 4907//248 4890//248 4892//248
f 4891//248 4908//248 4899//248
f 4899//248 4908//248 4909//248
f 4899//248 4909//248 4910//248
f 4910//248 4909//248 4911//248
f 4910//248 4911//248 4912//248
f 4912//248 4911//248 4913//248
f 4913//248 4911//248 4893//248
f 4913//248 4893//248 4914//248
f 4914//248 4893//248 4886//248
f 4914//248 4886//248 4915//248
f 4915//248 4886//248 4888//248
f 4915//248 4888//248 4916//248
f 4916//248 4888//248 4917//248
f 4916//248 4917//248 4918//248
f 4919//248 4920//248 4678//248
f 4678//248 4920//248 4921//248
f 4678//248 4921//248 4677//248
f 4665//248 4920//248 4662//248
f 4662//248 4920//248 4919//248
f 4662//248 4919//248 4917//248
f 4917//248 4919//248 4922//248
f 4917//248 4922//248 4918//248
f 4923//248 4668//248 4924//248
f 4924//248 4668//248 4667//248
f 4924//248 4667//248 4925//248
f 4925//248 4667//248 4926//248
f 4925//248 4926//248 4664//248
f 4664//248 4926//248 4927//248
f 4664//248 4927//248 4665//248
f 4665//248 4927//248 4928//248
f 4665//248 4928//248 4920//248
f 4711//248 4656//248 4712//248
f 4712//248 4656//248 4655//248
f 4712//248 4655//248 4929//248
f 4929//248 4655//248 4659//248
f 4818//248 4805//248 4816//248
f 4816//248 4805//248 4783//248
f 4816//248 4783//248 4930//248
f 4930//248 4783//248 4778//248
f 4930//248 4778//248 4750//248
f 4889//248 4883//248 4888//248
f 4888//248 4883//248 4882//248
f 4888//248 4882//248 4917//248
f 4917//248 4882//248 4931//248
f 4917//248 4931//248 4662//248
f 4662//248 4931//248 4685//248
f 4662//248 4685//248 4660//248
f 4660//248 4685//248 4687//248
f 4751//248 4750//248 4753//248
f 4753//248 4750//248 4778//248
f 4753//248 4778//248 4766//248
f 4766//248 4778//248 4777//248
f 4766//248 4777//248 4932//248
f 4932//248 4777//248 4933//248
f 4932//248 4933//248 4776//248
f 4776//248 4933//248 4934//248
f 4776//248 4934//248 4775//248
f 4877//248 4851//248 4876//248
f 4876//248 4851//248 4650//248
f 4876//248 4650//248 4882//248
f 4882//248 4650//248 4935//248
f 4882//248 4935//248 4931//248
f 4931//248 4935//248 4936//248
f 4931//248 4936//248 4685//248
f 4685//248 4936//248 4937//248
f 4685//248 4937//248 4686//248
f 4686//248 4937//248 4720//248
f 4686//248 4720//248 4706//248
f 4706//248 4720//248 4719//248
f 4649//248 4850//248 4650//248
f 4650//248 4850//248 4817//248
f 4650//248 4817//248 4935//248
f 4935//248 4817//248 4816//248
f 4935//248 4816//248 4936//248
f 4936//248 4816//248 4930//248
f 4936//248 4930//248 4937//248
f 4937//248 4930//248 4750//248
f 4937//248 4750//248 4720//248
f 4720//248 4750//248 4713//248
f 4720//248 4713//248 4725//248
f 4725//248 4713//248 4715//248
f 4938//248 4939//248 4940//248
f 4940//248 4939//248 4941//248
f 4940//248 4941//248 4942//248
f 4943//248 4944//248 4940//248
f 4940//248 4944//248 4945//248
f 4940//248 4945//248 4938//248
f 4946//248 4947//248 4940//248
f 4940//248 4947//248 4948//248
f 4940//248 4948//248 4943//248
f 4942//248 4949//248 4940//248
f 4940//248 4949//248 4950//248
f 4940//248 4950//248 4946//248
f 4941//3314 4926//3314 4942//3314
f 4942//3314 4926//3314 4667//3314
f 4942//3315 4667//3315 4949//3315
f 4949//3315 4667//3315 4666//3315
f 4949//3316 4666//3316 4950//3316
f 4950//3316 4666//3316 4672//3316
f 4950//3317 4672//3317 4946//3317
f 4946//3317 4672//3317 4674//3317
f 4946//3318 4674//3318 4947//3318
f 4947//3318 4674//3318 4679//3318
f 4947//3319 4679//3319 4948//3319
f 4948//3319 4679//3319 4675//3319
f 4948//3320 4675//3320 4943//3320
f 4943//3320 4675//3320 4677//3320
f 4943//3321 4677//3321 4944//3321
f 4944//3321 4677//3321 4921//3321
f 4944//3322 4921//3322 4945//3322
f 4945//3322 4921//3322 4920//3322
f 4945//3323 4920//3323 4938//3323
f 4938//3323 4920//3323 4928//3323
f 4938//3324 4928//3324 4939//3324
f 4939//3324 4928//3324 4927//3324
f 4939//3325 4927//3325 4941//3325
f 4941//3325 4927//3325 4926//3325
f 4951//248 4952//248 4953//248
f 4953//248 4952//248 4954//248
f 4953//248 4954//248 4955//248
f 4956//248 4957//248 4953//248
f 4953//248 4957//248 4958//248
f 4953//248 4958//248 4951//248
f 4959//248 4960//248 4953//248
f 4953//248 4960//248 4961//248
f 4953//248 4961//248 4956//248
f 4955//248 4962//248 4953//248
f 4953//248 4962//248 4963//248
f 4953//248 4963//248 4959//248
f 4954//3326 4659//3326 4955//3326
f 4955//3326 4659//3326 4696//3326
f 4955//3327 4696//3327 4962//3327
f 4962//3327 4696//3327 4695//3327
f 4962//3328 4695//3328 4963//3328
f 4963//3328 4695//3328 4693//3328
f 4963//3329 4693//3329 4959//3329
f 4959//3329 4693//3329 4692//3329
f 4959//3330 4692//3330 4960//3330
f 4960//3330 4692//3330 4691//3330
f 4960//3331 4691//3331 4961//3331
f 4961//3331 4691//3331 4690//3331
f 4961//3332 4690//3332 4956//3332
f 4956//3332 4690//3332 4689//3332
f 4956//3321 4689//3321 4957//3321
f 4957//3321 4689//3321 4688//3321
f 4957//3333 4688//3333 4958//3333
f 4958//3333 4688//3333 4710//3333
f 4958//3334 4710//3334 4951//3334
f 4951//3334 4710//3334 4712//3334
f 4951//3335 4712//3335 4952//3335
f 4952//3335 4712//3335 4929//3335
f 4952//3336 4929//3336 4954//3336
f 4954//3336 4929//3336 4659//3336
f 4964//248 4965//248 4966//248
f 4966//248 4965//248 4967//248
f 4966//248 4967//248 4968//248
f 4969//248 4970//248 4966//248
f 4966//248 4970//248 4971//248
f 4966//248 4971//248 4964//248
f 4972//248 4973//248 4966//248
f 4966//248 4973//248 4974//248
f 4966//248 4974//248 4969//248
f 4968//248 4975//248 4966//248
f 4966//248 4975//248 4976//248
f 4966//248 4976//248 4972//248
f 4967//3337 4734//3337 4968//3337
f 4968//3337 4734//3337 4726//3337
f 4968//3338 4726//3338 4975//3338
f 4975//3338 4726//3338 4728//3338
f 4975//3328 4728//3328 4976//3328
f 4976//3328 4728//3328 4717//3328
f 4976//3329 4717//3329 4972//3329
f 4972//3329 4717//3329 4716//3329
f 4972//3330 4716//3330 4973//3330
f 4973//3330 4716//3330 4724//3330
f 4973//3339 4724//3339 4974//3339
f 4974//3339 4724//3339 4725//3339
f 4974//3340 4725//3340 4969//3340
f 4969//3340 4725//3340 4715//3340
f 4969//3321 4715//3321 4970//3321
f 4970//3321 4715//3321 4714//3321
f 4970//3333 4714//3333 4971//3333
f 4971//3333 4714//3333 4746//3333
f 4971//3341 4746//3341 4964//3341
f 4964//3341 4746//3341 4745//3341
f 4964//3342 4745//3342 4965//3342
f 4965//3342 4745//3342 4744//3342
f 4965//3336 4744//3336 4967//3336
f 4967//3336 4744//3336 4734//3336
f 4977//248 4978//248 4979//248
f 4979//248 4978//248 4980//248
f 4979//248 4980//248 4981//248
f 4982//248 4983//248 4979//248
f 4979//248 4983//248 4984//248
f 4979//248 4984//248 4977//248
f 4985//248 4986//248 4979//248
f 4979//248 4986//248 4987//248
f 4979//248 4987//248 4982//248
f 4981//248 4988//248 4979//248
f 4979//248 4988//248 4989//248
f 4979//248 4989//248 4985//248
f 4980//3343 4764//3343 4981//3343
f 4981//3343 4764//3343 4763//3343
f 4981//3315 4763//3315 4988//3315
f 4988//3315 4763//3315 4768//3315
f 4988//3344 4768//3344 4989//3344
f 4989//3344 4768//3344 4767//3344
f 4989//3345 4767//3345 4985//3345
f 4985//3345 4767//3345 4766//3345
f 4985//3346 4766//3346 4986//3346
f 4986//3346 4766//3346 4932//3346
f 4986//3319 4932//3319 4987//3319
f 4987//3319 4932//3319 4776//3319
f 4987//3347 4776//3347 4982//3347
f 4982//3347 4776//3347 4774//3347
f 4982//3348 4774//3348 4983//3348
f 4983//3348 4774//3348 4772//3348
f 4983//3322 4772//3322 4984//3322
f 4984//3322 4772//3322 4652//3322
f 4984//3349 4652//3349 4977//3349
f 4977//3349 4652//3349 4651//3349
f 4977//3350 4651//3350 4978//3350
f 4978//3350 4651//3350 4765//3350
f 4978//3325 4765//3325 4980//3325
f 4980//3325 4765//3325 4764//3325
f 4990//248 4991//248 4992//248
f 4992//248 4991//248 4993//248
f 4992//248 4993//248 4994//248
f 4995//248 4996//248 4992//248
f 4992//248 4996//248 4997//248
f 4992//248 4997//248 4990//248
f 4998//248 4999//248 4992//248
f 4992//248 4999//248 5000//248
f 4992//248 5000//248 4995//248
f 4994//248 5001//248 4992//248
f 4992//248 5001//248 5002//248
f 4992//248 5002//248 4998//248
f 4993//3343 4797//3343 4994//3343
f 4994//3343 4797//3343 4799//3343
f 4994//3315 4799//3315 5001//3315
f 5001//3315 4799//3315 4809//3315
f 5001//3316 4809//3316 5002//3316
f 5002//3316 4809//3316 4808//3316
f 5002//3317 4808//3317 4998//3317
f 4998//3317 4808//3317 4807//3317
f 4998//3346 4807//3346 4999//3346
f 4999//3346 4807//3346 4813//3346
f 4999//3319 4813//3319 5000//3319
f 5000//3319 4813//3319 4811//3319
f 5000//3351 4811//3351 4995//3351
f 4995//3351 4811//3351 4810//3351
f 4995//3321 4810//3321 4996//3321
f 4996//3321 4810//3321 4802//3321
f 4996//3322 4802//3322 4997//3322
f 4997//3322 4802//3322 4801//3322
f 4997//3323 4801//3323 4990//3323
f 4990//3323 4801//3323 4800//3323
f 4990//3352 4800//3352 4991//3352
f 4991//3352 4800//3352 4798//3352
f 4991//3325 4798//3325 4993//3325
f 4993//3325 4798//3325 4797//3325
f 5003//248 5004//248 5005//248
f 5005//248 5004//248 5006//248
f 5005//248 5006//248 5007//248
f 5008//248 5009//248 5005//248
f 5005//248 5009//248 5010//248
f 5005//248 5010//248 5003//248
f 5011//248 5012//248 5005//248
f 5005//248 5012//248 5013//248
f 5005//248 5013//248 5008//248
f 5007//248 5014//248 5005//248
f 5005//248 5014//248 5015//248
f 5005//248 5015//248 5011//248
f 5006//3326 4829//3326 5007//3326
f 5007//3326 4829//3326 4834//3326
f 5007//3315 4834//3315 5014//3315
f 5014//3315 4834//3315 4832//3315
f 5014//3328 4832//3328 5015//3328
f 5015//3328 4832//3328 4831//3328
f 5015//3353 4831//3353 5011//3353
f 5011//3353 4831//3353 4843//3353
f 5011//3354 4843//3354 5012//3354
f 5012//3354 4843//3354 4841//3354
f 5012//3339 4841//3339 5013//3339
f 5013//3339 4841//3339 4835//3339
f 5013//3332 4835//3332 5008//3332
f 5008//3332 4835//3332 4837//3332
f 5008//3355 4837//3355 5009//3355
f 5009//3355 4837//3355 4848//3355
f 5009//3333 4848//3333 5010//3333
f 5010//3333 4848//3333 4847//3333
f 5010//3356 4847//3356 5003//3356
f 5003//3356 4847//3356 4846//3356
f 5003//3342 4846//3342 5004//3342
f 5004//3342 4846//3342 4830//3342
f 5004//3357 4830//3357 5006//3357
f 5006//3357 4830//3357 4829//3357
f 5016//248 5017//248 5018//248
f 5018//248 5017//248 5019//248
f 5018//248 5019//248 5020//248
f 5021//248 5022//248 5018//248
f 5018//248 5022//248 5023//248
f 5018//248 5023//248 5016//248
f 5024//248 5025//248 5018//248
f 5018//248 5025//248 5026//248
f 5018//248 5026//248 5021//248
f 5020//248 5027//248 5018//248
f 5018//248 5027//248 5028//248
f 5018//248 5028//248 5024//248
f 5019//3337 4646//3337 5020//3337
f 5020//3337 4646//3337 4645//3337
f 5020//3315 4645//3315 5027//3315
f 5027//3315 4645//3315 4862//3315
f 5027//3328 4862//3328 5028//3328
f 5028//3328 4862//3328 4857//3328
f 5028//3358 4857//3358 5024//3358
f 5024//3358 4857//3358 4856//3358
f 5024//3330 4856//3330 5025//3330
f 5025//3330 4856//3330 4871//3330
f 5025//3339 4871//3339 5026//3339
f 5026//3339 4871//3339 4869//3339
f 5026//3340 4869//3340 5021//3340
f 5021//3340 4869//3340 4859//3340
f 5021//3359 4859//3359 5022//3359
f 5022//3359 4859//3359 4861//3359
f 5022//3333 4861//3333 5023//3333
f 5023//3333 4861//3333 4865//3333
f 5023//3356 4865//3356 5016//3356
f 5016//3356 4865//3356 4864//3356
f 5016//3342 4864//3342 5017//3342
f 5017//3342 4864//3342 4863//3342
f 5017//3336 4863//3336 5019//3336
f 5019//3336 4863//3336 4646//3336
f 5029//248 5030//248 5031//248
f 5031//248 5030//248 5032//248
f 5031//248 5032//248 5033//248
f 5034//248 5035//248 5031//248
f 5031//248 5035//248 5036//248
f 5031//248 5036//248 5029//248
f 5037//248 5038//248 5031//248
f 5031//248 5038//248 5039//248
f 5031//248 5039//248 5034//248
f 5033//248 5040//248 5031//248
f 5031//248 5040//248 5041//248
f 5031//248 5041//248 5037//248
f 5032//3360 4911//3360 5033//3360
f 5033//3360 4911//3360 4909//3360
f 5033//3361 4909//3361 5040//3361
f 5040//3361 4909//3361 4908//3361
f 5040//3316 4908//3316 5041//3316
f 5041//3316 4908//3316 4891//3316
f 5041//3345 4891//3345 5037//3345
f 5037//3345 4891//3345 4890//3345
f 5037//3362 4890//3362 5038//3362
f 5038//3362 4890//3362 4905//3362
f 5038//3319 4905//3319 5039//3319
f 5039//3319 4905//3319 4903//3319
f 5039//3320 4903//3320 5034//3320
f 5034//3320 4903//3320 4901//3320
f 5034//3321 4901//3321 5035//3321
f 5035//3321 4901//3321 4900//3321
f 5035//3363 4900//3363 5036//3363
f 5036//3363 4900//3363 4895//3363
f 5036//3349 4895//3349 5029//3349
f 5029//3349 4895//3349 4894//3349
f 5029//3324 4894//3324 5030//3324
f 5030//3324 4894//3324 4893//3324
f 5030//3325 4893//3325 5032//3325
f 5032//3325 4893//3325 4911//3325
f 5042//3364 5043//3364 5044//3364
f 5045//3365 5046//3365 5042//3365
f 5047//3366 5048//3366 5045//3366
f 5045//3367 5048//3367 5049//3367
f 5045//3368 5049//3368 5046//3368
f 5050//3369 5051//3369 5045//3369
f 5045//3370 5051//3370 5052//3370
f 5045//3371 5052//3371 5047//3371
f 5053//3372 5054//3372 5055//3372
f 5056//3373 5057//3373 5055//3373
f 5055//3374 5057//3374 5058//3374
f 5055//3375 5058//3375 5059//3375
f 5042//3376 5044//3376 5045//3376
f 5045//3369 5044//3369 5053//3369
f 5045//3369 5053//3369 5050//3369
f 5050//3372 5053//3372 5055//3372
f 5050//3372 5055//3372 5060//3372
f 5060//3377 5055//3377 5059//3377
f 5060//3378 5059//3378 5061//3378
f 5054//3379 5062//3379 5055//3379
f 5055//3380 5062//3380 5063//3380
f 5055//3381 5063//3381 5056//3381
f 5064//247 5065//247 5066//247
f 5064//247 5066//247 5067//247
f 5065//247 5064//247 5068//247
f 5068//247 5064//247 5069//247
f 5068//247 5069//247 5070//247
f 5071//247 5072//247 5073//247
f 5074//247 5075//247 5076//247
f 5076//247 5075//247 5077//247
f 5076//247 5077//247 5078//247
f 5070//247 5069//247 5079//247
f 5079//247 5069//247 5080//247
f 5079//247 5080//247 5081//247
f 5082//247 5083//247 5084//247
f 5077//247 5085//247 5078//247
f 5078//247 5085//247 5086//247
f 5078//247 5086//247 5072//247
f 5072//247 5086//247 5087//247
f 5072//247 5087//247 5073//247
f 5088//247 5089//247 5074//247
f 5074//247 5089//247 5090//247
f 5074//247 5090//247 5075//247
f 5091//247 5092//247 5093//247
f 5093//247 5092//247 5094//247
f 5093//247 5094//247 5095//247
f 5095//247 5094//247 5096//247
f 5095//247 5096//247 5097//247
f 5098//247 5099//247 5091//247
f 5091//247 5099//247 5100//247
f 5091//247 5100//247 5092//247
f 5101//247 5102//247 5098//247
f 5098//247 5102//247 5103//247
f 5098//247 5103//247 5099//247
f 5104//247 5105//247 5106//247
f 5107//247 5108//247 5109//247
f 5073//247 5110//247 5071//247
f 5071//247 5110//247 5111//247
f 5071//247 5111//247 5112//247
f 5113//247 5114//247 5115//247
f 5115//247 5114//247 5116//247
f 5115//247 5116//247 5117//247
f 5081//247 5080//247 5096//247
f 5096//247 5080//247 5118//247
f 5096//247 5118//247 5119//247
f 5120//247 5121//247 5101//247
f 5101//247 5121//247 5122//247
f 5101//247 5122//247 5102//247
f 5104//247 5123//247 5105//247
f 5105//247 5123//247 5124//247
f 5105//247 5124//247 5125//247
f 5125//247 5124//247 5126//247
f 5125//247 5126//247 5120//247
f 5120//247 5126//247 5127//247
f 5120//247 5127//247 5121//247
f 5128//247 5129//247 5106//247
f 5106//247 5129//247 5130//247
f 5106//247 5130//247 5104//247
f 5082//247 5131//247 5083//247
f 5083//247 5131//247 5132//247
f 5083//247 5132//247 5133//247
f 5133//247 5132//247 5134//247
f 5133//247 5134//247 5128//247
f 5128//247 5134//247 5135//247
f 5128//247 5135//247 5129//247
f 5136//247 5137//247 5084//247
f 5084//247 5137//247 5138//247
f 5084//247 5138//247 5082//247
f 5107//247 5139//247 5108//247
f 5108//247 5139//247 5140//247
f 5108//247 5140//247 5141//247
f 5141//247 5140//247 5142//247
f 5141//247 5142//247 5136//247
f 5136//247 5142//247 5143//247
f 5136//247 5143//247 5137//247
f 5144//247 5145//247 5109//247
f 5109//247 5145//247 5146//247
f 5109//247 5146//247 5107//247
f 5111//247 5147//247 5112//247
f 5112//247 5147//247 5148//247
f 5112//247 5148//247 5149//247
f 5149//247 5148//247 5150//247
f 5149//247 5150//247 5144//247
f 5144//247 5150//247 5151//247
f 5144//247 5151//247 5145//247
f 5152//247 5153//247 5088//247
f 5088//247 5153//247 5154//247
f 5088//247 5154//247 5089//247
f 5155//247 5156//247 5157//247
f 5157//247 5156//247 5158//247
f 5157//247 5158//247 5152//247
f 5152//247 5158//247 5159//247
f 5152//247 5159//247 5153//247
f 5160//247 5161//247 5155//247
f 5155//247 5161//247 5162//247
f 5155//247 5162//247 5156//247
f 5163//247 5164//247 5165//247
f 5165//247 5164//247 5166//247
f 5165//247 5166//247 5167//247
f 5168//247 5097//247 5169//247
f 5169//247 5097//247 5096//247
f 5169//247 5096//247 5170//247
f 5170//247 5096//247 5119//247
f 5116//247 5171//247 5117//247
f 5117//247 5171//247 5172//247
f 5117//247 5172//247 5160//247
f 5160//247 5172//247 5173//247
f 5160//247 5173//247 5161//247
f 5174//247 5175//247 5113//247
f 5113//247 5175//247 5176//247
f 5113//247 5176//247 5114//247
f 5166//247 5177//247 5167//247
f 5167//247 5177//247 5178//247
f 5167//247 5178//247 5174//247
f 5174//247 5178//247 5179//247
f 5174//247 5179//247 5175//247
f 5066//247 5180//247 5067//247
f 5067//247 5180//247 5181//247
f 5067//247 5181//247 5163//247
f 5163//247 5181//247 5182//247
f 5163//247 5182//247 5164//247
f 5183//247 5184//247 5185//247
f 5185//247 5184//247 5186//247
f 5185//247 5186//247 5187//247
f 5188//247 5189//247 5185//247
f 5185//247 5189//247 5190//247
f 5185//247 5190//247 5183//247
f 5191//247 5192//247 5185//247
f 5185//247 5192//247 5193//247
f 5185//247 5193//247 5188//247
f 5187//247 5194//247 5185//247
f 5185//247 5194//247 5195//247
f 5185//247 5195//247 5191//247
f 5196//247 5197//247 5198//247
f 5198//247 5197//247 5199//247
f 5198//247 5199//247 5200//247
f 5201//247 5202//247 5198//247
f 5198//247 5202//247 5203//247
f 5198//247 5203//247 5196//247
f 5204//247 5205//247 5198//247
f 5198//247 5205//247 5206//247
f 5198//247 5206//247 5201//247
f 5200//247 5207//247 5198//247
f 5198//247 5207//247 5208//247
f 5198//247 5208//247 5204//247
f 5209//247 5210//247 5211//247
f 5211//247 5210//247 5212//247
f 5211//247 5212//247 5213//247
f 5214//247 5215//247 5211//247
f 5211//247 5215//247 5216//247
f 5211//247 5216//247 5209//247
f 5217//247 5218//247 5211//247
f 5211//247 5218//247 5219//247
f 5211//247 5219//247 5214//247
f 5213//247 5220//247 5211//247
f 5211//247 5220//247 5221//247
f 5211//247 5221//247 5217//247
f 5222//247 5223//247 5224//247
f 5224//247 5223//247 5225//247
f 5224//247 5225//247 5226//247
f 5227//247 5228//247 5224//247
f 5224//247 5228//247 5229//247
f 5224//247 5229//247 5222//247
f 5230//247 5231//247 5224//247
f 5224//247 5231//247 5232//247
f 5224//247 5232//247 5227//247
f 5226//247 5233//247 5224//247
f 5224//247 5233//247 5234//247
f 5224//247 5234//247 5230//247
f 5235//247 5236//247 5237//247
f 5237//247 5236//247 5238//247
f 5237//247 5238//247 5239//247
f 5240//247 5241//247 5237//247
f 5237//247 5241//247 5242//247
f 5237//247 5242//247 5235//247
f 5243//247 5244//247 5237//247
f 5237//247 5244//247 5245//247
f 5237//247 5245//247 5240//247
f 5239//247 5246//247 5237//247
f 5237//247 5246//247 5247//247
f 5237//247 5247//247 5243//247
f 5248//247 5249//247 5250//247
f 5250//247 5249//247 5251//247
f 5250//247 5251//247 5252//247
f 5253//247 5254//247 5250//247
f 5250//247 5254//247 5255//247
f 5250//247 5255//247 5248//247
f 5256//247 5257//247 5250//247
f 5250//247 5257//247 5258//247
f 5250//247 5258//247 5253//247
f 5252//247 5259//247 5250//247
f 5250//247 5259//247 5260//247
f 5250//247 5260//247 5256//247
f 5261//247 5262//247 5263//247
f 5263//247 5262//247 5264//247
f 5263//247 5264//247 5265//247
f 5266//247 5267//247 5263//247
f 5263//247 5267//247 5268//247
f 5263//247 5268//247 5261//247
f 5269//247 5270//247 5263//247
f 5263//247 5270//247 5271//247
f 5263//247 5271//247 5266//247
f 5265//247 5272//247 5263//247
f 5263//247 5272//247 5273//247
f 5263//247 5273//247 5269//247
f 5274//247 5275//247 5276//247
f 5276//247 5275//247 5277//247
f 5276//247 5277//247 5278//247
f 5279//247 5280//247 5276//247
f 5276//247 5280//247 5281//247
f 5276//247 5281//247 5274//247
f 5282//247 5283//247 5276//247
f 5276//247 5283//247 5284//247
f 5276//247 5284//247 5279//247
f 5278//247 5285//247 5276//247
f 5276//247 5285//247 5286//247
f 5276//247 5286//247 5282//247
f 5287//247 5288//247 5289//247
f 5289//247 5288//247 5290//247
f 5289//247 5290//247 5291//247
f 5292//247 5293//247 5289//247
f 5289//247 5293//247 5294//247
f 5289//247 5294//247 5287//247
f 5295//247 5296//247 5289//247
f 5289//247 5296//247 5297//247
f 5289//247 5297//247 5292//247
f 5291//247 5298//247 5289//247
f 5289//247 5298//247 5299//247
f 5289//247 5299//247 5295//247
f 5300//247 5301//247 5302//247
f 5302//247 5301//247 5303//247
f 5302//247 5303//247 5304//247
f 5305//247 5306//247 5302//247
f 5302//247 5306//247 5307//247
f 5302//247 5307//247 5300//247
f 5308//247 5309//247 5302//247
f 5302//247 5309//247 5310//247
f 5302//247 5310//247 5305//247
f 5304//247 5311//247 5302//247
f 5302//247 5311//247 5312//247
f 5302//247 5312//247 5308//247
f 5313//247 5314//247 5315//247
f 5315//247 5314//247 5316//247
f 5315//247 5316//247 5317//247
f 5318//247 5319//247 5315//247
f 5315//247 5319//247 5320//247
f 5315//247 5320//247 5313//247
f 5321//247 5322//247 5315//247
f 5315//247 5322//247 5323//247
f 5315//247 5323//247 5318//247
f 5317//247 5324//247 5315//247
f 5315//247 5324//247 5325//247
f 5315//247 5325//247 5321//247
f 5326//247 5327//247 5328//247
f 5328//247 5327//247 5329//247
f 5328//247 5329//247 5330//247
f 5330//247 5329//247 5331//247
f 5330//247 5331//247 5332//247
f 5332//247 5331//247 5333//247
f 5332//247 5333//247 5334//247
f 5335//247 5336//247 5337//247
f 5337//247 5336//247 5327//247
f 5337//247 5327//247 5338//247
f 5339//247 5340//247 5341//247
f 5341//247 5340//247 5328//247
f 5341//247 5328//247 5342//247
f 5342//247 5328//247 5330//247
f 5326//247 5343//247 5327//247
f 5327//247 5343//247 5344//247
f 5327//247 5344//247 5338//247
f 5333//247 5345//247 5346//247
f 5336//247 5347//247 5348//247
f 5334//247 5333//247 5349//247
f 5349//247 5333//247 5346//247
f 5349//247 5346//247 5350//247
f 5335//247 5351//247 5336//247
f 5336//247 5351//247 5352//247
f 5336//247 5352//247 5347//247
f 5348//247 5353//247 5336//247
f 5336//247 5353//247 5354//247
f 5336//247 5354//247 5355//247
f 5356//247 5357//247 5358//247
f 5359//247 5360//247 5361//247
f 5361//247 5360//247 5362//247
f 5361//247 5362//247 5363//247
f 5364//247 5365//247 5366//247
f 5366//247 5365//247 5367//247
f 5368//247 5369//247 5370//247
f 5359//247 5371//247 5360//247
f 5360//247 5371//247 5368//247
f 5360//247 5368//247 5372//247
f 5372//247 5368//247 5370//247
f 5373//247 5374//247 5375//247
f 5375//247 5374//247 5376//247
f 5375//247 5376//247 5377//247
f 5367//247 5356//247 5366//247
f 5366//247 5356//247 5358//247
f 5366//247 5358//247 5363//247
f 5363//247 5358//247 5377//247
f 5363//247 5377//247 5361//247
f 5361//247 5377//247 5376//247
f 5378//247 5379//247 5364//247
f 5364//247 5379//247 5380//247
f 5364//247 5380//247 5365//247
f 5381//247 5382//247 5383//247
f 5383//247 5382//247 5384//247
f 5383//247 5384//247 5364//247
f 5364//247 5384//247 5385//247
f 5364//247 5385//247 5378//247
f 5386//247 5387//247 5388//247
f 5389//247 5390//247 5391//247
f 5390//247 5389//247 5392//247
f 5392//247 5389//247 5393//247
f 5392//247 5393//247 5394//247
f 5395//247 5396//247 5393//247
f 5393//247 5396//247 5397//247
f 5393//247 5397//247 5394//247
f 5398//247 5399//247 5400//247
f 5391//247 5401//247 5389//247
f 5389//247 5401//247 5398//247
f 5389//247 5398//247 5402//247
f 5402//247 5398//247 5400//247
f 5403//247 5396//247 5404//247
f 5404//247 5396//247 5395//247
f 5404//247 5395//247 5405//247
f 5405//247 5395//247 5406//247
f 5405//247 5406//247 5407//247
f 5407//247 5406//247 5408//247
f 5407//247 5408//247 5409//247
f 5409//247 5408//247 5410//247
f 5410//247 5408//247 5411//247
f 5410//247 5411//247 5412//247
f 5387//247 5413//247 5388//247
f 5388//247 5413//247 5414//247
f 5388//247 5414//247 5415//247
f 5415//247 5414//247 5416//247
f 5415//247 5416//247 5411//247
f 5411//247 5416//247 5417//247
f 5411//247 5417//247 5412//247
f 5418//247 5419//247 5420//247
f 5420//247 5419//247 5421//247
f 5420//247 5421//247 5388//247
f 5388//247 5421//247 5422//247
f 5388//247 5422//247 5386//247
f 5423//247 5424//247 5425//247
f 5425//247 5424//247 5426//247
f 5426//247 5427//247 5425//247
f 5425//247 5427//247 5428//247
f 5425//247 5428//247 5429//247
f 5430//247 5431//247 5432//247
f 5433//247 5434//247 5435//247
f 5436//247 5437//247 5438//247
f 5438//247 5437//247 5439//247
f 5438//247 5439//247 5440//247
f 5440//247 5439//247 5430//247
f 5440//247 5430//247 5441//247
f 5441//247 5430//247 5432//247
f 5429//247 5442//247 5425//247
f 5425//247 5442//247 5443//247
f 5425//247 5443//247 5444//247
f 5444//247 5443//247 5445//247
f 5444//247 5445//247 5446//247
f 5446//247 5445//247 5437//247
f 5446//247 5437//247 5447//247
f 5447//247 5437//247 5436//247
f 5431//247 5430//247 5448//247
f 5448//247 5430//247 5449//247
f 5448//247 5449//247 5450//247
f 5435//247 5451//247 5433//247
f 5433//247 5451//247 5448//247
f 5433//247 5448//247 5452//247
f 5452//247 5448//247 5450//247
f 5452//247 5450//247 5453//247
f 5454//3382 5455//3382 5456//3382
f 5457//3383 5458//3383 5454//3383
f 5454//3384 5458//3384 5459//3384
f 5454//3385 5459//3385 5455//3385
f 5457//3386 5454//3386 5460//3386
f 5460//3387 5454//3387 5461//3387
f 5460//3388 5461//3388 5462//3388
f 5463//3389 5464//3389 5465//3389
f 5466//3389 5463//3389 5456//3389
f 5456//3389 5463//3389 5465//3389
f 5456//3382 5465//3382 5454//3382
f 5454//3382 5465//3382 5467//3382
f 5454//3385 5467//3385 5461//3385
f 5468//3390 5469//3390 5463//3390
f 5463//3391 5469//3391 5470//3391
f 5463//3392 5470//3392 5464//3392
f 5471//3393 5468//3393 5472//3393
f 5472//3394 5468//3394 5463//3394
f 5472//3395 5463//3395 5473//3395
f 5473//3392 5463//3392 5466//3392
f 5474//247 5475//247 5476//247
f 5476//247 5475//247 5477//247
f 5476//247 5477//247 5478//247
f 5478//247 5477//247 5479//247
f 5478//247 5479//247 5480//247
f 5480//247 5479//247 5481//247
f 5480//247 5481//247 5482//247
f 5482//247 5481//247 5483//247
f 5482//247 5483//247 5484//247
f 5484//247 5483//247 5485//247
f 5484//247 5485//247 5486//247
f 5486//247 5485//247 5487//247
f 5486//247 5487//247 5488//247
f 5488//247 5487//247 5489//247
f 5488//247 5489//247 5490//247
f 5490//247 5489//247 5491//247
f 5490//247 5491//247 5492//247
f 5492//247 5491//247 5493//247
f 5492//247 5493//247 5494//247
f 5494//247 5493//247 5495//247
f 5494//247 5495//247 5496//247
f 5496//247 5495//247 5497//247
f 5496//247 5497//247 5498//247
f 5498//247 5497//247 5499//247
f 5498//247 5499//247 5474//247
f 5474//247 5499//247 5500//247
f 5474//247 5500//247 5475//247
f 5501//3396 5502//3396 5503//3396
f 5503//3396 5502//3396 5504//3396
f 5503//3397 5504//3397 5505//3397
f 5505//3397 5504//3397 5506//3397
f 5507//247 5508//247 5509//247
f 5509//247 5508//247 5510//247
f 5509//247 5510//247 5511//247
f 5511//247 5510//247 5512//247
f 5511//247 5512//247 5513//247
f 5513//247 5512//247 5514//247
f 5513//247 5514//247 5515//247
f 5515//247 5514//247 5516//247
f 5515//247 5516//247 5517//247
f 5517//247 5516//247 5518//247
f 5517//247 5518//247 5519//247
f 5519//247 5518//247 5520//247
f 5519//247 5520//247 5521//247
f 5521//247 5520//247 5522//247
f 5521//247 5522//247 5523//247
f 5522//247 5524//247 5523//247
f 5523//247 5524//247 5525//247
f 5523//247 5525//247 5526//247
f 5526//247 5525//247 5527//247
f 5526//247 5527//247 5528//247
f 5528//247 5527//247 5529//247
f 5528//247 5529//247 5530//247
f 5530//247 5529//247 5531//247
f 5530//247 5531//247 5532//247
f 5532//247 5531//247 5533//247
f 5532//247 5533//247 5534//247
f 5534//247 5533//247 5535//247
f 5534//247 5535//247 5536//247
f 5536//247 5535//247 5537//247
f 5536//247 5537//247 5538//247
f 5538//247 5537//247 5539//247
f 5538//247 5539//247 5507//247
f 5507//247 5539//247 5540//247
f 5507//247 5540//247 5508//247
f 5541//248 5542//248 5543//248
f 5544//248 5543//248 5545//248
f 5545//248 5543//248 5542//248
f 5545//248 5542//248 5546//248
f 5546//248 5542//248 5547//248
f 5546//248 5547//248 5548//248
f 5548//248 5547//248 5549//248
f 5548//248 5549//248 5550//248
f 5550//248 5549//248 5551//248
f 5550//248 5551//248 5552//248
f 5552//248 5551//248 5553//248
f 5554//248 5555//248 5545//248
f 5545//248 5555//248 5556//248
f 5545//248 5556//248 5544//248
f 5541//248 5543//248 5557//248
f 5557//248 5543//248 5558//248
f 5557//248 5558//248 5559//248
f 5560//248 5561//248 5562//248
f 5562//248 5561//248 5563//248
f 5562//248 5563//248 5564//248
f 5563//248 5553//248 5564//248
f 5564//248 5553//248 5551//248
f 5564//248 5551//248 5565//248
f 5565//248 5551//248 5566//248
f 5565//248 5566//248 5567//248
f 5567//248 5566//248 5568//248
f 5567//248 5568//248 5569//248
f 5569//248 5568//248 5570//248
f 5569//248 5570//248 5571//248
f 5559//248 5558//248 5572//248
f 5572//248 5558//248 5573//248
f 5572//248 5573//248 5574//248
f 5574//248 5575//248 5572//248
f 5572//248 5575//248 5576//248
f 5572//248 5576//248 5577//248
f 5577//248 5576//248 5578//248
f 5577//248 5578//248 5579//248
f 5579//248 5578//248 5580//248
f 5579//248 5580//248 5581//248
f 5581//248 5580//248 5582//248
f 5583//248 5584//248 5585//248
f 5585//248 5584//248 5586//248
f 5585//248 5586//248 5587//248
f 5587//248 5586//248 5588//248
f 5587//248 5588//248 5589//248
f 5589//248 5588//248 5590//248
f 5589//248 5590//248 5591//248
f 5591//248 5590//248 5592//248
f 5591//248 5592//248 5593//248
f 5592//248 5594//248 5593//248
f 5593//248 5594//248 5595//248
f 5593//248 5595//248 5596//248
f 5596//248 5595//248 5597//248
f 5596//248 5597//248 5598//248
f 5598//248 5597//248 5599//248
f 5598//248 5599//248 5600//248
f 5600//248 5599//248 5601//248
f 5600//248 5601//248 5582//248
f 5582//248 5601//248 5602//248
f 5582//248 5602//248 5581//248
f 5603//248 5604//248 5605//248
f 5605//248 5604//248 5606//248
f 5605//248 5606//248 5607//248
f 5607//248 5606//248 5608//248
f 5607//248 5608//248 5609//248
f 5609//248 5608//248 5610//248
f 5609//248 5610//248 5583//248
f 5583//248 5610//248 5611//248
f 5583//248 5611//248 5584//248
f 5570//248 5612//248 5571//248
f 5571//248 5612//248 5613//248
f 5571//248 5613//248 5614//248
f 5614//248 5613//248 5615//248
f 5614//248 5615//248 5616//248
f 5616//248 5615//248 5617//248
f 5616//248 5617//248 5618//248
f 5618//248 5617//248 5619//248
f 5618//248 5619//248 5603//248
f 5603//248 5619//248 5620//248
f 5603//248 5620//248 5604//248
f 5621//248 5467//248 5622//248
f 5622//248 5467//248 5465//248
f 5622//248 5465//248 5464//248
f 5623//247 5624//247 5625//247
f 5626//247 5627//247 5628//247
f 5628//247 5627//247 5629//247
f 5628//247 5630//247 5631//247
f 5631//247 5630//247 5632//247
f 5633//247 5634//247 5635//247
f 5623//247 5625//247 5632//247
f 5636//247 5637//247 5638//247
f 5628//247 5631//247 5626//247
f 5626//247 5631//247 5639//247
f 5626//247 5639//247 5640//247
f 5625//247 5641//247 5642//247
f 5642//247 5641//247 5643//247
f 5642//247 5643//247 5644//247
f 5627//247 5645//247 5629//247
f 5629//247 5645//247 5646//247
f 5629//247 5646//247 5647//247
f 5647//247 5646//247 5648//247
f 5647//247 5648//247 5649//247
f 5649//247 5648//247 5650//247
f 5649//247 5650//247 5651//247
f 5651//247 5650//247 5652//247
f 5651//247 5652//247 5653//247
f 5653//247 5652//247 5654//247
f 5653//247 5654//247 5655//247
f 5655//247 5654//247 5656//247
f 5655//247 5656//247 5657//247
f 5658//247 5659//247 5660//247
f 5633//247 5635//247 5661//247
f 5662//247 5663//247 5664//247
f 5664//247 5663//247 5665//247
f 5664//247 5665//247 5666//247
f 5636//247 5638//247 5667//247
f 5667//247 5638//247 5668//247
f 5667//247 5668//247 5635//247
f 5635//247 5668//247 5669//247
f 5635//247 5669//247 5661//247
f 5637//247 5636//247 5670//247
f 5670//247 5636//247 5666//247
f 5670//247 5666//247 5671//247
f 5671//247 5666//247 5672//247
f 5671//247 5672//247 5673//247
f 5666//247 5665//247 5672//247
f 5672//247 5665//247 5674//247
f 5672//247 5674//247 5675//247
f 5676//247 5677//247 5625//247
f 5625//247 5677//247 5678//247
f 5625//247 5678//247 5641//247
f 5679//247 5659//247 5680//247
f 5681//247 5682//247 5683//247
f 5683//247 5682//247 5684//247
f 5683//247 5684//247 5685//247
f 5656//247 5686//247 5657//247
f 5657//247 5686//247 5687//247
f 5657//247 5687//247 5624//247
f 5624//247 5687//247 5688//247
f 5624//247 5688//247 5625//247
f 5625//247 5688//247 5689//247
f 5625//247 5689//247 5676//247
f 5634//247 5690//247 5625//247
f 5632//247 5625//247 5631//247
f 5631//247 5625//247 5690//247
f 5631//247 5690//247 5691//247
f 5691//247 5692//247 5631//247
f 5631//247 5692//247 5693//247
f 5631//247 5693//247 5694//247
f 5679//247 5695//247 5696//247
f 5660//247 5697//247 5658//247
f 5658//247 5697//247 5698//247
f 5658//247 5698//247 5699//247
f 5680//247 5681//247 5679//247
f 5679//247 5681//247 5683//247
f 5679//247 5683//247 5700//247
f 5700//247 5683//247 5635//247
f 5700//247 5635//247 5701//247
f 5701//247 5635//247 5634//247
f 5701//247 5634//247 5702//247
f 5702//247 5634//247 5625//247
f 5696//247 5703//247 5679//247
f 5679//247 5703//247 5704//247
f 5679//247 5704//247 5659//247
f 5659//247 5704//247 5705//247
f 5659//247 5705//247 5660//247
f 5706//247 5707//247 5708//247
f 5708//247 5707//247 5699//247
f 5708//247 5699//247 5709//247
f 5709//247 5699//247 5698//247
f 5709//247 5698//247 5710//247
f 5710//247 5698//247 5711//247
f 5712//247 5713//247 5631//247
f 5714//247 5715//247 5716//247
f 5672//247 5717//247 5718//247
f 5719//247 5720//247 5672//247
f 5672//247 5720//247 5721//247
f 5672//247 5721//247 5673//247
f 5718//247 5722//247 5672//247
f 5672//247 5722//247 5723//247
f 5672//247 5723//247 5724//247
f 5724//247 5723//247 5725//247
f 5724//247 5725//247 5726//247
f 5726//247 5725//247 5727//247
f 5726//247 5727//247 5728//247
f 5729//247 5730//247 5731//247
f 5731//247 5730//247 5732//247
f 5724//247 5733//247 5734//247
f 5716//247 5735//247 5714//247
f 5714//247 5735//247 5736//247
f 5714//247 5736//247 5737//247
f 5732//247 5712//247 5731//247
f 5731//247 5712//247 5631//247
f 5731//247 5631//247 5715//247
f 5715//247 5631//247 5694//247
f 5715//247 5694//247 5716//247
f 5734//247 5738//247 5724//247
f 5724//247 5738//247 5739//247
f 5724//247 5739//247 5672//247
f 5672//247 5739//247 5740//247
f 5672//247 5740//247 5719//247
f 5741//247 5742//247 5743//247
f 5743//247 5742//247 5744//247
f 5743//247 5744//247 5745//247
f 5745//247 5744//247 5746//247
f 5745//247 5746//247 5733//247
f 5733//247 5746//247 5747//247
f 5733//247 5747//247 5734//247
f 5748//247 5749//247 5750//247
f 5750//247 5749//247 5751//247
f 5750//247 5751//247 5752//247
f 5752//247 5751//247 5753//247
f 5752//247 5753//247 5754//247
f 5754//247 5753//247 5755//247
f 5754//247 5755//247 5756//247
f 5756//247 5755//247 5757//247
f 5756//247 5757//247 5758//247
f 5758//247 5757//247 5759//247
f 5758//247 5759//247 5729//247
f 5729//247 5759//247 5760//247
f 5729//247 5760//247 5730//247
f 5761//247 5762//247 5763//247
f 5763//247 5762//247 5764//247
f 5763//247 5764//247 5765//247
f 5766//247 5767//247 5768//247
f 5768//247 5767//247 5769//247
f 5768//247 5769//247 5770//247
f 5771//247 5714//247 5772//247
f 5772//247 5714//247 5737//247
f 5772//247 5737//247 5773//247
f 5773//247 5737//247 5774//247
f 5773//247 5774//247 5775//247
f 5775//247 5774//247 5741//247
f 5775//247 5741//247 5776//247
f 5776//247 5741//247 5743//247
f 5776//247 5743//247 5763//247
f 5763//247 5743//247 5768//247
f 5763//247 5768//247 5761//247
f 5761//247 5768//247 5770//247
f 5761//247 5770//247 5777//247
f 5777//247 5770//247 5778//247
f 5777//247 5778//247 5779//247
f 5771//247 5772//247 5780//247
f 5780//247 5772//247 5781//247
f 5780//247 5781//247 5748//247
f 5748//247 5781//247 5782//247
f 5748//247 5782//247 5749//247
f 5783//247 5784//247 5785//247
f 5785//247 5784//247 5786//247
f 5785//247 5786//247 5772//247
f 5772//247 5786//247 5787//247
f 5772//247 5787//247 5788//247
f 5788//247 5789//247 5772//247
f 5772//247 5789//247 5790//247
f 5772//247 5790//247 5781//247
f 5791//247 5792//247 5793//247
f 5794//247 5795//247 5672//247
f 5672//247 5795//247 5796//247
f 5672//247 5796//247 5717//247
f 5717//247 5796//247 5797//247
f 5791//247 5793//247 5798//247
f 5798//247 5793//247 5799//247
f 5798//247 5799//247 5800//247
f 5800//247 5799//247 5801//247
f 5800//247 5801//247 5802//247
f 5802//247 5801//247 5803//247
f 5802//247 5803//247 5804//247
f 5804//247 5803//247 5805//247
f 5804//247 5805//247 5806//247
f 5806//247 5805//247 5807//247
f 5806//247 5807//247 5808//247
f 5809//247 5717//247 5810//247
f 5810//247 5717//247 5797//247
f 5810//247 5797//247 5811//247
f 5811//247 5797//247 5808//247
f 5811//247 5808//247 5812//247
f 5812//247 5808//247 5807//247
f 5792//247 5791//247 5813//247
f 5813//247 5791//247 5814//247
f 5813//247 5814//247 5815//247
f 5794//247 5672//247 5814//247
f 5814//247 5672//247 5816//247
f 5814//247 5816//247 5815//247
f 5815//247 5816//247 5817//247
f 5815//247 5817//247 5818//247
f 5819//247 5820//247 5821//247
f 5822//247 5823//247 5816//247
f 5675//247 5824//247 5672//247
f 5672//247 5824//247 5825//247
f 5672//247 5825//247 5826//247
f 5827//247 5828//247 5829//247
f 5829//247 5828//247 5830//247
f 5830//247 5822//247 5829//247
f 5829//247 5822//247 5816//247
f 5829//247 5816//247 5831//247
f 5831//247 5816//247 5672//247
f 5831//247 5672//247 5832//247
f 5832//247 5672//247 5826//247
f 5833//247 5819//247 5825//247
f 5825//247 5819//247 5821//247
f 5825//247 5821//247 5826//247
f 5819//247 5834//247 5820//247
f 5820//247 5834//247 5835//247
f 5820//247 5835//247 5836//247
f 5836//247 5835//247 5837//247
f 5836//247 5837//247 5838//247
f 5838//247 5837//247 5839//247
f 5838//247 5839//247 5840//247
f 5840//247 5839//247 5841//247
f 5840//247 5841//247 5842//247
f 5842//247 5841//247 5843//247
f 5842//247 5843//247 5844//247
f 5844//247 5843//247 5845//247
f 5844//247 5845//247 5827//247
f 5827//247 5845//247 5846//247
f 5827//247 5846//247 5828//247
f 5847//3398 5848//3398 5712//3398
f 5712//3398 5848//3398 5713//3398
f 5713//3399 5848//3399 5631//3399
f 5631//3400 5848//3400 5849//3400
f 5631//3401 5849//3401 5639//3401
f 5639//3402 5849//3402 5850//3402
f 5639//3402 5850//3402 5640//3402
f 5640//3403 5850//3403 5851//3403
f 5640//3403 5851//3403 5626//3403
f 5688//3404 5852//3404 5853//3404
f 5688//3404 5853//3404 5689//3404
f 5689//3405 5853//3405 5854//3405
f 5689//3405 5854//3405 5676//3405
f 5676//3406 5854//3406 5855//3406
f 5676//3406 5855//3406 5677//3406
f 5677//3407 5855//3407 5856//3407
f 5677//3407 5856//3407 5678//3407
f 5857//3408 5858//3408 5822//3408
f 5822//3408 5858//3408 5823//3408
f 5823//3409 5858//3409 5816//3409
f 5816//3410 5858//3410 5859//3410
f 5816//3411 5859//3411 5817//3411
f 5817//3412 5859//3412 5860//3412
f 5817//3412 5860//3412 5818//3412
f 5818//3413 5860//3413 5861//3413
f 5818//3413 5861//3413 5815//3413
f 5862//3414 5863//3414 5810//3414
f 5810//3414 5863//3414 5809//3414
f 5809//3415 5863//3415 5717//3415
f 5717//3416 5863//3416 5864//3416
f 5717//3417 5864//3417 5718//3417
f 5718//3418 5864//3418 5865//3418
f 5718//3418 5865//3418 5722//3418
f 5722//3419 5865//3419 5866//3419
f 5722//3419 5866//3419 5723//3419
f 5674//3420 5867//3420 5868//3420
f 5674//3420 5868//3420 5675//3420
f 5675//3421 5868//3421 5869//3421
f 5675//3421 5869//3421 5824//3421
f 5824//3422 5869//3422 5825//3422
f 5825//3423 5869//3423 5870//3423
f 5825//3424 5870//3424 5833//3424
f 5833//3425 5870//3425 5871//3425
f 5833//3425 5871//3425 5819//3425
f 5787//3426 5872//3426 5873//3426
f 5787//3426 5873//3426 5788//3426
f 5788//3427 5873//3427 5874//3427
f 5788//3427 5874//3427 5789//3427
f 5789//3428 5874//3428 5875//3428
f 5789//3428 5875//3428 5790//3428
f 5790//3429 5875//3429 5876//3429
f 5790//3429 5876//3429 5781//3429
f 5877//3430 5878//3430 5704//3430
f 5704//3430 5878//3430 5705//3430
f 5879//3431 5880//3431 5680//3431
f 5680//3431 5880//3431 5681//3431
f 5699//3432 5881//3432 5658//3432
f 5658//3432 5881//3432 5882//3432
f 5658//3433 5882//3433 5659//3433
f 5659//3433 5882//3433 5883//3433
f 5659//3434 5883//3434 5680//3434
f 5680//3434 5883//3434 5879//3434
f 5708//3435 5884//3435 5885//3435
f 5708//3435 5885//3435 5706//3435
f 5706//3436 5885//3436 5886//3436
f 5706//3436 5886//3436 5707//3436
f 5707//3437 5886//3437 5881//3437
f 5707//3437 5881//3437 5699//3437
f 5887//3438 5888//3438 5889//3438
f 5890//3439 5891//3439 5892//3439
f 5708//3440 5893//3440 5884//3440
f 5884//3441 5893//3441 5894//3441
f 5891//3442 5895//3442 5892//3442
f 5892//3443 5895//3443 5896//3443
f 5892//3444 5896//3444 5709//3444
f 5709//3444 5896//3444 5897//3444
f 5709//3445 5897//3445 5898//3445
f 5894//3446 5899//3446 5884//3446
f 5884//3447 5899//3447 5900//3447
f 5884//3448 5900//3448 5892//3448
f 5892//3449 5900//3449 5901//3449
f 5892//3450 5901//3450 5902//3450
f 5903//3451 5904//3451 5708//3451
f 5708//3452 5904//3452 5905//3452
f 5708//3444 5905//3444 5906//3444
f 5887//3453 5889//3453 5906//3453
f 5906//3454 5889//3454 5907//3454
f 5906//3455 5907//3455 5908//3455
f 5902//3456 5909//3456 5892//3456
f 5892//3457 5909//3457 5910//3457
f 5892//3458 5910//3458 5890//3458
f 5890//3459 5910//3459 5889//3459
f 5890//3460 5889//3460 5911//3460
f 5911//3461 5889//3461 5888//3461
f 5908//3462 5912//3462 5906//3462
f 5906//3463 5912//3463 5913//3463
f 5906//3464 5913//3464 5708//3464
f 5708//3465 5913//3465 5914//3465
f 5708//3466 5914//3466 5893//3466
f 5898//3467 5915//3467 5709//3467
f 5709//3468 5915//3468 5621//3468
f 5709//3469 5621//3469 5708//3469
f 5708//3470 5621//3470 5622//3470
f 5708//3471 5622//3471 5903//3471
f 5698//3472 5916//3472 5917//3472
f 5698//3472 5917//3472 5711//3472
f 5711//3473 5917//3473 5918//3473
f 5711//3473 5918//3473 5710//3473
f 5710//3474 5918//3474 5892//3474
f 5710//3474 5892//3474 5709//3474
f 5705//3475 5878//3475 5660//3475
f 5660//3475 5878//3475 5919//3475
f 5660//3476 5919//3476 5697//3476
f 5697//3476 5919//3476 5920//3476
f 5697//3477 5920//3477 5698//3477
f 5698//3477 5920//3477 5916//3477
f 5761//3478 5921//3478 5762//3478
f 5762//3478 5921//3478 5922//3478
f 5762//3479 5922//3479 5764//3479
f 5764//3479 5922//3479 5923//3479
f 5764//3480 5923//3480 5765//3480
f 5765//3481 5923//3481 5924//3481
f 5765//3482 5924//3482 5925//3482
f 5926//3483 5927//3483 5783//3483
f 5783//3484 5927//3484 5928//3484
f 5872//3485 5787//3485 5929//3485
f 5929//3485 5787//3485 5786//3485
f 5929//3486 5786//3486 5928//3486
f 5928//3486 5786//3486 5784//3486
f 5928//3487 5784//3487 5783//3487
f 5925//3488 5924//3488 5930//3488
f 5925//3488 5930//3488 5931//3488
f 5931//3489 5930//3489 5932//3489
f 5931//3489 5932//3489 5933//3489
f 5933//3490 5932//3490 5934//3490
f 5933//3490 5934//3490 5935//3490
f 5935//3491 5934//3491 5936//3491
f 5935//3491 5936//3491 5937//3491
f 5937//3492 5936//3492 5927//3492
f 5937//3492 5927//3492 5926//3492
f 5681//3493 5880//3493 5682//3493
f 5682//3493 5880//3493 5938//3493
f 5682//3494 5938//3494 5684//3494
f 5684//3494 5938//3494 5939//3494
f 5684//3495 5939//3495 5685//3495
f 5685//3496 5939//3496 5940//3496
f 5685//3497 5940//3497 5941//3497
f 5942//3498 5943//3498 5662//3498
f 5662//3499 5943//3499 5944//3499
f 5867//3500 5674//3500 5945//3500
f 5945//3500 5674//3500 5665//3500
f 5945//3501 5665//3501 5944//3501
f 5944//3501 5665//3501 5663//3501
f 5944//3502 5663//3502 5662//3502
f 5941//3503 5940//3503 5946//3503
f 5941//3503 5946//3503 5947//3503
f 5947//3504 5946//3504 5948//3504
f 5947//3504 5948//3504 5949//3504
f 5949//3505 5948//3505 5950//3505
f 5949//3505 5950//3505 5951//3505
f 5951//3506 5950//3506 5952//3506
f 5951//3506 5952//3506 5953//3506
f 5953//3507 5952//3507 5943//3507
f 5953//3507 5943//3507 5942//3507
f 5723//3508 5866//3508 5725//3508
f 5725//3508 5866//3508 5954//3508
f 5725//3509 5954//3509 5727//3509
f 5727//3509 5954//3509 5955//3509
f 5727//3510 5955//3510 5728//3510
f 5728//3511 5955//3511 5956//3511
f 5728//3512 5956//3512 5957//3512
f 5958//3513 5959//3513 5766//3513
f 5766//3514 5959//3514 5960//3514
f 5961//3515 5770//3515 5962//3515
f 5962//3515 5770//3515 5769//3515
f 5962//3516 5769//3516 5960//3516
f 5960//3516 5769//3516 5767//3516
f 5960//3517 5767//3517 5766//3517
f 5957//3518 5956//3518 5963//3518
f 5957//3518 5963//3518 5964//3518
f 5964//3519 5963//3519 5965//3519
f 5964//3519 5965//3519 5966//3519
f 5966//3520 5965//3520 5967//3520
f 5966//3520 5967//3520 5968//3520
f 5968//3521 5967//3521 5969//3521
f 5968//3521 5969//3521 5970//3521
f 5970//3522 5969//3522 5959//3522
f 5970//3522 5959//3522 5958//3522
f 5678//3523 5856//3523 5641//3523
f 5641//3523 5856//3523 5971//3523
f 5641//3524 5971//3524 5643//3524
f 5643//3524 5971//3524 5972//3524
f 5643//3525 5972//3525 5644//3525
f 5644//3526 5972//3526 5973//3526
f 5644//3527 5973//3527 5974//3527
f 5975//3528 5976//3528 5695//3528
f 5695//3529 5976//3529 5977//3529
f 5877//3530 5704//3530 5978//3530
f 5978//3530 5704//3530 5703//3530
f 5978//3531 5703//3531 5977//3531
f 5977//3531 5703//3531 5696//3531
f 5977//3532 5696//3532 5695//3532
f 5974//3533 5973//3533 5979//3533
f 5974//3533 5979//3533 5980//3533
f 5980//3534 5979//3534 5981//3534
f 5980//3534 5981//3534 5982//3534
f 5982//3535 5981//3535 5983//3535
f 5982//3535 5983//3535 5984//3535
f 5984//3536 5983//3536 5985//3536
f 5984//3536 5985//3536 5986//3536
f 5986//3537 5985//3537 5976//3537
f 5986//3537 5976//3537 5975//3537
f 5781//3538 5876//3538 5782//3538
f 5782//3538 5876//3538 5987//3538
f 5782//3539 5987//3539 5749//3539
f 5749//3539 5987//3539 5988//3539
f 5749//3540 5988//3540 5751//3540
f 5751//3540 5988//3540 5989//3540
f 5760//3541 5990//3541 5730//3541
f 5730//3541 5990//3541 5991//3541
f 5730//3542 5991//3542 5732//3542
f 5732//3542 5991//3542 5992//3542
f 5732//3543 5992//3543 5712//3543
f 5712//3543 5992//3543 5847//3543
f 5751//3544 5989//3544 5993//3544
f 5751//3544 5993//3544 5753//3544
f 5753//3545 5993//3545 5994//3545
f 5753//3545 5994//3545 5755//3545
f 5755//3546 5994//3546 5995//3546
f 5755//3546 5995//3546 5757//3546
f 5757//3547 5995//3547 5996//3547
f 5757//3547 5996//3547 5759//3547
f 5759//3548 5996//3548 5990//3548
f 5759//3548 5990//3548 5760//3548
f 5819//3549 5871//3549 5834//3549
f 5834//3549 5871//3549 5997//3549
f 5834//3550 5997//3550 5835//3550
f 5835//3550 5997//3550 5998//3550
f 5835//3551 5998//3551 5837//3551
f 5837//3551 5998//3551 5999//3551
f 5846//3552 6000//3552 5828//3552
f 5828//3552 6000//3552 6001//3552
f 5828//3553 6001//3553 5830//3553
f 5830//3553 6001//3553 6002//3553
f 5830//3554 6002//3554 5822//3554
f 5822//3554 6002//3554 5857//3554
f 5837//3555 5999//3555 6003//3555
f 5837//3555 6003//3555 5839//3555
f 5839//3556 6003//3556 6004//3556
f 5839//3556 6004//3556 5841//3556
f 5841//3557 6004//3557 6005//3557
f 5841//3557 6005//3557 5843//3557
f 5843//3558 6005//3558 6006//3558
f 5843//3558 6006//3558 5845//3558
f 5845//3559 6006//3559 6000//3559
f 5845//3559 6000//3559 5846//3559
f 5815//3560 5861//3560 5813//3560
f 5813//3560 5861//3560 6007//3560
f 5813//3561 6007//3561 5792//3561
f 5792//3561 6007//3561 6008//3561
f 5792//3562 6008//3562 5793//3562
f 5793//3562 6008//3562 6009//3562
f 5807//3563 6010//3563 5812//3563
f 5812//3563 6010//3563 6011//3563
f 5812//3564 6011//3564 5811//3564
f 5811//3564 6011//3564 6012//3564
f 5811//3565 6012//3565 5810//3565
f 5810//3565 6012//3565 5862//3565
f 5793//3566 6009//3566 6013//3566
f 5793//3566 6013//3566 5799//3566
f 5799//3567 6013//3567 6014//3567
f 5799//3567 6014//3567 5801//3567
f 5801//3568 6014//3568 6015//3568
f 5801//3568 6015//3568 5803//3568
f 5803//3569 6015//3569 6016//3569
f 5803//3569 6016//3569 5805//3569
f 5805//3570 6016//3570 6010//3570
f 5805//3570 6010//3570 5807//3570
f 5626//3571 5851//3571 5627//3571
f 5627//3571 5851//3571 6017//3571
f 5627//3572 6017//3572 5645//3572
f 5645//3572 6017//3572 6018//3572
f 5645//3573 6018//3573 5646//3573
f 5646//3573 6018//3573 6019//3573
f 5656//3574 6020//3574 5686//3574
f 5686//3574 6020//3574 6021//3574
f 5686//3575 6021//3575 5687//3575
f 5687//3575 6021//3575 6022//3575
f 5687//3576 6022//3576 5688//3576
f 5688//3576 6022//3576 5852//3576
f 5646//3577 6019//3577 6023//3577
f 5646//3577 6023//3577 5648//3577
f 5648//3578 6023//3578 6024//3578
f 5648//3578 6024//3578 5650//3578
f 5650//3579 6024//3579 6025//3579
f 5650//3579 6025//3579 5652//3579
f 5652//3580 6025//3580 6026//3580
f 5652//3580 6026//3580 5654//3580
f 5654//3581 6026//3581 6020//3581
f 5654//3581 6020//3581 5656//3581
f 6027//3582 6028//3582 6029//3582
f 6029//3582 6028//3582 6030//3582
f 6031//3583 6032//3583 6033//3583
f 6033//3583 6032//3583 6034//3583
f 6033//3584 6034//3584 6035//3584
f 6035//3584 6034//3584 6036//3584
f 6035//3585 6036//3585 6037//3585
f 6037//3585 6036//3585 6038//3585
f 6039//3586 6040//3586 6041//3586
f 6041//3586 6040//3586 6042//3586
f 6041//3587 6042//3587 6043//3587
f 6043//3587 6042//3587 6044//3587
f 6043//3588 6044//3588 6045//3588
f 6045//3588 6044//3588 6046//3588
f 6047//3589 6048//3589 6049//3589
f 6049//3589 6048//3589 6050//3589
f 6051//3590 6052//3590 6053//3590
f 6053//3590 6052//3590 6054//3590
f 6055//3591 6056//3591 6057//3591
f 6057//3591 6056//3591 6058//3591
f 6057//3592 6058//3592 6059//3592
f 6059//3592 6058//3592 6060//3592
f 6061//3593 6062//3593 6063//3593
f 6063//3593 6062//3593 6064//3593
f 6065//3594 6066//3594 6067//3594
f 6067//3594 6066//3594 6068//3594
f 6069//247 6070//247 6071//247
f 6072//247 6073//247 6074//247
f 6074//247 6073//247 6075//247
f 6074//247 6075//247 6076//247
f 6076//247 6075//247 6077//247
f 6076//247 6077//247 6078//247
f 6078//247 6077//247 6079//247
f 6078//247 6079//247 6080//247
f 5502//247 6081//247 5504//247
f 5504//247 6081//247 6080//247
f 6079//247 6082//247 6080//247
f 6080//247 6082//247 6083//247
f 6080//247 6083//247 5504//247
f 5504//247 6083//247 6084//247
f 5504//247 6084//247 5506//247
f 6084//247 6085//247 5506//247
f 5506//247 6085//247 6086//247
f 5506//247 6086//247 6087//247
f 6087//247 6086//247 6088//247
f 6087//247 6088//247 6089//247
f 6090//247 6060//247 6058//247
f 6091//247 6092//247 6093//247
f 6093//247 6092//247 6094//247
f 6093//247 6094//247 6095//247
f 6096//247 6097//247 6098//247
f 6058//247 6099//247 6100//247
f 6090//247 6058//247 6101//247
f 6101//247 6058//247 6100//247
f 6101//247 6100//247 6102//247
f 6102//247 6100//247 6103//247
f 6102//247 6103//247 6104//247
f 6104//247 6103//247 6105//247
f 6104//247 6105//247 6106//247
f 6096//247 6107//247 6097//247
f 6097//247 6107//247 6108//247
f 6097//247 6108//247 6109//247
f 6109//247 6108//247 6110//247
f 6109//247 6110//247 6091//247
f 6091//247 6110//247 6111//247
f 6091//247 6111//247 6092//247
f 6092//247 6111//247 6112//247
f 6092//247 6112//247 6113//247
f 6113//247 6112//247 6114//247
f 6113//247 6114//247 6115//247
f 6115//247 6114//247 6116//247
f 6106//247 6105//247 6117//247
f 6117//247 6105//247 6118//247
f 6117//247 6118//247 6119//247
f 6120//247 6056//247 6121//247
f 6121//247 6056//247 6122//247
f 6094//247 6123//247 6095//247
f 6095//247 6123//247 6124//247
f 6095//247 6124//247 6125//247
f 6125//247 6124//247 6126//247
f 6125//247 6126//247 6119//247
f 6119//247 6126//247 6127//247
f 6119//247 6127//247 6117//247
f 6128//247 6129//247 6130//247
f 6120//247 6131//247 6056//247
f 6056//247 6131//247 6132//247
f 6056//247 6132//247 6058//247
f 6058//247 6132//247 6133//247
f 6058//247 6133//247 6099//247
f 6118//247 6134//247 6122//247
f 6122//247 6134//247 6135//247
f 6122//247 6135//247 6121//247
f 6136//247 6137//247 6138//247
f 6138//247 6137//247 6139//247
f 6138//247 6139//247 6140//247
f 6140//247 6139//247 6141//247
f 6140//247 6141//247 6142//247
f 6142//247 6141//247 6143//247
f 6142//247 6143//247 6144//247
f 6144//247 6143//247 6145//247
f 6089//247 6072//247 6087//247
f 6087//247 6072//247 6074//247
f 6087//247 6074//247 6146//247
f 6146//247 6074//247 6147//247
f 6146//247 6147//247 6148//247
f 6148//247 6147//247 6137//247
f 6143//247 6149//247 6145//247
f 6145//247 6149//247 6150//247
f 6145//247 6150//247 6151//247
f 6151//247 6150//247 6130//247
f 6151//247 6130//247 6098//247
f 6098//247 6130//247 6129//247
f 6098//247 6129//247 6096//247
f 6118//247 6122//247 6119//247
f 6119//247 6122//247 6152//247
f 6119//247 6152//247 6153//247
f 6153//247 6152//247 6154//247
f 6153//247 6154//247 6155//247
f 6155//247 6154//247 6156//247
f 6155//247 6156//247 6157//247
f 6157//247 6156//247 6158//247
f 6157//247 6158//247 6136//247
f 6136//247 6158//247 6159//247
f 6136//247 6159//247 6137//247
f 6137//247 6159//247 6160//247
f 6137//247 6160//247 6148//247
f 6161//247 6162//247 6115//247
f 6115//247 6162//247 6062//247
f 6163//247 6164//247 6064//247
f 6064//247 6164//247 6165//247
f 6064//247 6165//247 6116//247
f 6116//247 6165//247 6166//247
f 6166//247 6167//247 6116//247
f 6116//247 6167//247 6168//247
f 6116//247 6168//247 6115//247
f 6115//247 6168//247 6169//247
f 6115//247 6169//247 6161//247
f 6162//247 6170//247 6062//247
f 6062//247 6170//247 6171//247
f 6062//247 6171//247 6064//247
f 6064//247 6171//247 6172//247
f 6064//247 6172//247 6163//247
f 6173//247 6174//247 6069//247
f 6068//247 6066//247 6175//247
f 6069//247 6174//247 6070//247
f 6070//247 6174//247 6176//247
f 6070//247 6176//247 6177//247
f 6130//247 6178//247 6128//247
f 6128//247 6178//247 6071//247
f 6128//247 6071//247 6179//247
f 6179//247 6071//247 6070//247
f 6179//247 6070//247 6180//247
f 6180//247 6070//247 6177//247
f 6180//247 6177//247 6181//247
f 6175//247 6182//247 6068//247
f 6068//247 6182//247 6183//247
f 6068//247 6183//247 6069//247
f 6069//247 6183//247 6184//247
f 6069//247 6184//247 6173//247
f 6181//247 6185//247 6180//247
f 6180//247 6185//247 6186//247
f 6180//247 6186//247 6066//247
f 6066//247 6186//247 6187//247
f 6066//247 6187//247 6175//247
f 6188//3595 5428//3595 6189//3595
f 6189//3595 5428//3595 5427//3595
f 6040//3596 6039//3596 6190//3596
f 5425//3597 6191//3597 5423//3597
f 5423//3597 6191//3597 6192//3597
f 5423//3598 6192//3598 5424//3598
f 6189//3599 5427//3599 6193//3599
f 6193//3599 5427//3599 5426//3599
f 6193//3600 5426//3600 6190//3600
f 6190//3600 5426//3600 5424//3600
f 6190//3596 5424//3596 6040//3596
f 6040//3601 5424//3601 6192//3601
f 6055//3602 6191//3602 6056//3602
f 6056//3602 6191//3602 5425//3602
f 6056//3603 5425//3603 6122//3603
f 6122//3602 5425//3602 5444//3602
f 6122//3604 5444//3604 6152//3604
f 6152//3604 5444//3604 5446//3604
f 6152//3605 5446//3605 6154//3605
f 6154//3605 5446//3605 5447//3605
f 6154//3606 5447//3606 6156//3606
f 6156//3606 5447//3606 5436//3606
f 6156//3607 5436//3607 5438//3607
f 6156//3607 5438//3607 6158//3607
f 6158//3608 5438//3608 5440//3608
f 6158//3608 5440//3608 6159//3608
f 6159//3609 5440//3609 6160//3609
f 6160//3609 5440//3609 5441//3609
f 6160//3610 5441//3610 6148//3610
f 6148//3610 5441//3610 5432//3610
f 6148//3611 5432//3611 6146//3611
f 6146//3611 5432//3611 5431//3611
f 6194//3612 5505//3612 5448//3612
f 5448//3612 5505//3612 5506//3612
f 5448//3613 5506//3613 5431//3613
f 5431//3614 5506//3614 6087//3614
f 5431//3612 6087//3612 6146//3612
f 6195//3615 6196//3615 6197//3615
f 5449//3616 6198//3616 5450//3616
f 5450//3616 6198//3616 6199//3616
f 5450//3617 6199//3617 5453//3617
f 6200//3618 5452//3618 6197//3618
f 6197//3618 5452//3618 5453//3618
f 6197//3615 5453//3615 6195//3615
f 6195//3619 5453//3619 6199//3619
f 6194//3620 5448//3620 6201//3620
f 6201//3620 5448//3620 5451//3620
f 6201//3621 5451//3621 6038//3621
f 6038//3622 5451//3622 5435//3622
f 6037//3623 6038//3623 6202//3623
f 6202//3623 6038//3623 5435//3623
f 6202//3624 5435//3624 6203//3624
f 6203//3624 5435//3624 5434//3624
f 6203//3625 5434//3625 6204//3625
f 6204//3625 5434//3625 5433//3625
f 6198//3626 5449//3626 5430//3626
f 6198//3626 5430//3626 6205//3626
f 6205//3627 5430//3627 5439//3627
f 6205//3627 5439//3627 6206//3627
f 6207//3628 6206//3628 5437//3628
f 5437//3628 6206//3628 5439//3628
f 6207//3629 5437//3629 5445//3629
f 6207//3629 5445//3629 6208//3629
f 6208//3630 5445//3630 5443//3630
f 6208//3630 5443//3630 6209//3630
f 6209//3631 5443//3631 6210//3631
f 6210//3631 5443//3631 5442//3631
f 6210//3632 5442//3632 6054//3632
f 6054//3633 5442//3633 5429//3633
f 6054//3634 5429//3634 6053//3634
f 5428//3635 6188//3635 5429//3635
f 5429//3635 6188//3635 6211//3635
f 5429//3634 6211//3634 6053//3634
f 6204//3636 5433//3636 6200//3636
f 6200//3636 5433//3636 5452//3636
f 6110//3637 5409//3637 6111//3637
f 6111//3637 5409//3637 5410//3637
f 6111//3638 5410//3638 6112//3638
f 6112//3638 5410//3638 5412//3638
f 6112//3639 5412//3639 6114//3639
f 6114//3639 5412//3639 5417//3639
f 6212//3640 6063//3640 5416//3640
f 5416//3640 6063//3640 6064//3640
f 5416//3641 6064//3641 5417//3641
f 5417//3642 6064//3642 6116//3642
f 5417//3643 6116//3643 6114//3643
f 6213//3644 6049//3644 6050//3644
f 6212//3645 5416//3645 6214//3645
f 6214//3645 5416//3645 5414//3645
f 6214//3646 5414//3646 6050//3646
f 6050//3647 5414//3647 5413//3647
f 6050//3648 5413//3648 6213//3648
f 5386//3649 6215//3649 5387//3649
f 5387//3649 6215//3649 6216//3649
f 5387//3650 6216//3650 5413//3650
f 5413//3650 6216//3650 6217//3650
f 5413//3651 6217//3651 6213//3651
f 6215//3652 5386//3652 6218//3652
f 6218//3652 5386//3652 5422//3652
f 6218//3653 5422//3653 6219//3653
f 6219//3653 5422//3653 5421//3653
f 6219//3654 5421//3654 6220//3654
f 6220//3654 5421//3654 5419//3654
f 6220//3655 5419//3655 6221//3655
f 6221//3655 5419//3655 5418//3655
f 6221//3656 5418//3656 6222//3656
f 6222//3656 5418//3656 5420//3656
f 6222//3657 5420//3657 6223//3657
f 6223//3657 5420//3657 5388//3657
f 6028//3658 6027//3658 6224//3658
f 5397//3659 6225//3659 5394//3659
f 5394//3659 6225//3659 6226//3659
f 5394//3660 6226//3660 5392//3660
f 6227//3661 5391//3661 6228//3661
f 6228//3661 5391//3661 5390//3661
f 6228//3662 5390//3662 6224//3662
f 6224//3662 5390//3662 5392//3662
f 6224//3658 5392//3658 6028//3658
f 6028//3663 5392//3663 6226//3663
f 6229//3664 5389//3664 6230//3664
f 6230//3664 5389//3664 5402//3664
f 6230//3665 5402//3665 6231//3665
f 6231//3665 5402//3665 5400//3665
f 6231//3666 5400//3666 6232//3666
f 6232//3666 5400//3666 5399//3666
f 6232//3667 5399//3667 6233//3667
f 6233//3667 5399//3667 5398//3667
f 6065//3668 6225//3668 6066//3668
f 6066//3668 6225//3668 5397//3668
f 6066//3669 5397//3669 6180//3669
f 6180//3670 5397//3670 5396//3670
f 6180//3671 5396//3671 6179//3671
f 6179//3672 5396//3672 6128//3672
f 6128//3673 5396//3673 6129//3673
f 6129//3673 5396//3673 5403//3673
f 6129//3674 5403//3674 6096//3674
f 6096//3674 5403//3674 5404//3674
f 6096//3675 5404//3675 6107//3675
f 6107//3675 5404//3675 5405//3675
f 6107//3676 5405//3676 5407//3676
f 6107//3676 5407//3676 6108//3676
f 6108//3677 5407//3677 5409//3677
f 6108//3677 5409//3677 6110//3677
f 6233//3678 5398//3678 6234//3678
f 6234//3678 5398//3678 5401//3678
f 6234//3679 5401//3679 6227//3679
f 6227//3679 5401//3679 5391//3679
f 6123//3680 5367//3680 5365//3680
f 6123//3680 5365//3680 6124//3680
f 6124//3681 5365//3681 5380//3681
f 6124//3681 5380//3681 6126//3681
f 6126//3682 5380//3682 6127//3682
f 6127//3682 5380//3682 5379//3682
f 6127//3683 5379//3683 6117//3683
f 6117//3683 5379//3683 5378//3683
f 6117//3684 5378//3684 6106//3684
f 6106//3684 5378//3684 5385//3684
f 6104//3685 6106//3685 5384//3685
f 5384//3685 6106//3685 5385//3685
f 6235//3686 6059//3686 6060//3686
f 6104//3687 5384//3687 6102//3687
f 6102//3687 5384//3687 5382//3687
f 6102//3688 5382//3688 6101//3688
f 6101//3688 5382//3688 5381//3688
f 6101//3689 5381//3689 6090//3689
f 6090//3689 5381//3689 5383//3689
f 6090//3690 5383//3690 6060//3690
f 6060//3691 5383//3691 5364//3691
f 6060//3686 5364//3686 6235//3686
f 6235//3692 5364//3692 5366//3692
f 6235//3692 5366//3692 6236//3692
f 6236//3693 5366//3693 5363//3693
f 6236//3693 5363//3693 6237//3693
f 6237//3694 5363//3694 5362//3694
f 6237//3694 5362//3694 6238//3694
f 6238//3695 5362//3695 5360//3695
f 6238//3695 5360//3695 6239//3695
f 6048//3696 6047//3696 6240//3696
f 5377//3697 6241//3697 5375//3697
f 5375//3697 6241//3697 6242//3697
f 5375//3698 6242//3698 5373//3698
f 6243//3699 5376//3699 6244//3699
f 6244//3699 5376//3699 5374//3699
f 6244//3700 5374//3700 6240//3700
f 6240//3700 5374//3700 5373//3700
f 6240//3696 5373//3696 6048//3696
f 6048//3701 5373//3701 6242//3701
f 6239//3702 5360//3702 6245//3702
f 6245//3702 5360//3702 5372//3702
f 6245//3703 5372//3703 6046//3703
f 6046//3704 5372//3704 5370//3704
f 6045//3705 6046//3705 6246//3705
f 6246//3705 6046//3705 5370//3705
f 6246//3706 5370//3706 6247//3706
f 6247//3706 5370//3706 5369//3706
f 6247//3707 5369//3707 6248//3707
f 6248//3707 5369//3707 5368//3707
f 6061//3708 6241//3708 6062//3708
f 6062//3708 6241//3708 5377//3708
f 6062//3709 5377//3709 6115//3709
f 6115//3710 5377//3710 5358//3710
f 6115//3711 5358//3711 6113//3711
f 6113//3712 5358//3712 6092//3712
f 6092//3712 5358//3712 5357//3712
f 6092//3713 5357//3713 6094//3713
f 6094//3713 5357//3713 5356//3713
f 6094//3714 5356//3714 6123//3714
f 6123//3714 5356//3714 5367//3714
f 6248//3715 5368//3715 6249//3715
f 6249//3715 5368//3715 5371//3715
f 6249//3716 5371//3716 6250//3716
f 6250//3716 5371//3716 5359//3716
f 6250//3717 5359//3717 6251//3717
f 6251//3717 5359//3717 5361//3717
f 6251//3718 5361//3718 6252//3718
f 6252//3719 5361//3719 5376//3719
f 6252//3720 5376//3720 6243//3720
f 6076//3721 5348//3721 6074//3721
f 6074//3722 5348//3722 5347//3722
f 6074//3723 5347//3723 6147//3723
f 6147//3724 5347//3724 6137//3724
f 6137//3724 5347//3724 5352//3724
f 6137//3725 5352//3725 6139//3725
f 6139//3725 5352//3725 5351//3725
f 6139//3726 5351//3726 6141//3726
f 6141//3726 5351//3726 5335//3726
f 6141//3727 5335//3727 5337//3727
f 6141//3727 5337//3727 6143//3727
f 6143//3728 5337//3728 5338//3728
f 6143//3728 5338//3728 6149//3728
f 6149//3729 5338//3729 6150//3729
f 6150//3729 5338//3729 5344//3729
f 6150//3730 5344//3730 6130//3730
f 6130//3730 5344//3730 5343//3730
f 6130//3731 5343//3731 6178//3731
f 6178//3731 5343//3731 5326//3731
f 6071//3732 6178//3732 5326//3732
f 6253//3733 6067//3733 5328//3733
f 5328//3733 6067//3733 6068//3733
f 5328//3734 6068//3734 5326//3734
f 5326//3735 6068//3735 6069//3735
f 5326//3736 6069//3736 6071//3736
f 6032//3737 6031//3737 6254//3737
f 5333//3738 6255//3738 5345//3738
f 5345//3738 6255//3738 6256//3738
f 5345//3739 6256//3739 5346//3739
f 6257//3740 5349//3740 6258//3740
f 6258//3740 5349//3740 5350//3740
f 6258//3741 5350//3741 6254//3741
f 6254//3741 5350//3741 5346//3741
f 6254//3737 5346//3737 6032//3737
f 6032//3742 5346//3742 6256//3742
f 6259//3743 6029//3743 6030//3743
f 6253//3744 5328//3744 6260//3744
f 6260//3744 5328//3744 5340//3744
f 6260//3745 5340//3745 6030//3745
f 6030//3746 5340//3746 5339//3746
f 6030//3747 5339//3747 6259//3747
f 5342//3748 6261//3748 5341//3748
f 5341//3748 6261//3748 6262//3748
f 5341//3749 6262//3749 5339//3749
f 5339//3749 6262//3749 6263//3749
f 5339//3750 6263//3750 6259//3750
f 6255//3751 5333//3751 5331//3751
f 6255//3751 5331//3751 6264//3751
f 6264//3752 5331//3752 5329//3752
f 6264//3752 5329//3752 6265//3752
f 6265//3753 5329//3753 5327//3753
f 6265//3753 5327//3753 6266//3753
f 6266//3754 5327//3754 5336//3754
f 6266//3754 5336//3754 6267//3754
f 5501//3755 6267//3755 5502//3755
f 5502//3755 6267//3755 5336//3755
f 5502//3756 5336//3756 6081//3756
f 6081//3757 5336//3757 5355//3757
f 6081//3758 5355//3758 6080//3758
f 6080//3758 5355//3758 5354//3758
f 6080//3759 5354//3759 6078//3759
f 6078//3759 5354//3759 5353//3759
f 6078//3760 5353//3760 6076//3760
f 6076//3760 5353//3760 5348//3760
f 6261//3761 5342//3761 6268//3761
f 6268//3761 5342//3761 5330//3761
f 6268//3762 5330//3762 6269//3762
f 6269//3762 5330//3762 5332//3762
f 6269//3763 5332//3763 6270//3763
f 6270//3763 5332//3763 5334//3763
f 6270//3764 5334//3764 6257//3764
f 6257//3764 5334//3764 5349//3764
f 6196//3765 6195//3765 6271//3765
f 6271//3765 6195//3765 6272//3765
f 6054//247 6052//247 6210//247
f 6210//247 6052//247 6273//247
f 6210//247 6273//247 6209//247
f 6209//247 6273//247 6274//247
f 6209//247 6274//247 6208//247
f 6208//247 6274//247 6275//247
f 6208//247 6275//247 6207//247
f 6207//247 6275//247 6276//247
f 6207//247 6276//247 6206//247
f 6206//247 6276//247 6277//247
f 6206//247 6277//247 6205//247
f 6205//247 6277//247 6278//247
f 6205//247 6278//247 6198//247
f 6272//247 6195//247 6199//247
f 6278//247 6279//247 6198//247
f 6198//247 6279//247 6280//247
f 6198//247 6280//247 6199//247
f 6199//247 6280//247 6281//247
f 6199//247 6281//247 6272//247
f 6282//3766 6271//3766 6272//3766
f 6281//3767 6283//3767 6272//3767
f 6272//3768 6283//3768 6284//3768
f 6272//3766 6284//3766 6282//3766
f 6284//3769 6285//3769 5554//3769
f 5548//3770 6286//3770 5546//3770
f 5546//3770 6286//3770 6287//3770
f 5546//3771 6287//3771 5545//3771
f 5545//3771 6287//3771 6288//3771
f 5545//3772 6288//3772 5554//3772
f 5554//3773 6288//3773 6282//3773
f 5554//3769 6282//3769 6284//3769
f 6289//3774 6286//3774 5550//3774
f 5550//3774 6286//3774 5548//3774
f 6289//3775 5550//3775 6290//3775
f 6290//3775 5550//3775 5552//3775
f 6290//3776 5552//3776 6291//3776
f 6291//3776 5552//3776 5553//3776
f 6291//3777 5553//3777 6292//3777
f 6292//3777 5553//3777 5563//3777
f 6292//3778 5563//3778 6293//3778
f 6293//3779 5563//3779 5561//3779
f 6293//3780 5561//3780 6294//3780
f 6294//3780 5561//3780 6295//3780
f 6051//3781 6293//3781 6052//3781
f 6052//3781 6293//3781 6294//3781
f 6052//3782 6294//3782 6273//3782
f 6273//3783 6294//3783 6296//3783
f 6297//3784 6298//3784 6276//3784
f 6276//3784 6298//3784 6277//3784
f 6273//3785 6296//3785 6274//3785
f 6274//3785 6296//3785 6299//3785
f 6274//3786 6299//3786 6275//3786
f 6275//3786 6299//3786 6300//3786
f 6275//3787 6300//3787 6276//3787
f 6276//3787 6300//3787 6297//3787
f 6301//247 6302//247 6298//247
f 6285//247 6284//247 6303//247
f 6303//247 6284//247 6283//247
f 6303//247 6283//247 6304//247
f 6299//247 6296//247 6305//247
f 6305//247 6296//247 6294//247
f 6305//247 6294//247 6295//247
f 6300//247 6299//247 6297//247
f 6297//247 6299//247 6305//247
f 6297//247 6305//247 6298//247
f 6298//247 6305//247 6303//247
f 6298//247 6303//247 6301//247
f 6301//247 6303//247 6304//247
f 5565//3788 5567//3788 6306//3788
f 6306//3789 6307//3789 5565//3789
f 5565//3790 6307//3790 6308//3790
f 5565//3791 6308//3791 6309//3791
f 6309//3792 6310//3792 5565//3792
f 5565//3793 6310//3793 6311//3793
f 5565//3794 6311//3794 5564//3794
f 5564//3795 6311//3795 6312//3795
f 5564//3796 6312//3796 5562//3796
f 5562//3797 6312//3797 6313//3797
f 6314//3798 5543//3798 6315//3798
f 6315//3799 5543//3799 6316//3799
f 6317//3800 5558//3800 6318//3800
f 6318//3801 5558//3801 5543//3801
f 6318//3802 5543//3802 6319//3802
f 6319//3803 5543//3803 6314//3803
f 6316//3804 5543//3804 6320//3804
f 6320//3805 5543//3805 5544//3805
f 6320//3806 5544//3806 6321//3806
f 6321//3807 5544//3807 5556//3807
f 6321//3808 5556//3808 6322//3808
f 6303//3809 6323//3809 6285//3809
f 6285//3810 6323//3810 6324//3810
f 6285//3811 6324//3811 5554//3811
f 6322//3812 5556//3812 6324//3812
f 6324//3812 5556//3812 5555//3812
f 6324//3811 5555//3811 5554//3811
f 6303//3813 6305//3813 6323//3813
f 6323//3813 6305//3813 6325//3813
f 6295//3814 5561//3814 5560//3814
f 5562//3815 6313//3815 5560//3815
f 5560//3815 6313//3815 6326//3815
f 5560//3814 6326//3814 6295//3814
f 6295//3816 6326//3816 6325//3816
f 6295//3817 6325//3817 6305//3817
f 5095//3818 6312//3818 5093//3818
f 5093//3819 6312//3819 6311//3819
f 6327//3820 5093//3820 6311//3820
f 6307//3821 6328//3821 6308//3821
f 6308//3822 6328//3822 6329//3822
f 6308//3823 6329//3823 6309//3823
f 6309//3824 6329//3824 6327//3824
f 6309//3825 6327//3825 6310//3825
f 6310//3826 6327//3826 6311//3826
f 5069//3827 6320//3827 5080//3827
f 5080//3828 6320//3828 6321//3828
f 6313//3829 6312//3829 5097//3829
f 5097//3830 6312//3830 5095//3830
f 6313//3831 5097//3831 6326//3831
f 6326//3832 5097//3832 5168//3832
f 6326//3833 5168//3833 6325//3833
f 6325//3834 5168//3834 5169//3834
f 5170//3835 6323//3835 5169//3835
f 5169//3835 6323//3835 6325//3835
f 6323//3836 5170//3836 6324//3836
f 6324//3837 5170//3837 5119//3837
f 6324//3838 5119//3838 6322//3838
f 6322//3839 5119//3839 5118//3839
f 6321//3840 6322//3840 5080//3840
f 5080//3841 6322//3841 5118//3841
f 6330//3842 6331//3842 6315//3842
f 6330//3843 6315//3843 6332//3843
f 6332//3844 6315//3844 6316//3844
f 6332//3845 6316//3845 6333//3845
f 6333//3846 6316//3846 6320//3846
f 6333//3847 6320//3847 5069//3847
f 6314//3848 6315//3848 6331//3848
f 6314//3849 6331//3849 6334//3849
f 6335//3850 6317//3850 6331//3850
f 6331//3851 6317//3851 6336//3851
f 6331//3852 6336//3852 6334//3852
f 6328//3853 6307//3853 6337//3853
f 6337//3854 6307//3854 6306//3854
f 6338//247 6339//247 6340//247
f 6340//247 6339//247 6341//247
f 6340//247 6341//247 6342//247
f 6343//247 6344//247 6340//247
f 6340//247 6344//247 6345//247
f 6340//247 6345//247 6338//247
f 6346//247 6347//247 6340//247
f 6340//247 6347//247 6348//247
f 6340//247 6348//247 6343//247
f 6342//247 6349//247 6340//247
f 6340//247 6349//247 6350//247
f 6340//247 6350//247 6346//247
f 6351//247 6352//247 6353//247
f 6353//247 6352//247 6354//247
f 6353//247 6354//247 6355//247
f 6356//247 6357//247 6353//247
f 6353//247 6357//247 6358//247
f 6353//247 6358//247 6351//247
f 6359//247 6360//247 6353//247
f 6353//247 6360//247 6361//247
f 6353//247 6361//247 6356//247
f 6355//247 6362//247 6353//247
f 6353//247 6362//247 6363//247
f 6353//247 6363//247 6359//247
f 6364//247 6365//247 6366//247
f 6366//247 6365//247 6367//247
f 6366//247 6367//247 6368//247
f 6369//247 6370//247 6366//247
f 6366//247 6370//247 6371//247
f 6366//247 6371//247 6364//247
f 6372//247 6373//247 6366//247
f 6366//247 6373//247 6374//247
f 6366//247 6374//247 6369//247
f 6368//247 6375//247 6366//247
f 6366//247 6375//247 6376//247
f 6366//247 6376//247 6372//247
f 6377//247 6378//247 6379//247
f 6379//247 6378//247 6380//247
f 6379//247 6380//247 6381//247
f 6382//247 6383//247 6379//247
f 6379//247 6383//247 6384//247
f 6379//247 6384//247 6377//247
f 6385//247 6386//247 6379//247
f 6379//247 6386//247 6387//247
f 6379//247 6387//247 6382//247
f 6381//247 6388//247 6379//247
f 6379//247 6388//247 6389//247
f 6379//247 6389//247 6385//247
f 6390//247 6391//247 6392//247
f 6393//247 6394//247 6224//247
f 6395//247 6396//247 6397//247
f 6398//247 6399//247 6400//247
f 6043//247 6045//247 6246//247
f 6258//247 6254//247 6401//247
f 6269//247 6402//247 6268//247
f 6268//247 6402//247 6403//247
f 6268//247 6403//247 6261//247
f 6261//247 6403//247 6404//247
f 6261//247 6404//247 6405//247
f 6258//247 6401//247 6257//247
f 6257//247 6401//247 6406//247
f 6257//247 6406//247 6270//247
f 6270//247 6406//247 6407//247
f 6270//247 6407//247 6269//247
f 6269//247 6407//247 6408//247
f 6269//247 6408//247 6402//247
f 6254//247 6031//247 6401//247
f 6401//247 6031//247 6033//247
f 6401//247 6033//247 6409//247
f 6035//247 6037//247 6410//247
f 6411//247 6412//247 6413//247
f 6413//247 6412//247 6414//247
f 6202//247 6411//247 6037//247
f 6037//247 6411//247 6415//247
f 6037//247 6415//247 6410//247
f 6202//247 6203//247 6411//247
f 6411//247 6203//247 6204//247
f 6411//247 6204//247 6412//247
f 6412//247 6204//247 6200//247
f 6412//247 6200//247 6197//247
f 6391//247 6416//247 6409//247
f 6409//247 6416//247 6417//247
f 6409//247 6417//247 6414//247
f 6414//247 6417//247 6418//247
f 6414//247 6418//247 6413//247
f 6196//247 6271//247 6197//247
f 6197//247 6271//247 6282//247
f 6197//247 6282//247 6412//247
f 6412//247 6282//247 6419//247
f 6282//247 6288//247 6419//247
f 6419//247 6288//247 6287//247
f 6419//247 6287//247 6420//247
f 6290//247 6421//247 6289//247
f 6289//247 6421//247 6420//247
f 6289//247 6420//247 6286//247
f 6286//247 6420//247 6287//247
f 6290//247 6291//247 6421//247
f 6421//247 6291//247 6292//247
f 6421//247 6292//247 6422//247
f 6422//247 6292//247 6293//247
f 6423//247 6424//247 6425//247
f 6425//247 6424//247 6426//247
f 6427//247 6428//247 6041//247
f 6041//247 6428//247 6429//247
f 6041//247 6429//247 6039//247
f 6430//247 6431//247 6432//247
f 6432//247 6431//247 6433//247
f 6432//247 6433//247 6423//247
f 6423//247 6433//247 6434//247
f 6423//247 6434//247 6424//247
f 6435//247 6430//247 6189//247
f 6189//247 6430//247 6432//247
f 6189//247 6432//247 6188//247
f 6188//247 6432//247 6422//247
f 6188//247 6422//247 6211//247
f 6211//247 6422//247 6293//247
f 6211//247 6293//247 6053//247
f 6053//247 6293//247 6051//247
f 6429//247 6436//247 6039//247
f 6039//247 6436//247 6437//247
f 6039//247 6437//247 6190//247
f 6190//247 6437//247 6435//247
f 6190//247 6435//247 6193//247
f 6193//247 6435//247 6189//247
f 6426//247 6427//247 6425//247
f 6425//247 6427//247 6041//247
f 6425//247 6041//247 6438//247
f 6438//247 6041//247 6043//247
f 6047//247 6049//247 6439//247
f 6399//247 6440//247 6213//247
f 6213//247 6440//247 6441//247
f 6213//247 6441//247 6049//247
f 6049//247 6441//247 6442//247
f 6049//247 6442//247 6439//247
f 6043//247 6246//247 6438//247
f 6438//247 6246//247 6247//247
f 6438//247 6247//247 6443//247
f 6443//247 6247//247 6248//247
f 6443//247 6248//247 6444//247
f 6444//247 6248//247 6249//247
f 6444//247 6249//247 6445//247
f 6445//247 6249//247 6250//247
f 6445//247 6250//247 6446//247
f 6446//247 6250//247 6251//247
f 6446//247 6251//247 6447//247
f 6447//247 6251//247 6252//247
f 6447//247 6252//247 6448//247
f 6448//247 6252//247 6243//247
f 6448//247 6243//247 6244//247
f 6439//247 6449//247 6047//247
f 6047//247 6449//247 6450//247
f 6047//247 6450//247 6240//247
f 6240//247 6450//247 6451//247
f 6240//247 6451//247 6244//247
f 6244//247 6451//247 6452//247
f 6244//247 6452//247 6448//247
f 6448//247 6452//247 6453//247
f 6448//247 6453//247 6400//247
f 6400//247 6453//247 6454//247
f 6400//247 6454//247 6398//247
f 6399//247 6213//247 6400//247
f 6400//247 6213//247 6217//247
f 6400//247 6217//247 6455//247
f 6455//247 6217//247 6456//247
f 6456//247 6217//247 6216//247
f 6456//247 6216//247 6457//247
f 6457//247 6216//247 6215//247
f 6457//247 6215//247 6218//247
f 6219//247 6458//247 6218//247
f 6218//247 6458//247 6459//247
f 6218//247 6459//247 6457//247
f 6231//247 6460//247 6221//247
f 6221//247 6460//247 6458//247
f 6221//247 6458//247 6220//247
f 6220//247 6458//247 6219//247
f 6231//247 6232//247 6460//247
f 6460//247 6232//247 6233//247
f 6460//247 6233//247 6461//247
f 6461//247 6233//247 6234//247
f 6461//247 6234//247 6462//247
f 6462//247 6234//247 6227//247
f 6462//247 6227//247 6463//247
f 6463//247 6227//247 6228//247
f 6463//247 6228//247 6464//247
f 6228//247 6224//247 6464//247
f 6464//247 6224//247 6394//247
f 6464//247 6394//247 6395//247
f 6391//247 6409//247 6392//247
f 6392//247 6409//247 6033//247
f 6392//247 6033//247 6035//247
f 6395//247 6394//247 6396//247
f 6396//247 6394//247 6465//247
f 6396//247 6465//247 6466//247
f 6467//247 6468//247 6259//247
f 6259//247 6468//247 6469//247
f 6259//247 6469//247 6029//247
f 6469//247 6470//247 6029//247
f 6029//247 6470//247 6471//247
f 6029//247 6471//247 6027//247
f 6471//247 6472//247 6027//247
f 6027//247 6472//247 6473//247
f 6027//247 6473//247 6224//247
f 6224//247 6473//247 6474//247
f 6224//247 6474//247 6393//247
f 6466//247 6467//247 6396//247
f 6396//247 6467//247 6259//247
f 6396//247 6259//247 6397//247
f 6397//247 6259//247 6263//247
f 6397//247 6263//247 6405//247
f 6405//247 6263//247 6262//247
f 6405//247 6262//247 6261//247
f 6475//247 6476//247 6477//247
f 6477//247 6476//247 6478//247
f 6477//247 6478//247 6479//247
f 6479//247 6478//247 6480//247
f 6479//247 6480//247 6223//247
f 6223//247 6480//247 6481//247
f 6223//247 6481//247 6222//247
f 6222//247 6481//247 6482//247
f 6222//247 6482//247 6221//247
f 6221//247 6482//247 6483//247
f 6221//247 6483//247 6231//247
f 6231//247 6483//247 6484//247
f 6231//247 6484//247 6230//247
f 6230//247 6484//247 6485//247
f 6230//247 6485//247 6229//247
f 6229//247 6485//247 6486//247
f 6229//247 6486//247 6487//247
f 6487//247 6486//247 6488//247
f 6487//247 6488//247 6489//247
f 6489//247 6488//247 6490//247
f 6489//247 6490//247 6491//247
f 6491//247 6490//247 6492//247
f 6493//247 6494//247 6495//247
f 6495//247 6494//247 6491//247
f 6495//247 6491//247 6475//247
f 6475//247 6491//247 6492//247
f 6475//247 6492//247 6476//247
f 6410//247 6496//247 6035//247
f 6035//247 6496//247 6497//247
f 6035//247 6497//247 6392//247
f 6392//247 6497//247 6498//247
f 6392//247 6498//247 6390//247
f 6499//247 6500//247 6501//247
f 6502//247 6503//247 6504//247
f 6504//247 6503//247 6505//247
f 6504//247 6505//247 6506//247
f 6506//247 6505//247 6507//247
f 6506//247 6507//247 6508//247
f 6508//247 6507//247 6509//247
f 6508//247 6509//247 6510//247
f 6510//247 6509//247 6511//247
f 6510//247 6511//247 6500//247
f 6500//247 6511//247 6512//247
f 6500//247 6512//247 6501//247
f 6501//247 6513//247 6499//247
f 6499//247 6513//247 6514//247
f 6499//247 6514//247 6515//247
f 6515//247 6514//247 6516//247
f 6515//247 6516//247 6517//247
f 6517//247 6516//247 6518//247
f 6517//247 6518//247 6519//247
f 6519//247 6518//247 6520//247
f 6519//247 6520//247 6521//247
f 6520//247 6522//247 6521//247
f 6521//247 6522//247 6523//247
f 6521//247 6523//247 6524//247
f 6524//247 6523//247 6525//247
f 6524//247 6525//247 6526//247
f 6526//247 6525//247 6527//247
f 6526//247 6527//247 6528//247
f 6528//247 6527//247 6529//247
f 6528//247 6529//247 6530//247
f 6530//247 6529//247 6531//247
f 6530//247 6531//247 6502//247
f 6502//247 6531//247 6532//247
f 6502//247 6532//247 6503//247
f 6533//247 6534//247 6535//247
f 6533//247 6535//247 6536//247
f 6537//247 6538//247 6535//247
f 6535//247 6538//247 6539//247
f 6535//247 6539//247 6536//247
f 6540//247 6541//247 6535//247
f 6535//247 6541//247 6542//247
f 6535//247 6542//247 6537//247
f 6543//247 6544//247 6535//247
f 6535//247 6544//247 6545//247
f 6535//247 6545//247 6540//247
f 6534//247 6546//247 6535//247
f 6535//247 6546//247 6547//247
f 6535//247 6547//247 6543//247
f 6548//247 6549//247 6038//247
f 6038//247 6036//247 6548//247
f 6548//247 6036//247 6034//247
f 6548//247 6034//247 6550//247
f 6550//247 6034//247 6032//247
f 6550//247 6032//247 6551//247
f 6552//247 5503//247 6553//247
f 6553//247 5503//247 5505//247
f 6553//247 5505//247 6554//247
f 6554//247 5505//247 6194//247
f 6554//247 6194//247 6549//247
f 6549//247 6194//247 6201//247
f 6549//247 6201//247 6038//247
f 6555//247 6556//247 6264//247
f 6264//247 6556//247 6255//247
f 6255//247 6556//247 6557//247
f 6255//247 6557//247 6256//247
f 6256//247 6557//247 6558//247
f 6256//247 6558//247 6032//247
f 6032//247 6558//247 6559//247
f 6032//247 6559//247 6551//247
f 6264//247 6265//247 6555//247
f 6555//247 6265//247 6266//247
f 6555//247 6266//247 6560//247
f 6560//247 6266//247 6267//247
f 6560//247 6267//247 6561//247
f 6561//247 6267//247 5501//247
f 6561//247 5501//247 6562//247
f 6562//247 5501//247 5503//247
f 6562//247 5503//247 6563//247
f 6563//247 5503//247 6552//247
f 6563//247 6552//247 6564//247
f 6564//247 6552//247 6550//247
f 6564//247 6550//247 6565//247
f 6565//247 6550//247 6551//247
f 6566//247 6567//247 6568//247
f 6568//247 6567//247 6569//247
f 6569//247 6567//247 6570//247
f 6569//247 6570//247 6571//247
f 6572//247 6573//247 6574//247
f 6574//247 6573//247 6566//247
f 6574//247 6566//247 6575//247
f 6575//247 6566//247 6568//247
f 6576//247 6577//247 6578//247
f 6578//247 6577//247 6579//247
f 6578//247 6579//247 6570//247
f 6570//247 6579//247 6580//247
f 6570//247 6580//247 6571//247
f 6572//247 6581//247 6573//247
f 6573//247 6581//247 6582//247
f 6573//247 6582//247 6576//247
f 6576//247 6582//247 6583//247
f 6576//247 6583//247 6577//247
f 6570//3855 6567//3855 6553//3855
f 6553//3855 6567//3855 6552//3855
f 6578//3856 6570//3856 6554//3856
f 6554//3856 6570//3856 6553//3856
f 6576//3857 6578//3857 6549//3857
f 6549//3857 6578//3857 6554//3857
f 6573//3858 6576//3858 6548//3858
f 6548//3858 6576//3858 6549//3858
f 6566//3859 6573//3859 6550//3859
f 6550//3859 6573//3859 6548//3859
f 6567//3860 6566//3860 6552//3860
f 6552//3860 6566//3860 6550//3860
f 6584//3861 6585//3861 6586//3861
f 6586//3862 6585//3862 6587//3862
f 6586//3863 6587//3863 6588//3863
f 6584//3864 6589//3864 6585//3864
f 6585//3865 6589//3865 6590//3865
f 6585//3866 6590//3866 6591//3866
f 6591//3867 6590//3867 6592//3867
f 6591//3868 6592//3868 6593//3868
f 6588//3869 6587//3869 6594//3869
f 6594//3869 6587//3869 6595//3869
f 6594//3869 6595//3869 6596//3869
f 6597//3870 6598//3870 6599//3870
f 6599//3871 6598//3871 6600//3871
f 6599//3872 6600//3872 6595//3872
f 6595//3873 6600//3873 6601//3873
f 6595//3874 6601//3874 6596//3874
f 6597//3875 6599//3875 6602//3875
f 6602//3876 6599//3876 6603//3876
f 6602//3877 6603//3877 6604//3877
f 6604//3878 6603//3878 6605//3878
f 6605//3878 6603//3878 6591//3878
f 6605//3878 6591//3878 6593//3878
f 6606//247 6607//247 6591//247
f 6591//247 6607//247 6608//247
f 6591//247 6608//247 6585//247
f 6606//247 6591//247 6609//247
f 6609//247 6591//247 6603//247
f 6609//247 6603//247 6610//247
f 6610//247 6603//247 6611//247
f 6611//247 6603//247 6599//247
f 6611//247 6599//247 6612//247
f 6612//247 6599//247 6613//247
f 6613//247 6599//247 6595//247
f 6613//247 6595//247 6614//247
f 6614//247 6595//247 6615//247
f 6615//247 6595//247 6587//247
f 6615//247 6587//247 6616//247
f 6608//247 6617//247 6585//247
f 6585//247 6617//247 6618//247
f 6585//247 6618//247 6587//247
f 6587//247 6618//247 6619//247
f 6587//247 6619//247 6616//247
f 5942//248 5662//248 6620//248
f 5942//248 6620//248 5953//248
f 5953//248 6620//248 6621//248
f 5953//248 6621//248 5951//248
f 5951//248 6621//248 6622//248
f 5951//248 6622//248 5949//248
f 5949//248 6622//248 6623//248
f 5949//248 6623//248 5947//248
f 5947//248 6623//248 6624//248
f 5947//248 6624//248 5941//248
f 5941//248 6624//248 6625//248
f 5941//248 6625//248 5685//248
f 6626//3861 6627//3861 6628//3861
f 6628//3862 6627//3862 6629//3862
f 6628//3863 6629//3863 6630//3863
f 6626//3864 6631//3864 6627//3864
f 6627//3865 6631//3865 6632//3865
f 6627//3866 6632//3866 6633//3866
f 6633//3867 6632//3867 6634//3867
f 6633//3868 6634//3868 6635//3868
f 6630//3869 6629//3869 6636//3869
f 6636//3869 6629//3869 6637//3869
f 6636//3869 6637//3869 6638//3869
f 6639//3870 6640//3870 6641//3870
f 6641//3871 6640//3871 6642//3871
f 6641//3872 6642//3872 6637//3872
f 6637//3873 6642//3873 6643//3873
f 6637//3874 6643//3874 6638//3874
f 6639//3875 6641//3875 6644//3875
f 6644//3876 6641//3876 6645//3876
f 6644//3877 6645//3877 6646//3877
f 6646//3878 6645//3878 6647//3878
f 6647//3878 6645//3878 6633//3878
f 6647//3878 6633//3878 6635//3878
f 6648//247 6649//247 6637//247
f 6637//247 6649//247 6641//247
f 6649//247 6650//247 6641//247
f 6641//247 6650//247 6651//247
f 6641//247 6651//247 6645//247
f 6652//247 6633//247 6653//247
f 6653//247 6633//247 6645//247
f 6653//247 6645//247 6654//247
f 6654//247 6645//247 6651//247
f 6629//247 6655//247 6637//247
f 6637//247 6655//247 6656//247
f 6637//247 6656//247 6648//247
f 6627//247 6657//247 6629//247
f 6629//247 6657//247 6658//247
f 6629//247 6658//247 6655//247
f 6652//247 6659//247 6633//247
f 6633//247 6659//247 6660//247
f 6633//247 6660//247 6627//247
f 6627//247 6660//247 6661//247
f 6627//247 6661//247 6657//247
f 6662//248 5765//248 5925//248
f 6662//248 5925//248 6663//248
f 6663//248 5925//248 5931//248
f 6663//248 5931//248 6664//248
f 6664//248 5931//248 5933//248
f 6664//248 5933//248 6665//248
f 6665//248 5933//248 5935//248
f 6665//248 5935//248 6666//248
f 6666//248 5935//248 5937//248
f 6666//248 5937//248 6667//248
f 6667//248 5937//248 5926//248
f 6667//248 5926//248 5783//248
f 6668//3861 6669//3861 6670//3861
f 6670//3862 6669//3862 6671//3862
f 6670//3863 6671//3863 6672//3863
f 6668//3864 6673//3864 6669//3864
f 6669//3865 6673//3865 6674//3865
f 6669//3866 6674//3866 6675//3866
f 6675//3867 6674//3867 6676//3867
f 6675//3868 6676//3868 6677//3868
f 6672//3869 6671//3869 6678//3869
f 6678//3869 6671//3869 6679//3869
f 6678//3869 6679//3869 6680//3869
f 6681//3870 6682//3870 6683//3870
f 6683//3871 6682//3871 6684//3871
f 6683//3872 6684//3872 6679//3872
f 6679//3873 6684//3873 6685//3873
f 6679//3874 6685//3874 6680//3874
f 6681//3877 6683//3877 6686//3877
f 6686//3879 6683//3879 6687//3879
f 6686//3875 6687//3875 6688//3875
f 6688//3878 6687//3878 6689//3878
f 6689//3878 6687//3878 6675//3878
f 6689//3878 6675//3878 6677//3878
f 6690//247 6691//247 6675//247
f 6675//247 6691//247 6692//247
f 6675//247 6692//247 6669//247
f 6690//247 6675//247 6693//247
f 6693//247 6675//247 6687//247
f 6693//247 6687//247 6694//247
f 6694//247 6687//247 6695//247
f 6695//247 6687//247 6683//247
f 6695//247 6683//247 6696//247
f 6696//247 6683//247 6697//247
f 6697//247 6683//247 6679//247
f 6697//247 6679//247 6698//247
f 6698//247 6679//247 6699//247
f 6699//247 6679//247 6671//247
f 6699//247 6671//247 6700//247
f 6692//247 6701//247 6669//247
f 6669//247 6701//247 6702//247
f 6669//247 6702//247 6671//247
f 6671//247 6702//247 6703//247
f 6671//247 6703//247 6700//247
f 5766//248 6704//248 5958//248
f 5958//248 6704//248 6705//248
f 5958//248 6705//248 5970//248
f 5970//248 6705//248 6706//248
f 5970//248 6706//248 5968//248
f 5968//248 6706//248 6707//248
f 5968//248 6707//248 5966//248
f 5966//248 6707//248 5964//248
f 5964//248 6707//248 6708//248
f 5964//248 6708//248 5957//248
f 5957//248 6708//248 6709//248
f 5957//248 6709//248 5728//248
f 6710//3863 6711//3863 6712//3863
f 6712//3880 6711//3880 6713//3880
f 6712//3861 6713//3861 6714//3861
f 6710//3864 6715//3864 6711//3864
f 6711//3865 6715//3865 6716//3865
f 6711//3866 6716//3866 6717//3866
f 6717//3867 6716//3867 6718//3867
f 6717//3868 6718//3868 6719//3868
f 6714//3869 6713//3869 6720//3869
f 6720//3869 6713//3869 6721//3869
f 6720//3869 6721//3869 6722//3869
f 6723//3870 6724//3870 6725//3870
f 6725//3871 6724//3871 6726//3871
f 6725//3872 6726//3872 6721//3872
f 6721//3873 6726//3873 6727//3873
f 6721//3874 6727//3874 6722//3874
f 6723//3875 6725//3875 6728//3875
f 6728//3876 6725//3876 6729//3876
f 6728//3877 6729//3877 6730//3877
f 6730//3878 6729//3878 6731//3878
f 6731//3878 6729//3878 6717//3878
f 6731//3878 6717//3878 6719//3878
f 6732//247 6729//247 6725//247
f 6733//247 6717//247 6734//247
f 6734//247 6717//247 6729//247
f 6734//247 6729//247 6735//247
f 6735//247 6729//247 6732//247
f 6733//247 6736//247 6717//247
f 6717//247 6736//247 6737//247
f 6717//247 6737//247 6711//247
f 6721//247 6738//247 6725//247
f 6725//247 6738//247 6739//247
f 6725//247 6739//247 6732//247
f 6740//247 6713//247 6741//247
f 6741//247 6713//247 6711//247
f 6741//247 6711//247 6742//247
f 6742//247 6711//247 6737//247
f 6740//247 6743//247 6713//247
f 6713//247 6743//247 6744//247
f 6713//247 6744//247 6721//247
f 6721//247 6744//247 6745//247
f 6721//247 6745//247 6738//247
f 6746//248 6747//248 5980//248
f 5980//248 6747//248 5974//248
f 5974//248 6747//248 6748//248
f 5974//248 6748//248 5644//248
f 5695//248 6749//248 5975//248
f 5975//248 6749//248 6750//248
f 5975//248 6750//248 5986//248
f 5986//248 6750//248 6751//248
f 5986//248 6751//248 5984//248
f 5984//248 6751//248 6746//248
f 5984//248 6746//248 5982//248
f 5982//248 6746//248 5980//248
f 6752//247 6753//247 6042//247
f 6042//247 6753//247 6044//247
f 6057//247 6754//247 6055//247
f 6055//247 6754//247 6755//247
f 6055//247 6755//247 6191//247
f 6191//247 6755//247 6756//247
f 6191//247 6756//247 6192//247
f 6192//247 6756//247 6752//247
f 6192//247 6752//247 6040//247
f 6040//247 6752//247 6042//247
f 6757//247 6758//247 6057//247
f 6057//247 6758//247 6759//247
f 6057//247 6759//247 6754//247
f 6754//247 6759//247 6760//247
f 6754//247 6760//247 6761//247
f 6761//247 6760//247 6762//247
f 6761//247 6762//247 6753//247
f 6753//247 6762//247 6763//247
f 6753//247 6763//247 6044//247
f 6044//247 6763//247 6764//247
f 6044//247 6764//247 6046//247
f 6046//247 6764//247 6765//247
f 6046//247 6765//247 6245//247
f 6245//247 6765//247 6766//247
f 6245//247 6766//247 6239//247
f 6239//247 6766//247 6767//247
f 6239//247 6767//247 6238//247
f 6238//247 6767//247 6768//247
f 6057//247 6059//247 6757//247
f 6757//247 6059//247 6235//247
f 6757//247 6235//247 6769//247
f 6769//247 6235//247 6236//247
f 6769//247 6236//247 6768//247
f 6768//247 6236//247 6237//247
f 6768//247 6237//247 6238//247
f 6770//247 6771//247 6772//247
f 6773//247 6774//247 6775//247
f 6770//247 6772//247 6776//247
f 6776//247 6772//247 6777//247
f 6776//247 6777//247 6778//247
f 6775//247 6774//247 6779//247
f 6777//247 6780//247 6778//247
f 6778//247 6780//247 6781//247
f 6778//247 6781//247 6775//247
f 6775//247 6781//247 6782//247
f 6775//247 6782//247 6773//247
f 6774//247 6783//247 6779//247
f 6779//247 6783//247 6784//247
f 6779//247 6784//247 6785//247
f 6785//247 6784//247 6786//247
f 6785//247 6786//247 6770//247
f 6770//247 6786//247 6787//247
f 6770//247 6787//247 6771//247
f 6778//3881 6775//3881 6754//3881
f 6754//3881 6775//3881 6755//3881
f 6776//3882 6778//3882 6761//3882
f 6761//3882 6778//3882 6754//3882
f 6770//3883 6776//3883 6753//3883
f 6753//3883 6776//3883 6761//3883
f 6785//3884 6770//3884 6752//3884
f 6752//3884 6770//3884 6753//3884
f 6779//3885 6785//3885 6756//3885
f 6756//3885 6785//3885 6752//3885
f 6775//3886 6779//3886 6755//3886
f 6755//3886 6779//3886 6756//3886
f 6788//247 6789//247 6050//247
f 6050//247 6048//247 6788//247
f 6788//247 6048//247 6242//247
f 6788//247 6242//247 6790//247
f 6790//247 6242//247 6241//247
f 6790//247 6241//247 6791//247
f 6791//247 6241//247 6061//247
f 6791//247 6061//247 6792//247
f 6792//247 6061//247 6063//247
f 6792//247 6063//247 6793//247
f 6793//247 6063//247 6212//247
f 6793//247 6212//247 6789//247
f 6789//247 6212//247 6214//247
f 6789//247 6214//247 6050//247
f 6794//247 6795//247 6796//247
f 6794//247 6796//247 6797//247
f 6796//247 6798//247 6797//247
f 6797//247 6798//247 6799//247
f 6797//247 6799//247 6800//247
f 6800//247 6799//247 6801//247
f 6800//247 6801//247 6802//247
f 6801//247 6803//247 6802//247
f 6802//247 6803//247 6804//247
f 6802//247 6804//247 6805//247
f 6804//247 6806//247 6805//247
f 6805//247 6806//247 6807//247
f 6805//247 6807//247 6808//247
f 6807//247 6809//247 6808//247
f 6808//247 6809//247 6810//247
f 6808//247 6810//247 6794//247
f 6794//247 6810//247 6811//247
f 6794//247 6811//247 6795//247
f 6800//3887 6802//3887 6792//3887
f 6792//3887 6802//3887 6791//3887
f 6797//3888 6800//3888 6793//3888
f 6793//3888 6800//3888 6792//3888
f 6794//3889 6797//3889 6789//3889
f 6789//3889 6797//3889 6793//3889
f 6808//3890 6794//3890 6788//3890
f 6788//3890 6794//3890 6789//3890
f 6805//3891 6808//3891 6790//3891
f 6790//3891 6808//3891 6788//3891
f 6802//3892 6805//3892 6791//3892
f 6791//3892 6805//3892 6790//3892
f 6812//247 6813//247 6030//247
f 6030//247 6028//247 6812//247
f 6812//247 6028//247 6226//247
f 6812//247 6226//247 6814//247
f 6814//247 6226//247 6225//247
f 6814//247 6225//247 6815//247
f 6815//247 6225//247 6065//247
f 6815//247 6065//247 6816//247
f 6816//247 6065//247 6067//247
f 6816//247 6067//247 6817//247
f 6817//247 6067//247 6253//247
f 6817//247 6253//247 6813//247
f 6813//247 6253//247 6260//247
f 6813//247 6260//247 6030//247
f 6818//247 6819//247 6820//247
f 6821//247 6822//247 6823//247
f 6820//247 6819//247 6824//247
f 6819//247 6825//247 6824//247
f 6824//247 6825//247 6826//247
f 6824//247 6826//247 6827//247
f 6827//247 6826//247 6828//247
f 6827//247 6828//247 6822//247
f 6822//247 6828//247 6829//247
f 6822//247 6829//247 6823//247
f 6823//247 6830//247 6821//247
f 6821//247 6830//247 6831//247
f 6821//247 6831//247 6832//247
f 6831//247 6833//247 6832//247
f 6832//247 6833//247 6834//247
f 6832//247 6834//247 6820//247
f 6820//247 6834//247 6835//247
f 6820//247 6835//247 6818//247
f 6827//3893 6822//3893 6816//3893
f 6816//3893 6822//3893 6815//3893
f 6824//3894 6827//3894 6817//3894
f 6817//3894 6827//3894 6816//3894
f 6820//3895 6824//3895 6813//3895
f 6813//3895 6824//3895 6817//3895
f 6832//3896 6820//3896 6812//3896
f 6812//3896 6820//3896 6813//3896
f 6821//3897 6832//3897 6814//3897
f 6814//3897 6832//3897 6812//3897
f 6822//3898 6821//3898 6815//3898
f 6815//3898 6821//3898 6814//3898
f 6836//248 6837//248 5972//248
f 6838//248 6839//248 5939//248
f 6840//248 6841//248 5923//248
f 6842//248 6843//248 5938//248
f 6844//248 6845//248 5998//248
f 6846//248 6847//248 5988//248
f 5920//248 5919//248 6848//248
f 6849//248 6850//248 6008//248
f 6851//248 6852//248 5955//248
f 6853//248 6854//248 6855//248
f 6856//248 6857//248 6858//248
f 6859//248 6860//248 6861//248
f 6855//248 6854//248 6862//248
f 6863//248 6864//248 6018//248
f 5919//248 5878//248 6865//248
f 6865//248 5878//248 5877//248
f 6865//248 5877//248 6837//248
f 6839//248 5944//248 5939//248
f 5939//248 5944//248 5943//248
f 5939//248 5943//248 5940//248
f 5938//248 6843//248 5939//248
f 5939//248 6843//248 6866//248
f 5939//248 6866//248 6838//248
f 6861//248 6860//248 6867//248
f 6841//248 5928//248 5923//248
f 5923//248 5928//248 5927//248
f 5923//248 5927//248 5924//248
f 5924//248 5927//248 5930//248
f 6868//248 6869//248 6870//248
f 6871//248 6872//248 6873//248
f 6873//248 6872//248 6874//248
f 6873//248 6874//248 6848//248
f 6848//248 6874//248 6875//248
f 5938//248 5880//248 6842//248
f 6842//248 5880//248 5879//248
f 6842//248 5879//248 6876//248
f 6876//248 5879//248 5883//248
f 6876//248 5883//248 6877//248
f 6877//248 5883//248 6875//248
f 6878//248 6879//248 6880//248
f 5950//248 5948//248 5946//248
f 6881//248 5868//248 6882//248
f 6882//248 5868//248 5867//248
f 6882//248 5867//248 6839//248
f 6839//248 5867//248 5945//248
f 6839//248 5945//248 5944//248
f 6845//248 6001//248 5998//248
f 5998//248 6001//248 6000//248
f 5998//248 6000//248 5999//248
f 5999//248 6000//248 6003//248
f 6883//248 6884//248 6885//248
f 6886//248 5873//248 6887//248
f 6887//248 5873//248 5872//248
f 6887//248 5872//248 6841//248
f 6841//248 5872//248 5929//248
f 6841//248 5929//248 5928//248
f 5877//248 5978//248 6837//248
f 6837//248 5978//248 5977//248
f 6837//248 5977//248 5972//248
f 5972//248 5977//248 5976//248
f 5972//248 5976//248 5973//248
f 6865//248 6888//248 5919//248
f 5919//248 6888//248 6889//248
f 5919//248 6889//248 6848//248
f 6889//248 6890//248 6848//248
f 6848//248 6890//248 6878//248
f 6848//248 6878//248 6891//248
f 6891//248 6878//248 6880//248
f 6881//248 6856//248 5868//248
f 5868//248 6856//248 6858//248
f 5868//248 6858//248 5869//248
f 5869//248 6858//248 6892//248
f 5869//248 6892//248 5870//248
f 5870//248 6892//248 6893//248
f 5870//248 6893//248 5871//248
f 5871//248 6893//248 6894//248
f 5871//248 6894//248 5997//248
f 5997//248 6894//248 6895//248
f 5997//248 6895//248 5998//248
f 5998//248 6895//248 6896//248
f 5998//248 6896//248 6844//248
f 6897//248 6898//248 6899//248
f 6900//248 5863//248 6901//248
f 6901//248 5863//248 5862//248
f 6901//248 5862//248 6850//248
f 6852//248 5960//248 5955//248
f 5955//248 5960//248 5959//248
f 5955//248 5959//248 5956//248
f 5956//248 5959//248 5963//248
f 6847//248 5991//248 5988//248
f 5988//248 5991//248 5990//248
f 5988//248 5990//248 5989//248
f 6886//248 6862//248 5873//248
f 5873//248 6862//248 6854//248
f 5873//248 6854//248 5874//248
f 5874//248 6854//248 6902//248
f 5874//248 6902//248 5875//248
f 5875//248 6902//248 6903//248
f 5875//248 6903//248 5876//248
f 5876//248 6903//248 6904//248
f 5876//248 6904//248 5987//248
f 5987//248 6904//248 6905//248
f 5987//248 6905//248 5988//248
f 5988//248 6905//248 6906//248
f 5988//248 6906//248 6846//248
f 6907//248 5853//248 6908//248
f 6908//248 5853//248 5852//248
f 6908//248 5852//248 6864//248
f 5940//248 5943//248 5946//248
f 5946//248 5943//248 5952//248
f 5946//248 5952//248 5950//248
f 6909//248 6910//248 6911//248
f 6911//248 6910//248 6912//248
f 6911//248 6912//248 6913//248
f 6914//248 6915//248 6916//248
f 6916//248 6915//248 6917//248
f 6916//248 6917//248 6913//248
f 6913//248 6917//248 6858//248
f 6913//248 6858//248 6911//248
f 6911//248 6858//248 6857//248
f 6900//248 6867//248 5863//248
f 5863//248 6867//248 6860//248
f 5863//248 6860//248 5864//248
f 5864//248 6860//248 6918//248
f 5864//248 6918//248 5865//248
f 5865//248 6918//248 6919//248
f 5865//248 6919//248 5866//248
f 5866//248 6919//248 6920//248
f 5866//248 6920//248 5954//248
f 5954//248 6920//248 6921//248
f 5954//248 6921//248 5955//248
f 5955//248 6921//248 6922//248
f 5955//248 6922//248 6851//248
f 6923//248 6924//248 6925//248
f 6925//248 6924//248 5961//248
f 6925//248 5961//248 6852//248
f 6852//248 5961//248 5962//248
f 6852//248 5962//248 5960//248
f 5936//248 5934//248 5927//248
f 5927//248 5934//248 5932//248
f 5927//248 5932//248 5930//248
f 6926//248 6927//248 6928//248
f 6928//248 6927//248 6929//248
f 6928//248 6929//248 6930//248
f 6931//248 6932//248 6933//248
f 6933//248 6932//248 6853//248
f 6933//248 6853//248 6930//248
f 6930//248 6853//248 6855//248
f 6930//248 6855//248 6928//248
f 6934//248 6935//248 6936//248
f 6907//248 6868//248 5853//248
f 5853//248 6868//248 6870//248
f 5853//248 6870//248 5854//248
f 5854//248 6870//248 6937//248
f 5854//248 6937//248 5855//248
f 5855//248 6937//248 6938//248
f 5855//248 6938//248 5856//248
f 5856//248 6938//248 6939//248
f 5856//248 6939//248 5971//248
f 5971//248 6939//248 6940//248
f 5971//248 6940//248 5972//248
f 5972//248 6940//248 6941//248
f 5972//248 6941//248 6836//248
f 5981//248 5979//248 5983//248
f 5983//248 5979//248 5973//248
f 5983//248 5973//248 5985//248
f 5985//248 5973//248 5976//248
f 5918//248 5917//248 5892//248
f 5892//248 5917//248 5916//248
f 6006//248 6005//248 6000//248
f 6000//248 6005//248 6004//248
f 6000//248 6004//248 6003//248
f 6942//248 5858//248 6943//248
f 6943//248 5858//248 5857//248
f 6943//248 5857//248 6845//248
f 6845//248 5857//248 6002//248
f 6845//248 6002//248 6001//248
f 6944//248 6945//248 6946//248
f 6946//248 6945//248 6947//248
f 6946//248 6947//248 6948//248
f 6949//248 6950//248 6951//248
f 6951//248 6950//248 6859//248
f 6951//248 6859//248 6948//248
f 6948//248 6859//248 6861//248
f 6948//248 6861//248 6946//248
f 6923//248 6883//248 6924//248
f 6924//248 6883//248 6885//248
f 6924//248 6885//248 6952//248
f 6952//248 6885//248 6953//248
f 6952//248 6953//248 6954//248
f 6954//248 6953//248 6955//248
f 6954//248 6955//248 5921//248
f 5921//248 6955//248 6956//248
f 5921//248 6956//248 5922//248
f 5922//248 6956//248 6957//248
f 5922//248 6957//248 5923//248
f 5923//248 6957//248 6958//248
f 5923//248 6958//248 6840//248
f 5990//248 5996//248 5995//248
f 5852//248 6022//248 6864//248
f 6864//248 6022//248 6021//248
f 6864//248 6021//248 6018//248
f 6018//248 6021//248 6020//248
f 6959//248 6960//248 6961//248
f 6961//248 6960//248 6962//248
f 6961//248 6962//248 6963//248
f 6964//248 6965//248 6966//248
f 6966//248 6965//248 6967//248
f 6966//248 6967//248 6963//248
f 6963//248 6967//248 6870//248
f 6963//248 6870//248 6961//248
f 6961//248 6870//248 6869//248
f 5886//248 5885//248 5881//248
f 5881//248 5885//248 5884//248
f 6875//248 5883//248 6848//248
f 6848//248 5883//248 5882//248
f 6848//248 5882//248 5920//248
f 5920//248 5882//248 5881//248
f 5920//248 5881//248 5916//248
f 5916//248 5881//248 5884//248
f 5916//248 5884//248 5892//248
f 6942//248 6897//248 5858//248
f 5858//248 6897//248 6899//248
f 5858//248 6899//248 5859//248
f 5859//248 6899//248 6968//248
f 5859//248 6968//248 5860//248
f 5860//248 6968//248 6969//248
f 5860//248 6969//248 5861//248
f 5861//248 6969//248 6970//248
f 5861//248 6970//248 6007//248
f 6007//248 6970//248 6971//248
f 6007//248 6971//248 6008//248
f 6008//248 6971//248 6972//248
f 6008//248 6972//248 6849//248
f 5862//248 6012//248 6850//248
f 6850//248 6012//248 6011//248
f 6850//248 6011//248 6008//248
f 6008//248 6011//248 6010//248
f 6008//248 6010//248 6009//248
f 5969//248 5967//248 5959//248
f 5959//248 5967//248 5965//248
f 5959//248 5965//248 5963//248
f 6973//248 6974//248 6975//248
f 6975//248 6974//248 6976//248
f 6975//248 6976//248 6977//248
f 6978//248 6979//248 6980//248
f 6980//248 6979//248 6981//248
f 6980//248 6981//248 6977//248
f 6977//248 6981//248 6885//248
f 6977//248 6885//248 6975//248
f 6975//248 6885//248 6884//248
f 5989//248 5990//248 5993//248
f 5993//248 5990//248 5995//248
f 5993//248 5995//248 5994//248
f 6982//248 5848//248 6983//248
f 6983//248 5848//248 5847//248
f 6983//248 5847//248 6847//248
f 6847//248 5847//248 5992//248
f 6847//248 5992//248 5991//248
f 6984//248 6985//248 6986//248
f 6986//248 6985//248 6987//248
f 6986//248 6987//248 6988//248
f 6989//248 6990//248 6991//248
f 6991//248 6990//248 6992//248
f 6991//248 6992//248 6988//248
f 6988//248 6992//248 6899//248
f 6988//248 6899//248 6986//248
f 6986//248 6899//248 6898//248
f 6015//248 6014//248 6013//248
f 6982//248 6934//248 5848//248
f 5848//248 6934//248 6936//248
f 5848//248 6936//248 5849//248
f 5849//248 6936//248 6993//248
f 5849//248 6993//248 5850//248
f 5850//248 6993//248 6994//248
f 5850//248 6994//248 5851//248
f 5851//248 6994//248 6995//248
f 5851//248 6995//248 6017//248
f 6017//248 6995//248 6996//248
f 6017//248 6996//248 6018//248
f 6018//248 6996//248 6997//248
f 6018//248 6997//248 6863//248
f 6998//248 6999//248 7000//248
f 7000//248 6999//248 7001//248
f 7000//248 7001//248 7002//248
f 7003//248 7004//248 7005//248
f 7005//248 7004//248 7006//248
f 7005//248 7006//248 7002//248
f 7002//248 7006//248 6936//248
f 7002//248 6936//248 7000//248
f 7000//248 6936//248 6935//248
f 6025//248 6024//248 6026//248
f 6026//248 6024//248 6023//248
f 6026//248 6023//248 6020//248
f 6020//248 6023//248 6019//248
f 6020//248 6019//248 6018//248
f 6009//248 6010//248 6013//248
f 6013//248 6010//248 6016//248
f 6013//248 6016//248 6015//248
f 7007//247 7008//247 7009//247
f 7009//247 7008//247 7010//247
f 7009//247 7010//247 7011//247
f 7012//247 7013//247 7009//247
f 7009//247 7013//247 7014//247
f 7009//247 7014//247 7007//247
f 7015//247 7016//247 7009//247
f 7009//247 7016//247 7017//247
f 7009//247 7017//247 7012//247
f 7011//247 7018//247 7009//247
f 7009//247 7018//247 7019//247
f 7009//247 7019//247 7015//247
f 7020//247 7021//247 7022//247
f 7022//247 7021//247 7023//247
f 7022//247 7023//247 7024//247
f 7025//247 7026//247 7022//247
f 7022//247 7026//247 7027//247
f 7022//247 7027//247 7020//247
f 7028//247 7029//247 7022//247
f 7022//247 7029//247 7030//247
f 7022//247 7030//247 7025//247
f 7024//247 7031//247 7022//247
f 7022//247 7031//247 7032//247
f 7022//247 7032//247 7028//247
f 7033//247 7034//247 7035//247
f 7035//247 7034//247 7036//247
f 7035//247 7036//247 7037//247
f 7038//247 7039//247 7035//247
f 7035//247 7039//247 7040//247
f 7035//247 7040//247 7033//247
f 7041//247 7042//247 7035//247
f 7035//247 7042//247 7043//247
f 7035//247 7043//247 7038//247
f 7037//247 7044//247 7035//247
f 7035//247 7044//247 7045//247
f 7035//247 7045//247 7041//247
f 7046//247 7047//247 7048//247
f 7048//247 7047//247 7049//247
f 7048//247 7049//247 7050//247
f 7051//247 7052//247 7048//247
f 7048//247 7052//247 7053//247
f 7048//247 7053//247 7046//247
f 7054//247 7055//247 7048//247
f 7048//247 7055//247 7056//247
f 7048//247 7056//247 7051//247
f 7050//247 7057//247 7048//247
f 7048//247 7057//247 7058//247
f 7048//247 7058//247 7054//247
f 5455//247 5890//247 5456//247
f 5456//247 5890//247 5911//247
f 5456//247 5911//247 5466//247
f 5457//3899 5460//3899 5897//3899
f 5897//3900 5460//3900 5462//3900
f 5897//3901 5462//3901 5898//3901
f 5898//3902 5462//3902 5461//3902
f 5898//3903 5461//3903 5915//3903
f 5915//3904 5461//3904 5467//3904
f 5915//3905 5467//3905 5621//3905
f 5897//3899 5896//3899 5457//3899
f 5457//3906 5896//3906 5895//3906
f 5457//3907 5895//3907 5458//3907
f 5458//3908 5895//3908 5891//3908
f 5458//3909 5891//3909 5459//3909
f 5459//3910 5891//3910 5890//3910
f 5459//3911 5890//3911 5455//3911
f 5468//3912 5471//3912 5906//3912
f 5906//3913 5471//3913 5472//3913
f 5906//3913 5472//3913 5887//3913
f 5887//3914 5472//3914 5473//3914
f 5887//3915 5473//3915 5888//3915
f 5888//3916 5473//3916 5466//3916
f 5888//3917 5466//3917 5911//3917
f 5906//3912 5905//3912 5468//3912
f 5468//3918 5905//3918 5904//3918
f 5468//3918 5904//3918 5469//3918
f 5469//3919 5904//3919 5903//3919
f 5469//3920 5903//3920 5470//3920
f 5470//3921 5903//3921 5622//3921
f 5470//3922 5622//3922 5464//3922
f 5044//248 5912//248 5053//248
f 5053//248 5912//248 5908//248
f 5053//248 5908//248 5054//248
f 6874//3923 4676//3923 4681//3923
f 6874//3923 4681//3923 6875//3923
f 6875//3924 4681//3924 4680//3924
f 6875//3924 4680//3924 6877//3924
f 6873//3925 4922//3925 6871//3925
f 6871//3925 4922//3925 4919//3925
f 6871//3926 4919//3926 6872//3926
f 6872//3926 4919//3926 4678//3926
f 6872//3927 4678//3927 6874//3927
f 6874//3927 4678//3927 4676//3927
f 6891//3928 4916//3928 4918//3928
f 6891//3928 4918//3928 6848//3928
f 6848//3929 4918//3929 4922//3929
f 6848//3929 4922//3929 6873//3929
f 6878//3930 4913//3930 6879//3930
f 6879//3930 4913//3930 4914//3930
f 6879//3931 4914//3931 6880//3931
f 6880//3931 4914//3931 4915//3931
f 6880//3932 4915//3932 6891//3932
f 6891//3932 4915//3932 4916//3932
f 6889//3933 4910//3933 4912//3933
f 6889//3933 4912//3933 6890//3933
f 6890//3934 4912//3934 4913//3934
f 6890//3934 4913//3934 6878//3934
f 4899//3935 4910//3935 6888//3935
f 6888//3935 4910//3935 6889//3935
f 6836//3936 4892//3936 4897//3936
f 6836//3936 4897//3936 6837//3936
f 6837//3937 4897//3937 4898//3937
f 6837//3937 4898//3937 6865//3937
f 6865//3938 4898//3938 4899//3938
f 6865//3938 4899//3938 6888//3938
f 4907//3939 4892//3939 6941//3939
f 6941//3939 4892//3939 6836//3939
f 6938//3940 4902//3940 4904//3940
f 6938//3940 4904//3940 6939//3940
f 6939//3941 4904//3941 4906//3941
f 6939//3941 4906//3941 6940//3941
f 6940//3942 4906//3942 4907//3942
f 6940//3942 4907//3942 6941//3942
f 4896//3943 4902//3943 6937//3943
f 6937//3943 4902//3943 6938//3943
f 6967//3944 4885//3944 4884//3944
f 6967//3944 4884//3944 6870//3944
f 6870//3945 4884//3945 4896//3945
f 6870//3945 4896//3945 6937//3945
f 6966//3946 4883//3946 6964//3946
f 6964//3946 4883//3946 4889//3946
f 6964//3947 4889//3947 6965//3947
f 6965//3947 4889//3947 4887//3947
f 6965//3948 4887//3948 6967//3948
f 6967//3948 4887//3948 4885//3948
f 6962//3949 4874//3949 4881//3949
f 6962//3949 4881//3949 6963//3949
f 6963//3950 4881//3950 4883//3950
f 6963//3950 4883//3950 6966//3950
f 6961//3951 4879//3951 6959//3951
f 6959//3951 4879//3951 4878//3951
f 6959//3952 4878//3952 6960//3952
f 6960//3952 4878//3952 4875//3952
f 6960//3953 4875//3953 6962//3953
f 6962//3953 4875//3953 4874//3953
f 6868//3954 4647//3954 4880//3954
f 6868//3954 4880//3954 6869//3954
f 6869//3955 4880//3955 4879//3955
f 6869//3955 4879//3955 6961//3955
f 4858//3956 4647//3956 6907//3956
f 6907//3956 4647//3956 6868//3956
f 6863//3957 4870//3957 4872//3957
f 6863//3957 4872//3957 6864//3957
f 6864//3958 4872//3958 4873//3958
f 6864//3958 4873//3958 6908//3958
f 6908//3959 4873//3959 4858//3959
f 6908//3959 4858//3959 6907//3959
f 4868//3960 4870//3960 6997//3960
f 6997//3960 4870//3960 6863//3960
f 6994//3961 4860//3961 4866//3961
f 6994//3961 4866//3961 6995//3961
f 6995//3962 4866//3962 4867//3962
f 6995//3962 4867//3962 6996//3962
f 6996//3963 4867//3963 4868//3963
f 6996//3963 4868//3963 6997//3963
f 4855//3964 4860//3964 6993//3964
f 6993//3964 4860//3964 6994//3964
f 7006//3965 4852//3965 4854//3965
f 7006//3965 4854//3965 6936//3965
f 6936//3966 4854//3966 4855//3966
f 6936//3966 4855//3966 6993//3966
f 7005//3967 4648//3967 7003//3967
f 7003//3967 4648//3967 4851//3967
f 7003//3968 4851//3968 7004//3968
f 7004//3968 4851//3968 4877//3968
f 7004//3969 4877//3969 7006//3969
f 7006//3969 4877//3969 4852//3969
f 7001//3970 4850//3970 4649//3970
f 7001//3970 4649//3970 7002//3970
f 7002//3971 4649//3971 4648//3971
f 7002//3971 4648//3971 7005//3971
f 7000//3972 4845//3972 6998//3972
f 6998//3972 4845//3972 4833//3972
f 6998//3973 4833//3973 6999//3973
f 6999//3973 4833//3973 4849//3973
f 6999//3974 4849//3974 7001//3974
f 7001//3974 4849//3974 4850//3974
f 6934//3975 4842//3975 4844//3975
f 6934//3975 4844//3975 6935//3975
f 6935//3976 4844//3976 4845//3976
f 6935//3976 4845//3976 7000//3976
f 4840//3977 4842//3977 6982//3977
f 6982//3977 4842//3977 6934//3977
f 6846//3978 4836//3978 4838//3978
f 6846//3978 4838//3978 6847//3978
f 6847//3979 4838//3979 4839//3979
f 6847//3979 4839//3979 6983//3979
f 6983//3980 4839//3980 4840//3980
f 6983//3980 4840//3980 6982//3980
f 4826//3981 4836//3981 6906//3981
f 6906//3981 4836//3981 6846//3981
f 6903//3982 4819//3982 4828//3982
f 6903//3982 4828//3982 6904//3982
f 6904//3983 4828//3983 4827//3983
f 6904//3983 4827//3983 6905//3983
f 6905//3984 4827//3984 4826//3984
f 6905//3984 4826//3984 6906//3984
f 4820//3985 4819//3985 6902//3985
f 6902//3985 4819//3985 6903//3985
f 6853//3986 4823//3986 4822//3986
f 6853//3986 4822//3986 6854//3986
f 6854//3987 4822//3987 4820//3987
f 6854//3987 4820//3987 6902//3987
f 6933//3988 4818//3988 6931//3988
f 6931//3988 4818//3988 4825//3988
f 6931//3989 4825//3989 6932//3989
f 6932//3989 4825//3989 4824//3989
f 6932//3990 4824//3990 6853//3990
f 6853//3990 4824//3990 4823//3990
f 6929//3991 4804//3991 4805//3991
f 6929//3991 4805//3991 6930//3991
f 6930//3992 4805//3992 4818//3992
f 6930//3992 4818//3992 6933//3992
f 6928//3993 4815//3993 6926//3993
f 6926//3993 4815//3993 4806//3993
f 6926//3994 4806//3994 6927//3994
f 6927//3994 4806//3994 4803//3994
f 6927//3995 4803//3995 6929//3995
f 6929//3995 4803//3995 4804//3995
f 6862//3996 4812//3996 4814//3996
f 6862//3996 4814//3996 6855//3996
f 6855//3997 4814//3997 4815//3997
f 6855//3997 4815//3997 6928//3997
f 4794//3998 4812//3998 6886//3998
f 6886//3998 4812//3998 6862//3998
f 6840//3999 4793//3999 4796//3999
f 6840//3999 4796//3999 6841//3999
f 6841//4000 4796//4000 4795//4000
f 6841//4000 4795//4000 6887//4000
f 6887//4001 4795//4001 4794//4001
f 6887//4001 4794//4001 6886//4001
f 4792//4002 4793//4002 6958//4002
f 6958//4002 4793//4002 6840//4002
f 6955//4003 4789//4003 4788//4003
f 6955//4003 4788//4003 6956//4003
f 6956//4004 4788//4004 4790//4004
f 6956//4004 4790//4004 6957//4004
f 6957//4005 4790//4005 4792//4005
f 6957//4005 4792//4005 6958//4005
f 4784//4006 4789//4006 6953//4006
f 6953//4006 4789//4006 6955//4006
f 6981//4007 4782//4007 4781//4007
f 6981//4007 4781//4007 6885//4007
f 6885//4008 4781//4008 4784//4008
f 6885//4008 4784//4008 6953//4008
f 6980//4009 4787//4009 6978//4009
f 6978//4009 4787//4009 4786//4009
f 6978//4010 4786//4010 6979//4010
f 6979//4010 4786//4010 4785//4010
f 6979//4011 4785//4011 6981//4011
f 6981//4011 4785//4011 4782//4011
f 6976//4012 4779//4012 4780//4012
f 6976//4012 4780//4012 6977//4012
f 6977//4013 4780//4013 4787//4013
f 6977//4013 4787//4013 6980//4013
f 6975//4014 4934//4014 6973//4014
f 6973//4014 4934//4014 4933//4014
f 6973//4015 4933//4015 6974//4015
f 6974//4015 4933//4015 4777//4015
f 6974//4016 4777//4016 6976//4016
f 6976//4016 4777//4016 4779//4016
f 6883//4017 4773//4017 4775//4017
f 6883//4017 4775//4017 6884//4017
f 6884//4018 4775//4018 4934//4018
f 6884//4018 4934//4018 6975//4018
f 4771//4019 4773//4019 6923//4019
f 6923//4019 4773//4019 6883//4019
f 6851//4020 4761//4020 4769//4020
f 6851//4020 4769//4020 6852//4020
f 6852//4021 4769//4021 4770//4021
f 6852//4021 4770//4021 6925//4021
f 6925//4022 4770//4022 4771//4022
f 6925//4022 4771//4022 6923//4022
f 4762//4023 4761//4023 6922//4023
f 6922//4023 4761//4023 6851//4023
f 6919//4024 4760//4024 4759//4024
f 6919//4024 4759//4024 6920//4024
f 6920//4025 4759//4025 4758//4025
f 6920//4025 4758//4025 6921//4025
f 6921//4026 4758//4026 4762//4026
f 6921//4026 4762//4026 6922//4026
f 4755//4027 4760//4027 6918//4027
f 6918//4027 4760//4027 6919//4027
f 6859//4028 4757//4028 4756//4028
f 6859//4028 4756//4028 6860//4028
f 6860//4029 4756//4029 4755//4029
f 6860//4029 4755//4029 6918//4029
f 6951//4030 4751//4030 6949//4030
f 6949//4030 4751//4030 4754//4030
f 6949//4031 4754//4031 6950//4031
f 6950//4031 4754//4031 4752//4031
f 6950//4032 4752//4032 6859//4032
f 6859//4032 4752//4032 4757//4032
f 6947//4033 4740//4033 4749//4033
f 6947//4033 4749//4033 6948//4033
f 6948//4034 4749//4034 4751//4034
f 6948//4034 4751//4034 6951//4034
f 6946//4035 4743//4035 6944//4035
f 6944//4035 4743//4035 4742//4035
f 6944//4036 4742//4036 6945//4036
f 6945//4036 4742//4036 4741//4036
f 6945//4037 4741//4037 6947//4037
f 6947//4037 4741//4037 4740//4037
f 6867//4038 4747//4038 4748//4038
f 6867//4038 4748//4038 6861//4038
f 6861//4039 4748//4039 4743//4039
f 6861//4039 4743//4039 6946//4039
f 4736//4040 4747//4040 6900//4040
f 6900//4040 4747//4040 6867//4040
f 6849//4041 4738//4041 4739//4041
f 6849//4041 4739//4041 6850//4041
f 6850//4042 4739//4042 4737//4042
f 6850//4042 4737//4042 6901//4042
f 6901//4043 4737//4043 4736//4043
f 6901//4043 4736//4043 6900//4043
f 4732//4044 4738//4044 6972//4044
f 6972//4044 4738//4044 6849//4044
f 6969//4045 4727//4045 4735//4045
f 6969//4045 4735//4045 6970//4045
f 6970//4046 4735//4046 4733//4046
f 6970//4046 4733//4046 6971//4046
f 6971//4047 4733//4047 4732//4047
f 6971//4047 4732//4047 6972//4047
f 4729//4048 4727//4048 6968//4048
f 6968//4048 4727//4048 6969//4048
f 6992//4049 4718//4049 4730//4049
f 6992//4049 4730//4049 6899//4049
f 6899//4050 4730//4050 4729//4050
f 6899//4050 4729//4050 6968//4050
f 6991//4051 4721//4051 6989//4051
f 6989//4051 4721//4051 4722//4051
f 6989//4052 4722//4052 6990//4052
f 6990//4052 4722//4052 4723//4052
f 6990//4053 4723//4053 6992//4053
f 6992//4053 4723//4053 4718//4053
f 6987//4054 4706//4054 4719//4054
f 6987//4054 4719//4054 6988//4054
f 6988//4055 4719//4055 4721//4055
f 6988//4055 4721//4055 6991//4055
f 6986//4056 4709//4056 6984//4056
f 6984//4056 4709//4056 4708//4056
f 6984//4057 4708//4057 6985//4057
f 6985//4057 4708//4057 4707//4057
f 6985//4058 4707//4058 6987//4058
f 6987//4058 4707//4058 4706//4058
f 6897//4059 4656//4059 4711//4059
f 6897//4059 4711//4059 6898//4059
f 6898//4060 4711//4060 4709//4060
f 6898//4060 4709//4060 6986//4060
f 4654//4061 4656//4061 6942//4061
f 6942//4061 4656//4061 6897//4061
f 6844//4062 4658//4062 4657//4062
f 6844//4062 4657//4062 6845//4062
f 6845//4063 4657//4063 4705//4063
f 6845//4063 4705//4063 6943//4063
f 6943//4064 4705//4064 4654//4064
f 6943//4064 4654//4064 6942//4064
f 4704//4065 4658//4065 6896//4065
f 6896//4065 4658//4065 6844//4065
f 6893//4066 4694//4066 4702//4066
f 6893//4066 4702//4066 6894//4066
f 6894//4067 4702//4067 4703//4067
f 6894//4067 4703//4067 6895//4067
f 6895//4068 4703//4068 4704//4068
f 6895//4068 4704//4068 6896//4068
f 4697//4069 4694//4069 6892//4069
f 6892//4069 4694//4069 6893//4069
f 6917//4070 4699//4070 4698//4070
f 6917//4070 4698//4070 6858//4070
f 6858//4071 4698//4071 4697//4071
f 6858//4071 4697//4071 6892//4071
f 6916//4072 4687//4072 6914//4072
f 6914//4072 4687//4072 4701//4072
f 6914//4073 4701//4073 6915//4073
f 6915//4073 4701//4073 4700//4073
f 6915//4074 4700//4074 6917//4074
f 6917//4074 4700//4074 4699//4074
f 6912//4075 4661//4075 4660//4075
f 6912//4075 4660//4075 6913//4075
f 6913//4076 4660//4076 4687//4076
f 6913//4076 4687//4076 6916//4076
f 6911//4077 4684//4077 6909//4077
f 6909//4077 4684//4077 4683//4077
f 6909//4078 4683//4078 6910//4078
f 6910//4078 4683//4078 4682//4078
f 6910//4079 4682//4079 6912//4079
f 6912//4079 4682//4079 4661//4079
f 6856//4080 4664//4080 4663//4080
f 6856//4080 4663//4080 6857//4080
f 6857//4081 4663//4081 4684//4081
f 6857//4081 4684//4081 6911//4081
f 4925//4082 4664//4082 6881//4082
f 6881//4082 4664//4082 6856//4082
f 6838//4083 4668//4083 4923//4083
f 6838//4083 4923//4083 6839//4083
f 6839//4084 4923//4084 4924//4084
f 6839//4084 4924//4084 6882//4084
f 6882//4085 4924//4085 4925//4085
f 6882//4085 4925//4085 6881//4085
f 4673//4086 4668//4086 6866//4086
f 6866//4086 4668//4086 6838//4086
f 6876//4087 4671//4087 4670//4087
f 6876//4087 4670//4087 6842//4087
f 6842//4088 4670//4088 4669//4088
f 6842//4088 4669//4088 6843//4088
f 6843//4089 4669//4089 4673//4089
f 6843//4089 4673//4089 6866//4089
f 4680//4090 4671//4090 6877//4090
f 6877//4090 4671//4090 6876//4090
f 7059//247 7060//247 7061//247
f 7061//247 7060//247 7062//247
f 7061//247 7062//247 7063//247
f 7063//247 7062//247 7064//247
f 7063//247 7064//247 7065//247
f 7065//247 7064//247 7066//247
f 7065//247 7066//247 7067//247
f 7067//247 7066//247 7068//247
f 7067//247 7068//247 7069//247
f 7069//247 7068//247 7070//247
f 7069//247 7070//247 7071//247
f 7071//247 7070//247 7072//247
f 7071//247 7072//247 7073//247
f 7073//247 7072//247 7074//247
f 7073//247 7074//247 7075//247
f 7075//247 7074//247 7076//247
f 7075//247 7076//247 7077//247
f 7077//247 7076//247 7078//247
f 7077//247 7078//247 7079//247
f 7079//247 7078//247 7080//247
f 7079//247 7080//247 7081//247
f 7081//247 7080//247 7082//247
f 7081//247 7082//247 7059//247
f 7059//247 7082//247 7060//247
f 7083//247 7084//247 7085//247
f 7085//247 7084//247 7086//247
f 7085//247 7086//247 7087//247
f 7087//247 7086//247 7088//247
f 7087//247 7088//247 7089//247
f 7089//247 7088//247 7090//247
f 7089//247 7090//247 7091//247
f 7091//247 7090//247 7092//247
f 7091//247 7092//247 7093//247
f 7093//247 7092//247 7094//247
f 7093//247 7094//247 7095//247
f 7095//247 7094//247 7096//247
f 7095//247 7096//247 7097//247
f 7097//247 7096//247 7098//247
f 7097//247 7098//247 7099//247
f 7099//247 7098//247 7100//247
f 7099//247 7100//247 7101//247
f 7101//247 7100//247 7102//247
f 7101//247 7102//247 7103//247
f 7103//247 7102//247 7104//247
f 7103//247 7104//247 7105//247
f 7105//247 7104//247 7106//247
f 7105//247 7106//247 7083//247
f 7083//247 7106//247 7084//247
f 7107//247 7108//247 7109//247
f 7109//247 7108//247 7110//247
f 7109//247 7110//247 7111//247
f 7111//247 7110//247 7112//247
f 7111//247 7112//247 7113//247
f 7113//247 7112//247 7114//247
f 7113//247 7114//247 7115//247
f 7115//247 7114//247 7116//247
f 7115//247 7116//247 7117//247
f 7117//247 7116//247 7118//247
f 7117//247 7118//247 7119//247
f 7119//247 7118//247 7120//247
f 7119//247 7120//247 7121//247
f 7121//247 7120//247 7122//247
f 7121//247 7122//247 7123//247
f 7123//247 7122//247 7124//247
f 7123//247 7124//247 7125//247
f 7125//247 7124//247 7126//247
f 7125//247 7126//247 7127//247
f 7127//247 7126//247 7128//247
f 7127//247 7128//247 7129//247
f 7129//247 7128//247 7130//247
f 7129//247 7130//247 7107//247
f 7107//247 7130//247 7108//247
f 7131//247 7132//247 7133//247
f 7133//247 7132//247 7134//247
f 7133//247 7134//247 7135//247
f 7135//247 7134//247 7136//247
f 7135//247 7136//247 7137//247
f 7137//247 7136//247 7138//247
f 7137//247 7138//247 7139//247
f 7139//247 7138//247 7140//247
f 7139//247 7140//247 7141//247
f 7141//247 7140//247 7142//247
f 7141//247 7142//247 7143//247
f 7143//247 7142//247 7144//247
f 7143//247 7144//247 7145//247
f 7145//247 7144//247 7146//247
f 7145//247 7146//247 7147//247
f 7147//247 7146//247 7148//247
f 7147//247 7148//247 7149//247
f 7149//247 7148//247 7150//247
f 7149//247 7150//247 7151//247
f 7151//247 7150//247 7152//247
f 7151//247 7152//247 7153//247
f 7153//247 7152//247 7154//247
f 7153//247 7154//247 7131//247
f 7131//247 7154//247 7132//247
f 5900//247 5051//247 5901//247
f 5901//247 5051//247 5050//247
f 5901//247 5050//247 5060//247
f 5051//4091 5900//4091 5899//4091
f 5051//4092 5899//4092 5052//4092
f 5052//4093 5899//4093 5894//4093
f 5052//4094 5894//4094 5047//4094
f 5047//4095 5894//4095 5048//4095
f 5048//4096 5894//4096 5893//4096
f 5048//4097 5893//4097 5049//4097
f 5049//4098 5893//4098 5046//4098
f 5046//4099 5893//4099 5914//4099
f 5046//4100 5914//4100 5042//4100
f 5042//4101 5914//4101 5913//4101
f 5042//4102 5913//4102 5043//4102
f 5043//4103 5913//4103 5912//4103
f 5043//4104 5912//4104 5044//4104
f 5054//4105 5908//4105 5907//4105
f 5054//4106 5907//4106 5062//4106
f 5062//4107 5907//4107 5889//4107
f 5062//4108 5889//4108 5063//4108
f 5063//4109 5889//4109 5056//4109
f 5056//4110 5889//4110 5910//4110
f 5056//4111 5910//4111 5057//4111
f 5057//4112 5910//4112 5058//4112
f 5058//4113 5910//4113 5909//4113
f 5058//4114 5909//4114 5059//4114
f 5059//4115 5909//4115 5902//4115
f 5059//4116 5902//4116 5061//4116
f 5061//4117 5902//4117 5901//4117
f 5061//4118 5901//4118 5060//4118
f 7049//3331 7079//3331 7050//3331
f 7050//3331 7079//3331 7081//3331
f 7050//3330 7081//3330 7057//3330
f 7057//3330 7081//3330 7059//3330
f 7057//3329 7059//3329 7058//3329
f 7058//3329 7059//3329 7061//3329
f 7058//4119 7061//4119 7054//4119
f 7054//4119 7061//4119 7063//4119
f 7054//4120 7063//4120 7055//4120
f 7055//4120 7063//4120 7065//4120
f 7055//4121 7065//4121 7056//4121
f 7056//4121 7065//4121 7067//4121
f 7056//3336 7067//3336 7051//3336
f 7051//3336 7067//3336 7069//3336
f 7051//3335 7069//3335 7052//3335
f 7052//3335 7069//3335 7071//3335
f 7052//3356 7071//3356 7053//3356
f 7053//3356 7071//3356 7073//3356
f 7053//4122 7073//4122 7046//4122
f 7046//4122 7073//4122 7075//4122
f 7046//4123 7075//4123 7047//4123
f 7047//4123 7075//4123 7077//4123
f 7047//4124 7077//4124 7049//4124
f 7049//4124 7077//4124 7079//4124
f 7036//3331 7085//3331 7037//3331
f 7037//3331 7085//3331 7087//3331
f 7037//3330 7087//3330 7044//3330
f 7044//3330 7087//3330 7089//3330
f 7044//3329 7089//3329 7045//3329
f 7045//3329 7089//3329 7091//3329
f 7045//4119 7091//4119 7041//4119
f 7041//4119 7091//4119 7093//4119
f 7041//4120 7093//4120 7042//4120
f 7042//4120 7093//4120 7095//4120
f 7042//4121 7095//4121 7043//4121
f 7043//4121 7095//4121 7097//4121
f 7043//3336 7097//3336 7038//3336
f 7038//3336 7097//3336 7099//3336
f 7038//3335 7099//3335 7039//3335
f 7039//3335 7099//3335 7101//3335
f 7039//3356 7101//3356 7040//3356
f 7040//3356 7101//3356 7103//3356
f 7040//4122 7103//4122 7033//4122
f 7033//4122 7103//4122 7105//4122
f 7033//4123 7105//4123 7034//4123
f 7034//4123 7105//4123 7083//4123
f 7034//4124 7083//4124 7036//4124
f 7036//4124 7083//4124 7085//4124
f 7023//3339 7127//3339 7024//3339
f 7024//3339 7127//3339 7129//3339
f 7024//3354 7129//3354 7031//3354
f 7031//3354 7129//3354 7107//3354
f 7031//3329 7107//3329 7032//3329
f 7032//3329 7107//3329 7109//3329
f 7032//4119 7109//4119 7028//4119
f 7028//4119 7109//4119 7111//4119
f 7028//4120 7111//4120 7029//4120
f 7029//4120 7111//4120 7113//4120
f 7029//4121 7113//4121 7030//4121
f 7030//4121 7113//4121 7115//4121
f 7030//3357 7115//3357 7025//3357
f 7025//3357 7115//3357 7117//3357
f 7025//3342 7117//3342 7026//3342
f 7026//3342 7117//3342 7119//3342
f 7026//3356 7119//3356 7027//3356
f 7027//3356 7119//3356 7121//3356
f 7027//4122 7121//4122 7020//4122
f 7020//4122 7121//4122 7123//4122
f 7020//4123 7123//4123 7021//4123
f 7021//4123 7123//4123 7125//4123
f 7021//4124 7125//4124 7023//4124
f 7023//4124 7125//4124 7127//4124
f 7010//3339 7151//3339 7011//3339
f 7011//3339 7151//3339 7153//3339
f 7011//3354 7153//3354 7018//3354
f 7018//3354 7153//3354 7131//3354
f 7018//3329 7131//3329 7019//3329
f 7019//3329 7131//3329 7133//3329
f 7019//4119 7133//4119 7015//4119
f 7015//4119 7133//4119 7135//4119
f 7015//4120 7135//4120 7016//4120
f 7016//4120 7135//4120 7137//4120
f 7016//4121 7137//4121 7017//4121
f 7017//4121 7137//4121 7139//4121
f 7017//3357 7139//3357 7012//3357
f 7012//3357 7139//3357 7141//3357
f 7012//3342 7141//3342 7013//3342
f 7013//3342 7141//3342 7143//3342
f 7013//3356 7143//3356 7014//3356
f 7014//3356 7143//3356 7145//3356
f 7014//4122 7145//4122 7007//4122
f 7007//4122 7145//4122 7147//4122
f 7007//4123 7147//4123 7008//4123
f 7008//4123 7147//4123 7149//4123
f 7008//4124 7149//4124 7010//4124
f 7010//4124 7149//4124 7151//4124
f 6367//4125 6826//4125 6368//4125
f 6368//4125 6826//4125 6825//4125
f 6368//4126 6825//4126 6375//4126
f 6375//4126 6825//4126 6819//4126
f 6375//4127 6819//4127 6376//4127
f 6376//4127 6819//4127 6818//4127
f 6376//4128 6818//4128 6372//4128
f 6372//4128 6818//4128 6835//4128
f 6372//4129 6835//4129 6373//4129
f 6373//4129 6835//4129 6834//4129
f 6373//4130 6834//4130 6374//4130
f 6374//4130 6834//4130 6833//4130
f 6374//4131 6833//4131 6369//4131
f 6369//4131 6833//4131 6831//4131
f 6369//4132 6831//4132 6370//4132
f 6370//4132 6831//4132 6830//4132
f 6370//4133 6830//4133 6371//4133
f 6371//4133 6830//4133 6823//4133
f 6371//4134 6823//4134 6364//4134
f 6364//4134 6823//4134 6829//4134
f 6364//4135 6829//4135 6365//4135
f 6365//4135 6829//4135 6828//4135
f 6365//4136 6828//4136 6367//4136
f 6367//4136 6828//4136 6826//4136
f 6380//4128 6799//4128 6381//4128
f 6381//4128 6799//4128 6798//4128
f 6381//4137 6798//4137 6388//4137
f 6388//4137 6798//4137 6796//4137
f 6388//4138 6796//4138 6389//4138
f 6389//4138 6796//4138 6795//4138
f 6389//4131 6795//4131 6385//4131
f 6385//4131 6795//4131 6811//4131
f 6385//4139 6811//4139 6386//4139
f 6386//4139 6811//4139 6810//4139
f 6386//4140 6810//4140 6387//4140
f 6387//4140 6810//4140 6809//4140
f 6387//4134 6809//4134 6382//4134
f 6382//4134 6809//4134 6807//4134
f 6382//4141 6807//4141 6383//4141
f 6383//4141 6807//4141 6806//4141
f 6383//4142 6806//4142 6384//4142
f 6384//4142 6806//4142 6804//4142
f 6384//4125 6804//4125 6377//4125
f 6377//4125 6804//4125 6803//4125
f 6377//4143 6803//4143 6378//4143
f 6378//4143 6803//4143 6801//4143
f 6378//4144 6801//4144 6380//4144
f 6380//4144 6801//4144 6799//4144
f 6341//4131 6780//4131 6342//4131
f 6342//4131 6780//4131 6777//4131
f 6342//4132 6777//4132 6349//4132
f 6349//4132 6777//4132 6772//4132
f 6349//4133 6772//4133 6350//4133
f 6350//4133 6772//4133 6771//4133
f 6350//4134 6771//4134 6346//4134
f 6346//4134 6771//4134 6787//4134
f 6346//4145 6787//4145 6347//4145
f 6347//4145 6787//4145 6786//4145
f 6347//4146 6786//4146 6348//4146
f 6348//4146 6786//4146 6784//4146
f 6348//4125 6784//4125 6343//4125
f 6343//4125 6784//4125 6783//4125
f 6343//4126 6783//4126 6344//4126
f 6344//4126 6783//4126 6774//4126
f 6344//4127 6774//4127 6345//4127
f 6345//4127 6774//4127 6773//4127
f 6345//4128 6773//4128 6338//4128
f 6338//4128 6773//4128 6782//4128
f 6338//4147 6782//4147 6339//4147
f 6339//4147 6782//4147 6781//4147
f 6339//4148 6781//4148 6341//4148
f 6341//4148 6781//4148 6780//4148
f 7155//4149 7156//4149 7157//4149
f 7157//4150 7158//4150 7155//4150
f 7155//4151 7158//4151 7159//4151
f 7155//4152 7159//4152 7160//4152
f 7159//4153 7161//4153 7160//4153
f 7160//4154 7161//4154 7162//4154
f 7160//4155 7162//4155 7163//4155
f 7162//4156 7164//4156 7163//4156
f 7163//4157 7164//4157 7165//4157
f 7163//4158 7165//4158 7166//4158
f 7167//4159 7168//4159 7169//4159
f 7165//4160 7170//4160 7166//4160
f 7166//4161 7170//4161 7171//4161
f 7166//4162 7171//4162 7169//4162
f 7169//4163 7171//4163 7172//4163
f 7169//4164 7172//4164 7167//4164
f 7167//4165 7173//4165 7168//4165
f 7168//4166 7173//4166 7174//4166
f 7168//4167 7174//4167 7175//4167
f 7175//4168 7174//4168 7176//4168
f 7175//4169 7176//4169 7177//4169
f 7176//4170 7178//4170 7177//4170
f 7177//4171 7178//4171 7179//4171
f 7177//4172 7179//4172 7180//4172
f 7179//4173 7181//4173 7180//4173
f 7180//4174 7181//4174 7182//4174
f 7180//4175 7182//4175 7183//4175
f 7183//4176 7182//4176 7184//4176
f 7184//4177 7185//4177 7183//4177
f 7183//4178 7185//4178 7186//4178
f 7183//4179 7186//4179 7187//4179
f 7187//4180 7186//4180 7188//4180
f 7187//4181 7188//4181 7189//4181
f 7189//4182 7188//4182 7190//4182
f 7189//4183 7190//4183 7156//4183
f 7156//4184 7190//4184 7191//4184
f 7156//4185 7191//4185 7157//4185
f 7187//4186 7192//4186 7183//4186
f 7183//4187 7192//4187 7193//4187
f 7183//4188 7193//4188 7180//4188
f 7180//4189 7193//4189 7194//4189
f 7180//4190 7194//4190 7177//4190
f 7177//4191 7194//4191 7195//4191
f 7177//4192 7195//4192 7175//4192
f 7175//4193 7195//4193 7196//4193
f 7175//4194 7196//4194 7168//4194
f 7168//4195 7196//4195 7197//4195
f 7168//4196 7197//4196 7169//4196
f 7169//4197 7197//4197 7198//4197
f 7169//4198 7198//4198 7166//4198
f 7166//4199 7198//4199 7199//4199
f 7166//4200 7199//4200 7163//4200
f 7163//4201 7199//4201 7200//4201
f 7163//4202 7200//4202 7160//4202
f 7160//4203 7200//4203 7201//4203
f 7160//4204 7201//4204 7155//4204
f 7155//4205 7201//4205 7202//4205
f 7155//4206 7202//4206 7156//4206
f 7156//4207 7202//4207 7203//4207
f 7156//4208 7203//4208 7189//4208
f 7189//4209 7203//4209 7204//4209
f 7189//4210 7204//4210 7187//4210
f 7187//4211 7204//4211 7192//4211
f 7204//4212 7205//4212 7192//4212
f 7192//4213 7205//4213 7206//4213
f 7192//4214 7206//4214 7193//4214
f 7193//4215 7206//4215 7207//4215
f 7193//4216 7207//4216 7194//4216
f 7194//4217 7207//4217 7208//4217
f 7194//4218 7208//4218 7195//4218
f 7195//4219 7208//4219 7209//4219
f 7195//4220 7209//4220 7196//4220
f 7196//4221 7209//4221 7210//4221
f 7196//4222 7210//4222 7197//4222
f 7197//4223 7210//4223 7211//4223
f 7197//4224 7211//4224 7198//4224
f 7198//4225 7211//4225 7212//4225
f 7198//4226 7212//4226 7199//4226
f 7199//4227 7212//4227 7213//4227
f 7199//4228 7213//4228 7200//4228
f 7200//4229 7213//4229 7214//4229
f 7200//4230 7214//4230 7201//4230
f 7201//4231 7214//4231 7215//4231
f 7201//4232 7215//4232 7202//4232
f 7202//4233 7215//4233 7216//4233
f 7202//4234 7216//4234 7203//4234
f 7203//4235 7216//4235 7217//4235
f 7203//4236 7217//4236 7204//4236
f 7204//4237 7217//4237 7205//4237
f 6737//4238 6736//4238 7214//4238
f 7214//4239 6736//4239 6733//4239
f 7214//4240 6733//4240 7215//4240
f 7215//4241 6733//4241 6734//4241
f 7215//4242 6734//4242 7216//4242
f 7216//4243 6734//4243 6735//4243
f 7216//4244 6735//4244 7217//4244
f 7217//4245 6735//4245 6732//4245
f 7217//4246 6732//4246 7205//4246
f 7205//4247 6732//4247 6739//4247
f 7205//4248 6739//4248 7206//4248
f 7206//4249 6739//4249 6738//4249
f 7206//4250 6738//4250 7207//4250
f 7207//4251 6738//4251 6745//4251
f 7207//4252 6745//4252 7208//4252
f 7208//4253 6745//4253 6744//4253
f 7208//4254 6744//4254 7209//4254
f 7209//4255 6744//4255 6743//4255
f 7209//4256 6743//4256 7210//4256
f 7210//4257 6743//4257 6740//4257
f 7210//4258 6740//4258 7211//4258
f 7211//4259 6740//4259 6741//4259
f 7211//4260 6741//4260 7212//4260
f 7212//4261 6741//4261 6742//4261
f 7212//4262 6742//4262 7213//4262
f 7213//4263 6742//4263 6737//4263
f 7213//4264 6737//4264 7214//4264
f 7179//4265 6751//4265 6750//4265
f 6749//4266 7182//4266 6750//4266
f 6750//4267 7182//4267 7181//4267
f 6750//4268 7181//4268 7179//4268
f 5700//4269 7188//4269 5679//4269
f 5679//4270 7188//4270 7186//4270
f 5679//4271 7186//4271 5695//4271
f 5695//4272 7186//4272 7185//4272
f 5695//4273 7185//4273 6749//4273
f 6749//4274 7185//4274 7184//4274
f 6749//4275 7184//4275 7182//4275
f 5701//4276 7191//4276 5700//4276
f 5700//4277 7191//4277 7190//4277
f 5700//4278 7190//4278 7188//4278
f 5702//4279 7158//4279 5701//4279
f 5701//4280 7158//4280 7157//4280
f 5701//4281 7157//4281 7191//4281
f 5625//4282 7161//4282 5702//4282
f 5702//4283 7161//4283 7159//4283
f 5702//4284 7159//4284 7158//4284
f 5642//4285 7164//4285 5625//4285
f 5625//4286 7164//4286 7162//4286
f 5625//4287 7162//4287 7161//4287
f 6747//4288 7172//4288 6748//4288
f 6748//4289 7172//4289 7171//4289
f 6748//4290 7171//4290 5644//4290
f 5644//4291 7171//4291 7170//4291
f 5644//4292 7170//4292 5642//4292
f 5642//4293 7170//4293 7165//4293
f 5642//4294 7165//4294 7164//4294
f 6746//4295 7173//4295 6747//4295
f 6747//4296 7173//4296 7167//4296
f 6747//4297 7167//4297 7172//4297
f 7179//4298 7178//4298 6751//4298
f 6751//4299 7178//4299 7176//4299
f 6751//4300 7176//4300 6746//4300
f 6746//4301 7176//4301 7174//4301
f 6746//4302 7174//4302 7173//4302
f 6727//4303 6726//4303 7218//4303
f 6724//4304 6723//4304 7218//4304
f 7218//4305 6723//4305 6728//4305
f 6731//4306 7218//4306 6730//4306
f 7218//4307 6731//4307 6719//4307
f 6728//4308 6730//4308 7218//4308
f 6718//4309 6716//4309 7218//4309
f 6715//4310 6710//4310 7218//4310
f 7218//4311 6710//4311 6712//4311
f 6720//4312 7218//4312 6714//4312
f 7218//4313 6720//4313 6722//4313
f 6712//4314 6714//4314 7218//4314
f 6716//4315 6715//4315 7218//4315
f 6719//4316 6718//4316 7218//4316
f 6726//4317 6724//4317 7218//4317
f 6722//4318 6727//4318 7218//4318
f 7219//4319 7220//4319 7221//4319
f 7221//4320 7222//4320 7219//4320
f 7219//4321 7222//4321 7223//4321
f 7219//4322 7223//4322 7224//4322
f 7223//4323 7225//4323 7224//4323
f 7224//4154 7225//4154 7226//4154
f 7224//4155 7226//4155 7227//4155
f 7226//4156 7228//4156 7227//4156
f 7227//4324 7228//4324 7229//4324
f 7227//4325 7229//4325 7230//4325
f 7231//4326 7232//4326 7233//4326
f 7229//4327 7234//4327 7230//4327
f 7230//4328 7234//4328 7235//4328
f 7230//4329 7235//4329 7233//4329
f 7233//4330 7235//4330 7236//4330
f 7233//4331 7236//4331 7231//4331
f 7231//4332 7237//4332 7232//4332
f 7232//4333 7237//4333 7238//4333
f 7232//4334 7238//4334 7239//4334
f 7239//4335 7238//4335 7240//4335
f 7239//4336 7240//4336 7241//4336
f 7240//4337 7242//4337 7241//4337
f 7241//4338 7242//4338 7243//4338
f 7241//4339 7243//4339 7244//4339
f 7243//4173 7245//4173 7244//4173
f 7244//4174 7245//4174 7246//4174
f 7244//4340 7246//4340 7247//4340
f 7247//4341 7246//4341 7248//4341
f 7248//4342 7249//4342 7247//4342
f 7247//4343 7249//4343 7250//4343
f 7247//4344 7250//4344 7251//4344
f 7251//4180 7250//4180 7252//4180
f 7251//4345 7252//4345 7253//4345
f 7253//4346 7252//4346 7254//4346
f 7253//4347 7254//4347 7220//4347
f 7220//4348 7254//4348 7255//4348
f 7220//4349 7255//4349 7221//4349
f 7251//4350 7256//4350 7247//4350
f 7247//4351 7256//4351 7257//4351
f 7247//4352 7257//4352 7244//4352
f 7244//4353 7257//4353 7258//4353
f 7244//4354 7258//4354 7241//4354
f 7241//4355 7258//4355 7259//4355
f 7241//4356 7259//4356 7239//4356
f 7239//4357 7259//4357 7260//4357
f 7239//4358 7260//4358 7232//4358
f 7232//4359 7260//4359 7261//4359
f 7232//4360 7261//4360 7233//4360
f 7233//4197 7261//4197 7262//4197
f 7233//4198 7262//4198 7230//4198
f 7230//4361 7262//4361 7263//4361
f 7230//4362 7263//4362 7227//4362
f 7227//4363 7263//4363 7264//4363
f 7227//4202 7264//4202 7224//4202
f 7224//4203 7264//4203 7265//4203
f 7224//4364 7265//4364 7219//4364
f 7219//4365 7265//4365 7266//4365
f 7219//4366 7266//4366 7220//4366
f 7220//4367 7266//4367 7267//4367
f 7220//4368 7267//4368 7253//4368
f 7253//4369 7267//4369 7268//4369
f 7253//4370 7268//4370 7251//4370
f 7251//4371 7268//4371 7256//4371
f 7268//4372 7269//4372 7256//4372
f 7256//4373 7269//4373 7270//4373
f 7256//4374 7270//4374 7257//4374
f 7257//4375 7270//4375 7271//4375
f 7257//4376 7271//4376 7258//4376
f 7258//4377 7271//4377 7272//4377
f 7258//4378 7272//4378 7259//4378
f 7259//4219 7272//4219 7273//4219
f 7259//4379 7273//4379 7260//4379
f 7260//4380 7273//4380 7274//4380
f 7260//4381 7274//4381 7261//4381
f 7261//4382 7274//4382 7275//4382
f 7261//4224 7275//4224 7262//4224
f 7262//4383 7275//4383 7276//4383
f 7262//4384 7276//4384 7263//4384
f 7263//4385 7276//4385 7277//4385
f 7263//4386 7277//4386 7264//4386
f 7264//4387 7277//4387 7278//4387
f 7264//4388 7278//4388 7265//4388
f 7265//4389 7278//4389 7279//4389
f 7265//4390 7279//4390 7266//4390
f 7266//4391 7279//4391 7280//4391
f 7266//4392 7280//4392 7267//4392
f 7267//4393 7280//4393 7281//4393
f 7267//4394 7281//4394 7268//4394
f 7268//4395 7281//4395 7269//4395
f 6692//4396 6691//4396 7278//4396
f 7278//4397 6691//4397 6690//4397
f 7278//4398 6690//4398 7279//4398
f 7279//4399 6690//4399 6693//4399
f 7279//4400 6693//4400 7280//4400
f 7280//4401 6693//4401 6694//4401
f 7280//4402 6694//4402 7281//4402
f 7281//4403 6694//4403 6695//4403
f 7281//4404 6695//4404 7269//4404
f 7269//4405 6695//4405 6696//4405
f 7269//4406 6696//4406 7270//4406
f 7270//4407 6696//4407 6697//4407
f 7270//4408 6697//4408 7271//4408
f 7271//4409 6697//4409 6698//4409
f 7271//4410 6698//4410 7272//4410
f 7272//4253 6698//4253 6699//4253
f 7272//4254 6699//4254 7273//4254
f 7273//4255 6699//4255 6700//4255
f 7273//4256 6700//4256 7274//4256
f 7274//4411 6700//4411 6703//4411
f 7274//4412 6703//4412 7275//4412
f 7275//4413 6703//4413 6702//4413
f 7275//4414 6702//4414 7276//4414
f 7276//4415 6702//4415 6701//4415
f 7276//4416 6701//4416 7277//4416
f 7277//4417 6701//4417 6692//4417
f 7277//4418 6692//4418 7278//4418
f 7243//4419 5733//4419 5724//4419
f 5726//4420 7246//4420 5724//4420
f 5724//4267 7246//4267 7245//4267
f 5724//4268 7245//4268 7243//4268
f 6708//4421 7252//4421 6709//4421
f 6709//4270 7252//4270 7250//4270
f 6709//4422 7250//4422 5728//4422
f 5728//4423 7250//4423 7249//4423
f 5728//4424 7249//4424 5726//4424
f 5726//4425 7249//4425 7248//4425
f 5726//4426 7248//4426 7246//4426
f 6707//4427 7255//4427 6708//4427
f 6708//4428 7255//4428 7254//4428
f 6708//4429 7254//4429 7252//4429
f 6706//4430 7222//4430 6707//4430
f 6707//4431 7222//4431 7221//4431
f 6707//4432 7221//4432 7255//4432
f 6705//4433 7225//4433 6706//4433
f 6706//4434 7225//4434 7223//4434
f 6706//4435 7223//4435 7222//4435
f 6704//4436 7228//4436 6705//4436
f 6705//4286 7228//4286 7226//4286
f 6705//4287 7226//4287 7225//4287
f 5743//4437 7236//4437 5768//4437
f 5768//4289 7236//4289 7235//4289
f 5768//4438 7235//4438 5766//4438
f 5766//4439 7235//4439 7234//4439
f 5766//4440 7234//4440 6704//4440
f 6704//4441 7234//4441 7229//4441
f 6704//4442 7229//4442 7228//4442
f 5745//4443 7237//4443 5743//4443
f 5743//4444 7237//4444 7231//4444
f 5743//4445 7231//4445 7236//4445
f 7243//4446 7242//4446 5733//4446
f 5733//4447 7242//4447 7240//4447
f 5733//4448 7240//4448 5745//4448
f 5745//4449 7240//4449 7238//4449
f 5745//4450 7238//4450 7237//4450
f 6685//4451 6684//4451 7282//4451
f 6682//4452 6681//4452 7282//4452
f 7282//4453 6681//4453 6686//4453
f 6689//4454 7282//4454 6688//4454
f 7282//4455 6689//4455 6677//4455
f 6686//4456 6688//4456 7282//4456
f 6676//4457 6674//4457 7282//4457
f 6673//4458 6668//4458 7282//4458
f 7282//4459 6668//4459 6670//4459
f 6678//4460 7282//4460 6672//4460
f 7282//4461 6678//4461 6680//4461
f 6670//4462 6672//4462 7282//4462
f 6674//4463 6673//4463 7282//4463
f 6677//4464 6676//4464 7282//4464
f 6684//4465 6682//4465 7282//4465
f 6680//4466 6685//4466 7282//4466
f 7283//4467 7284//4467 7285//4467
f 7285//4468 7286//4468 7283//4468
f 7283//4321 7286//4321 7287//4321
f 7283//4322 7287//4322 7288//4322
f 7287//4323 7289//4323 7288//4323
f 7288//4154 7289//4154 7290//4154
f 7288//4155 7290//4155 7291//4155
f 7290//4156 7292//4156 7291//4156
f 7291//4157 7292//4157 7293//4157
f 7291//4158 7293//4158 7294//4158
f 7295//4469 7296//4469 7297//4469
f 7293//4160 7298//4160 7294//4160
f 7294//4161 7298//4161 7299//4161
f 7294//4162 7299//4162 7297//4162
f 7297//4163 7299//4163 7300//4163
f 7297//4470 7300//4470 7295//4470
f 7295//4332 7301//4332 7296//4332
f 7296//4333 7301//4333 7302//4333
f 7296//4334 7302//4334 7303//4334
f 7303//4335 7302//4335 7304//4335
f 7303//4336 7304//4336 7305//4336
f 7304//4471 7306//4471 7305//4471
f 7305//4472 7306//4472 7307//4472
f 7305//4339 7307//4339 7308//4339
f 7307//4173 7309//4173 7308//4173
f 7308//4174 7309//4174 7310//4174
f 7308//4473 7310//4473 7311//4473
f 7311//4474 7310//4474 7312//4474
f 7312//4475 7313//4475 7311//4475
f 7311//4476 7313//4476 7314//4476
f 7311//4477 7314//4477 7315//4477
f 7315//4478 7314//4478 7316//4478
f 7315//4479 7316//4479 7317//4479
f 7317//4480 7316//4480 7318//4480
f 7317//4481 7318//4481 7284//4481
f 7284//4348 7318//4348 7319//4348
f 7284//4482 7319//4482 7285//4482
f 7315//4483 7320//4483 7311//4483
f 7311//4484 7320//4484 7321//4484
f 7311//4485 7321//4485 7308//4485
f 7308//4353 7321//4353 7322//4353
f 7308//4354 7322//4354 7305//4354
f 7305//4355 7322//4355 7323//4355
f 7305//4356 7323//4356 7303//4356
f 7303//4357 7323//4357 7324//4357
f 7303//4358 7324//4358 7296//4358
f 7296//4486 7324//4486 7325//4486
f 7296//4196 7325//4196 7297//4196
f 7297//4487 7325//4487 7326//4487
f 7297//4488 7326//4488 7294//4488
f 7294//4489 7326//4489 7327//4489
f 7294//4490 7327//4490 7291//4490
f 7291//4491 7327//4491 7328//4491
f 7291//4202 7328//4202 7288//4202
f 7288//4203 7328//4203 7329//4203
f 7288//4364 7329//4364 7283//4364
f 7283//4365 7329//4365 7330//4365
f 7283//4366 7330//4366 7284//4366
f 7284//4367 7330//4367 7331//4367
f 7284//4492 7331//4492 7317//4492
f 7317//4493 7331//4493 7332//4493
f 7317//4210 7332//4210 7315//4210
f 7315//4494 7332//4494 7320//4494
f 7332//4495 7333//4495 7320//4495
f 7320//4496 7333//4496 7334//4496
f 7320//4497 7334//4497 7321//4497
f 7321//4498 7334//4498 7335//4498
f 7321//4376 7335//4376 7322//4376
f 7322//4377 7335//4377 7336//4377
f 7322//4378 7336//4378 7323//4378
f 7323//4219 7336//4219 7337//4219
f 7323//4379 7337//4379 7324//4379
f 7324//4380 7337//4380 7338//4380
f 7324//4499 7338//4499 7325//4499
f 7325//4223 7338//4223 7339//4223
f 7325//4500 7339//4500 7326//4500
f 7326//4501 7339//4501 7340//4501
f 7326//4502 7340//4502 7327//4502
f 7327//4503 7340//4503 7341//4503
f 7327//4504 7341//4504 7328//4504
f 7328//4387 7341//4387 7342//4387
f 7328//4388 7342//4388 7329//4388
f 7329//4389 7342//4389 7343//4389
f 7329//4390 7343//4390 7330//4390
f 7330//4391 7343//4391 7344//4391
f 7330//4392 7344//4392 7331//4392
f 7331//4505 7344//4505 7345//4505
f 7331//4506 7345//4506 7332//4506
f 7332//4237 7345//4237 7333//4237
f 6660//4396 6659//4396 7342//4396
f 7342//4397 6659//4397 6652//4397
f 7342//4398 6652//4398 7343//4398
f 7343//4507 6652//4507 6653//4507
f 7343//4508 6653//4508 7344//4508
f 7344//4509 6653//4509 6654//4509
f 7344//4244 6654//4244 7345//4244
f 7345//4510 6654//4510 6651//4510
f 7345//4511 6651//4511 7333//4511
f 7333//4512 6651//4512 6650//4512
f 7333//4248 6650//4248 7334//4248
f 7334//4249 6650//4249 6649//4249
f 7334//4513 6649//4513 7335//4513
f 7335//4409 6649//4409 6648//4409
f 7335//4410 6648//4410 7336//4410
f 7336//4253 6648//4253 6656//4253
f 7336//4254 6656//4254 7337//4254
f 7337//4255 6656//4255 6655//4255
f 7337//4256 6655//4256 7338//4256
f 7338//4257 6655//4257 6658//4257
f 7338//4258 6658//4258 7339//4258
f 7339//4259 6658//4259 6657//4259
f 7339//4260 6657//4260 7340//4260
f 7340//4261 6657//4261 6661//4261
f 7340//4262 6661//4262 7341//4262
f 7341//4263 6661//4263 6660//4263
f 7341//4418 6660//4418 7342//4418
f 7307//4265 5773//4265 5775//4265
f 5776//4266 7310//4266 5775//4266
f 5775//4267 7310//4267 7309//4267
f 5775//4268 7309//4268 7307//4268
f 5763//4514 7313//4514 5776//4514
f 5776//4274 7313//4274 7312//4274
f 5776//4275 7312//4275 7310//4275
f 6663//4515 7319//4515 6662//4515
f 6662//4428 7319//4428 7318//4428
f 6662//4516 7318//4516 5765//4516
f 5765//4517 7318//4517 7316//4517
f 5765//4518 7316//4518 5763//4518
f 5763//4270 7316//4270 7314//4270
f 5763//4519 7314//4519 7313//4519
f 6664//4520 7286//4520 6663//4520
f 6663//4521 7286//4521 7285//4521
f 6663//4522 7285//4522 7319//4522
f 6665//4433 7289//4433 6664//4433
f 6664//4434 7289//4434 7287//4434
f 6664//4435 7287//4435 7286//4435
f 6666//4285 7292//4285 6665//4285
f 6665//4286 7292//4286 7290//4286
f 6665//4287 7290//4287 7289//4287
f 6667//4523 7298//4523 6666//4523
f 6666//4293 7298//4293 7293//4293
f 6666//4294 7293//4294 7292//4294
f 5772//4443 7301//4443 5785//4443
f 5785//4444 7301//4444 7295//4444
f 5785//4524 7295//4524 5783//4524
f 5783//4525 7295//4525 7300//4525
f 5783//4526 7300//4526 6667//4526
f 6667//4289 7300//4289 7299//4289
f 6667//4527 7299//4527 7298//4527
f 7307//4298 7306//4298 5773//4298
f 5773//4528 7306//4528 7304//4528
f 5773//4529 7304//4529 5772//4529
f 5772//4449 7304//4449 7302//4449
f 5772//4450 7302//4450 7301//4450
f 6643//4303 6642//4303 7346//4303
f 6640//4304 6639//4304 7346//4304
f 7346//4305 6639//4305 6644//4305
f 6647//4306 7346//4306 6646//4306
f 7346//4307 6647//4307 6635//4307
f 6644//4308 6646//4308 7346//4308
f 6634//4309 6632//4309 7346//4309
f 6631//4310 6626//4310 7346//4310
f 7346//4530 6626//4530 6628//4530
f 6636//4312 7346//4312 6630//4312
f 7346//4313 6636//4313 6638//4313
f 6628//4531 6630//4531 7346//4531
f 6632//4315 6631//4315 7346//4315
f 6635//4316 6634//4316 7346//4316
f 6642//4317 6640//4317 7346//4317
f 6638//4318 6643//4318 7346//4318
f 7347//4149 7348//4149 7349//4149
f 7349//4150 7350//4150 7347//4150
f 7347//4532 7350//4532 7351//4532
f 7347//4533 7351//4533 7352//4533
f 7351//4323 7353//4323 7352//4323
f 7352//4154 7353//4154 7354//4154
f 7352//4155 7354//4155 7355//4155
f 7354//4156 7356//4156 7355//4156
f 7355//4324 7356//4324 7357//4324
f 7355//4325 7357//4325 7358//4325
f 7359//4534 7360//4534 7361//4534
f 7357//4327 7362//4327 7358//4327
f 7358//4535 7362//4535 7363//4535
f 7358//4536 7363//4536 7361//4536
f 7361//4537 7363//4537 7364//4537
f 7361//4538 7364//4538 7359//4538
f 7359//4165 7365//4165 7360//4165
f 7360//4539 7365//4539 7366//4539
f 7360//4540 7366//4540 7367//4540
f 7367//4541 7366//4541 7368//4541
f 7367//4542 7368//4542 7369//4542
f 7368//4471 7370//4471 7369//4471
f 7369//4472 7370//4472 7371//4472
f 7369//4339 7371//4339 7372//4339
f 7371//4173 7373//4173 7372//4173
f 7372//4174 7373//4174 7374//4174
f 7372//4543 7374//4543 7375//4543
f 7375//4544 7374//4544 7376//4544
f 7376//4545 7377//4545 7375//4545
f 7375//4546 7377//4546 7378//4546
f 7375//4547 7378//4547 7379//4547
f 7379//4180 7378//4180 7380//4180
f 7379//4345 7380//4345 7381//4345
f 7381//4548 7380//4548 7382//4548
f 7381//4549 7382//4549 7348//4549
f 7348//4184 7382//4184 7383//4184
f 7348//4185 7383//4185 7349//4185
f 7379//4550 7384//4550 7375//4550
f 7375//4551 7384//4551 7385//4551
f 7375//4552 7385//4552 7372//4552
f 7372//4189 7385//4189 7386//4189
f 7372//4553 7386//4553 7369//4553
f 7369//4554 7386//4554 7387//4554
f 7369//4555 7387//4555 7367//4555
f 7367//4193 7387//4193 7388//4193
f 7367//4194 7388//4194 7360//4194
f 7360//4556 7388//4556 7389//4556
f 7360//4360 7389//4360 7361//4360
f 7361//4197 7389//4197 7390//4197
f 7361//4198 7390//4198 7358//4198
f 7358//4557 7390//4557 7391//4557
f 7358//4558 7391//4558 7355//4558
f 7355//4201 7391//4201 7392//4201
f 7355//4202 7392//4202 7352//4202
f 7352//4203 7392//4203 7393//4203
f 7352//4204 7393//4204 7347//4204
f 7347//4205 7393//4205 7394//4205
f 7347//4206 7394//4206 7348//4206
f 7348//4207 7394//4207 7395//4207
f 7348//4559 7395//4559 7381//4559
f 7381//4560 7395//4560 7396//4560
f 7381//4370 7396//4370 7379//4370
f 7379//4371 7396//4371 7384//4371
f 7396//4372 7397//4372 7384//4372
f 7384//4373 7397//4373 7398//4373
f 7384//4374 7398//4374 7385//4374
f 7385//4375 7398//4375 7399//4375
f 7385//4561 7399//4561 7386//4561
f 7386//4562 7399//4562 7400//4562
f 7386//4218 7400//4218 7387//4218
f 7387//4219 7400//4219 7401//4219
f 7387//4220 7401//4220 7388//4220
f 7388//4221 7401//4221 7402//4221
f 7388//4563 7402//4563 7389//4563
f 7389//4382 7402//4382 7403//4382
f 7389//4224 7403//4224 7390//4224
f 7390//4383 7403//4383 7404//4383
f 7390//4564 7404//4564 7391//4564
f 7391//4227 7404//4227 7405//4227
f 7391//4228 7405//4228 7392//4228
f 7392//4387 7405//4387 7406//4387
f 7392//4388 7406//4388 7393//4388
f 7393//4389 7406//4389 7407//4389
f 7393//4390 7407//4390 7394//4390
f 7394//4391 7407//4391 7408//4391
f 7394//4234 7408//4234 7395//4234
f 7395//4565 7408//4565 7409//4565
f 7395//4506 7409//4506 7396//4506
f 7396//4395 7409//4395 7397//4395
f 6608//4396 6607//4396 7406//4396
f 7406//4397 6607//4397 6606//4397
f 7406//4398 6606//4398 7407//4398
f 7407//4566 6606//4566 6609//4566
f 7407//4567 6609//4567 7408//4567
f 7408//4568 6609//4568 6610//4568
f 7408//4402 6610//4402 7409//4402
f 7409//4569 6610//4569 6611//4569
f 7409//4570 6611//4570 7397//4570
f 7397//4571 6611//4571 6612//4571
f 7397//4247 6612//4247 7398//4247
f 7398//4572 6612//4572 6613//4572
f 7398//4408 6613//4408 7399//4408
f 7399//4409 6613//4409 6614//4409
f 7399//4410 6614//4410 7400//4410
f 7400//4253 6614//4253 6615//4253
f 7400//4254 6615//4254 7401//4254
f 7401//4255 6615//4255 6616//4255
f 7401//4256 6616//4256 7402//4256
f 7402//4257 6616//4257 6619//4257
f 7402//4573 6619//4573 7403//4573
f 7403//4574 6619//4574 6618//4574
f 7403//4414 6618//4414 7404//4414
f 7404//4575 6618//4575 6617//4575
f 7404//4576 6617//4576 7405//4576
f 7405//4577 6617//4577 6608//4577
f 7405//4418 6608//4418 7406//4418
f 7371//4265 6623//4265 6622//4265
f 6621//4420 7374//4420 6622//4420
f 6622//4267 7374//4267 7373//4267
f 6622//4268 7373//4268 7371//4268
f 5664//4578 7380//4578 5662//4578
f 5662//4579 7380//4579 7378//4579
f 5662//4580 7378//4580 6620//4580
f 6620//4581 7378//4581 7377//4581
f 6620//4582 7377//4582 6621//4582
f 6621//4425 7377//4425 7376//4425
f 6621//4426 7376//4426 7374//4426
f 5666//4276 7383//4276 5664//4276
f 5664//4277 7383//4277 7382//4277
f 5664//4278 7382//4278 7380//4278
f 5636//4583 7350//4583 5666//4583
f 5666//4280 7350//4280 7349//4280
f 5666//4281 7349//4281 7383//4281
f 5667//4433 7353//4433 5636//4433
f 5636//4434 7353//4434 7351//4434
f 5636//4435 7351//4435 7350//4435
f 5635//4436 7356//4436 5667//4436
f 5667//4286 7356//4286 7354//4286
f 5667//4287 7354//4287 7353//4287
f 5683//4584 7362//4584 5635//4584
f 5635//4441 7362//4441 7357//4441
f 5635//4442 7357//4442 7356//4442
f 6624//4585 7365//4585 6625//4585
f 6625//4296 7365//4296 7359//4296
f 6625//4586 7359//4586 5685//4586
f 5685//4587 7359//4587 7364//4587
f 5685//4588 7364//4588 5683//4588
f 5683//4589 7364//4589 7363//4589
f 5683//4590 7363//4590 7362//4590
f 7371//4298 7370//4298 6623//4298
f 6623//4528 7370//4528 7368//4528
f 6623//4591 7368//4591 6624//4591
f 6624//4301 7368//4301 7366//4301
f 6624//4592 7366//4592 7365//4592
f 6601//4451 6600//4451 7410//4451
f 6598//4452 6597//4452 7410//4452
f 7410//4593 6597//4593 6602//4593
f 6605//4454 7410//4454 6604//4454
f 7410//4455 6605//4455 6593//4455
f 6602//4594 6604//4594 7410//4594
f 6592//4457 6590//4457 7410//4457
f 6589//4458 6584//4458 7410//4458
f 7410//4459 6584//4459 6586//4459
f 6594//4460 7410//4460 6588//4460
f 7410//4461 6594//4461 6596//4461
f 6586//4462 6588//4462 7410//4462
f 6590//4463 6589//4463 7410//4463
f 6593//4464 6592//4464 7410//4464
f 6600//4465 6598//4465 7410//4465
f 6596//4466 6601//4466 7410//4466
f 6354//4134 6580//4134 6355//4134
f 6355//4134 6580//4134 6579//4134
f 6355//4141 6579//4141 6362//4141
f 6362//4141 6579//4141 6577//4141
f 6362//4142 6577//4142 6363//4142
f 6363//4142 6577//4142 6583//4142
f 6363//4125 6583//4125 6359//4125
f 6359//4125 6583//4125 6582//4125
f 6359//4595 6582//4595 6360//4595
f 6360//4595 6582//4595 6581//4595
f 6360//4596 6581//4596 6361//4596
f 6361//4596 6581//4596 6572//4596
f 6361//4128 6572//4128 6356//4128
f 6356//4128 6572//4128 6574//4128
f 6356//4137 6574//4137 6357//4137
f 6357//4137 6574//4137 6575//4137
f 6357//4138 6575//4138 6358//4138
f 6358//4138 6575//4138 6568//4138
f 6358//4131 6568//4131 6351//4131
f 6351//4131 6568//4131 6569//4131
f 6351//4597 6569//4597 6352//4597
f 6352//4597 6569//4597 6571//4597
f 6352//4598 6571//4598 6354//4598
f 6354//4598 6571//4598 6580//4598
f 7411//4599 7412//4599 5478//4599
f 5494//4600 5496//4600 7413//4600
f 5498//4601 7414//4601 5496//4601
f 5496//4602 7414//4602 7415//4602
f 5496//4603 7415//4603 7413//4603
f 5478//4604 7412//4604 5476//4604
f 7412//4605 7416//4605 5476//4605
f 5476//4606 7416//4606 7417//4606
f 5476//4607 7417//4607 5474//4607
f 5474//4608 7417//4608 7418//4608
f 5474//4609 7418//4609 5498//4609
f 5498//4610 7418//4610 7419//4610
f 5498//4611 7419//4611 7414//4611
f 7411//4612 5478//4612 7420//4612
f 7420//4613 5478//4613 5480//4613
f 7420//4614 5480//4614 7421//4614
f 7421//4615 5480//4615 5482//4615
f 7421//4616 5482//4616 7422//4616
f 7422//4617 5482//4617 7423//4617
f 7423//4618 5482//4618 5484//4618
f 7423//4619 5484//4619 7424//4619
f 7424//4620 5484//4620 7425//4620
f 7425//4621 5484//4621 5486//4621
f 7425//4622 5486//4622 7426//4622
f 5488//4623 5490//4623 7427//4623
f 7427//4624 7428//4624 5488//4624
f 5488//4625 7428//4625 7429//4625
f 5488//4626 7429//4626 5486//4626
f 5486//4627 7429//4627 7430//4627
f 5486//4628 7430//4628 7426//4628
f 7413//4629 7431//4629 5494//4629
f 5494//4630 7431//4630 7432//4630
f 5494//4631 7432//4631 5492//4631
f 5492//4632 7432//4632 7433//4632
f 5492//4633 7433//4633 5490//4633
f 5490//4634 7433//4634 7434//4634
f 5490//4635 7434//4635 7427//4635
f 7435//4636 7436//4636 7415//4636
f 7415//4637 7414//4637 7435//4637
f 7435//4638 7414//4638 7419//4638
f 7435//4639 7419//4639 7437//4639
f 7419//4640 7418//4640 7437//4640
f 7437//4641 7418//4641 7417//4641
f 7437//4642 7417//4642 7438//4642
f 7438//4643 7417//4643 7416//4643
f 7438//4644 7416//4644 7439//4644
f 7439//4645 7416//4645 7412//4645
f 7412//4646 7411//4646 7439//4646
f 7439//4647 7411//4647 7420//4647
f 7439//4648 7420//4648 7440//4648
f 7440//4649 7420//4649 7421//4649
f 7440//4650 7421//4650 7441//4650
f 7441//4651 7421//4651 7422//4651
f 7441//4652 7422//4652 7442//4652
f 7426//4653 7443//4653 7444//4653
f 7422//4654 7423//4654 7442//4654
f 7442//4655 7423//4655 7424//4655
f 7442//4656 7424//4656 7444//4656
f 7444//4657 7424//4657 7425//4657
f 7444//4658 7425//4658 7426//4658
f 7426//4659 7430//4659 7443//4659
f 7443//4660 7430//4660 7429//4660
f 7443//4661 7429//4661 7445//4661
f 7445//4662 7429//4662 7428//4662
f 7445//4663 7428//4663 7446//4663
f 7446//4664 7428//4664 7427//4664
f 7427//4665 7434//4665 7446//4665
f 7446//4666 7434//4666 7433//4666
f 7446//4667 7433//4667 7447//4667
f 7447//4668 7433//4668 7432//4668
f 7447//4669 7432//4669 7448//4669
f 7448//4670 7432//4670 7431//4670
f 7448//4671 7431//4671 7436//4671
f 7436//4672 7431//4672 7413//4672
f 7436//4673 7413//4673 7415//4673
f 7447//4674 7449//4674 7446//4674
f 7446//4675 7449//4675 7450//4675
f 7446//4676 7450//4676 7445//4676
f 7445//4677 7450//4677 7451//4677
f 7445//4678 7451//4678 7443//4678
f 7443//4679 7451//4679 7452//4679
f 7443//4680 7452//4680 7444//4680
f 7444//4681 7452//4681 7453//4681
f 7444//4682 7453//4682 7442//4682
f 7442//4683 7453//4683 7454//4683
f 7442//4684 7454//4684 7441//4684
f 7441//4685 7454//4685 7455//4685
f 7441//4686 7455//4686 7440//4686
f 7440//4687 7455//4687 7456//4687
f 7440//4688 7456//4688 7439//4688
f 7439//4689 7456//4689 7457//4689
f 7439//4690 7457//4690 7438//4690
f 7438//4691 7457//4691 7458//4691
f 7438//4692 7458//4692 7437//4692
f 7437//4693 7458//4693 7459//4693
f 7437//4694 7459//4694 7435//4694
f 7435//4695 7459//4695 7460//4695
f 7435//4696 7460//4696 7436//4696
f 7436//4697 7460//4697 7461//4697
f 7436//4698 7461//4698 7448//4698
f 7448//4699 7461//4699 7462//4699
f 7448//4700 7462//4700 7447//4700
f 7447//4701 7462//4701 7449//4701
f 7462//4702 7463//4702 7449//4702
f 7449//4703 7463//4703 7464//4703
f 7449//4704 7464//4704 7450//4704
f 7450//4705 7464//4705 7465//4705
f 7450//4706 7465//4706 7451//4706
f 7451//4707 7465//4707 7466//4707
f 7451//4708 7466//4708 7452//4708
f 7452//4709 7466//4709 7467//4709
f 7452//4710 7467//4710 7453//4710
f 7453//4711 7467//4711 7468//4711
f 7453//4712 7468//4712 7454//4712
f 7454//4713 7468//4713 7469//4713
f 7454//4714 7469//4714 7455//4714
f 7455//4715 7469//4715 7470//4715
f 7455//4716 7470//4716 7456//4716
f 7456//4717 7470//4717 7471//4717
f 7456//4718 7471//4718 7457//4718
f 7457//4719 7471//4719 7472//4719
f 7457//4720 7472//4720 7458//4720
f 7458//4721 7472//4721 7473//4721
f 7458//4722 7473//4722 7459//4722
f 7459//4723 7473//4723 7474//4723
f 7459//4724 7474//4724 7460//4724
f 7460//4725 7474//4725 7475//4725
f 7460//4726 7475//4726 7461//4726
f 7461//4727 7475//4727 7476//4727
f 7461//4728 7476//4728 7462//4728
f 7462//4729 7476//4729 7463//4729
f 7476//4730 6545//4730 7463//4730
f 7463//4731 6545//4731 6544//4731
f 7463//4732 6544//4732 7464//4732
f 7464//4733 6544//4733 6543//4733
f 7464//4734 6543//4734 7465//4734
f 7465//4735 6543//4735 6547//4735
f 7465//4736 6547//4736 7466//4736
f 7466//4737 6547//4737 6546//4737
f 7466//4738 6546//4738 7467//4738
f 7467//4739 6546//4739 6534//4739
f 7467//4740 6534//4740 7468//4740
f 7468//4741 6534//4741 6533//4741
f 7468//4742 6533//4742 7469//4742
f 7469//4743 6533//4743 6536//4743
f 7469//4744 6536//4744 7470//4744
f 7470//4745 6536//4745 6539//4745
f 7470//4746 6539//4746 7471//4746
f 7471//4747 6539//4747 6538//4747
f 7471//4748 6538//4748 7472//4748
f 7472//4749 6538//4749 6537//4749
f 7472//4750 6537//4750 7473//4750
f 7473//4751 6537//4751 6542//4751
f 7473//4752 6542//4752 7474//4752
f 7474//4753 6542//4753 6541//4753
f 7474//4754 6541//4754 7475//4754
f 7475//4755 6541//4755 6540//4755
f 7475//4756 6540//4756 7476//4756
f 7476//4757 6540//4757 6545//4757
f 7477//4758 7478//4758 7479//4758
f 7479//4759 7478//4759 7480//4759
f 7479//4760 7480//4760 7481//4760
f 7481//4761 7480//4761 7482//4761
f 7481//4762 7482//4762 7483//4762
f 7484//4763 7485//4763 7486//4763
f 7487//4764 7488//4764 7489//4764
f 7489//4765 7488//4765 7490//4765
f 7489//4766 7490//4766 7491//4766
f 7491//4767 7490//4767 7492//4767
f 7491//4768 7492//4768 7493//4768
f 7493//4769 7492//4769 7494//4769
f 7493//4770 7494//4770 7486//4770
f 7486//4771 7494//4771 7495//4771
f 7486//4772 7495//4772 7484//4772
f 7484//4773 7496//4773 7485//4773
f 7485//4774 7496//4774 7497//4774
f 7485//4775 7497//4775 7498//4775
f 7498//4776 7497//4776 7499//4776
f 7498//4777 7499//4777 7500//4777
f 7499//4778 7501//4778 7500//4778
f 7500//4779 7501//4779 7502//4779
f 7500//4780 7502//4780 7503//4780
f 7503//4781 7502//4781 7504//4781
f 7503//4782 7504//4782 7505//4782
f 7505//4783 7504//4783 7506//4783
f 7507//4784 7508//4784 7509//4784
f 7506//4785 7510//4785 7505//4785
f 7505//4786 7510//4786 7511//4786
f 7505//4787 7511//4787 7512//4787
f 7512//4788 7511//4788 7513//4788
f 7512//4789 7513//4789 7509//4789
f 7509//4790 7513//4790 7514//4790
f 7509//4791 7514//4791 7507//4791
f 7507//4792 7515//4792 7508//4792
f 7508//4793 7515//4793 7516//4793
f 7508//4794 7516//4794 7517//4794
f 7517//4795 7516//4795 7518//4795
f 7517//4796 7518//4796 7519//4796
f 7519//4797 7518//4797 7520//4797
f 7519//4798 7520//4798 7521//4798
f 7521//4799 7520//4799 7522//4799
f 7521//4800 7522//4800 7482//4800
f 7482//4801 7522//4801 7523//4801
f 7482//4802 7523//4802 7483//4802
f 7478//4803 7524//4803 7525//4803
f 7478//4804 7525//4804 7480//4804
f 7480//4805 7525//4805 7526//4805
f 7480//4806 7526//4806 7482//4806
f 7482//4807 7526//4807 7527//4807
f 7482//4808 7527//4808 7521//4808
f 7521//4809 7527//4809 7528//4809
f 7521//4810 7528//4810 7519//4810
f 7519//4811 7528//4811 7529//4811
f 7519//4812 7529//4812 7517//4812
f 7517//4813 7529//4813 7530//4813
f 7517//4814 7530//4814 7508//4814
f 7508//4815 7530//4815 7531//4815
f 7508//4816 7531//4816 7509//4816
f 7509//4817 7531//4817 7532//4817
f 7509//4817 7532//4817 7512//4817
f 7512//4818 7532//4818 7533//4818
f 7512//4819 7533//4819 7505//4819
f 7505//4820 7533//4820 7534//4820
f 7505//4821 7534//4821 7503//4821
f 7503//4822 7534//4822 7535//4822
f 7503//4823 7535//4823 7500//4823
f 7500//4824 7535//4824 7536//4824
f 7500//4825 7536//4825 7498//4825
f 7498//4826 7536//4826 7537//4826
f 7498//4827 7537//4827 7485//4827
f 7485//4828 7537//4828 7538//4828
f 7485//4829 7538//4829 7486//4829
f 7486//4830 7538//4830 7539//4830
f 7486//4831 7539//4831 7493//4831
f 7493//4832 7539//4832 7540//4832
f 7493//4833 7540//4833 7491//4833
f 7491//4834 7540//4834 7541//4834
f 7491//4834 7541//4834 7489//4834
f 6514//4835 6513//4835 7524//4835
f 6513//4836 6501//4836 7524//4836
f 7524//4837 6501//4837 6512//4837
f 7524//4838 6512//4838 7525//4838
f 7525//4839 6512//4839 6511//4839
f 7525//4840 6511//4840 7526//4840
f 7526//4841 6511//4841 6509//4841
f 7526//4842 6509//4842 7527//4842
f 7527//4843 6509//4843 6507//4843
f 7527//4844 6507//4844 7528//4844
f 7528//4845 6507//4845 6505//4845
f 7528//4846 6505//4846 7529//4846
f 7529//4847 6505//4847 6503//4847
f 7529//4848 6503//4848 7530//4848
f 7530//4849 6503//4849 6532//4849
f 7530//4850 6532//4850 7531//4850
f 7531//4851 6532//4851 6531//4851
f 7531//4852 6531//4852 7532//4852
f 7532//4853 6531//4853 6529//4853
f 7532//4854 6529//4854 7533//4854
f 7533//4855 6529//4855 6527//4855
f 7533//4856 6527//4856 7534//4856
f 7534//4857 6527//4857 6525//4857
f 7534//4858 6525//4858 7535//4858
f 7535//4859 6525//4859 6523//4859
f 7535//4860 6523//4860 7536//4860
f 7536//4861 6523//4861 6522//4861
f 7536//4862 6522//4862 7537//4862
f 7537//4863 6522//4863 6520//4863
f 7537//4864 6520//4864 7538//4864
f 7538//4865 6520//4865 6518//4865
f 7538//4866 6518//4866 7539//4866
f 7539//4867 6518//4867 6516//4867
f 7539//4868 6516//4868 7540//4868
f 7540//4869 6516//4869 6514//4869
f 7540//4870 6514//4870 7541//4870
f 7541//4871 6514//4871 7524//4871
f 7541//4872 7524//4872 7489//4872
f 7489//4873 7524//4873 7478//4873
f 7489//4874 7478//4874 7487//4874
f 7487//4875 7478//4875 7477//4875
f 5538//4876 5507//4876 6521//4876
f 6521//4877 5507//4877 5509//4877
f 6521//4878 5509//4878 6519//4878
f 6519//4878 5509//4878 5511//4878
f 6519//4879 5511//4879 6517//4879
f 6517//4879 5511//4879 5513//4879
f 6517//4880 5513//4880 6515//4880
f 6515//4880 5513//4880 5515//4880
f 6515//4881 5515//4881 6499//4881
f 6499//4881 5515//4881 5517//4881
f 6499//4882 5517//4882 6500//4882
f 6500//4882 5517//4882 5519//4882
f 6500//4883 5519//4883 6510//4883
f 6510//4883 5519//4883 5521//4883
f 6510//4884 5521//4884 6508//4884
f 6508//4884 5521//4884 5523//4884
f 6508//4885 5523//4885 6506//4885
f 6506//4885 5523//4885 5526//4885
f 6506//4886 5526//4886 6504//4886
f 6504//4886 5526//4886 5528//4886
f 6504//4887 5528//4887 6502//4887
f 6502//4887 5528//4887 5530//4887
f 6502//4888 5530//4888 6530//4888
f 6530//4888 5530//4888 5532//4888
f 6530//4889 5532//4889 6528//4889
f 6528//4889 5532//4889 5534//4889
f 6528//4890 5534//4890 6526//4890
f 6526//4890 5534//4890 5536//4890
f 6526//4891 5536//4891 6524//4891
f 6524//4891 5536//4891 5538//4891
f 6524//4892 5538//4892 6521//4892
f 7542//4893 6328//4893 6337//4893
f 7543//4894 6329//4894 6328//4894
f 7544//4895 6327//4895 6329//4895
f 5091//4896 5093//4896 6327//4896
f 6327//4897 7544//4897 5091//4897
f 5091//4898 7544//4898 7545//4898
f 5091//4899 7545//4899 5098//4899
f 5098//4900 7545//4900 7546//4900
f 5098//4901 7546//4901 5101//4901
f 5101//4902 7546//4902 7547//4902
f 5101//4903 7547//4903 5120//4903
f 5120//4904 7547//4904 7548//4904
f 5120//4905 7548//4905 5125//4905
f 5125//4906 7548//4906 7549//4906
f 5125//4907 7549//4907 5105//4907
f 5105//4908 7549//4908 7550//4908
f 5105//4909 7550//4909 5106//4909
f 5106//4910 7550//4910 7551//4910
f 5106//4911 7551//4911 5128//4911
f 5128//4912 7551//4912 7552//4912
f 5128//4913 7552//4913 5133//4913
f 5133//4914 7552//4914 7553//4914
f 5133//4915 7553//4915 5083//4915
f 5083//4916 7553//4916 7554//4916
f 5083//4917 7554//4917 5084//4917
f 5084//4918 7554//4918 7555//4918
f 5084//4919 7555//4919 5136//4919
f 5136//4920 7555//4920 7556//4920
f 5136//4921 7556//4921 5141//4921
f 5141//4922 7556//4922 7557//4922
f 5141//4923 7557//4923 5108//4923
f 5108//4924 7557//4924 7558//4924
f 5108//4925 7558//4925 5109//4925
f 5109//4926 7558//4926 7559//4926
f 5109//4927 7559//4927 5144//4927
f 5144//4928 7559//4928 7560//4928
f 5144//4929 7560//4929 5149//4929
f 5149//4930 7560//4930 7561//4930
f 5149//4931 7561//4931 5112//4931
f 5112//4932 7561//4932 7562//4932
f 5112//4933 7562//4933 5071//4933
f 5071//4934 7562//4934 7563//4934
f 5071//4934 7563//4934 5072//4934
f 5072//4935 7563//4935 7564//4935
f 5072//4936 7564//4936 5078//4936
f 5078//4937 7564//4937 7565//4937
f 5078//4938 7565//4938 5076//4938
f 5076//4939 7565//4939 7566//4939
f 5076//4940 7566//4940 5074//4940
f 5074//4941 7566//4941 7567//4941
f 5074//4942 7567//4942 5088//4942
f 5088//4943 7567//4943 7568//4943
f 5088//4944 7568//4944 5152//4944
f 5152//4945 7568//4945 7569//4945
f 5152//4946 7569//4946 5157//4946
f 5157//4947 7569//4947 7570//4947
f 5157//4948 7570//4948 5155//4948
f 5155//4949 7570//4949 7571//4949
f 5155//4950 7571//4950 5160//4950
f 5160//4951 7571//4951 7572//4951
f 5160//4952 7572//4952 5117//4952
f 5117//4953 7572//4953 7573//4953
f 5117//4954 7573//4954 5115//4954
f 5115//4955 7573//4955 7574//4955
f 5115//4956 7574//4956 5113//4956
f 5113//4957 7574//4957 7575//4957
f 5113//4958 7575//4958 5174//4958
f 5174//4959 7575//4959 7576//4959
f 5174//4960 7576//4960 5167//4960
f 5167//4961 7576//4961 7577//4961
f 5167//4962 7577//4962 5165//4962
f 5165//4963 7577//4963 7578//4963
f 5165//4964 7578//4964 5163//4964
f 5163//4965 7578//4965 7579//4965
f 5163//4966 7579//4966 5067//4966
f 5067//4967 7579//4967 7580//4967
f 5067//4968 7580//4968 5064//4968
f 5064//4969 7580//4969 6333//4969
f 5064//4970 6333//4970 5069//4970
f 7581//4971 6331//4971 6330//4971
f 6335//4972 6331//4972 7582//4972
f 7582//4973 6331//4973 7581//4973
f 7582//4974 7581//4974 7583//4974
f 7583//4975 7581//4975 7584//4975
f 7583//4976 7584//4976 7585//4976
f 7585//4977 7584//4977 7586//4977
f 7587//4978 7588//4978 7586//4978
f 7586//4979 7588//4979 7589//4979
f 7586//4980 7589//4980 7585//4980
f 7590//4981 7591//4981 7592//4981
f 7592//4982 7591//4982 7593//4982
f 7592//4983 7593//4983 7587//4983
f 7587//4984 7593//4984 7594//4984
f 7587//4985 7594//4985 7588//4985
f 7595//4986 7596//4986 7590//4986
f 7590//4987 7596//4987 7597//4987
f 7590//4988 7597//4988 7591//4988
f 7598//4989 7599//4989 7600//4989
f 7600//4990 7599//4990 7601//4990
f 7600//4991 7601//4991 7602//4991
f 7602//4992 7601//4992 7603//4992
f 7602//4993 7603//4993 7595//4993
f 7595//4994 7603//4994 7604//4994
f 7595//4995 7604//4995 7596//4995
f 7598//4996 7600//4996 7605//4996
f 7605//4997 7600//4997 7606//4997
f 7605//4998 7606//4998 7607//4998
f 7607//4999 7606//4999 7608//4999
f 7607//5000 7608//5000 7609//5000
f 7609//5001 7608//5001 7610//5001
f 7610//5002 7608//5002 7611//5002
f 7610//5003 7611//5003 7612//5003
f 7612//5004 7611//5004 7613//5004
f 7612//5005 7613//5005 7614//5005
f 7614//5006 7613//5006 7615//5006
f 7615//5007 7613//5007 7616//5007
f 7615//5008 7616//5008 7617//5008
f 7617//5009 7616//5009 7618//5009
f 7618//5010 7616//5010 7619//5010
f 7618//5011 7619//5011 7620//5011
f 7620//5012 7619//5012 7621//5012
f 7620//5013 7621//5013 7622//5013
f 7622//5014 7621//5014 7623//5014
f 7623//5015 7621//5015 7624//5015
f 7623//5016 7624//5016 7625//5016
f 7625//5017 7624//5017 7626//5017
f 7626//5018 7624//5018 7627//5018
f 7626//5019 7627//5019 7628//5019
f 7628//5020 7627//5020 7629//5020
f 7628//5021 7629//5021 7630//5021
f 7630//5022 7629//5022 7631//5022
f 7630//5023 7631//5023 7632//5023
f 7632//5024 7631//5024 7633//5024
f 7633//5025 7631//5025 7634//5025
f 7633//5026 7634//5026 7635//5026
f 7635//5027 7634//5027 7636//5027
f 7636//5028 7634//5028 7637//5028
f 7636//5029 7637//5029 7638//5029
f 7638//5030 7637//5030 7639//5030
f 7638//5031 7639//5031 7640//5031
f 7640//5032 7639//5032 7641//5032
f 7641//5033 7639//5033 7642//5033
f 7641//5034 7642//5034 7643//5034
f 7643//5035 7642//5035 7644//5035
f 7644//5036 7642//5036 7645//5036
f 7644//5037 7645//5037 7646//5037
f 7646//5038 7645//5038 7647//5038
f 7646//5039 7647//5039 7648//5039
f 7649//5040 7650//5040 7651//5040
f 7651//5041 7650//5041 7652//5041
f 7651//5042 7652//5042 7647//5042
f 7647//5043 7652//5043 7653//5043
f 7647//5044 7653//5044 7648//5044
f 7654//5045 7655//5045 7656//5045
f 7656//5046 7655//5046 7657//5046
f 7656//5047 7657//5047 7649//5047
f 7649//5048 7657//5048 7658//5048
f 7649//5049 7658//5049 7650//5049
f 7659//5050 7660//5050 7654//5050
f 7654//5051 7660//5051 7661//5051
f 7654//5052 7661//5052 7655//5052
f 7662//5053 7663//5053 7664//5053
f 7664//5054 7663//5054 7665//5054
f 7664//5055 7665//5055 7659//5055
f 7659//5056 7665//5056 7666//5056
f 7659//5057 7666//5057 7660//5057
f 7667//5058 7668//5058 7662//5058
f 7662//5059 7668//5059 7669//5059
f 7662//5060 7669//5060 7663//5060
f 7670//5061 7671//5061 7672//5061
f 7672//5062 7671//5062 7673//5062
f 7672//5063 7673//5063 7667//5063
f 7667//5064 7673//5064 7674//5064
f 7667//5065 7674//5065 7668//5065
f 6337//5066 7675//5066 7542//5066
f 7542//5067 7675//5067 7676//5067
f 7542//5068 7676//5068 7670//5068
f 7670//5069 7676//5069 7677//5069
f 7670//5070 7677//5070 7671//5070
f 6329//5071 7543//5071 7544//5071
f 7544//5072 7543//5072 7678//5072
f 7544//5073 7678//5073 7545//5073
f 7545//5074 7678//5074 7679//5074
f 7545//5075 7679//5075 7546//5075
f 7546//5076 7679//5076 7680//5076
f 7546//5077 7680//5077 7547//5077
f 7547//5078 7680//5078 7681//5078
f 7547//5079 7681//5079 7548//5079
f 7548//5080 7681//5080 7682//5080
f 7548//5081 7682//5081 7549//5081
f 7549//5082 7682//5082 7683//5082
f 7549//5083 7683//5083 7550//5083
f 7550//5084 7683//5084 7684//5084
f 7550//5085 7684//5085 7551//5085
f 7551//5086 7684//5086 7685//5086
f 7551//5087 7685//5087 7552//5087
f 7552//5088 7685//5088 7686//5088
f 7552//5089 7686//5089 7553//5089
f 7553//5090 7686//5090 7687//5090
f 7553//5091 7687//5091 7554//5091
f 7554//5092 7687//5092 7688//5092
f 7554//5093 7688//5093 7555//5093
f 7555//5094 7688//5094 7689//5094
f 7555//5095 7689//5095 7556//5095
f 7556//5096 7689//5096 7690//5096
f 7556//5097 7690//5097 7557//5097
f 7557//5098 7690//5098 7691//5098
f 7557//5099 7691//5099 7558//5099
f 7558//5100 7691//5100 7692//5100
f 7558//5101 7692//5101 7559//5101
f 7559//5102 7692//5102 7693//5102
f 7559//5103 7693//5103 7560//5103
f 7560//5104 7693//5104 7694//5104
f 7560//5105 7694//5105 7561//5105
f 7561//5106 7694//5106 7695//5106
f 7561//5107 7695//5107 7562//5107
f 7562//5108 7695//5108 7696//5108
f 7562//5109 7696//5109 7563//5109
f 7563//5110 7696//5110 7697//5110
f 7563//5111 7697//5111 7564//5111
f 7564//5112 7697//5112 7698//5112
f 7564//5113 7698//5113 7565//5113
f 7565//5114 7698//5114 7699//5114
f 7565//5115 7699//5115 7566//5115
f 7566//5116 7699//5116 7700//5116
f 7566//5117 7700//5117 7567//5117
f 7567//5118 7700//5118 7701//5118
f 7567//5119 7701//5119 7568//5119
f 7568//5120 7701//5120 7702//5120
f 7568//5121 7702//5121 7569//5121
f 7569//5122 7702//5122 7703//5122
f 7569//5123 7703//5123 7570//5123
f 7570//5124 7703//5124 7704//5124
f 7570//5125 7704//5125 7571//5125
f 7571//5126 7704//5126 7705//5126
f 7571//5127 7705//5127 7572//5127
f 7572//5128 7705//5128 7706//5128
f 7572//5129 7706//5129 7573//5129
f 7573//5130 7706//5130 7707//5130
f 7573//5131 7707//5131 7574//5131
f 7574//5132 7707//5132 7708//5132
f 7574//5133 7708//5133 7575//5133
f 7575//5134 7708//5134 7709//5134
f 7575//5135 7709//5135 7576//5135
f 7576//5136 7709//5136 7710//5136
f 7576//5137 7710//5137 7577//5137
f 7577//5138 7710//5138 7711//5138
f 7577//5139 7711//5139 7578//5139
f 7578//5140 7711//5140 7712//5140
f 7578//5141 7712//5141 7579//5141
f 7579//5142 7712//5142 7713//5142
f 7579//5143 7713//5143 7580//5143
f 6328//5144 7542//5144 7543//5144
f 7543//5145 7542//5145 7670//5145
f 7543//5146 7670//5146 7678//5146
f 7678//5147 7670//5147 7672//5147
f 7678//5148 7672//5148 7679//5148
f 7679//5149 7672//5149 7667//5149
f 7679//5150 7667//5150 7680//5150
f 7680//5151 7667//5151 7662//5151
f 7680//5152 7662//5152 7681//5152
f 7681//5153 7662//5153 7664//5153
f 7681//5154 7664//5154 7682//5154
f 7682//5155 7664//5155 7659//5155
f 7682//5156 7659//5156 7683//5156
f 7683//5157 7659//5157 7654//5157
f 7683//5158 7654//5158 7684//5158
f 7684//5159 7654//5159 7656//5159
f 7684//5160 7656//5160 7685//5160
f 7685//5161 7656//5161 7649//5161
f 7685//5162 7649//5162 7686//5162
f 7686//5163 7649//5163 7651//5163
f 7686//5164 7651//5164 7687//5164
f 7687//5165 7651//5165 7647//5165
f 7687//5166 7647//5166 7688//5166
f 7688//5167 7647//5167 7645//5167
f 7688//5168 7645//5168 7689//5168
f 7689//5169 7645//5169 7642//5169
f 7689//5170 7642//5170 7690//5170
f 7690//5171 7642//5171 7639//5171
f 7690//5172 7639//5172 7691//5172
f 7691//5173 7639//5173 7637//5173
f 7691//5174 7637//5174 7692//5174
f 7692//5175 7637//5175 7634//5175
f 7692//5176 7634//5176 7693//5176
f 7693//5177 7634//5177 7631//5177
f 7693//5178 7631//5178 7694//5178
f 7694//5179 7631//5179 7629//5179
f 7694//5180 7629//5180 7695//5180
f 7695//5181 7629//5181 7627//5181
f 7695//5182 7627//5182 7696//5182
f 7696//5183 7627//5183 7624//5183
f 7696//5184 7624//5184 7697//5184
f 7697//5185 7624//5185 7621//5185
f 7697//5186 7621//5186 7698//5186
f 7698//5187 7621//5187 7619//5187
f 7698//5188 7619//5188 7699//5188
f 7699//5189 7619//5189 7616//5189
f 7699//5190 7616//5190 7700//5190
f 7700//5191 7616//5191 7613//5191
f 7700//5192 7613//5192 7701//5192
f 7701//5193 7613//5193 7611//5193
f 7701//5194 7611//5194 7702//5194
f 7702//5195 7611//5195 7608//5195
f 7702//5196 7608//5196 7703//5196
f 7703//5197 7608//5197 7606//5197
f 7703//5198 7606//5198 7704//5198
f 7704//5199 7606//5199 7600//5199
f 7704//5200 7600//5200 7705//5200
f 7705//5201 7600//5201 7602//5201
f 7705//5202 7602//5202 7706//5202
f 7706//5203 7602//5203 7595//5203
f 7706//5204 7595//5204 7707//5204
f 7707//5205 7595//5205 7590//5205
f 7707//5206 7590//5206 7708//5206
f 7708//5207 7590//5207 7592//5207
f 7708//5208 7592//5208 7709//5208
f 7709//5209 7592//5209 7587//5209
f 7709//5210 7587//5210 7710//5210
f 7710//5211 7587//5211 7586//5211
f 7710//5212 7586//5212 7711//5212
f 7711//5213 7586//5213 7584//5213
f 7711//5214 7584//5214 7712//5214
f 7712//5215 7584//5215 7581//5215
f 7712//5216 7581//5216 7713//5216
f 7713//5217 7581//5217 6330//5217
f 7713//5218 6330//5218 7580//5218
f 7580//5219 6330//5219 6332//5219
f 7580//5220 6332//5220 6333//5220
f 6337//5221 6306//5221 7675//5221
f 7675//5222 6306//5222 5567//5222
f 7675//5223 5567//5223 7676//5223
f 7676//5224 5567//5224 5569//5224
f 6317//5225 6335//5225 5558//5225
f 5558//5226 6335//5226 7582//5226
f 5558//5227 7582//5227 5573//5227
f 7582//5228 7583//5228 5573//5228
f 5573//5229 7583//5229 7585//5229
f 5573//5230 7585//5230 5574//5230
f 5574//5231 7585//5231 7589//5231
f 7593//5232 5575//5232 7594//5232
f 7594//5233 5575//5233 5574//5233
f 7594//5234 5574//5234 7588//5234
f 7588//5235 5574//5235 7589//5235
f 7593//5236 7591//5236 5575//5236
f 5575//5237 7591//5237 7597//5237
f 5575//5238 7597//5238 5576//5238
f 5576//5239 7597//5239 7596//5239
f 5576//5240 7596//5240 5578//5240
f 5578//5241 7596//5241 7604//5241
f 7604//5242 7603//5242 5578//5242
f 5578//5243 7603//5243 7601//5243
f 5578//5244 7601//5244 5580//5244
f 7601//5245 7599//5245 5580//5245
f 5580//5246 7599//5246 7598//5246
f 5580//5247 7598//5247 5582//5247
f 5582//5248 7598//5248 7605//5248
f 7605//5249 7607//5249 5582//5249
f 5582//5250 7607//5250 7609//5250
f 5582//5251 7609//5251 5600//5251
f 7609//5252 7610//5252 5600//5252
f 5600//5253 7610//5253 7612//5253
f 5600//5254 7612//5254 5598//5254
f 5598//5255 7612//5255 7614//5255
f 7614//5256 7615//5256 5598//5256
f 5598//5257 7615//5257 7617//5257
f 5598//5258 7617//5258 5596//5258
f 7617//5259 7618//5259 5596//5259
f 5596//5260 7618//5260 7620//5260
f 5596//5261 7620//5261 5593//5261
f 7620//5262 7622//5262 5593//5262
f 5593//5263 7622//5263 7623//5263
f 5593//5264 7623//5264 5591//5264
f 5591//5265 7623//5265 7625//5265
f 7625//5266 7626//5266 5591//5266
f 5591//5267 7626//5267 7628//5267
f 5591//5268 7628//5268 5589//5268
f 5589//5269 7628//5269 7630//5269
f 5589//5270 7630//5270 5587//5270
f 5587//5271 7630//5271 7632//5271
f 7636//5272 5585//5272 7635//5272
f 7635//5273 5585//5273 5587//5273
f 7635//5274 5587//5274 7633//5274
f 7633//5275 5587//5275 7632//5275
f 7636//5276 7638//5276 5585//5276
f 5585//5277 7638//5277 7640//5277
f 5585//5278 7640//5278 5583//5278
f 5583//5279 7640//5279 7641//5279
f 5583//5280 7641//5280 5609//5280
f 5609//5281 7641//5281 7643//5281
f 7643//5282 7644//5282 5609//5282
f 5609//5283 7644//5283 7646//5283
f 5609//5284 7646//5284 5607//5284
f 7646//5285 7648//5285 5607//5285
f 5607//5286 7648//5286 7653//5286
f 5607//5287 7653//5287 5605//5287
f 5605//5288 7653//5288 7652//5288
f 7652//5289 7650//5289 5605//5289
f 5605//5290 7650//5290 7658//5290
f 5605//5291 7658//5291 5603//5291
f 7658//5292 7657//5292 5603//5292
f 5603//5293 7657//5293 7655//5293
f 5603//5294 7655//5294 5618//5294
f 5618//5295 7655//5295 7661//5295
f 7661//5296 7660//5296 5618//5296
f 5618//5297 7660//5297 7666//5297
f 5618//5298 7666//5298 5616//5298
f 7666//5299 7665//5299 5616//5299
f 5616//5300 7665//5300 7663//5300
f 5616//5301 7663//5301 5614//5301
f 7663//5302 7669//5302 5614//5302
f 5614//5303 7669//5303 7668//5303
f 5614//5304 7668//5304 5571//5304
f 5571//5305 7668//5305 7674//5305
f 7674//5306 7673//5306 5571//5306
f 5571//5307 7673//5307 7671//5307
f 5571//5308 7671//5308 5569//5308
f 5569//5309 7671//5309 7677//5309
f 5569//5310 7677//5310 7676//5310
f 5186//5311 6170//5311 5187//5311
f 5187//5311 6170//5311 6162//5311
f 5187//5312 6162//5312 5194//5312
f 5194//5312 6162//5312 6161//5312
f 5194//5313 6161//5313 5195//5313
f 5195//5313 6161//5313 6169//5313
f 5195//5314 6169//5314 5191//5314
f 5191//5314 6169//5314 6168//5314
f 5191//5315 6168//5315 5192//5315
f 5192//5315 6168//5315 6167//5315
f 5192//5316 6167//5316 5193//5316
f 5193//5316 6167//5316 6166//5316
f 5193//5317 6166//5317 5188//5317
f 5188//5317 6166//5317 6165//5317
f 5188//5318 6165//5318 5189//5318
f 5189//5318 6165//5318 6164//5318
f 5189//5319 6164//5319 5190//5319
f 5190//5319 6164//5319 6163//5319
f 5190//5320 6163//5320 5183//5320
f 5183//5320 6163//5320 6172//5320
f 5183//5321 6172//5321 5184//5321
f 5184//5321 6172//5321 6171//5321
f 5184//5322 6171//5322 5186//5322
f 5186//5322 6171//5322 6170//5322
f 5199//5323 6181//5323 5200//5323
f 5200//5323 6181//5323 6177//5323
f 5200//5324 6177//5324 5207//5324
f 5207//5324 6177//5324 6176//5324
f 5207//5325 6176//5325 5208//5325
f 5208//5325 6176//5325 6174//5325
f 5208//5326 6174//5326 5204//5326
f 5204//5326 6174//5326 6173//5326
f 5204//5327 6173//5327 5205//5327
f 5205//5327 6173//5327 6184//5327
f 5205//5328 6184//5328 5206//5328
f 5206//5328 6184//5328 6183//5328
f 5206//5317 6183//5317 5201//5317
f 5201//5317 6183//5317 6182//5317
f 5201//5329 6182//5329 5202//5329
f 5202//5329 6182//5329 6175//5329
f 5202//5330 6175//5330 5203//5330
f 5203//5330 6175//5330 6187//5330
f 5203//5331 6187//5331 5196//5331
f 5196//5331 6187//5331 6186//5331
f 5196//5332 6186//5332 5197//5332
f 5197//5332 6186//5332 6185//5332
f 5197//5322 6185//5322 5199//5322
f 5199//5322 6185//5322 6181//5322
f 5212//5333 6072//5333 5213//5333
f 5213//5333 6072//5333 6089//5333
f 5213//5324 6089//5324 5220//5324
f 5220//5324 6089//5324 6088//5324
f 5220//5313 6088//5313 5221//5313
f 5221//5313 6088//5313 6086//5313
f 5221//5326 6086//5326 5217//5326
f 5217//5326 6086//5326 6085//5326
f 5217//5327 6085//5327 5218//5327
f 5218//5327 6085//5327 6084//5327
f 5218//5316 6084//5316 5219//5316
f 5219//5316 6084//5316 6083//5316
f 5219//5334 6083//5334 5214//5334
f 5214//5334 6083//5334 6082//5334
f 5214//5318 6082//5318 5215//5318
f 5215//5318 6082//5318 6079//5318
f 5215//5330 6079//5330 5216//5330
f 5216//5330 6079//5330 6077//5330
f 5216//5331 6077//5331 5209//5331
f 5209//5331 6077//5331 6075//5331
f 5209//5332 6075//5332 5210//5332
f 5210//5332 6075//5332 6073//5332
f 5210//5335 6073//5335 5212//5335
f 5212//5335 6073//5335 6072//5335
f 5225//5333 6099//5333 5226//5333
f 5226//5333 6099//5333 6133//5333
f 5226//5312 6133//5312 5233//5312
f 5233//5312 6133//5312 6132//5312
f 5233//5313 6132//5313 5234//5313
f 5234//5313 6132//5313 6131//5313
f 5234//5336 6131//5336 5230//5336
f 5230//5336 6131//5336 6120//5336
f 5230//5327 6120//5327 5231//5327
f 5231//5327 6120//5327 6121//5327
f 5231//5316 6121//5316 5232//5316
f 5232//5316 6121//5316 6135//5316
f 5232//5334 6135//5334 5227//5334
f 5227//5334 6135//5334 6134//5334
f 5227//5318 6134//5318 5228//5318
f 5228//5318 6134//5318 6118//5318
f 5228//5330 6118//5330 5229//5330
f 5229//5330 6118//5330 6105//5330
f 5229//5320 6105//5320 5222//5320
f 5222//5320 6105//5320 6103//5320
f 5222//5332 6103//5332 5223//5332
f 5223//5332 6103//5332 6100//5332
f 5223//5322 6100//5322 5225//5322
f 5225//5322 6100//5322 6099//5322
f 5238//5333 6424//5333 5239//5333
f 5239//5333 6424//5333 6434//5333
f 5239//5324 6434//5324 5246//5324
f 5246//5324 6434//5324 6433//5324
f 5246//5313 6433//5313 5247//5313
f 5247//5313 6433//5313 6431//5313
f 5247//5336 6431//5336 5243//5336
f 5243//5336 6431//5336 6430//5336
f 5243//5315 6430//5315 5244//5315
f 5244//5315 6430//5315 6435//5315
f 5244//5316 6435//5316 5245//5316
f 5245//5316 6435//5316 6437//5316
f 5245//5334 6437//5334 5240//5334
f 5240//5334 6437//5334 6436//5334
f 5240//5329 6436//5329 5241//5329
f 5241//5329 6436//5329 6429//5329
f 5241//5330 6429//5330 5242//5330
f 5242//5330 6429//5330 6428//5330
f 5242//5320 6428//5320 5235//5320
f 5235//5320 6428//5320 6427//5320
f 5235//5321 6427//5321 5236//5321
f 5236//5321 6427//5321 6426//5321
f 5236//5322 6426//5322 5238//5322
f 5238//5322 6426//5322 6424//5322
f 5251//5333 6415//5333 5252//5333
f 5252//5333 6415//5333 6411//5333
f 5252//5337 6411//5337 5259//5337
f 5259//5337 6411//5337 6413//5337
f 5259//5338 6413//5338 5260//5338
f 5260//5338 6413//5338 6418//5338
f 5260//5339 6418//5339 5256//5339
f 5256//5339 6418//5339 6417//5339
f 5256//5315 6417//5315 5257//5315
f 5257//5315 6417//5315 6416//5315
f 5257//5316 6416//5316 5258//5316
f 5258//5316 6416//5316 6391//5316
f 5258//5334 6391//5334 5253//5334
f 5253//5334 6391//5334 6390//5334
f 5253//5340 6390//5340 5254//5340
f 5254//5340 6390//5340 6498//5340
f 5254//5330 6498//5330 5255//5330
f 5255//5330 6498//5330 6497//5330
f 5255//5320 6497//5320 5248//5320
f 5248//5320 6497//5320 6496//5320
f 5248//5321 6496//5321 5249//5321
f 5249//5321 6496//5321 6410//5321
f 5249//5322 6410//5322 5251//5322
f 5251//5322 6410//5322 6415//5322
f 5264//5333 6473//5333 5265//5333
f 5265//5333 6473//5333 6472//5333
f 5265//5324 6472//5324 5272//5324
f 5272//5324 6472//5324 6471//5324
f 5272//5313 6471//5313 5273//5313
f 5273//5313 6471//5313 6470//5313
f 5273//5339 6470//5339 5269//5339
f 5269//5339 6470//5339 6469//5339
f 5269//5341 6469//5341 5270//5341
f 5270//5341 6469//5341 6468//5341
f 5270//5342 6468//5342 5271//5342
f 5271//5342 6468//5342 6467//5342
f 5271//5343 6467//5343 5266//5343
f 5266//5343 6467//5343 6466//5343
f 5266//5329 6466//5329 5267//5329
f 5267//5329 6466//5329 6465//5329
f 5267//5330 6465//5330 5268//5330
f 5268//5330 6465//5330 6394//5330
f 5268//5320 6394//5320 5261//5320
f 5261//5320 6394//5320 6393//5320
f 5261//5344 6393//5344 5262//5344
f 5262//5344 6393//5344 6474//5344
f 5262//5322 6474//5322 5264//5322
f 5264//5322 6474//5322 6473//5322
f 5277//5333 6453//5333 5278//5333
f 5278//5333 6453//5333 6452//5333
f 5278//5324 6452//5324 5285//5324
f 5285//5324 6452//5324 6451//5324
f 5285//5313 6451//5313 5286//5313
f 5286//5313 6451//5313 6450//5313
f 5286//5336 6450//5336 5282//5336
f 5282//5336 6450//5336 6449//5336
f 5282//5315 6449//5315 5283//5315
f 5283//5315 6449//5315 6439//5315
f 5283//5316 6439//5316 5284//5316
f 5284//5316 6439//5316 6442//5316
f 5284//5343 6442//5343 5279//5343
f 5279//5343 6442//5343 6441//5343
f 5279//5329 6441//5329 5280//5329
f 5280//5329 6441//5329 6440//5329
f 5280//5345 6440//5345 5281//5345
f 5281//5345 6440//5345 6399//5345
f 5281//5320 6399//5320 5274//5320
f 5274//5320 6399//5320 6398//5320
f 5274//5321 6398//5321 5275//5321
f 5275//5321 6398//5321 6454//5321
f 5275//5322 6454//5322 5277//5322
f 5277//5322 6454//5322 6453//5322
f 5290//5346 6478//5346 5291//5346
f 5291//5346 6478//5346 6476//5346
f 5291//5347 6476//5347 5298//5347
f 5298//5347 6476//5347 6492//5347
f 5298//5348 6492//5348 5299//5348
f 5299//5348 6492//5348 6490//5348
f 5299//5349 6490//5349 5295//5349
f 5295//5349 6490//5349 6488//5349
f 5295//5350 6488//5350 5296//5350
f 5296//5350 6488//5350 6486//5350
f 5296//5351 6486//5351 5297//5351
f 5297//5351 6486//5351 6485//5351
f 5297//5352 6485//5352 5292//5352
f 5292//5352 6485//5352 6484//5352
f 5292//5353 6484//5353 5293//5353
f 5293//5353 6484//5353 6483//5353
f 5293//5354 6483//5354 5294//5354
f 5294//5354 6483//5354 6482//5354
f 5294//5355 6482//5355 5287//5355
f 5287//5355 6482//5355 6481//5355
f 5287//5356 6481//5356 5288//5356
f 5288//5356 6481//5356 6480//5356
f 5288//5357 6480//5357 5290//5357
f 5290//5357 6480//5357 6478//5357
f 5303//5358 6563//5358 5304//5358
f 5304//5358 6563//5358 6564//5358
f 5304//5359 6564//5359 5311//5359
f 5311//5359 6564//5359 6565//5359
f 5311//5360 6565//5360 5312//5360
f 5312//5360 6565//5360 6551//5360
f 5312//5361 6551//5361 5308//5361
f 5308//5361 6551//5361 6559//5361
f 5308//5362 6559//5362 5309//5362
f 5309//5362 6559//5362 6558//5362
f 5309//5363 6558//5363 5310//5363
f 5310//5363 6558//5363 6557//5363
f 5310//5364 6557//5364 5305//5364
f 5305//5364 6557//5364 6556//5364
f 5305//5365 6556//5365 5306//5365
f 5306//5365 6556//5365 6555//5365
f 5306//5366 6555//5366 5307//5366
f 5307//5366 6555//5366 6560//5366
f 5307//5367 6560//5367 5300//5367
f 5300//5367 6560//5367 6561//5367
f 5300//5368 6561//5368 5301//5368
f 5301//5368 6561//5368 6562//5368
f 5301//5369 6562//5369 5303//5369
f 5303//5369 6562//5369 6563//5369
f 5316//5358 6764//5358 5317//5358
f 5317//5358 6764//5358 6763//5358
f 5317//5370 6763//5370 5324//5370
f 5324//5370 6763//5370 6762//5370
f 5324//5360 6762//5360 5325//5360
f 5325//5360 6762//5360 6760//5360
f 5325//5371 6760//5371 5321//5371
f 5321//5371 6760//5371 6759//5371
f 5321//5372 6759//5372 5322//5372
f 5322//5372 6759//5372 6758//5372
f 5322//5373 6758//5373 5323//5373
f 5323//5373 6758//5373 6757//5373
f 5323//5374 6757//5374 5318//5374
f 5318//5374 6757//5374 6769//5374
f 5318//5365 6769//5365 5319//5365
f 5319//5365 6769//5365 6768//5365
f 5319//5366 6768//5366 5320//5366
f 5320//5366 6768//5366 6767//5366
f 5320//5375 6767//5375 5313//5375
f 5313//5375 6767//5375 6766//5375
f 5313//5376 6766//5376 5314//5376
f 5314//5376 6766//5376 6765//5376
f 5314//5377 6765//5377 5316//5377
f 5316//5377 6765//5377 6764//5377
f 6277//5378 6298//5378 6278//5378
f 6278//5378 6298//5378 6302//5378
f 6278//5379 6302//5379 6279//5379
f 6279//5379 6302//5379 6301//5379
f 6279//5380 6301//5380 6280//5380
f 6280//5380 6301//5380 6304//5380
f 6280//5381 6304//5381 6281//5381
f 6281//5381 6304//5381 6283//5381
f 6475//5382 6477//5382 5411//5382
f 5411//5383 6477//5383 6479//5383
f 5411//5383 6479//5383 5415//5383
f 5415//5384 6479//5384 6223//5384
f 5415//5384 6223//5384 5388//5384
f 6475//5385 5411//5385 6495//5385
f 6495//5386 5411//5386 5408//5386
f 6495//5387 5408//5387 6493//5387
f 6493//5388 5408//5388 5406//5388
f 6493//5388 5406//5388 6494//5388
f 6494//5389 5406//5389 6491//5389
f 6491//5390 5406//5390 5395//5390
f 6491//5391 5395//5391 6489//5391
f 6489//5392 5395//5392 5393//5392
f 6489//5392 5393//5392 6487//5392
f 6487//5393 5393//5393 5389//5393
f 6487//5393 5389//5393 6229//5393
f 7080//5394 5826//5394 7082//5394
f 7082//5394 5826//5394 5821//5394
f 7082//5395 5821//5395 7060//5395
f 7060//5395 5821//5395 5820//5395
f 7060//5396 5820//5396 7062//5396
f 7062//5396 5820//5396 5836//5396
f 7062//5397 5836//5397 7064//5397
f 7064//5397 5836//5397 5838//5397
f 7064//5398 5838//5398 7066//5398
f 7066//5398 5838//5398 5840//5398
f 7066//5399 5840//5399 7068//5399
f 7068//5399 5840//5399 5842//5399
f 7068//5400 5842//5400 7070//5400
f 7070//5400 5842//5400 5844//5400
f 7070//5401 5844//5401 7072//5401
f 7072//5401 5844//5401 5827//5401
f 7072//5402 5827//5402 7074//5402
f 7074//5402 5827//5402 5829//5402
f 7074//5403 5829//5403 7076//5403
f 7076//5403 5829//5403 5831//5403
f 7076//5404 5831//5404 7078//5404
f 7078//5404 5831//5404 5832//5404
f 7078//5405 5832//5405 7080//5405
f 7080//5405 5832//5405 5826//5405
f 7086//5394 5796//5394 7088//5394
f 7088//5394 5796//5394 5795//5394
f 7088//5395 5795//5395 7090//5395
f 7090//5395 5795//5395 5794//5395
f 7090//5396 5794//5396 7092//5396
f 7092//5396 5794//5396 5814//5396
f 7092//5397 5814//5397 7094//5397
f 7094//5397 5814//5397 5791//5397
f 7094//5398 5791//5398 7096//5398
f 7096//5398 5791//5398 5798//5398
f 7096//5399 5798//5399 7098//5399
f 7098//5399 5798//5399 5800//5399
f 7098//5400 5800//5400 7100//5400
f 7100//5400 5800//5400 5802//5400
f 7100//5401 5802//5401 7102//5401
f 7102//5401 5802//5401 5804//5401
f 7102//5402 5804//5402 7104//5402
f 7104//5402 5804//5402 5806//5402
f 7104//5406 5806//5406 7106//5406
f 7106//5406 5806//5406 5808//5406
f 7106//5407 5808//5407 7084//5407
f 7084//5407 5808//5407 5797//5407
f 7084//5405 5797//5405 7086//5405
f 7086//5405 5797//5405 5796//5405
f 7128//5394 5756//5394 7130//5394
f 7130//5394 5756//5394 5758//5394
f 7130//5395 5758//5395 7108//5395
f 7108//5395 5758//5395 5729//5395
f 7108//5396 5729//5396 7110//5396
f 7110//5396 5729//5396 5731//5396
f 7110//5408 5731//5408 7112//5408
f 7112//5408 5731//5408 5715//5408
f 7112//5409 5715//5409 7114//5409
f 7114//5409 5715//5409 5714//5409
f 7114//5399 5714//5399 7116//5399
f 7116//5399 5714//5399 5771//5399
f 7116//5400 5771//5400 7118//5400
f 7118//5400 5771//5400 5780//5400
f 7118//5401 5780//5401 7120//5401
f 7120//5401 5780//5401 5748//5401
f 7120//5402 5748//5402 7122//5402
f 7122//5402 5748//5402 5750//5402
f 7122//5406 5750//5406 7124//5406
f 7124//5406 5750//5406 5752//5406
f 7124//5407 5752//5407 7126//5407
f 7126//5407 5752//5407 5754//5407
f 7126//5405 5754//5405 7128//5405
f 7128//5405 5754//5405 5756//5405
f 7152//5394 5649//5394 7154//5394
f 7154//5394 5649//5394 5651//5394
f 7154//5395 5651//5395 7132//5395
f 7132//5395 5651//5395 5653//5395
f 7132//5396 5653//5396 7134//5396
f 7134//5396 5653//5396 5655//5396
f 7134//5397 5655//5397 7136//5397
f 7136//5397 5655//5397 5657//5397
f 7136//5398 5657//5398 7138//5398
f 7138//5398 5657//5398 5624//5398
f 7138//5399 5624//5399 7140//5399
f 7140//5399 5624//5399 5623//5399
f 7140//5400 5623//5400 7142//5400
f 7142//5400 5623//5400 5632//5400
f 7142//5401 5632//5401 7144//5401
f 7144//5401 5632//5401 5630//5401
f 7144//5402 5630//5402 7146//5402
f 7146//5402 5630//5402 5628//5402
f 7146//5406 5628//5406 7148//5406
f 7148//5406 5628//5406 5629//5406
f 7148//5407 5629//5407 7150//5407
f 7150//5407 5629//5407 5647//5407
f 7150//5405 5647//5405 7152//5405
f 7152//5405 5647//5405 5649//5405
f 5770//5410 5961//5410 6924//5410
f 5770//5410 6924//5410 5778//5410
f 5778//5411 6924//5411 6952//5411
f 5778//5411 6952//5411 5779//5411
f 5779//5412 6952//5412 6954//5412
f 5779//5412 6954//5412 5777//5412
f 5777//5413 6954//5413 5921//5413
f 5777//5413 5921//5413 5761//5413
f 6405//5414 6404//5414 5738//5414
f 5738//5415 6404//5415 6403//5415
f 5738//5415 6403//5415 5739//5415
f 5739//5416 6403//5416 6402//5416
f 5739//5416 6402//5416 5740//5416
f 6405//5417 5738//5417 6397//5417
f 6397//5418 5738//5418 5734//5418
f 6397//5419 5734//5419 6395//5419
f 6455//5420 6456//5420 5737//5420
f 5737//5421 6456//5421 6457//5421
f 5737//5421 6457//5421 5774//5421
f 5774//5422 6457//5422 6459//5422
f 5774//5422 6459//5422 5741//5422
f 5741//5423 6459//5423 6458//5423
f 5741//5423 6458//5423 5742//5423
f 5742//5424 6458//5424 6460//5424
f 5742//5424 6460//5424 5744//5424
f 5744//5425 6460//5425 6461//5425
f 5744//5425 6461//5425 5746//5425
f 5746//5426 6461//5426 6462//5426
f 5746//5426 6462//5426 5747//5426
f 5747//5427 6462//5427 6463//5427
f 5747//5427 6463//5427 5734//5427
f 5734//5428 6463//5428 6464//5428
f 5734//5429 6464//5429 6395//5429
f 5716//5430 6446//5430 5735//5430
f 5735//5431 6446//5431 6447//5431
f 5735//5431 6447//5431 5736//5431
f 5736//5432 6447//5432 6448//5432
f 5736//5433 6448//5433 5737//5433
f 5737//5434 6448//5434 6400//5434
f 5737//5435 6400//5435 6455//5435
f 5694//5436 6444//5436 5716//5436
f 5716//5437 6444//5437 6445//5437
f 5716//5430 6445//5430 6446//5430
f 5691//5438 6443//5438 5692//5438
f 5692//5439 6443//5439 6444//5439
f 5692//5439 6444//5439 5693//5439
f 5693//5440 6444//5440 5694//5440
f 5740//5441 6402//5441 5719//5441
f 5719//5441 6402//5441 6408//5441
f 5719//5442 6408//5442 5720//5442
f 5720//5443 6408//5443 6407//5443
f 5720//5444 6407//5444 5721//5444
f 5721//5445 6407//5445 6406//5445
f 5721//5445 6406//5445 5673//5445
f 5673//5446 6406//5446 6401//5446
f 5673//5446 6401//5446 5671//5446
f 5671//5447 6401//5447 6409//5447
f 5671//5447 6409//5447 5670//5447
f 5670//5448 6409//5448 6414//5448
f 5670//5448 6414//5448 5637//5448
f 5637//5449 6414//5449 6412//5449
f 5637//5449 6412//5449 5638//5449
f 5638//5450 6412//5450 6419//5450
f 5638//5450 6419//5450 5668//5450
f 5668//5451 6419//5451 6420//5451
f 5668//5451 6420//5451 5669//5451
f 5669//5452 6420//5452 6421//5452
f 5669//5452 6421//5452 5661//5452
f 5661//5453 6421//5453 6422//5453
f 5661//5453 6422//5453 5633//5453
f 5633//5454 6422//5454 6432//5454
f 5633//5454 6432//5454 5634//5454
f 5634//5455 6432//5455 6423//5455
f 5634//5455 6423//5455 5690//5455
f 5690//5456 6423//5456 6425//5456
f 5690//5457 6425//5457 5691//5457
f 5691//5458 6425//5458 6438//5458
f 5691//5438 6438//5438 6443//5438
f 7714//5459 7715//5459 7716//5459
f 7716//5460 7715//5460 7717//5460
f 7716//5461 7717//5461 7718//5461
f 7718//5462 7717//5462 7719//5462
f 7718//5463 7719//5463 7720//5463
f 7720//5464 7719//5464 7721//5464
f 7720//5465 7721//5465 7722//5465
f 7722//5466 7721//5466 7723//5466
f 7722//5467 7723//5467 7724//5467
f 7724//5468 7723//5468 7725//5468
f 7724//5469 7725//5469 7726//5469
f 7726//5470 7725//5470 7727//5470
f 7726//5471 7727//5471 7728//5471
f 7728//5472 7727//5472 7729//5472
f 7728//5473 7729//5473 7730//5473
f 7730//5474 7729//5474 7731//5474
f 7730//5475 7731//5475 7732//5475
f 7732//5476 7731//5476 7733//5476
f 7732//5477 7733//5477 7734//5477
f 7734//5478 7733//5478 7735//5478
f 7734//5479 7735//5479 7736//5479
f 7736//5480 7735//5480 7737//5480
f 7736//5481 7737//5481 7738//5481
f 7738//5482 7737//5482 7739//5482
f 7738//5483 7739//5483 7740//5483
f 7740//5484 7739//5484 7741//5484
f 7740//5485 7741//5485 7742//5485
f 7742//5486 7741//5486 7743//5486
f 7742//5487 7743//5487 7744//5487
f 7744//5488 7743//5488 7745//5488
f 7744//5489 7745//5489 7746//5489
f 7746//5490 7745//5490 7747//5490
f 7746//5491 7747//5491 7748//5491
f 7748//5492 7747//5492 7749//5492
f 7748//5493 7749//5493 7750//5493
f 7750//5494 7749//5494 7751//5494
f 7750//5495 7751//5495 7752//5495
f 7752//5496 7751//5496 7753//5496
f 7752//5497 7753//5497 7754//5497
f 7754//5498 7753//5498 7755//5498
f 7754//5499 7755//5499 7756//5499
f 7756//5500 7755//5500 7757//5500
f 7756//5501 7757//5501 7758//5501
f 7758//5502 7757//5502 7759//5502
f 7758//5503 7759//5503 7760//5503
f 7760//5504 7759//5504 7761//5504
f 7760//5505 7761//5505 7762//5505
f 7762//5506 7761//5506 7763//5506
f 7762//5507 7763//5507 7764//5507
f 7764//5508 7763//5508 7765//5508
f 7764//5509 7765//5509 7766//5509
f 7766//5510 7765//5510 7767//5510
f 7766//5511 7767//5511 7768//5511
f 7768//5512 7767//5512 7769//5512
f 7768//5513 7769//5513 7770//5513
f 7770//5514 7769//5514 7771//5514
f 7770//5515 7771//5515 7772//5515
f 7772//5516 7771//5516 7773//5516
f 7772//5517 7773//5517 7774//5517
f 7774//5518 7773//5518 7775//5518
f 7774//5519 7775//5519 7776//5519
f 7776//5520 7775//5520 7777//5520
f 7776//5521 7777//5521 7778//5521
f 7778//5522 7777//5522 7779//5522
f 7778//5523 7779//5523 7780//5523
f 7780//5524 7779//5524 7781//5524
f 7780//5525 7781//5525 7782//5525
f 7782//5526 7781//5526 7783//5526
f 7782//5527 7783//5527 7784//5527
f 7784//5528 7783//5528 7785//5528
f 7784//5529 7785//5529 7786//5529
f 7786//5530 7785//5530 7787//5530
f 7786//5531 7787//5531 7788//5531
f 7788//5532 7787//5532 7789//5532
f 7788//5533 7789//5533 7790//5533
f 7790//5534 7789//5534 7791//5534
f 7790//5535 7791//5535 7792//5535
f 7792//5536 7791//5536 7793//5536
f 7792//5537 7793//5537 7794//5537
f 7794//5538 7793//5538 7795//5538
f 7794//5539 7795//5539 7796//5539
f 7796//5540 7795//5540 7797//5540
f 7796//5541 7797//5541 7798//5541
f 7798//5542 7797//5542 7799//5542
f 7798//5543 7799//5543 7800//5543
f 7800//5544 7799//5544 7801//5544
f 7800//5545 7801//5545 7802//5545
f 7802//5546 7801//5546 7803//5546
f 7802//5547 7803//5547 7804//5547
f 7804//5548 7803//5548 7805//5548
f 7804//5549 7805//5549 7806//5549
f 7806//5550 7805//5550 7807//5550
f 7806//5551 7807//5551 7808//5551
f 7808//5552 7807//5552 7809//5552
f 7808//5553 7809//5553 7810//5553
f 7810//5554 7809//5554 7811//5554
f 7810//5555 7811//5555 7812//5555
f 7812//5556 7811//5556 7813//5556
f 7812//5557 7813//5557 7814//5557
f 7814//5558 7813//5558 7815//5558
f 7814//5559 7815//5559 7816//5559
f 7816//5560 7815//5560 7817//5560
f 7816//5561 7817//5561 7818//5561
f 7818//5562 7817//5562 7819//5562
f 7818//5563 7819//5563 7820//5563
f 7820//5564 7819//5564 7821//5564
f 7820//5565 7821//5565 7822//5565
f 7822//5566 7821//5566 7823//5566
f 7822//5567 7823//5567 7824//5567
f 7824//5568 7823//5568 7825//5568
f 7824//5569 7825//5569 7826//5569
f 7826//5570 7825//5570 7827//5570
f 7826//5571 7827//5571 7828//5571
f 7828//5572 7827//5572 7829//5572
f 7828//5573 7829//5573 7830//5573
f 7830//5574 7829//5574 7831//5574
f 7830//5575 7831//5575 7832//5575
f 7832//5576 7831//5576 7833//5576
f 7832//5577 7833//5577 7834//5577
f 7834//5578 7833//5578 7835//5578
f 7834//5579 7835//5579 7836//5579
f 7836//5580 7835//5580 7837//5580
f 7836//5581 7837//5581 7838//5581
f 7838//5582 7837//5582 7839//5582
f 7838//5583 7839//5583 7840//5583
f 7840//5584 7839//5584 7841//5584
f 7840//5585 7841//5585 7842//5585
f 7842//5586 7841//5586 7843//5586
f 7842//5587 7843//5587 7844//5587
f 7844//5588 7843//5588 7845//5588
f 7844//5589 7845//5589 7846//5589
f 7846//5590 7845//5590 7847//5590
f 7846//5591 7847//5591 7848//5591
f 7848//5592 7847//5592 7849//5592
f 7848//5593 7849//5593 7850//5593
f 7850//5594 7849//5594 7851//5594
f 7850//5595 7851//5595 7852//5595
f 7852//5596 7851//5596 7853//5596
f 7852//5597 7853//5597 7854//5597
f 7854//5598 7853//5598 7855//5598
f 7854//5599 7855//5599 7856//5599
f 7856//5600 7855//5600 7857//5600
f 7856//5601 7857//5601 7714//5601
f 7714//5602 7857//5602 7715//5602
f 7857//5603 7858//5603 7715//5603
f 7715//5604 7858//5604 7859//5604
f 7715//5605 7859//5605 7717//5605
f 7717//5606 7859//5606 7860//5606
f 7717//5607 7860//5607 7719//5607
f 7719//5608 7860//5608 7861//5608
f 7719//5609 7861//5609 7721//5609
f 7721//5610 7861//5610 7862//5610
f 7721//5611 7862//5611 7723//5611
f 7723//5612 7862//5612 7863//5612
f 7723//5613 7863//5613 7725//5613
f 7725//5614 7863//5614 7864//5614
f 7725//5615 7864//5615 7727//5615
f 7727//5616 7864//5616 7865//5616
f 7727//5617 7865//5617 7729//5617
f 7729//5618 7865//5618 7866//5618
f 7729//5619 7866//5619 7731//5619
f 7731//5620 7866//5620 7867//5620
f 7731//5621 7867//5621 7733//5621
f 7733//5622 7867//5622 7868//5622
f 7733//5623 7868//5623 7735//5623
f 7735//5624 7868//5624 7869//5624
f 7735//5625 7869//5625 7737//5625
f 7737//5626 7869//5626 7870//5626
f 7737//5627 7870//5627 7739//5627
f 7739//5628 7870//5628 7871//5628
f 7739//5629 7871//5629 7741//5629
f 7741//5630 7871//5630 7872//5630
f 7741//5631 7872//5631 7743//5631
f 7743//5632 7872//5632 7873//5632
f 7743//5633 7873//5633 7745//5633
f 7745//5634 7873//5634 7874//5634
f 7745//5635 7874//5635 7747//5635
f 7747//5636 7874//5636 7875//5636
f 7747//5637 7875//5637 7749//5637
f 7749//5638 7875//5638 7876//5638
f 7749//5639 7876//5639 7751//5639
f 7751//5640 7876//5640 7877//5640
f 7751//5641 7877//5641 7753//5641
f 7753//5642 7877//5642 7878//5642
f 7753//5643 7878//5643 7755//5643
f 7755//5644 7878//5644 7879//5644
f 7755//5645 7879//5645 7757//5645
f 7757//5646 7879//5646 7880//5646
f 7757//5647 7880//5647 7759//5647
f 7759//5648 7880//5648 7881//5648
f 7759//5649 7881//5649 7761//5649
f 7761//5650 7881//5650 7882//5650
f 7761//5651 7882//5651 7763//5651
f 7763//5652 7882//5652 7883//5652
f 7763//5653 7883//5653 7765//5653
f 7765//5654 7883//5654 7884//5654
f 7765//5655 7884//5655 7767//5655
f 7767//5656 7884//5656 7885//5656
f 7767//5657 7885//5657 7769//5657
f 7769//5658 7885//5658 7886//5658
f 7769//5659 7886//5659 7771//5659
f 7771//5660 7886//5660 7887//5660
f 7771//5661 7887//5661 7773//5661
f 7773//5662 7887//5662 7888//5662
f 7773//5663 7888//5663 7775//5663
f 7775//5664 7888//5664 7889//5664
f 7775//5665 7889//5665 7777//5665
f 7777//5666 7889//5666 7890//5666
f 7777//5667 7890//5667 7779//5667
f 7779//5668 7890//5668 7891//5668
f 7779//5669 7891//5669 7781//5669
f 7781//5670 7891//5670 7892//5670
f 7781//5671 7892//5671 7783//5671
f 7783//5672 7892//5672 7893//5672
f 7783//5673 7893//5673 7785//5673
f 7785//5674 7893//5674 7894//5674
f 7785//5675 7894//5675 7787//5675
f 7787//5676 7894//5676 7895//5676
f 7787//5677 7895//5677 7789//5677
f 7789//5678 7895//5678 7896//5678
f 7789//5679 7896//5679 7791//5679
f 7791//5680 7896//5680 7897//5680
f 7791//5681 7897//5681 7793//5681
f 7793//5682 7897//5682 7898//5682
f 7793//5683 7898//5683 7795//5683
f 7795//5684 7898//5684 7899//5684
f 7795//5685 7899//5685 7797//5685
f 7797//5686 7899//5686 7900//5686
f 7797//5687 7900//5687 7799//5687
f 7799//5688 7900//5688 7901//5688
f 7799//5689 7901//5689 7801//5689
f 7801//5690 7901//5690 7902//5690
f 7801//5691 7902//5691 7803//5691
f 7803//5692 7902//5692 7903//5692
f 7803//5693 7903//5693 7805//5693
f 7805//5694 7903//5694 7904//5694
f 7805//5695 7904//5695 7807//5695
f 7807//5696 7904//5696 7905//5696
f 7807//5697 7905//5697 7809//5697
f 7809//5698 7905//5698 7906//5698
f 7809//5699 7906//5699 7811//5699
f 7811//5700 7906//5700 7907//5700
f 7811//5701 7907//5701 7813//5701
f 7813//5702 7907//5702 7908//5702
f 7813//5703 7908//5703 7815//5703
f 7815//5704 7908//5704 7909//5704
f 7815//5705 7909//5705 7817//5705
f 7817//5706 7909//5706 7910//5706
f 7817//5707 7910//5707 7819//5707
f 7819//5708 7910//5708 7911//5708
f 7819//5709 7911//5709 7821//5709
f 7821//5710 7911//5710 7912//5710
f 7821//5711 7912//5711 7823//5711
f 7823//5712 7912//5712 7913//5712
f 7823//5713 7913//5713 7825//5713
f 7825//5714 7913//5714 7914//5714
f 7825//5715 7914//5715 7827//5715
f 7827//5716 7914//5716 7915//5716
f 7827//5717 7915//5717 7829//5717
f 7829//5718 7915//5718 7916//5718
f 7829//5719 7916//5719 7831//5719
f 7831//5720 7916//5720 7917//5720
f 7831//5721 7917//5721 7833//5721
f 7833//5722 7917//5722 7918//5722
f 7833//5723 7918//5723 7835//5723
f 7835//5724 7918//5724 7919//5724
f 7835//5725 7919//5725 7837//5725
f 7837//5726 7919//5726 7920//5726
f 7837//5727 7920//5727 7839//5727
f 7839//5728 7920//5728 7921//5728
f 7839//5729 7921//5729 7841//5729
f 7841//5730 7921//5730 7922//5730
f 7841//5731 7922//5731 7843//5731
f 7843//5732 7922//5732 7923//5732
f 7843//5733 7923//5733 7845//5733
f 7845//5734 7923//5734 7924//5734
f 7845//5735 7924//5735 7847//5735
f 7847//5736 7924//5736 7925//5736
f 7847//5737 7925//5737 7849//5737
f 7849//5738 7925//5738 7926//5738
f 7849//5739 7926//5739 7851//5739
f 7851//5740 7926//5740 7927//5740
f 7851//5741 7927//5741 7853//5741
f 7853//5742 7927//5742 7928//5742
f 7853//5743 7928//5743 7855//5743
f 7855//5744 7928//5744 7929//5744
f 7855//5745 7929//5745 7857//5745
f 7857//5746 7929//5746 7858//5746
f 7929//5747 5116//5747 7858//5747
f 7858//5748 5116//5748 5114//5748
f 7858//5749 5114//5749 7859//5749
f 7859//5750 5114//5750 5176//5750
f 7859//5751 5176//5751 7860//5751
f 7860//5752 5176//5752 5175//5752
f 7860//5753 5175//5753 7861//5753
f 7861//5754 5175//5754 5179//5754
f 7861//5755 5179//5755 7862//5755
f 7862//5756 5179//5756 5178//5756
f 7862//5757 5178//5757 7863//5757
f 7863//5758 5178//5758 5177//5758
f 7863//5759 5177//5759 7864//5759
f 7864//5760 5177//5760 5166//5760
f 7864//5761 5166//5761 7865//5761
f 7865//5762 5166//5762 5164//5762
f 7865//5763 5164//5763 7866//5763
f 7866//5764 5164//5764 5182//5764
f 7866//5765 5182//5765 7867//5765
f 7867//5766 5182//5766 5181//5766
f 7867//5767 5181//5767 7868//5767
f 7868//5768 5181//5768 5180//5768
f 7868//5769 5180//5769 7869//5769
f 7869//5770 5180//5770 5066//5770
f 7869//5771 5066//5771 7870//5771
f 7870//5772 5066//5772 5065//5772
f 7870//5773 5065//5773 7871//5773
f 7871//5774 5065//5774 5068//5774
f 7871//5775 5068//5775 7872//5775
f 7872//5776 5068//5776 5070//5776
f 7872//5777 5070//5777 7873//5777
f 7873//5778 5070//5778 5079//5778
f 7873//5779 5079//5779 7874//5779
f 7874//5780 5079//5780 5081//5780
f 7874//5781 5081//5781 7875//5781
f 7875//5782 5081//5782 5096//5782
f 7875//5783 5096//5783 7876//5783
f 7876//5784 5096//5784 5094//5784
f 7876//5785 5094//5785 7877//5785
f 7877//5786 5094//5786 5092//5786
f 7877//5787 5092//5787 7878//5787
f 7878//5788 5092//5788 5100//5788
f 7878//5789 5100//5789 7879//5789
f 7879//5790 5100//5790 5099//5790
f 7879//5791 5099//5791 7880//5791
f 7880//5792 5099//5792 5103//5792
f 7880//5793 5103//5793 7881//5793
f 7881//5794 5103//5794 5102//5794
f 7881//5795 5102//5795 7882//5795
f 7882//5796 5102//5796 5122//5796
f 7882//5797 5122//5797 7883//5797
f 7883//5798 5122//5798 5121//5798
f 7883//5799 5121//5799 7884//5799
f 7884//5800 5121//5800 5127//5800
f 7884//5801 5127//5801 7885//5801
f 7885//5802 5127//5802 5126//5802
f 7885//5803 5126//5803 7886//5803
f 7886//5804 5126//5804 5124//5804
f 7886//5805 5124//5805 7887//5805
f 7887//5806 5124//5806 5123//5806
f 7887//5807 5123//5807 7888//5807
f 7888//5808 5123//5808 5104//5808
f 7888//5809 5104//5809 7889//5809
f 7889//5810 5104//5810 5130//5810
f 7889//5811 5130//5811 7890//5811
f 7890//5812 5130//5812 5129//5812
f 7890//5813 5129//5813 7891//5813
f 7891//5814 5129//5814 5135//5814
f 7891//5815 5135//5815 7892//5815
f 7892//5816 5135//5816 5134//5816
f 7892//5817 5134//5817 7893//5817
f 7893//5818 5134//5818 5132//5818
f 7893//5819 5132//5819 7894//5819
f 7894//5820 5132//5820 5131//5820
f 7894//5821 5131//5821 7895//5821
f 7895//5822 5131//5822 5082//5822
f 7895//5823 5082//5823 7896//5823
f 7896//5824 5082//5824 5138//5824
f 7896//5825 5138//5825 7897//5825
f 7897//5826 5138//5826 5137//5826
f 7897//5827 5137//5827 7898//5827
f 7898//5828 5137//5828 5143//5828
f 7898//5829 5143//5829 7899//5829
f 7899//5830 5143//5830 5142//5830
f 7899//5831 5142//5831 7900//5831
f 7900//5832 5142//5832 5140//5832
f 7900//5833 5140//5833 7901//5833
f 7901//5834 5140//5834 5139//5834
f 7901//5835 5139//5835 7902//5835
f 7902//5836 5139//5836 5107//5836
f 7902//5837 5107//5837 7903//5837
f 7903//5838 5107//5838 5146//5838
f 7903//5839 5146//5839 7904//5839
f 7904//5840 5146//5840 5145//5840
f 7904//5841 5145//5841 7905//5841
f 7905//5842 5145//5842 5151//5842
f 7905//5843 5151//5843 7906//5843
f 7906//5844 5151//5844 5150//5844
f 7906//5845 5150//5845 7907//5845
f 7907//5846 5150//5846 5148//5846
f 7907//5847 5148//5847 7908//5847
f 7908//5848 5148//5848 5147//5848
f 7908//5849 5147//5849 7909//5849
f 7909//5850 5147//5850 5111//5850
f 7909//5851 5111//5851 7910//5851
f 7910//5852 5111//5852 5110//5852
f 7910//5853 5110//5853 7911//5853
f 7911//5854 5110//5854 5073//5854
f 7911//5855 5073//5855 7912//5855
f 7912//5856 5073//5856 5087//5856
f 7912//5857 5087//5857 7913//5857
f 7913//5858 5087//5858 5086//5858
f 7913//5859 5086//5859 7914//5859
f 7914//5860 5086//5860 5085//5860
f 7914//5861 5085//5861 7915//5861
f 7915//5862 5085//5862 5077//5862
f 7915//5863 5077//5863 7916//5863
f 7916//5864 5077//5864 5075//5864
f 7916//5865 5075//5865 7917//5865
f 7917//5866 5075//5866 5090//5866
f 7917//5867 5090//5867 7918//5867
f 7918//5868 5090//5868 5089//5868
f 7918//5869 5089//5869 7919//5869
f 7919//5870 5089//5870 5154//5870
f 7919//5871 5154//5871 7920//5871
f 7920//5872 5154//5872 5153//5872
f 7920//5873 5153//5873 7921//5873
f 7921//5874 5153//5874 5159//5874
f 7921//5875 5159//5875 7922//5875
f 7922//5876 5159//5876 5158//5876
f 7922//5877 5158//5877 7923//5877
f 7923//5878 5158//5878 5156//5878
f 7923//5879 5156//5879 7924//5879
f 7924//5880 5156//5880 5162//5880
f 7924//5881 5162//5881 7925//5881
f 7925//5882 5162//5882 5161//5882
f 7925//5883 5161//5883 7926//5883
f 7926//5884 5161//5884 5173//5884
f 7926//5885 5173//5885 7927//5885
f 7927//5886 5173//5886 5172//5886
f 7927//5887 5172//5887 7928//5887
f 7928//5888 5172//5888 5171//5888
f 7928//5889 5171//5889 7929//5889
f 7929//5890 5171//5890 5116//5890
f 5566//5891 5551//5891 7752//5891
f 7752//5892 7754//5892 5566//5892
f 5566//5893 7754//5893 7756//5893
f 5566//5894 7756//5894 5568//5894
f 5568//5895 7756//5895 7758//5895
f 5568//5896 7758//5896 5570//5896
f 7758//5897 7760//5897 5570//5897
f 5570//5898 7760//5898 7762//5898
f 5570//5899 7762//5899 5612//5899
f 7762//5900 7764//5900 5612//5900
f 5612//5901 7764//5901 7766//5901
f 5612//5902 7766//5902 5613//5902
f 5613//5903 7766//5903 7768//5903
f 7768//5904 7770//5904 5613//5904
f 5613//5905 7770//5905 7772//5905
f 5613//5906 7772//5906 5615//5906
f 7772//5907 7774//5907 5615//5907
f 5615//5908 7774//5908 7776//5908
f 5615//5909 7776//5909 5617//5909
f 7776//5910 7778//5910 5617//5910
f 5617//5911 7778//5911 7780//5911
f 5617//5912 7780//5912 5619//5912
f 7780//5913 7782//5913 5619//5913
f 5619//5914 7782//5914 7784//5914
f 5619//5915 7784//5915 5620//5915
f 7784//5916 7786//5916 5620//5916
f 5620//5917 7786//5917 7788//5917
f 5620//5918 7788//5918 5604//5918
f 7788//5919 7790//5919 5604//5919
f 5604//5920 7790//5920 7792//5920
f 5604//5921 7792//5921 5606//5921
f 5606//5922 7792//5922 7794//5922
f 5606//5923 7794//5923 5608//5923
f 7794//5924 7796//5924 5608//5924
f 5608//5925 7796//5925 7798//5925
f 5608//5926 7798//5926 5610//5926
f 7798//5927 7800//5927 5610//5927
f 5610//5928 7800//5928 7802//5928
f 5610//5929 7802//5929 5611//5929
f 5611//5930 7802//5930 7804//5930
f 7804//5931 7806//5931 5611//5931
f 5611//5932 7806//5932 7808//5932
f 5611//5933 7808//5933 5584//5933
f 7808//5934 7810//5934 5584//5934
f 5584//5935 7810//5935 7812//5935
f 5584//5936 7812//5936 5586//5936
f 7812//5937 7814//5937 5586//5937
f 5586//5938 7814//5938 7816//5938
f 5586//5939 7816//5939 5588//5939
f 7816//5940 7818//5940 5588//5940
f 5588//5941 7818//5941 7820//5941
f 5588//5942 7820//5942 5590//5942
f 7820//5943 7822//5943 5590//5943
f 5590//5944 7822//5944 7824//5944
f 5590//5945 7824//5945 5592//5945
f 7824//5946 7826//5946 5592//5946
f 5592//5947 7826//5947 7828//5947
f 5592//5948 7828//5948 5594//5948
f 7828//5949 7830//5949 5594//5949
f 5594//5950 7830//5950 7832//5950
f 5594//5951 7832//5951 5595//5951
f 7832//5952 7834//5952 5595//5952
f 5595//5953 7834//5953 7836//5953
f 5595//5954 7836//5954 5597//5954
f 7836//5955 7838//5955 5597//5955
f 5597//5956 7838//5956 7840//5956
f 5597//5957 7840//5957 5599//5957
f 7840//5958 7842//5958 5599//5958
f 5599//5959 7842//5959 7844//5959
f 5599//5960 7844//5960 5601//5960
f 7844//5961 7846//5961 5601//5961
f 5601//5962 7846//5962 7848//5962
f 5601//5963 7848//5963 5602//5963
f 5602//5964 7848//5964 7850//5964
f 5602//5965 7850//5965 5581//5965
f 5581//5966 7850//5966 7852//5966
f 7852//5967 7854//5967 5581//5967
f 5581//5968 7854//5968 7856//5968
f 5581//5969 7856//5969 5579//5969
f 7856//5970 7714//5970 5579//5970
f 5579//5971 7714//5971 7716//5971
f 5579//5972 7716//5972 5577//5972
f 7716//5973 7718//5973 5577//5973
f 5577//5974 7718//5974 7720//5974
f 5577//5975 7720//5975 5572//5975
f 5572//5976 7720//5976 7722//5976
f 5572//5977 7722//5977 5559//5977
f 7722//5978 7724//5978 5559//5978
f 5559//5979 7724//5979 7726//5979
f 5559//5980 7726//5980 5557//5980
f 7726//5981 7728//5981 5557//5981
f 5557//5982 7728//5982 7730//5982
f 5557//5983 7730//5983 5541//5983
f 5541//5984 7730//5984 7732//5984
f 7732//5985 7734//5985 5541//5985
f 5541//5986 7734//5986 7736//5986
f 5541//5987 7736//5987 5542//5987
f 7736//5988 7738//5988 5542//5988
f 5542//5989 7738//5989 7740//5989
f 5542//5990 7740//5990 5547//5990
f 7740//5991 7742//5991 5547//5991
f 5547//5992 7742//5992 7744//5992
f 5547//5993 7744//5993 5549//5993
f 7744//5994 7746//5994 5549//5994
f 5549//5995 7746//5995 7748//5995
f 5549//5996 7748//5996 5551//5996
f 5551//5997 7748//5997 7750//5997
f 5551//5998 7750//5998 7752//5998
f 5510//5999 5508//5999 7930//5999
f 7930//6000 5508//6000 7931//6000
f 5508//6001 5540//6001 7931//6001
f 7931//6002 5540//6002 5539//6002
f 7931//6003 5539//6003 7932//6003
f 7932//6004 5539//6004 5537//6004
f 7932//6005 5537//6005 7933//6005
f 7933//6006 5537//6006 5535//6006
f 7933//6007 5535//6007 7934//6007
f 7934//6008 5535//6008 5533//6008
f 7934//6009 5533//6009 7935//6009
f 7935//6010 5533//6010 5531//6010
f 7935//6011 5531//6011 7936//6011
f 7936//6012 5531//6012 5529//6012
f 7936//6013 5529//6013 7937//6013
f 7937//6014 5529//6014 5527//6014
f 7937//6015 5527//6015 7938//6015
f 7938//6016 5527//6016 5525//6016
f 7938//6017 5525//6017 7939//6017
f 7939//6018 5525//6018 5524//6018
f 7939//6019 5524//6019 7940//6019
f 7940//6020 5524//6020 5522//6020
f 7940//6021 5522//6021 7941//6021
f 7941//6022 5522//6022 5520//6022
f 7941//6023 5520//6023 7942//6023
f 7942//6024 5520//6024 5518//6024
f 7942//6025 5518//6025 7943//6025
f 7943//6026 5518//6026 5516//6026
f 7943//6027 5516//6027 7944//6027
f 7944//6028 5516//6028 5514//6028
f 7944//6029 5514//6029 7945//6029
f 7945//6030 5514//6030 5512//6030
f 7945//6031 5512//6031 7946//6031
f 7946//6032 5512//6032 5510//6032
f 7946//6033 5510//6033 7947//6033
f 7947//6034 5510//6034 7930//6034
f 7947//6035 7930//6035 6144//6035
f 6144//6036 7930//6036 6142//6036
f 7930//6036 7931//6036 6142//6036
f 6142//6037 7931//6037 7932//6037
f 6142//6037 7932//6037 6140//6037
f 6140//6038 7932//6038 7933//6038
f 6140//6038 7933//6038 6138//6038
f 6138//6039 7933//6039 7934//6039
f 6138//6039 7934//6039 6136//6039
f 6136//6040 7934//6040 7935//6040
f 6136//6040 7935//6040 6157//6040
f 6157//6041 7935//6041 7936//6041
f 6157//6041 7936//6041 6155//6041
f 6155//6042 7936//6042 7937//6042
f 6155//6042 7937//6042 6153//6042
f 6153//6043 7937//6043 7938//6043
f 6153//6043 7938//6043 6119//6043
f 6119//6044 7938//6044 7939//6044
f 6119//6044 7939//6044 6125//6044
f 6125//6045 7939//6045 7940//6045
f 6125//6045 7940//6045 6095//6045
f 6095//6046 7940//6046 7941//6046
f 6095//6046 7941//6046 6093//6046
f 6093//6047 7941//6047 7942//6047
f 6093//6047 7942//6047 6091//6047
f 6091//6048 7942//6048 7943//6048
f 6091//6048 7943//6048 6109//6048
f 6109//6049 7943//6049 7944//6049
f 6109//6049 7944//6049 6097//6049
f 6097//6050 7944//6050 7945//6050
f 6097//6050 7945//6050 6098//6050
f 6098//6051 7945//6051 7946//6051
f 6098//6051 7946//6051 6151//6051
f 6151//6052 7946//6052 7947//6052
f 6151//6052 7947//6052 6145//6052
f 6145//6035 7947//6035 6144//6035
f 5497//6053 5495//6053 7511//6053
f 7511//6054 7510//6054 5497//6054
f 5497//6055 7510//6055 7506//6055
f 5497//6056 7506//6056 5499//6056
f 5499//6057 7506//6057 7504//6057
f 7504//6058 7502//6058 5499//6058
f 5499//6059 7502//6059 7501//6059
f 5499//6060 7501//6060 5500//6060
f 5500//6061 7501//6061 7499//6061
f 5500//6062 7499//6062 5475//6062
f 5475//6063 7499//6063 7497//6063
f 5475//6064 7497//6064 5477//6064
f 5477//6065 7497//6065 7496//6065
f 7496//6066 7484//6066 5477//6066
f 5477//6067 7484//6067 7495//6067
f 5477//6068 7495//6068 5479//6068
f 7495//6069 7494//6069 5479//6069
f 5479//6070 7494//6070 7492//6070
f 5479//6071 7492//6071 5481//6071
f 5481//6072 7492//6072 7490//6072
f 5481//6073 7490//6073 5483//6073
f 5483//6074 7490//6074 7488//6074
f 7488//6075 7487//6075 5483//6075
f 5483//6076 7487//6076 7477//6076
f 5483//6077 7477//6077 5485//6077
f 7477//6078 7479//6078 5485//6078
f 5485//6079 7479//6079 7481//6079
f 5485//6080 7481//6080 5487//6080
f 5487//6081 7481//6081 7483//6081
f 7483//6082 7523//6082 5487//6082
f 5487//6083 7523//6083 7522//6083
f 5487//6084 7522//6084 5489//6084
f 7522//6085 7520//6085 5489//6085
f 5489//6086 7520//6086 7518//6086
f 5489//6087 7518//6087 5491//6087
f 5491//6088 7518//6088 7516//6088
f 5491//6089 7516//6089 5493//6089
f 5493//6090 7516//6090 7515//6090
f 7515//6091 7507//6091 5493//6091
f 5493//6092 7507//6092 7514//6092
f 5493//6093 7514//6093 5495//6093
f 5495//6094 7514//6094 7513//6094
f 5495//6095 7513//6095 7511//6095
# Vertices: 7947, normals: 6095, texture coordinates: 0, faces: 16040

