# Blender v3.0.1 OBJ File: ''
# www.blender.org
mtllib Link4_2.mtl
o obj1.004
v -0.000216 -0.010747 0.052961
v -0.000216 -0.006947 0.052961
v -0.000997 -0.010747 0.053034
v -0.000997 -0.006947 0.053034
v -0.001764 -0.010747 0.053201
v -0.001764 -0.006947 0.053201
v -0.002505 -0.010747 0.053459
v -0.002505 -0.006947 0.053459
v -0.003210 -0.010747 0.053805
v -0.003210 -0.006947 0.053805
v -0.003868 -0.010747 0.054233
v -0.003868 -0.006947 0.054233
v -0.004469 -0.010747 0.054737
v -0.004469 -0.006947 0.054737
v -0.005006 -0.010747 0.055310
v -0.005006 -0.006947 0.055310
v -0.005469 -0.010747 0.055944
v -0.005469 -0.006947 0.055944
v -0.005852 -0.010747 0.056629
v -0.005852 -0.006947 0.056629
v -0.006151 -0.010747 0.057355
v -0.006151 -0.006947 0.057355
v -0.006359 -0.010747 0.058112
v -0.006359 -0.006947 0.058112
v -0.006475 -0.010747 0.058888
v -0.006475 -0.006947 0.058888
v -0.006496 -0.010747 0.059673
v -0.006496 -0.006947 0.059673
v -0.006423 -0.010747 0.060454
v -0.006423 -0.006947 0.060454
v -0.006256 -0.010747 0.061221
v -0.006256 -0.006947 0.061221
v -0.005998 -0.010747 0.061962
v -0.005998 -0.006947 0.061962
v -0.005652 -0.010747 0.062667
v -0.005652 -0.006947 0.062667
v -0.005224 -0.010747 0.063325
v -0.005224 -0.006947 0.063325
v -0.004720 -0.010747 0.063926
v -0.004720 -0.006947 0.063926
v -0.004147 -0.010747 0.064463
v -0.004147 -0.006947 0.064463
v -0.003513 -0.010747 0.064926
v -0.003513 -0.006947 0.064926
v -0.002828 -0.010747 0.065309
v -0.002828 -0.006947 0.065309
v -0.002102 -0.010747 0.065608
v -0.002102 -0.006947 0.065608
v -0.001345 -0.010747 0.065816
v -0.001345 -0.006947 0.065816
v -0.000569 -0.010747 0.065932
v -0.000569 -0.006947 0.065932
v 0.000216 -0.010747 0.065953
v 0.000216 -0.006947 0.065953
v 0.000997 -0.010747 0.065880
v 0.000997 -0.006947 0.065880
v 0.001764 -0.010747 0.065713
v 0.001764 -0.006947 0.065713
v 0.002505 -0.010747 0.065455
v 0.002505 -0.006947 0.065455
v 0.003210 -0.010747 0.065109
v 0.003210 -0.006947 0.065109
v 0.003868 -0.010747 0.064681
v 0.003868 -0.006947 0.064681
v 0.004469 -0.010747 0.064177
v 0.004469 -0.006947 0.064177
v 0.005006 -0.010747 0.063603
v 0.005006 -0.006947 0.063603
v 0.005469 -0.010747 0.062970
v 0.005469 -0.006947 0.062970
v 0.005852 -0.010747 0.062285
v 0.005852 -0.006947 0.062285
v 0.006151 -0.010747 0.061559
v 0.006151 -0.006947 0.061559
v 0.006359 -0.010747 0.060802
v 0.006359 -0.006947 0.060802
v 0.006475 -0.010747 0.060026
v 0.006475 -0.006947 0.060026
v 0.006496 -0.010747 0.059241
v 0.006496 -0.006947 0.059241
v 0.006423 -0.010747 0.058460
v 0.006423 -0.006947 0.058460
v 0.006256 -0.010747 0.057693
v 0.006256 -0.006947 0.057693
v 0.005998 -0.010747 0.056952
v 0.005998 -0.006947 0.056952
v 0.005652 -0.010747 0.056247
v 0.005652 -0.006947 0.056247
v 0.005224 -0.010747 0.055589
v 0.005224 -0.006947 0.055589
v 0.004720 -0.010747 0.054988
v 0.004720 -0.006947 0.054988
v 0.004147 -0.010747 0.054451
v 0.004147 -0.006947 0.054451
v 0.003513 -0.010747 0.053988
v 0.003513 -0.006947 0.053988
v 0.002828 -0.010747 0.053604
v 0.002828 -0.006947 0.053604
v 0.002102 -0.010747 0.053306
v 0.002102 -0.006947 0.053306
v 0.001345 -0.010747 0.053098
v 0.001345 -0.006947 0.053098
v 0.000569 -0.010747 0.052982
v 0.000569 -0.006947 0.052982
v -0.003486 -0.010747 0.044868
v -0.003486 -0.005947 0.044868
v -0.002301 -0.010747 0.044634
v -0.002301 -0.005947 0.044634
v -0.001101 -0.010747 0.044497
v -0.001101 -0.005947 0.044497
v 0.000106 -0.010747 0.044457
v 0.000106 -0.005947 0.044457
v 0.001313 -0.010747 0.044515
v 0.001313 -0.005947 0.044515
v 0.002511 -0.010747 0.044669
v 0.002511 -0.005947 0.044669
v 0.003693 -0.010747 0.044919
v 0.003693 -0.005947 0.044919
v 0.004851 -0.010747 0.045263
v 0.004851 -0.005947 0.045263
v 0.005977 -0.010747 0.045699
v 0.005977 -0.005947 0.045699
v 0.007065 -0.010747 0.046225
v 0.007065 -0.005947 0.046225
v 0.008107 -0.010747 0.046836
v 0.008107 -0.005947 0.046836
v 0.009096 -0.010747 0.047530
v 0.009096 -0.005947 0.047530
v 0.010026 -0.010747 0.048300
v 0.010026 -0.005947 0.048300
v 0.010891 -0.010747 0.049143
v 0.010891 -0.005947 0.049143
v 0.011686 -0.010747 0.050053
v 0.011686 -0.005947 0.050053
v 0.012405 -0.010747 0.051024
v 0.012405 -0.005947 0.051024
v 0.013043 -0.010747 0.052049
v 0.013043 -0.005947 0.052049
v 0.013597 -0.010747 0.053123
v 0.013597 -0.005947 0.053123
v 0.014063 -0.010747 0.054238
v 0.014063 -0.005947 0.054238
v 0.014437 -0.010747 0.055386
v 0.014437 -0.005947 0.055386
v 0.014718 -0.010747 0.056561
v 0.014718 -0.005947 0.056561
v 0.014903 -0.010747 0.057755
v 0.014903 -0.005947 0.057755
v 0.014992 -0.010747 0.058959
v 0.014992 -0.005947 0.058959
v 0.014983 -0.010747 0.060167
v 0.014983 -0.005947 0.060167
v 0.014877 -0.010747 0.061371
v 0.014877 -0.005947 0.061371
v 0.014675 -0.010747 0.062562
v 0.014675 -0.005947 0.062562
v 0.014378 -0.010747 0.063732
v 0.014378 -0.005947 0.063732
v 0.013987 -0.010747 0.064875
v 0.013987 -0.005947 0.064875
v 0.013506 -0.010747 0.065983
v 0.013506 -0.005947 0.065983
v 0.012937 -0.010747 0.067049
v 0.012937 -0.005947 0.067049
v 0.012284 -0.010747 0.068065
v 0.012284 -0.005947 0.068065
v 0.011551 -0.010747 0.069026
v 0.011551 -0.005947 0.069026
v 0.010744 -0.010747 0.069924
v 0.010744 -0.005947 0.069924
v 0.009867 -0.010747 0.070755
v 0.009867 -0.005947 0.070755
v 0.008926 -0.010747 0.071512
v 0.008926 -0.005947 0.071512
v 0.007927 -0.010747 0.072191
v 0.007927 -0.005947 0.072191
v 0.006876 -0.010747 0.072788
v 0.006876 -0.005947 0.072788
v 0.005781 -0.010747 0.073298
v 0.005781 -0.005947 0.073298
v 0.004649 -0.010747 0.073718
v 0.004649 -0.005947 0.073718
v 0.003486 -0.010747 0.074046
v 0.003486 -0.005947 0.074046
v 0.002301 -0.010747 0.074279
v 0.002301 -0.005947 0.074279
v 0.001101 -0.010747 0.074417
v 0.001101 -0.005947 0.074417
v -0.000106 -0.010747 0.074457
v -0.000106 -0.005947 0.074457
v -0.001313 -0.010747 0.074399
v -0.001313 -0.005947 0.074399
v -0.002511 -0.010747 0.074245
v -0.002511 -0.005947 0.074245
v -0.003693 -0.010747 0.073995
v -0.003693 -0.005947 0.073995
v -0.004851 -0.010747 0.073651
v -0.004851 -0.005947 0.073651
v -0.005977 -0.010747 0.073215
v -0.005977 -0.005947 0.073215
v -0.007065 -0.010747 0.072689
v -0.007065 -0.005947 0.072689
v -0.008107 -0.010747 0.072078
v -0.008107 -0.005947 0.072078
v -0.009096 -0.010747 0.071384
v -0.009096 -0.005947 0.071384
v -0.010026 -0.010747 0.070614
v -0.010026 -0.005947 0.070614
v -0.010891 -0.010747 0.069771
v -0.010891 -0.005947 0.069771
v -0.011686 -0.010747 0.068861
v -0.011686 -0.005947 0.068861
v -0.012405 -0.010747 0.067890
v -0.012405 -0.005947 0.067890
v -0.013043 -0.010747 0.066865
v -0.013043 -0.005947 0.066865
v -0.013597 -0.010747 0.065791
v -0.013597 -0.005947 0.065791
v -0.014063 -0.010747 0.064676
v -0.014063 -0.005947 0.064676
v -0.014437 -0.010747 0.063528
v -0.014437 -0.005947 0.063528
v -0.014718 -0.010747 0.062353
v -0.014718 -0.005947 0.062353
v -0.014903 -0.010747 0.061159
v -0.014903 -0.005947 0.061159
v -0.014992 -0.010747 0.059955
v -0.014992 -0.005947 0.059955
v -0.014983 -0.010747 0.058747
v -0.014983 -0.005947 0.058747
v -0.014877 -0.010747 0.057543
v -0.014877 -0.005947 0.057543
v -0.014675 -0.010747 0.056352
v -0.014675 -0.005947 0.056352
v -0.014378 -0.010747 0.055182
v -0.014378 -0.005947 0.055182
v -0.013987 -0.010747 0.054038
v -0.013987 -0.005947 0.054038
v -0.013506 -0.010747 0.052931
v -0.013506 -0.005947 0.052931
v -0.012937 -0.010747 0.051865
v -0.012937 -0.005947 0.051865
v -0.012284 -0.010747 0.050849
v -0.012284 -0.005947 0.050849
v -0.011551 -0.010747 0.049888
v -0.011551 -0.005947 0.049888
v -0.010744 -0.010747 0.048990
v -0.010744 -0.005947 0.048990
v -0.009867 -0.010747 0.048159
v -0.009867 -0.005947 0.048159
v -0.008926 -0.010747 0.047402
v -0.008926 -0.005947 0.047402
v -0.007927 -0.010747 0.046723
v -0.007927 -0.005947 0.046723
v -0.006876 -0.010747 0.046126
v -0.006876 -0.005947 0.046126
v -0.005781 -0.010747 0.045616
v -0.005781 -0.005947 0.045616
v -0.004649 -0.010747 0.045196
v -0.004649 -0.005947 0.045196
v 0.011497 -0.010847 0.058549
v 0.012011 -0.010847 0.058604
v 0.010704 -0.010847 0.061641
v 0.005326 -0.010847 0.068995
v -0.002184 -0.010847 0.070161
v -0.002675 -0.010847 0.066999
v -0.005553 -0.010847 0.055890
v -0.005943 -0.010847 0.056585
v -0.007542 -0.010847 0.056782
v -0.009801 -0.010847 0.048234
v -0.008866 -0.010847 0.047482
v -0.008531 -0.010847 0.050416
v 0.002494 -0.010847 0.044767
v 0.001615 -0.010847 0.045089
v 0.001304 -0.010847 0.044614
v 0.002773 -0.010847 0.071676
v 0.004618 -0.010847 0.073623
v 0.002468 -0.010847 0.072094
v 0.003463 -0.010847 0.073949
v 0.001994 -0.010847 0.072303
v 0.002286 -0.010847 0.074181
v 0.001480 -0.010847 0.072247
v 0.002620 -0.010847 0.070688
v 0.002829 -0.010847 0.071162
v 0.006831 -0.010847 0.072699
v 0.005743 -0.010847 0.073206
v 0.002202 -0.010847 0.070382
v 0.001687 -0.010847 0.070327
v 0.001214 -0.010847 0.070536
v 0.000908 -0.010847 0.070954
v -0.002494 -0.010847 0.074147
v 0.000853 -0.010847 0.071468
v -0.001304 -0.010847 0.074300
v 0.001062 -0.010847 0.071942
v -0.000106 -0.010847 0.074357
v 0.001094 -0.010847 0.074317
v 0.012851 -0.010847 0.066998
v 0.012202 -0.010847 0.068008
v 0.011693 -0.010847 0.068007
v 0.011474 -0.010847 0.068962
v 0.010672 -0.010847 0.069855
v 0.009801 -0.010847 0.070680
v 0.008866 -0.010847 0.071432
v 0.007874 -0.010847 0.072106
v 0.014282 -0.010847 0.063704
v 0.013894 -0.010847 0.064839
v 0.011202 -0.010847 0.064845
v 0.013416 -0.010847 0.065940
v 0.014577 -0.010847 0.062541
v 0.014892 -0.010847 0.058963
v 0.014883 -0.010847 0.060163
v 0.014368 -0.010847 0.061072
v 0.014778 -0.010847 0.061358
v 0.013202 -0.010847 0.053562
v 0.013506 -0.010847 0.053165
v 0.013969 -0.010847 0.054272
v 0.014341 -0.010847 0.055413
v 0.014620 -0.010847 0.056580
v 0.014804 -0.010847 0.057766
v 0.009035 -0.010847 0.047609
v 0.009959 -0.010847 0.048375
v 0.009538 -0.010847 0.054131
v 0.010819 -0.010847 0.049212
v 0.011608 -0.010847 0.050116
v 0.012322 -0.010847 0.051080
v 0.012956 -0.010847 0.052099
v 0.002184 -0.010847 0.048753
v 0.003668 -0.010847 0.045016
v 0.004819 -0.010847 0.045358
v 0.008053 -0.010847 0.046920
v 0.008550 -0.010847 0.047764
v 0.007018 -0.010847 0.046313
v 0.005937 -0.010847 0.045791
v -0.006831 -0.010847 0.046215
v -0.005743 -0.010847 0.045708
v -0.005895 -0.010847 0.046255
v -0.004618 -0.010847 0.045291
v -0.003463 -0.010847 0.044965
v -0.002286 -0.010847 0.044733
v -0.001094 -0.010847 0.044597
v 0.000106 -0.010847 0.044557
v -0.007874 -0.010847 0.046807
v -0.005326 -0.010847 0.049918
v -0.011693 -0.010847 0.050907
v -0.011474 -0.010847 0.049952
v -0.010672 -0.010847 0.049059
v -0.014778 -0.010847 0.057556
v -0.014577 -0.010847 0.056373
v -0.010704 -0.010847 0.057273
v -0.014282 -0.010847 0.055210
v -0.013894 -0.010847 0.054075
v -0.013416 -0.010847 0.052974
v -0.012851 -0.010847 0.051916
v -0.012202 -0.010847 0.050906
v -0.012219 -0.010847 0.062230
v -0.011705 -0.010847 0.062286
v -0.009538 -0.010847 0.064783
v -0.011231 -0.010847 0.062077
v -0.011079 -0.010847 0.060671
v -0.010870 -0.010847 0.061144
v -0.010926 -0.010847 0.061659
v -0.011497 -0.010847 0.060365
v -0.012011 -0.010847 0.060310
v -0.012485 -0.010847 0.060519
v -0.014883 -0.010847 0.058751
v -0.012790 -0.010847 0.060937
v -0.014892 -0.010847 0.059951
v -0.014804 -0.010847 0.061148
v -0.014620 -0.010847 0.062334
v -0.012846 -0.010847 0.061451
v -0.014341 -0.010847 0.063501
v -0.012637 -0.010847 0.061925
v -0.013969 -0.010847 0.064642
v -0.013506 -0.010847 0.065749
v -0.012956 -0.010847 0.066815
v -0.007018 -0.010847 0.072601
v -0.008053 -0.010847 0.071993
v -0.008550 -0.010847 0.071150
v -0.009035 -0.010847 0.071305
v -0.009041 -0.010847 0.067987
v -0.009959 -0.010847 0.070539
v -0.010819 -0.010847 0.069702
v -0.011608 -0.010847 0.068798
v -0.012322 -0.010847 0.067834
v -0.005388 -0.010847 0.070659
v -0.004819 -0.010847 0.073556
v -0.005937 -0.010847 0.073123
v -0.003668 -0.010847 0.073898
v -0.003567 -0.010847 0.065010
v -0.002872 -0.010847 0.065399
v -0.002134 -0.010847 0.065702
v 0.001012 -0.010847 0.065979
v 0.001791 -0.010847 0.065809
v 0.004835 -0.010847 0.065833
v 0.002544 -0.010847 0.065547
v 0.003259 -0.010847 0.065196
v -0.001366 -0.010847 0.065914
v -0.000578 -0.010847 0.066032
v 0.000219 -0.010847 0.066053
v -0.006090 -0.010847 0.062001
v -0.005739 -0.010847 0.062716
v -0.006376 -0.010847 0.064292
v -0.005304 -0.010847 0.063384
v -0.004792 -0.010847 0.063995
v -0.005879 -0.010847 0.067497
v -0.004210 -0.010847 0.064540
v -0.006245 -0.010847 0.057323
v -0.006457 -0.010847 0.058091
v -0.006575 -0.010847 0.058879
v -0.006596 -0.010847 0.059676
v -0.006522 -0.010847 0.060469
v -0.006352 -0.010847 0.061248
v -0.004538 -0.010847 0.054665
v -0.005083 -0.010847 0.055247
v 0.002872 -0.010847 0.053514
v 0.002134 -0.010847 0.053212
v 0.001366 -0.010847 0.053000
v 0.000578 -0.010847 0.052882
v -0.002544 -0.010847 0.053367
v -0.003259 -0.010847 0.053718
v -0.003927 -0.010847 0.054153
v -0.000219 -0.010847 0.052861
v -0.001012 -0.010847 0.052935
v -0.001791 -0.010847 0.053105
v 0.008071 -0.010847 0.049617
v 0.007862 -0.010847 0.049144
v 0.006722 -0.010847 0.050703
v 0.007237 -0.010847 0.050759
v 0.007710 -0.010847 0.050550
v 0.008016 -0.010847 0.050132
v 0.006456 -0.010847 0.048991
v 0.006930 -0.010847 0.048782
v 0.007444 -0.010847 0.048838
v 0.006151 -0.010847 0.049409
v 0.006095 -0.010847 0.049924
v 0.006304 -0.010847 0.050397
v 0.005943 -0.010847 0.062329
v 0.006245 -0.010847 0.061591
v 0.006457 -0.010847 0.060823
v 0.006352 -0.010847 0.057666
v 0.006090 -0.010847 0.056913
v 0.005739 -0.010847 0.056198
v 0.005304 -0.010847 0.055530
v 0.004792 -0.010847 0.054919
v 0.004210 -0.010847 0.054374
v 0.003567 -0.010847 0.053904
v 0.006575 -0.010847 0.060035
v 0.006596 -0.010847 0.059238
v 0.006522 -0.010847 0.058444
v 0.005553 -0.010847 0.063024
v 0.003927 -0.010847 0.064761
v 0.004538 -0.010847 0.064249
v 0.005083 -0.010847 0.063667
v -0.006930 -0.010847 0.070132
v -0.006456 -0.010847 0.069923
v -0.006722 -0.010847 0.068211
v -0.007237 -0.010847 0.068155
v -0.007710 -0.010847 0.068364
v -0.008016 -0.010847 0.068782
v -0.008071 -0.010847 0.069297
v -0.007862 -0.010847 0.069770
v -0.007444 -0.010847 0.070076
v -0.006151 -0.010847 0.069505
v -0.006095 -0.010847 0.068990
v -0.006304 -0.010847 0.068517
v -0.010466 -0.010847 0.053001
v -0.010048 -0.010847 0.053306
v -0.008698 -0.010847 0.052220
v -0.008907 -0.010847 0.051747
v -0.009533 -0.010847 0.053362
v -0.009060 -0.010847 0.053153
v -0.008754 -0.010847 0.052735
v -0.010675 -0.010847 0.052527
v -0.010619 -0.010847 0.052013
v -0.009325 -0.010847 0.051441
v -0.009840 -0.010847 0.051386
v -0.010313 -0.010847 0.051595
v -0.000908 -0.010847 0.047960
v -0.000853 -0.010847 0.047446
v -0.001480 -0.010847 0.046667
v -0.001994 -0.010847 0.046611
v -0.001062 -0.010847 0.046972
v -0.002620 -0.010847 0.048226
v -0.002202 -0.010847 0.048531
v -0.001687 -0.010847 0.048587
v -0.001214 -0.010847 0.048378
v -0.002468 -0.010847 0.046820
v -0.002773 -0.010847 0.047238
v -0.002829 -0.010847 0.047752
v 0.008754 -0.010847 0.066179
v 0.008698 -0.010847 0.066694
v 0.010675 -0.010847 0.066387
v 0.010466 -0.010847 0.065913
v 0.010048 -0.010847 0.065608
v 0.009533 -0.010847 0.065552
v 0.009060 -0.010847 0.065761
v 0.008907 -0.010847 0.067167
v 0.010619 -0.010847 0.066901
v 0.009325 -0.010847 0.067473
v 0.009840 -0.010847 0.067528
v 0.010313 -0.010847 0.067319
v 0.012485 -0.010847 0.058395
v 0.012219 -0.010847 0.056684
v 0.011705 -0.010847 0.056628
v 0.011231 -0.010847 0.056837
v 0.012790 -0.010847 0.057977
v 0.012846 -0.010847 0.057463
v 0.012637 -0.010847 0.056989
v 0.010926 -0.010847 0.057255
v 0.010870 -0.010847 0.057770
v 0.011079 -0.010847 0.058243
v 0.014282 -0.005847 0.063704
v 0.014577 -0.005847 0.062541
v 0.010772 -0.005847 0.062078
v -0.002468 -0.005847 0.046820
v -0.001994 -0.005847 0.046611
v -0.002286 -0.005847 0.044733
v -0.012485 -0.005847 0.060519
v -0.012011 -0.005847 0.060310
v -0.014577 -0.005847 0.056373
v 0.001214 -0.005847 0.070536
v 0.001687 -0.005847 0.070327
v -0.002882 -0.005847 0.068549
v -0.004819 -0.005847 0.073556
v -0.003668 -0.005847 0.073898
v -0.006456 -0.005847 0.069923
v -0.009060 -0.005847 0.053153
v -0.009533 -0.005847 0.053362
v -0.009092 -0.005847 0.056575
v -0.010313 -0.005847 0.051595
v -0.009840 -0.005847 0.051386
v -0.010013 -0.005847 0.050646
v 0.006456 -0.005847 0.048991
v 0.006930 -0.005847 0.048782
v 0.006870 -0.005847 0.048025
v 0.006151 -0.005847 0.049409
v 0.002621 -0.005847 0.048685
v 0.006095 -0.005847 0.049924
v 0.002882 -0.005847 0.050365
v 0.006304 -0.005847 0.050397
v 0.006722 -0.005847 0.050703
v 0.005328 -0.005847 0.054037
v 0.007237 -0.005847 0.050759
v 0.007791 -0.005847 0.053954
v 0.007710 -0.005847 0.050550
v 0.003153 -0.005847 0.052542
v 0.003934 -0.005847 0.052955
v 0.004663 -0.005847 0.053455
v 0.008016 -0.005847 0.050132
v 0.009471 -0.005847 0.053693
v 0.008071 -0.005847 0.049617
v 0.008811 -0.005847 0.049444
v 0.007862 -0.005847 0.049144
v 0.008550 -0.005847 0.047764
v 0.007444 -0.005847 0.048838
v -0.005764 -0.005847 0.049986
v -0.008698 -0.005847 0.052220
v -0.005503 -0.005847 0.051666
v -0.008907 -0.005847 0.051747
v -0.009325 -0.005847 0.051441
v -0.010048 -0.005847 0.053306
v -0.010466 -0.005847 0.053001
v -0.014282 -0.005847 0.055210
v -0.013894 -0.005847 0.054075
v -0.010619 -0.005847 0.052013
v -0.012202 -0.005847 0.050906
v -0.010675 -0.005847 0.052527
v -0.012851 -0.005847 0.051916
v -0.013416 -0.005847 0.052974
v -0.005720 -0.005847 0.054453
v -0.005101 -0.005847 0.053823
v -0.008754 -0.005847 0.052735
v -0.006263 -0.005847 0.055151
v -0.006720 -0.005847 0.055907
v -0.007087 -0.005847 0.056712
v 0.008698 -0.005847 0.066694
v 0.008754 -0.005847 0.066179
v 0.005101 -0.005847 0.065091
v 0.005503 -0.005847 0.067248
v 0.008907 -0.005847 0.067167
v 0.006831 -0.005847 0.072699
v 0.009325 -0.005847 0.067473
v 0.007874 -0.005847 0.072106
v 0.008866 -0.005847 0.071432
v 0.009801 -0.005847 0.070680
v 0.009840 -0.005847 0.067528
v 0.010672 -0.005847 0.069855
v 0.010313 -0.005847 0.067319
v 0.011474 -0.005847 0.068962
v 0.010619 -0.005847 0.066901
v 0.010675 -0.005847 0.066387
v 0.011432 -0.005847 0.066327
v 0.010466 -0.005847 0.065913
v 0.010048 -0.005847 0.065608
v 0.009533 -0.005847 0.065552
v -0.006722 -0.005847 0.068211
v -0.006304 -0.005847 0.068517
v -0.003934 -0.005847 0.065959
v -0.004663 -0.005847 0.065459
v -0.005328 -0.005847 0.064877
v -0.007237 -0.005847 0.068155
v -0.007791 -0.005847 0.064960
v -0.007710 -0.005847 0.068364
v -0.012956 -0.005847 0.066815
v -0.008016 -0.005847 0.068782
v -0.012322 -0.005847 0.067834
v -0.006151 -0.005847 0.069505
v -0.002494 -0.005847 0.074147
v -0.006095 -0.005847 0.068990
v -0.003153 -0.005847 0.066372
v -0.011608 -0.005847 0.068798
v -0.010819 -0.005847 0.069702
v -0.008071 -0.005847 0.069297
v -0.009959 -0.005847 0.070539
v -0.007862 -0.005847 0.069770
v -0.009035 -0.005847 0.071305
v -0.007444 -0.005847 0.070076
v -0.008053 -0.005847 0.071993
v -0.006930 -0.005847 0.070132
v -0.007018 -0.005847 0.072601
v -0.005937 -0.005847 0.073123
v 0.001062 -0.005847 0.071942
v 0.000853 -0.005847 0.071468
v 0.000908 -0.005847 0.070954
v 0.002202 -0.005847 0.070382
v 0.002620 -0.005847 0.070688
v 0.002829 -0.005847 0.071162
v 0.005743 -0.005847 0.073206
v 0.002773 -0.005847 0.071676
v 0.004618 -0.005847 0.073623
v 0.002468 -0.005847 0.072094
v -0.001304 -0.005847 0.074300
v -0.000106 -0.005847 0.074357
v 0.001480 -0.005847 0.072247
v 0.001094 -0.005847 0.074317
v 0.001994 -0.005847 0.072303
v 0.002286 -0.005847 0.074181
v 0.003463 -0.005847 0.073949
v -0.011497 -0.005847 0.060365
v -0.011079 -0.005847 0.060671
v -0.010870 -0.005847 0.061144
v -0.010926 -0.005847 0.061659
v -0.011231 -0.005847 0.062077
v -0.011705 -0.005847 0.062286
v -0.013506 -0.005847 0.065749
v -0.012219 -0.005847 0.062230
v -0.013969 -0.005847 0.064642
v -0.012637 -0.005847 0.061925
v -0.012790 -0.005847 0.060937
v -0.014804 -0.005847 0.061148
v -0.012846 -0.005847 0.061451
v -0.014620 -0.005847 0.062334
v -0.014341 -0.005847 0.063501
v -0.014778 -0.005847 0.057556
v -0.014883 -0.005847 0.058751
v -0.014892 -0.005847 0.059951
v -0.011474 -0.005847 0.049952
v -0.010672 -0.005847 0.049059
v -0.009801 -0.005847 0.048234
v -0.008866 -0.005847 0.047482
v -0.001094 -0.005847 0.044597
v -0.001480 -0.005847 0.046667
v 0.000106 -0.005847 0.044557
v -0.001062 -0.005847 0.046972
v 0.001304 -0.005847 0.044614
v -0.000853 -0.005847 0.047446
v 0.002494 -0.005847 0.044767
v -0.001687 -0.005847 0.048587
v -0.002202 -0.005847 0.048531
v -0.002620 -0.005847 0.048226
v -0.002829 -0.005847 0.047752
v -0.000908 -0.005847 0.047960
v -0.001214 -0.005847 0.048378
v -0.003463 -0.005847 0.044965
v -0.004618 -0.005847 0.045291
v -0.002773 -0.005847 0.047238
v -0.005743 -0.005847 0.045708
v -0.006831 -0.005847 0.046215
v -0.007874 -0.005847 0.046807
v 0.007018 -0.005847 0.046313
v 0.005937 -0.005847 0.045791
v 0.004819 -0.005847 0.045358
v 0.003668 -0.005847 0.045016
v 0.009035 -0.005847 0.047609
v 0.008053 -0.005847 0.046920
v 0.009959 -0.005847 0.048375
v 0.012956 -0.005847 0.052099
v 0.012322 -0.005847 0.051080
v 0.011608 -0.005847 0.050116
v 0.010819 -0.005847 0.049212
v 0.011231 -0.005847 0.056837
v 0.011705 -0.005847 0.056628
v 0.013506 -0.005847 0.053165
v 0.012219 -0.005847 0.056684
v 0.013969 -0.005847 0.054272
v 0.012637 -0.005847 0.056989
v 0.014341 -0.005847 0.055413
v 0.012485 -0.005847 0.058395
v 0.014883 -0.005847 0.060163
v 0.012790 -0.005847 0.057977
v 0.014892 -0.005847 0.058963
v 0.012846 -0.005847 0.057463
v 0.014804 -0.005847 0.057766
v 0.014620 -0.005847 0.056580
v 0.011497 -0.005847 0.058549
v 0.012011 -0.005847 0.058604
v 0.014778 -0.005847 0.061358
v 0.011079 -0.005847 0.058243
v 0.010870 -0.005847 0.057770
v 0.010926 -0.005847 0.057255
v 0.012202 -0.005847 0.068008
v 0.012851 -0.005847 0.066998
v 0.013416 -0.005847 0.065940
v 0.013894 -0.005847 0.064839
v 0.003664 -0.005847 0.066115
v 0.002866 -0.005847 0.066496
v -0.000598 -0.005847 0.067033
v -0.001473 -0.005847 0.066913
v -0.002329 -0.005847 0.066691
v 0.004412 -0.005847 0.065645
v 0.002030 -0.005847 0.066781
v 0.001166 -0.005847 0.066967
v 0.000286 -0.005847 0.067052
v 0.005921 -0.005847 0.054692
v 0.006434 -0.005847 0.055412
v 0.006860 -0.005847 0.056186
v 0.007598 -0.005847 0.059613
v 0.007529 -0.005847 0.060494
v 0.009092 -0.005847 0.062339
v 0.007358 -0.005847 0.061361
v 0.007087 -0.005847 0.062202
v 0.006720 -0.005847 0.063006
v 0.009060 -0.005847 0.065761
v 0.006263 -0.005847 0.063763
v 0.005720 -0.005847 0.064461
v 0.007194 -0.005847 0.057005
v 0.007430 -0.005847 0.057856
v 0.007565 -0.005847 0.058730
v -0.004412 -0.005847 0.053269
v -0.003664 -0.005847 0.052799
v -0.002866 -0.005847 0.052418
v -0.002030 -0.005847 0.052133
v -0.001166 -0.005847 0.051947
v -0.000286 -0.005847 0.051862
v 0.000598 -0.005847 0.051880
v 0.001473 -0.005847 0.052001
v 0.002329 -0.005847 0.052223
v -0.005921 -0.005847 0.064222
v -0.006434 -0.005847 0.063502
v -0.006860 -0.005847 0.062728
v -0.007194 -0.005847 0.061909
v -0.007430 -0.005847 0.061057
v -0.007565 -0.005847 0.060184
v -0.007598 -0.005847 0.059301
v -0.007529 -0.005847 0.058420
v -0.007358 -0.005847 0.057553
v -0.006522 -0.006847 0.060469
v -0.007234 -0.006847 0.061015
v -0.006352 -0.006847 0.061248
v -0.007004 -0.006847 0.061845
v -0.006090 -0.006847 0.062001
v -0.006680 -0.006847 0.062642
v -0.005739 -0.006847 0.062716
v -0.006265 -0.006847 0.063396
v -0.005304 -0.006847 0.063384
v -0.005765 -0.006847 0.064096
v -0.004792 -0.006847 0.063995
v -0.005188 -0.006847 0.064734
v -0.004210 -0.006847 0.064540
v -0.004540 -0.006847 0.065301
v -0.003567 -0.006847 0.065010
v -0.003831 -0.006847 0.065788
v -0.002872 -0.006847 0.065399
v -0.003070 -0.006847 0.066190
v -0.002134 -0.006847 0.065702
v -0.002267 -0.006847 0.066501
v -0.001366 -0.006847 0.065914
v -0.001434 -0.006847 0.066717
v -0.000578 -0.006847 0.066032
v -0.000582 -0.006847 0.066834
v 0.000219 -0.006847 0.066053
v 0.000279 -0.006847 0.066852
v 0.001012 -0.006847 0.065979
v 0.001135 -0.006847 0.066769
v 0.001791 -0.006847 0.065809
v 0.001976 -0.006847 0.066588
v 0.002544 -0.006847 0.065547
v 0.002791 -0.006847 0.066310
v 0.003259 -0.006847 0.065196
v 0.003568 -0.006847 0.065940
v 0.003927 -0.006847 0.064761
v 0.004296 -0.006847 0.065482
v 0.004538 -0.006847 0.064249
v 0.004967 -0.006847 0.064943
v 0.005083 -0.006847 0.063667
v 0.005570 -0.006847 0.064329
v 0.005553 -0.006847 0.063024
v 0.006098 -0.006847 0.063649
v 0.005943 -0.006847 0.062329
v 0.006543 -0.006847 0.062913
v 0.006245 -0.006847 0.061591
v 0.006900 -0.006847 0.062130
v 0.006457 -0.006847 0.060823
v 0.007164 -0.006847 0.061311
v 0.006575 -0.006847 0.060035
v 0.007331 -0.006847 0.060467
v 0.006596 -0.006847 0.059238
v 0.007398 -0.006847 0.059609
v 0.006522 -0.006847 0.058444
v 0.007366 -0.006847 0.058749
v 0.007234 -0.006847 0.057899
v 0.006352 -0.006847 0.057666
v 0.007004 -0.006847 0.057069
v 0.006090 -0.006847 0.056913
v 0.006680 -0.006847 0.056272
v 0.005739 -0.006847 0.056198
v 0.006265 -0.006847 0.055518
v 0.005304 -0.006847 0.055530
v 0.005765 -0.006847 0.054818
v 0.004792 -0.006847 0.054919
v 0.005188 -0.006847 0.054180
v 0.004210 -0.006847 0.054374
v 0.004540 -0.006847 0.053613
v 0.003567 -0.006847 0.053904
v 0.003831 -0.006847 0.053126
v 0.002872 -0.006847 0.053514
v 0.003070 -0.006847 0.052724
v 0.002134 -0.006847 0.053212
v 0.002267 -0.006847 0.052413
v 0.001366 -0.006847 0.053000
v 0.001434 -0.006847 0.052197
v 0.000578 -0.006847 0.052882
v 0.000582 -0.006847 0.052080
v -0.000219 -0.006847 0.052861
v -0.000279 -0.006847 0.052062
v -0.001012 -0.006847 0.052935
v -0.001135 -0.006847 0.052145
v -0.001791 -0.006847 0.053105
v -0.001976 -0.006847 0.052326
v -0.002544 -0.006847 0.053367
v -0.002791 -0.006847 0.052603
v -0.003259 -0.006847 0.053718
v -0.003568 -0.006847 0.052974
v -0.003927 -0.006847 0.054153
v -0.004296 -0.006847 0.053432
v -0.004538 -0.006847 0.054665
v -0.004967 -0.006847 0.053971
v -0.005083 -0.006847 0.055247
v -0.005570 -0.006847 0.054585
v -0.005553 -0.006847 0.055890
v -0.006098 -0.006847 0.055265
v -0.005943 -0.006847 0.056585
v -0.006543 -0.006847 0.056001
v -0.006245 -0.006847 0.057323
v -0.006900 -0.006847 0.056784
v -0.006457 -0.006847 0.058091
v -0.007164 -0.006847 0.057603
v -0.006575 -0.006847 0.058879
v -0.007331 -0.006847 0.058447
v -0.006596 -0.006847 0.059676
v -0.007398 -0.006847 0.059305
v -0.007366 -0.006847 0.060165
v -0.000282 -0.006747 0.051962
v -0.000282 -0.005947 0.051962
v -0.001151 -0.006747 0.052046
v -0.001151 -0.005947 0.052046
v -0.002003 -0.006747 0.052229
v -0.002003 -0.005947 0.052229
v -0.002829 -0.006747 0.052511
v -0.002829 -0.005947 0.052511
v -0.003616 -0.006747 0.052886
v -0.003616 -0.005947 0.052886
v -0.004354 -0.006747 0.053350
v -0.004354 -0.005947 0.053350
v -0.005034 -0.006747 0.053897
v -0.005034 -0.005947 0.053897
v -0.005645 -0.006747 0.054519
v -0.005645 -0.005947 0.054519
v -0.006180 -0.006747 0.055208
v -0.006180 -0.005947 0.055208
v -0.006632 -0.006747 0.055954
v -0.006632 -0.005947 0.055954
v -0.006994 -0.006747 0.056748
v -0.006994 -0.005947 0.056748
v -0.007261 -0.006747 0.057578
v -0.007261 -0.005947 0.057578
v -0.007430 -0.006747 0.058434
v -0.007430 -0.005947 0.058434
v -0.007498 -0.006747 0.059303
v -0.007498 -0.005947 0.059303
v -0.007466 -0.006747 0.060175
v -0.007466 -0.005947 0.060175
v -0.007332 -0.006747 0.061036
v -0.007332 -0.005947 0.061036
v -0.007099 -0.006747 0.061877
v -0.007099 -0.005947 0.061877
v -0.006770 -0.006747 0.062685
v -0.006770 -0.005947 0.062685
v -0.006349 -0.006747 0.063449
v -0.006349 -0.005947 0.063449
v -0.005843 -0.006747 0.064159
v -0.005843 -0.005947 0.064159
v -0.005258 -0.006747 0.064805
v -0.005258 -0.005947 0.064805
v -0.004601 -0.006747 0.065380
v -0.004601 -0.005947 0.065380
v -0.003882 -0.006747 0.065874
v -0.003882 -0.005947 0.065874
v -0.003111 -0.006747 0.066281
v -0.003111 -0.005947 0.066281
v -0.002298 -0.006747 0.066596
v -0.002298 -0.005947 0.066596
v -0.001454 -0.006747 0.066815
v -0.001454 -0.005947 0.066815
v -0.000590 -0.006747 0.066934
v -0.000590 -0.005947 0.066934
v 0.000282 -0.006747 0.066952
v 0.000282 -0.005947 0.066952
v 0.001151 -0.006747 0.066868
v 0.001151 -0.005947 0.066868
v 0.002003 -0.006747 0.066684
v 0.002003 -0.005947 0.066684
v 0.002829 -0.006747 0.066403
v 0.002829 -0.005947 0.066403
v 0.003616 -0.006747 0.066028
v 0.003616 -0.005947 0.066028
v 0.004354 -0.006747 0.065564
v 0.004354 -0.005947 0.065564
v 0.005034 -0.006747 0.065017
v 0.005034 -0.005947 0.065017
v 0.005645 -0.006747 0.064395
v 0.005645 -0.005947 0.064395
v 0.006180 -0.006747 0.063706
v 0.006180 -0.005947 0.063706
v 0.006632 -0.006747 0.062960
v 0.006632 -0.005947 0.062960
v 0.006994 -0.006747 0.062166
v 0.006994 -0.005947 0.062166
v 0.007261 -0.006747 0.061336
v 0.007261 -0.005947 0.061336
v 0.007430 -0.006747 0.060480
v 0.007430 -0.005947 0.060480
v 0.007498 -0.006747 0.059611
v 0.007498 -0.005947 0.059611
v 0.007466 -0.006747 0.058739
v 0.007466 -0.005947 0.058739
v 0.007332 -0.006747 0.057877
v 0.007332 -0.005947 0.057877
v 0.007099 -0.006747 0.057037
v 0.007099 -0.005947 0.057037
v 0.006770 -0.006747 0.056229
v 0.006770 -0.005947 0.056229
v 0.006349 -0.006747 0.055465
v 0.006349 -0.005947 0.055465
v 0.005843 -0.006747 0.054755
v 0.005843 -0.005947 0.054755
v 0.005258 -0.006747 0.054108
v 0.005258 -0.005947 0.054108
v 0.004601 -0.006747 0.053534
v 0.004601 -0.005947 0.053534
v 0.003882 -0.006747 0.053040
v 0.003882 -0.005947 0.053040
v 0.003111 -0.006747 0.052633
v 0.003111 -0.005947 0.052633
v 0.002298 -0.006747 0.052318
v 0.002298 -0.005947 0.052318
v 0.001454 -0.006747 0.052099
v 0.001454 -0.005947 0.052099
v 0.000590 -0.006747 0.051980
v 0.000590 -0.005947 0.051980
v 0.000284 -0.005861 0.067002
v -0.000594 -0.005861 0.066984
v -0.001463 -0.005861 0.066864
v -0.002313 -0.005861 0.066644
v -0.003132 -0.005861 0.066327
v -0.003908 -0.005861 0.065917
v -0.004632 -0.005861 0.065419
v -0.005293 -0.005861 0.064841
v -0.005882 -0.005861 0.064190
v -0.006392 -0.005861 0.063475
v -0.006815 -0.005861 0.062706
v -0.007146 -0.005861 0.061893
v -0.007381 -0.005861 0.061047
v -0.007515 -0.005861 0.060179
v -0.007548 -0.005861 0.059302
v -0.007479 -0.005861 0.058427
v -0.007309 -0.005861 0.057565
v -0.007040 -0.005861 0.056730
v -0.006676 -0.005861 0.055931
v -0.006221 -0.005861 0.055180
v -0.005683 -0.005861 0.054486
v -0.005067 -0.005861 0.053860
v -0.004383 -0.005861 0.053310
v -0.003640 -0.005861 0.052842
v -0.002848 -0.005861 0.052465
v -0.002016 -0.005861 0.052181
v -0.001158 -0.005861 0.051996
v -0.000284 -0.005861 0.051912
v 0.000594 -0.005861 0.051930
v 0.001463 -0.005861 0.052050
v 0.002313 -0.005861 0.052270
v 0.003132 -0.005861 0.052587
v 0.003908 -0.005861 0.052997
v 0.004632 -0.005861 0.053495
v 0.005293 -0.005861 0.054073
v 0.005882 -0.005861 0.054724
v 0.006392 -0.005861 0.055438
v 0.006815 -0.005861 0.056208
v 0.007146 -0.005861 0.057021
v 0.007381 -0.005861 0.057867
v 0.007515 -0.005861 0.058735
v 0.007548 -0.005861 0.059612
v 0.007479 -0.005861 0.060487
v 0.007309 -0.005861 0.061348
v 0.007040 -0.005861 0.062184
v 0.006676 -0.005861 0.062983
v 0.006221 -0.005861 0.063734
v 0.005683 -0.005861 0.064428
v 0.005067 -0.005861 0.065054
v 0.004383 -0.005861 0.065604
v 0.003640 -0.005861 0.066072
v 0.002848 -0.005861 0.066449
v 0.002016 -0.005861 0.066733
v 0.001158 -0.005861 0.066918
v 0.000283 -0.005897 0.066965
v -0.000591 -0.005897 0.066947
v -0.001456 -0.005897 0.066828
v -0.002302 -0.005897 0.066609
v -0.003117 -0.005897 0.066293
v -0.003889 -0.005897 0.065885
v -0.004609 -0.005897 0.065390
v -0.005267 -0.005897 0.064815
v -0.005854 -0.005897 0.064167
v -0.006361 -0.005897 0.063456
v -0.006782 -0.005897 0.062690
v -0.007112 -0.005897 0.061881
v -0.007345 -0.005897 0.061039
v -0.007479 -0.005897 0.060176
v -0.007512 -0.005897 0.059303
v -0.007443 -0.005897 0.058432
v -0.007274 -0.005897 0.057575
v -0.007006 -0.005897 0.056743
v -0.006644 -0.005897 0.055948
v -0.006191 -0.005897 0.055200
v -0.005655 -0.005897 0.054510
v -0.005043 -0.005897 0.053887
v -0.004362 -0.005897 0.053339
v -0.003622 -0.005897 0.052874
v -0.002834 -0.005897 0.052498
v -0.002007 -0.005897 0.052216
v -0.001153 -0.005897 0.052032
v -0.000283 -0.005897 0.051949
v 0.000591 -0.005897 0.051967
v 0.001456 -0.005897 0.052086
v 0.002302 -0.005897 0.052305
v 0.003117 -0.005897 0.052621
v 0.003889 -0.005897 0.053029
v 0.004609 -0.005897 0.053524
v 0.005267 -0.005897 0.054099
v 0.005854 -0.005897 0.054747
v 0.006361 -0.005897 0.055458
v 0.006782 -0.005897 0.056223
v 0.007112 -0.005897 0.057033
v 0.007345 -0.005897 0.057875
v 0.007479 -0.005897 0.058738
v 0.007512 -0.005897 0.059611
v 0.007443 -0.005897 0.060482
v 0.007274 -0.005897 0.061339
v 0.007006 -0.005897 0.062171
v 0.006644 -0.005897 0.062966
v 0.006191 -0.005897 0.063714
v 0.005655 -0.005897 0.064404
v 0.005043 -0.005897 0.065027
v 0.004362 -0.005897 0.065574
v 0.003622 -0.005897 0.066039
v 0.002834 -0.005897 0.066415
v 0.002007 -0.005897 0.066697
v 0.001153 -0.005897 0.066881
v -0.001990 -0.006834 0.052278
v -0.002810 -0.006834 0.052557
v -0.003592 -0.006834 0.052930
v -0.004325 -0.006834 0.053391
v -0.005000 -0.006834 0.053934
v -0.005608 -0.006834 0.054552
v -0.006139 -0.006834 0.055236
v -0.006588 -0.006834 0.055977
v -0.006947 -0.006834 0.056766
v -0.007212 -0.006834 0.057590
v -0.007380 -0.006834 0.058440
v -0.007448 -0.006834 0.059304
v -0.007416 -0.006834 0.060170
v -0.007283 -0.006834 0.061026
v -0.007052 -0.006834 0.061861
v -0.006725 -0.006834 0.062663
v -0.006307 -0.006834 0.063422
v -0.005804 -0.006834 0.064128
v -0.005223 -0.006834 0.064770
v -0.004571 -0.006834 0.065340
v -0.003857 -0.006834 0.065831
v -0.003091 -0.006834 0.066236
v -0.002283 -0.006834 0.066549
v -0.001444 -0.006834 0.066766
v -0.000586 -0.006834 0.066884
v 0.000280 -0.006834 0.066902
v 0.001143 -0.006834 0.066819
v 0.001990 -0.006834 0.066636
v 0.002810 -0.006834 0.066357
v 0.003592 -0.006834 0.065984
v 0.004325 -0.006834 0.065523
v 0.005000 -0.006834 0.064980
v 0.005608 -0.006834 0.064362
v 0.006139 -0.006834 0.063678
v 0.006588 -0.006834 0.062936
v 0.006947 -0.006834 0.062148
v 0.007212 -0.006834 0.061323
v 0.007380 -0.006834 0.060474
v 0.007448 -0.006834 0.059610
v 0.007416 -0.006834 0.058744
v 0.007283 -0.006834 0.057888
v 0.007052 -0.006834 0.057053
v 0.006725 -0.006834 0.056251
v 0.006307 -0.006834 0.055492
v 0.005804 -0.006834 0.054786
v 0.005223 -0.006834 0.054144
v 0.004571 -0.006834 0.053574
v 0.003857 -0.006834 0.053083
v 0.003091 -0.006834 0.052678
v 0.002283 -0.006834 0.052365
v 0.001444 -0.006834 0.052148
v 0.000586 -0.006834 0.052030
v -0.000280 -0.006834 0.052012
v -0.001143 -0.006834 0.052095
v -0.002000 -0.006797 0.052242
v -0.002824 -0.006797 0.052523
v -0.003609 -0.006797 0.052898
v -0.004347 -0.006797 0.053361
v -0.005025 -0.006797 0.053907
v -0.005635 -0.006797 0.054528
v -0.006169 -0.006797 0.055215
v -0.006620 -0.006797 0.055960
v -0.006981 -0.006797 0.056753
v -0.007248 -0.006797 0.057581
v -0.007417 -0.006797 0.058435
v -0.007485 -0.006797 0.059303
v -0.007452 -0.006797 0.060173
v -0.007319 -0.006797 0.061034
v -0.007086 -0.006797 0.061873
v -0.006758 -0.006797 0.062679
v -0.006338 -0.006797 0.063442
v -0.005833 -0.006797 0.064151
v -0.005248 -0.006797 0.064796
v -0.004593 -0.006797 0.065369
v -0.003876 -0.006797 0.065862
v -0.003106 -0.006797 0.066269
v -0.002294 -0.006797 0.066583
v -0.001451 -0.006797 0.066802
v -0.000589 -0.006797 0.066920
v 0.000282 -0.006797 0.066938
v 0.001148 -0.006797 0.066855
v 0.002000 -0.006797 0.066672
v 0.002824 -0.006797 0.066391
v 0.003609 -0.006797 0.066016
v 0.004347 -0.006797 0.065553
v 0.005025 -0.006797 0.065007
v 0.005635 -0.006797 0.064386
v 0.006169 -0.006797 0.063698
v 0.006620 -0.006797 0.062954
v 0.006981 -0.006797 0.062161
v 0.007248 -0.006797 0.061333
v 0.007417 -0.006797 0.060478
v 0.007485 -0.006797 0.059611
v 0.007452 -0.006797 0.058741
v 0.007319 -0.006797 0.057880
v 0.007086 -0.006797 0.057041
v 0.006758 -0.006797 0.056235
v 0.006338 -0.006797 0.055472
v 0.005833 -0.006797 0.054763
v 0.005248 -0.006797 0.054118
v 0.004593 -0.006797 0.053545
v 0.003876 -0.006797 0.053052
v 0.003106 -0.006797 0.052645
v 0.002294 -0.006797 0.052330
v 0.001451 -0.006797 0.052112
v 0.000589 -0.006797 0.051994
v -0.000282 -0.006797 0.051976
v -0.001148 -0.006797 0.052059
v -0.001768 -0.006897 0.053188
v -0.002510 -0.006897 0.053447
v -0.003217 -0.006897 0.053793
v -0.003876 -0.006897 0.054222
v -0.004479 -0.006897 0.054728
v -0.005016 -0.006897 0.055302
v -0.005480 -0.006897 0.055937
v -0.005865 -0.006897 0.056623
v -0.006163 -0.006897 0.057351
v -0.006372 -0.006897 0.058109
v -0.006488 -0.006897 0.058887
v -0.006510 -0.006897 0.059673
v -0.006436 -0.006897 0.060456
v -0.006269 -0.006897 0.061225
v -0.006010 -0.006897 0.061967
v -0.005664 -0.006897 0.062674
v -0.005235 -0.006897 0.063333
v -0.004729 -0.006897 0.063935
v -0.004155 -0.006897 0.064473
v -0.003520 -0.006897 0.064937
v -0.002834 -0.006897 0.065322
v -0.002106 -0.006897 0.065620
v -0.001348 -0.006897 0.065829
v -0.000570 -0.006897 0.065945
v 0.000216 -0.006897 0.065967
v 0.000999 -0.006897 0.065893
v 0.001768 -0.006897 0.065726
v 0.002510 -0.006897 0.065467
v 0.003217 -0.006897 0.065121
v 0.003876 -0.006897 0.064692
v 0.004479 -0.006897 0.064186
v 0.005016 -0.006897 0.063612
v 0.005480 -0.006897 0.062977
v 0.005865 -0.006897 0.062291
v 0.006163 -0.006897 0.061563
v 0.006372 -0.006897 0.060805
v 0.006488 -0.006897 0.060027
v 0.006510 -0.006897 0.059241
v 0.006436 -0.006897 0.058458
v 0.006269 -0.006897 0.057689
v 0.006010 -0.006897 0.056947
v 0.005664 -0.006897 0.056240
v 0.005235 -0.006897 0.055581
v 0.004729 -0.006897 0.054978
v 0.004155 -0.006897 0.054441
v 0.003520 -0.006897 0.053977
v 0.002834 -0.006897 0.053592
v 0.002106 -0.006897 0.053294
v 0.001348 -0.006897 0.053085
v 0.000570 -0.006897 0.052969
v -0.000216 -0.006897 0.052947
v -0.000999 -0.006897 0.053021
v -0.001778 -0.006861 0.053153
v -0.002525 -0.006861 0.053413
v -0.003235 -0.006861 0.053761
v -0.003898 -0.006861 0.054193
v -0.004504 -0.006861 0.054701
v -0.005044 -0.006861 0.055279
v -0.005511 -0.006861 0.055917
v -0.005898 -0.006861 0.056607
v -0.006198 -0.006861 0.057339
v -0.006408 -0.006861 0.058101
v -0.006525 -0.006861 0.058884
v -0.006546 -0.006861 0.059674
v -0.006472 -0.006861 0.060462
v -0.006304 -0.006861 0.061235
v -0.006044 -0.006861 0.061981
v -0.005696 -0.006861 0.062692
v -0.005264 -0.006861 0.063355
v -0.004756 -0.006861 0.063961
v -0.004178 -0.006861 0.064501
v -0.003540 -0.006861 0.064968
v -0.002850 -0.006861 0.065354
v -0.002118 -0.006861 0.065655
v -0.001356 -0.006861 0.065865
v -0.000573 -0.006861 0.065982
v 0.000217 -0.006861 0.066003
v 0.001005 -0.006861 0.065929
v 0.001778 -0.006861 0.065761
v 0.002525 -0.006861 0.065501
v 0.003235 -0.006861 0.065153
v 0.003898 -0.006861 0.064721
v 0.004504 -0.006861 0.064213
v 0.005044 -0.006861 0.063635
v 0.005511 -0.006861 0.062997
v 0.005898 -0.006861 0.062307
v 0.006198 -0.006861 0.061575
v 0.006408 -0.006861 0.060813
v 0.006525 -0.006861 0.060030
v 0.006546 -0.006861 0.059240
v 0.006472 -0.006861 0.058452
v 0.006304 -0.006861 0.057679
v 0.006044 -0.006861 0.056932
v 0.005696 -0.006861 0.056222
v 0.005264 -0.006861 0.055559
v 0.004756 -0.006861 0.054953
v 0.004178 -0.006861 0.054413
v 0.003540 -0.006861 0.053946
v 0.002850 -0.006861 0.053559
v 0.002118 -0.006861 0.053259
v 0.001356 -0.006861 0.053049
v 0.000573 -0.006861 0.052932
v -0.000217 -0.006861 0.052911
v -0.001005 -0.006861 0.052984
v 0.000216 -0.010797 0.065967
v -0.000570 -0.010797 0.065945
v -0.001348 -0.010797 0.065829
v -0.002106 -0.010797 0.065620
v -0.002834 -0.010797 0.065322
v -0.003520 -0.010797 0.064937
v -0.004155 -0.010797 0.064473
v -0.004729 -0.010797 0.063935
v -0.005235 -0.010797 0.063333
v -0.005664 -0.010797 0.062674
v -0.006010 -0.010797 0.061967
v -0.006269 -0.010797 0.061225
v -0.006436 -0.010797 0.060456
v -0.006510 -0.010797 0.059673
v -0.006488 -0.010797 0.058887
v -0.006372 -0.010797 0.058109
v -0.006163 -0.010797 0.057351
v -0.005865 -0.010797 0.056623
v -0.005480 -0.010797 0.055937
v -0.005016 -0.010797 0.055302
v -0.004479 -0.010797 0.054728
v -0.003876 -0.010797 0.054222
v -0.003217 -0.010797 0.053793
v -0.002510 -0.010797 0.053447
v -0.001768 -0.010797 0.053188
v -0.000999 -0.010797 0.053021
v -0.000216 -0.010797 0.052947
v 0.000570 -0.010797 0.052969
v 0.001348 -0.010797 0.053085
v 0.002106 -0.010797 0.053294
v 0.002834 -0.010797 0.053592
v 0.003520 -0.010797 0.053977
v 0.004155 -0.010797 0.054441
v 0.004729 -0.010797 0.054978
v 0.005235 -0.010797 0.055581
v 0.005664 -0.010797 0.056240
v 0.006010 -0.010797 0.056947
v 0.006269 -0.010797 0.057689
v 0.006436 -0.010797 0.058458
v 0.006510 -0.010797 0.059241
v 0.006488 -0.010797 0.060027
v 0.006372 -0.010797 0.060805
v 0.006163 -0.010797 0.061563
v 0.005865 -0.010797 0.062291
v 0.005480 -0.010797 0.062977
v 0.005016 -0.010797 0.063612
v 0.004479 -0.010797 0.064186
v 0.003876 -0.010797 0.064692
v 0.003217 -0.010797 0.065121
v 0.002510 -0.010797 0.065467
v 0.001768 -0.010797 0.065726
v 0.000999 -0.010797 0.065893
v 0.000217 -0.010834 0.066003
v -0.000573 -0.010834 0.065982
v -0.001356 -0.010834 0.065865
v -0.002118 -0.010834 0.065655
v -0.002850 -0.010834 0.065354
v -0.003540 -0.010834 0.064968
v -0.004178 -0.010834 0.064501
v -0.004756 -0.010834 0.063961
v -0.005264 -0.010834 0.063355
v -0.005696 -0.010834 0.062692
v -0.006044 -0.010834 0.061981
v -0.006304 -0.010834 0.061235
v -0.006472 -0.010834 0.060462
v -0.006546 -0.010834 0.059674
v -0.006525 -0.010834 0.058884
v -0.006408 -0.010834 0.058101
v -0.006198 -0.010834 0.057339
v -0.005898 -0.010834 0.056607
v -0.005511 -0.010834 0.055917
v -0.005044 -0.010834 0.055279
v -0.004504 -0.010834 0.054701
v -0.003898 -0.010834 0.054193
v -0.003235 -0.010834 0.053761
v -0.002525 -0.010834 0.053413
v -0.001778 -0.010834 0.053153
v -0.001005 -0.010834 0.052984
v -0.000217 -0.010834 0.052911
v 0.000573 -0.010834 0.052932
v 0.001356 -0.010834 0.053049
v 0.002118 -0.010834 0.053259
v 0.002850 -0.010834 0.053559
v 0.003540 -0.010834 0.053946
v 0.004178 -0.010834 0.054413
v 0.004756 -0.010834 0.054953
v 0.005264 -0.010834 0.055559
v 0.005696 -0.010834 0.056222
v 0.006044 -0.010834 0.056932
v 0.006304 -0.010834 0.057679
v 0.006472 -0.010834 0.058452
v 0.006546 -0.010834 0.059240
v 0.006525 -0.010834 0.060030
v 0.006408 -0.010834 0.060813
v 0.006198 -0.010834 0.061575
v 0.005898 -0.010834 0.062307
v 0.005511 -0.010834 0.062997
v 0.005044 -0.010834 0.063635
v 0.004504 -0.010834 0.064213
v 0.003898 -0.010834 0.064721
v 0.003235 -0.010834 0.065153
v 0.002525 -0.010834 0.065501
v 0.001778 -0.010834 0.065761
v 0.001005 -0.010834 0.065929
v 0.001100 -0.005897 0.074403
v -0.000106 -0.005897 0.074443
v -0.001312 -0.005897 0.074386
v -0.002509 -0.005897 0.074232
v -0.003690 -0.005897 0.073982
v -0.004847 -0.005897 0.073638
v -0.005972 -0.005897 0.073202
v -0.007059 -0.005897 0.072677
v -0.008100 -0.005897 0.072066
v -0.009088 -0.005897 0.071374
v -0.010017 -0.005897 0.070604
v -0.010882 -0.005897 0.069762
v -0.011676 -0.005897 0.068853
v -0.012394 -0.005897 0.067883
v -0.013032 -0.005897 0.066858
v -0.013585 -0.005897 0.065785
v -0.014050 -0.005897 0.064672
v -0.014424 -0.005897 0.063524
v -0.014705 -0.005897 0.062350
v -0.014890 -0.005897 0.061158
v -0.014978 -0.005897 0.059954
v -0.014970 -0.005897 0.058747
v -0.014864 -0.005897 0.057545
v -0.014662 -0.005897 0.056355
v -0.014365 -0.005897 0.055185
v -0.013975 -0.005897 0.054043
v -0.013494 -0.005897 0.052936
v -0.012925 -0.005897 0.051872
v -0.012273 -0.005897 0.050856
v -0.011541 -0.005897 0.049897
v -0.010734 -0.005897 0.048999
v -0.009858 -0.005897 0.048169
v -0.008918 -0.005897 0.047412
v -0.007920 -0.005897 0.046734
v -0.006870 -0.005897 0.046138
v -0.005776 -0.005897 0.045628
v -0.004645 -0.005897 0.045208
v -0.003483 -0.005897 0.044881
v -0.002299 -0.005897 0.044648
v -0.001100 -0.005897 0.044511
v 0.000106 -0.005897 0.044471
v 0.001312 -0.005897 0.044528
v 0.002509 -0.005897 0.044682
v 0.003690 -0.005897 0.044932
v 0.004847 -0.005897 0.045276
v 0.005972 -0.005897 0.045712
v 0.007059 -0.005897 0.046237
v 0.008100 -0.005897 0.046848
v 0.009088 -0.005897 0.047540
v 0.010017 -0.005897 0.048310
v 0.010882 -0.005897 0.049152
v 0.011676 -0.005897 0.050061
v 0.012394 -0.005897 0.051031
v 0.013032 -0.005897 0.052056
v 0.013585 -0.005897 0.053129
v 0.014050 -0.005897 0.054242
v 0.014424 -0.005897 0.055390
v 0.014705 -0.005897 0.056564
v 0.014890 -0.005897 0.057756
v 0.014978 -0.005897 0.058960
v 0.014970 -0.005897 0.060167
v 0.014864 -0.005897 0.061369
v 0.014662 -0.005897 0.062559
v 0.014365 -0.005897 0.063729
v 0.013975 -0.005897 0.064871
v 0.013494 -0.005897 0.065978
v 0.012925 -0.005897 0.067042
v 0.012273 -0.005897 0.068058
v 0.011541 -0.005897 0.069017
v 0.010734 -0.005897 0.069915
v 0.009858 -0.005897 0.070745
v 0.008918 -0.005897 0.071501
v 0.007920 -0.005897 0.072180
v 0.006870 -0.005897 0.072776
v 0.005776 -0.005897 0.073286
v 0.004645 -0.005897 0.073706
v 0.003483 -0.005897 0.074033
v 0.002299 -0.005897 0.074266
v 0.001097 -0.005861 0.074367
v -0.000106 -0.005861 0.074407
v -0.001309 -0.005861 0.074350
v -0.002503 -0.005861 0.074196
v -0.003681 -0.005861 0.073947
v -0.004835 -0.005861 0.073604
v -0.005957 -0.005861 0.073169
v -0.007041 -0.005861 0.072645
v -0.008080 -0.005861 0.072036
v -0.009066 -0.005861 0.071345
v -0.009993 -0.005861 0.070577
v -0.010855 -0.005861 0.069736
v -0.011647 -0.005861 0.068830
v -0.012364 -0.005861 0.067862
v -0.013000 -0.005861 0.066840
v -0.013552 -0.005861 0.065770
v -0.014016 -0.005861 0.064659
v -0.014389 -0.005861 0.063514
v -0.014669 -0.005861 0.062343
v -0.014853 -0.005861 0.061154
v -0.014942 -0.005861 0.059953
v -0.014933 -0.005861 0.058749
v -0.014828 -0.005861 0.057550
v -0.014626 -0.005861 0.056363
v -0.014330 -0.005861 0.055196
v -0.013941 -0.005861 0.054057
v -0.013461 -0.005861 0.052952
v -0.012894 -0.005861 0.051890
v -0.012243 -0.005861 0.050877
v -0.011513 -0.005861 0.049920
v -0.010708 -0.005861 0.049024
v -0.009834 -0.005861 0.048197
v -0.008896 -0.005861 0.047442
v -0.007900 -0.005861 0.046765
v -0.006853 -0.005861 0.046170
v -0.005762 -0.005861 0.045662
v -0.004633 -0.005861 0.045243
v -0.003475 -0.005861 0.044916
v -0.002293 -0.005861 0.044684
v -0.001097 -0.005861 0.044547
v 0.000106 -0.005861 0.044507
v 0.001309 -0.005861 0.044564
v 0.002503 -0.005861 0.044718
v 0.003681 -0.005861 0.044967
v 0.004835 -0.005861 0.045310
v 0.005957 -0.005861 0.045745
v 0.007041 -0.005861 0.046269
v 0.008080 -0.005861 0.046878
v 0.009066 -0.005861 0.047569
v 0.009993 -0.005861 0.048337
v 0.010855 -0.005861 0.049178
v 0.011647 -0.005861 0.050084
v 0.012364 -0.005861 0.051052
v 0.013000 -0.005861 0.052074
v 0.013552 -0.005861 0.053144
v 0.014016 -0.005861 0.054255
v 0.014389 -0.005861 0.055400
v 0.014669 -0.005861 0.056571
v 0.014853 -0.005861 0.057760
v 0.014942 -0.005861 0.058961
v 0.014933 -0.005861 0.060165
v 0.014828 -0.005861 0.061364
v 0.014626 -0.005861 0.062551
v 0.014330 -0.005861 0.063718
v 0.013941 -0.005861 0.064857
v 0.013461 -0.005861 0.065962
v 0.012894 -0.005861 0.067024
v 0.012243 -0.005861 0.068037
v 0.011513 -0.005861 0.068994
v 0.010708 -0.005861 0.069889
v 0.009834 -0.005861 0.070717
v 0.008896 -0.005861 0.071472
v 0.007900 -0.005861 0.072149
v 0.006853 -0.005861 0.072743
v 0.005762 -0.005861 0.073252
v 0.004633 -0.005861 0.073671
v 0.003475 -0.005861 0.073998
v 0.002293 -0.005861 0.074230
v 0.001097 -0.010834 0.074367
v -0.000106 -0.010834 0.074407
v -0.001309 -0.010834 0.074350
v -0.002503 -0.010834 0.074196
v -0.003681 -0.010834 0.073947
v -0.004835 -0.010834 0.073604
v -0.005957 -0.010834 0.073169
v -0.007041 -0.010834 0.072645
v -0.008080 -0.010834 0.072036
v -0.009066 -0.010834 0.071345
v -0.009993 -0.010834 0.070577
v -0.010855 -0.010834 0.069736
v -0.011647 -0.010834 0.068830
v -0.012364 -0.010834 0.067862
v -0.013000 -0.010834 0.066840
v -0.013552 -0.010834 0.065770
v -0.014016 -0.010834 0.064659
v -0.014389 -0.010834 0.063514
v -0.014669 -0.010834 0.062343
v -0.014853 -0.010834 0.061154
v -0.014942 -0.010834 0.059953
v -0.014933 -0.010834 0.058749
v -0.014828 -0.010834 0.057550
v -0.014626 -0.010834 0.056363
v -0.014330 -0.010834 0.055196
v -0.013941 -0.010834 0.054057
v -0.013461 -0.010834 0.052952
v -0.012894 -0.010834 0.051890
v -0.012243 -0.010834 0.050877
v -0.011513 -0.010834 0.049920
v -0.010708 -0.010834 0.049024
v -0.009834 -0.010834 0.048197
v -0.008896 -0.010834 0.047442
v -0.007900 -0.010834 0.046765
v -0.006853 -0.010834 0.046170
v -0.005762 -0.010834 0.045662
v -0.004633 -0.010834 0.045243
v -0.003475 -0.010834 0.044916
v -0.002293 -0.010834 0.044684
v -0.001097 -0.010834 0.044547
v 0.000106 -0.010834 0.044507
v 0.001309 -0.010834 0.044564
v 0.002503 -0.010834 0.044718
v 0.003681 -0.010834 0.044967
v 0.004835 -0.010834 0.045310
v 0.005957 -0.010834 0.045745
v 0.007041 -0.010834 0.046269
v 0.008080 -0.010834 0.046878
v 0.009066 -0.010834 0.047569
v 0.009993 -0.010834 0.048337
v 0.010855 -0.010834 0.049178
v 0.011647 -0.010834 0.050084
v 0.012364 -0.010834 0.051052
v 0.013000 -0.010834 0.052074
v 0.013552 -0.010834 0.053144
v 0.014016 -0.010834 0.054255
v 0.014389 -0.010834 0.055400
v 0.014669 -0.010834 0.056571
v 0.014853 -0.010834 0.057760
v 0.014942 -0.010834 0.058961
v 0.014933 -0.010834 0.060165
v 0.014828 -0.010834 0.061364
v 0.014626 -0.010834 0.062551
v 0.014330 -0.010834 0.063718
v 0.013941 -0.010834 0.064857
v 0.013461 -0.010834 0.065962
v 0.012894 -0.010834 0.067024
v 0.012243 -0.010834 0.068037
v 0.011513 -0.010834 0.068994
v 0.010708 -0.010834 0.069889
v 0.009834 -0.010834 0.070717
v 0.008896 -0.010834 0.071472
v 0.007900 -0.010834 0.072149
v 0.006853 -0.010834 0.072743
v 0.005762 -0.010834 0.073252
v 0.004633 -0.010834 0.073671
v 0.003475 -0.010834 0.073998
v 0.002293 -0.010834 0.074230
v 0.001100 -0.010797 0.074403
v -0.000106 -0.010797 0.074443
v -0.001312 -0.010797 0.074386
v -0.002509 -0.010797 0.074232
v -0.003690 -0.010797 0.073982
v -0.004847 -0.010797 0.073638
v -0.005972 -0.010797 0.073202
v -0.007059 -0.010797 0.072677
v -0.008100 -0.010797 0.072066
v -0.009088 -0.010797 0.071374
v -0.010017 -0.010797 0.070604
v -0.010882 -0.010797 0.069762
v -0.011676 -0.010797 0.068853
v -0.012394 -0.010797 0.067883
v -0.013032 -0.010797 0.066858
v -0.013585 -0.010797 0.065785
v -0.014050 -0.010797 0.064672
v -0.014424 -0.010797 0.063524
v -0.014705 -0.010797 0.062350
v -0.014890 -0.010797 0.061158
v -0.014978 -0.010797 0.059954
v -0.014970 -0.010797 0.058747
v -0.014864 -0.010797 0.057545
v -0.014662 -0.010797 0.056355
v -0.014365 -0.010797 0.055185
v -0.013975 -0.010797 0.054043
v -0.013494 -0.010797 0.052936
v -0.012925 -0.010797 0.051872
v -0.012273 -0.010797 0.050856
v -0.011541 -0.010797 0.049897
v -0.010734 -0.010797 0.048999
v -0.009858 -0.010797 0.048169
v -0.008918 -0.010797 0.047412
v -0.007920 -0.010797 0.046734
v -0.006870 -0.010797 0.046138
v -0.005776 -0.010797 0.045628
v -0.004645 -0.010797 0.045208
v -0.003483 -0.010797 0.044881
v -0.002299 -0.010797 0.044648
v -0.001100 -0.010797 0.044511
v 0.000106 -0.010797 0.044471
v 0.001312 -0.010797 0.044528
v 0.002509 -0.010797 0.044682
v 0.003690 -0.010797 0.044932
v 0.004847 -0.010797 0.045276
v 0.005972 -0.010797 0.045712
v 0.007059 -0.010797 0.046237
v 0.008100 -0.010797 0.046848
v 0.009088 -0.010797 0.047540
v 0.010017 -0.010797 0.048310
v 0.010882 -0.010797 0.049152
v 0.011676 -0.010797 0.050061
v 0.012394 -0.010797 0.051031
v 0.013032 -0.010797 0.052056
v 0.013585 -0.010797 0.053129
v 0.014050 -0.010797 0.054242
v 0.014424 -0.010797 0.055390
v 0.014705 -0.010797 0.056564
v 0.014890 -0.010797 0.057756
v 0.014978 -0.010797 0.058960
v 0.014970 -0.010797 0.060167
v 0.014864 -0.010797 0.061369
v 0.014662 -0.010797 0.062559
v 0.014365 -0.010797 0.063729
v 0.013975 -0.010797 0.064871
v 0.013494 -0.010797 0.065978
v 0.012925 -0.010797 0.067042
v 0.012273 -0.010797 0.068058
v 0.011541 -0.010797 0.069017
v 0.010734 -0.010797 0.069915
v 0.009858 -0.010797 0.070745
v 0.008918 -0.010797 0.071501
v 0.007920 -0.010797 0.072180
v 0.006870 -0.010797 0.072776
v 0.005776 -0.010797 0.073286
v 0.004645 -0.010797 0.073706
v 0.003483 -0.010797 0.074033
v 0.002299 -0.010797 0.074266
v -0.012000 0.014000 0.072457
v -0.003300 0.014000 0.072457
v -0.003300 0.018000 0.072457
v 0.003300 0.018000 0.072457
v 0.010950 0.020103 0.072457
v 0.011705 0.020455 0.072457
v 0.012000 0.014000 0.072457
v 0.011992 0.020716 0.072457
v 0.012000 0.020725 0.072457
v 0.003300 0.014000 0.072457
v 0.011131 0.020159 0.072457
v -0.011601 0.020384 0.072457
v -0.011643 0.020411 0.072457
v -0.011992 0.020716 0.072457
v -0.012000 0.020725 0.072457
v 0.010129 0.020000 0.072457
v -0.010129 0.020000 0.072457
v -0.010884 0.020086 0.072457
v -0.011013 0.020121 0.072457
v -0.011167 0.020171 0.072457
v -0.011275 0.020214 0.072457
v 0.015020 0.014000 0.010437
v 0.015020 0.014000 0.069477
v 0.015020 -0.004000 0.010437
v 0.015020 -0.004000 0.069477
v 0.012020 0.014000 0.072477
v -0.012020 0.014000 0.072477
v 0.012020 -0.004000 0.072477
v -0.012020 -0.004000 0.072477
v -0.015020 -0.004000 0.010437
v -0.015020 -0.004000 0.069477
v -0.015020 0.014000 0.010437
v -0.015020 0.014000 0.069477
v -0.012020 0.014000 0.007437
v 0.012020 0.014000 0.007437
v -0.012020 -0.004000 0.007437
v 0.012020 -0.004000 0.007437
v 0.015000 -0.004000 0.010457
v 0.015000 -0.004000 0.069457
v 0.014598 -0.004000 0.070957
v 0.014618 -0.004000 0.070977
v 0.013500 -0.004000 0.072055
v 0.013520 -0.004000 0.072075
v 0.012000 -0.004000 0.072457
v -0.012000 -0.004000 0.072457
v -0.013500 -0.004000 0.072055
v -0.013520 -0.004000 0.072075
v -0.014598 -0.004000 0.070957
v -0.014618 -0.004000 0.070977
v -0.015000 -0.004000 0.069457
v -0.015000 -0.004000 0.010457
v -0.014598 -0.004000 0.008957
v -0.014618 -0.004000 0.008937
v -0.013500 -0.004000 0.007859
v -0.013520 -0.004000 0.007839
v -0.012000 -0.004000 0.007457
v 0.012000 -0.004000 0.007457
v 0.013500 -0.004000 0.007859
v 0.013520 -0.004000 0.007839
v 0.014598 -0.004000 0.008957
v 0.014618 -0.004000 0.008937
v -0.014141 0.014000 0.071598
v -0.014121 0.014000 0.071578
v -0.014555 0.014000 0.071029
v -0.014618 0.014000 0.070977
v -0.014850 0.014000 0.070394
v -0.014918 0.014000 0.070253
v -0.014141 0.014000 0.008316
v -0.013572 0.014000 0.007902
v -0.013520 0.014000 0.007839
v -0.012937 0.014000 0.007607
v -0.012796 0.014000 0.007539
v 0.014141 0.014000 0.071598
v 0.013572 0.014000 0.072012
v 0.013520 0.014000 0.072075
v 0.012937 0.014000 0.072307
v 0.012796 0.014000 0.072375
v 0.014141 0.014000 0.008316
v 0.014555 0.014000 0.008885
v 0.014618 0.014000 0.008937
v 0.014850 0.014000 0.009520
v 0.014918 0.014000 0.009660
v -0.013572 0.014000 0.072012
v -0.013520 0.014000 0.072075
v -0.012937 0.014000 0.072307
v -0.012796 0.014000 0.072375
v -0.012474 0.014000 0.072419
v -0.012412 0.014000 0.072451
v -0.012238 0.014000 0.072447
v -0.012000 0.014000 0.007457
v -0.015000 0.014000 0.069457
v 0.012000 0.014000 0.007457
v 0.012238 0.014000 0.007466
v 0.012412 0.014000 0.007463
v 0.012474 0.014000 0.007495
v 0.012796 0.014000 0.007539
v 0.012937 0.014000 0.007607
v 0.013520 0.014000 0.007839
v 0.013572 0.014000 0.007902
v 0.014121 0.014000 0.008336
v 0.015000 0.014000 0.010457
v -0.015000 0.014000 0.010457
v -0.014991 0.014000 0.010219
v -0.014994 0.014000 0.010045
v -0.014962 0.014000 0.009983
v -0.014918 0.014000 0.009660
v -0.014850 0.014000 0.009520
v -0.014618 0.014000 0.008937
v -0.014555 0.014000 0.008885
v -0.014121 0.014000 0.008336
v 0.015000 0.014000 0.069457
v 0.014991 0.014000 0.069695
v 0.014994 0.014000 0.069869
v 0.014962 0.014000 0.069931
v 0.014918 0.014000 0.070253
v 0.014850 0.014000 0.070394
v 0.014618 0.014000 0.070977
v 0.014555 0.014000 0.071029
v 0.014121 0.014000 0.071578
v 0.000000 0.025500 0.056457
v 0.001500 0.031000 0.056859
v 0.001500 0.025500 0.056859
v 0.002598 0.031000 0.057957
v 0.002598 0.025500 0.057957
v 0.003000 0.031000 0.059457
v 0.003000 0.025500 0.059457
v 0.002598 0.031000 0.060957
v 0.002598 0.025500 0.060957
v 0.001500 0.031000 0.062055
v 0.001500 0.025500 0.062055
v 0.000000 0.031000 0.062457
v 0.000000 0.025500 0.062457
v -0.001500 0.031000 0.062055
v -0.001500 0.025500 0.062055
v -0.002598 0.031000 0.060957
v -0.002598 0.025500 0.060957
v -0.003000 0.031000 0.059457
v -0.003000 0.025500 0.059457
v -0.002598 0.031000 0.057957
v -0.002598 0.025500 0.057957
v -0.001500 0.031000 0.056859
v -0.001500 0.025500 0.056859
v 0.000000 0.031000 0.056457
v -0.001250 0.031000 0.059457
v -0.001083 0.031000 0.060082
v -0.000625 0.031000 0.060539
v 0.000000 0.031000 0.060707
v 0.000625 0.031000 0.060539
v 0.001083 0.031000 0.060082
v 0.001250 0.031000 0.059457
v 0.001083 0.031000 0.058832
v 0.000625 0.031000 0.058374
v 0.000000 0.031000 0.058207
v -0.000625 0.031000 0.058374
v -0.001083 0.031000 0.058832
v 0.000000 0.025000 0.060707
v 0.000625 0.025000 0.060539
v 0.001083 0.025000 0.060082
v 0.001250 0.025000 0.059457
v 0.001083 0.025000 0.058832
v 0.000625 0.025000 0.058374
v 0.000000 0.025000 0.058207
v -0.000625 0.025000 0.058374
v -0.001083 0.025000 0.058832
v -0.001250 0.025000 0.059457
v -0.001083 0.025000 0.060082
v -0.000625 0.025000 0.060539
v 0.000000 0.025000 0.059457
v 0.000957 0.025500 0.063341
v 0.000000 0.025500 0.063457
v 0.000000 0.025000 0.063457
v -0.000957 0.025000 0.063341
v -0.000957 0.025500 0.063341
v -0.002652 0.025500 0.062451
v -0.002652 0.025000 0.062451
v -0.003740 0.025500 0.060875
v -0.003740 0.025000 0.060875
v -0.003971 0.025500 0.058975
v -0.003971 0.025000 0.058975
v -0.003292 0.025500 0.057185
v -0.003292 0.025000 0.057185
v -0.001859 0.025500 0.055915
v -0.001859 0.025000 0.055915
v 0.000000 0.025500 0.055457
v 0.000000 0.025000 0.055457
v 0.001859 0.025500 0.055915
v 0.001859 0.025000 0.055915
v 0.003292 0.025500 0.057185
v 0.003292 0.025000 0.057185
v 0.003971 0.025500 0.058975
v 0.003971 0.025000 0.058975
v 0.003740 0.025500 0.060875
v 0.003740 0.025000 0.060875
v 0.002652 0.025500 0.062451
v 0.002652 0.025000 0.062451
v 0.000957 0.025000 0.063341
v 0.013600 0.024000 0.038147
v 0.013500 0.024000 0.039092
v 0.014047 0.022542 0.038388
v 0.014474 0.024000 0.036154
v 0.014198 0.024000 0.036594
v 0.014047 0.023201 0.037196
v 0.013766 0.024000 0.037547
v 0.014644 0.020949 0.037317
v 0.014549 0.021625 0.036468
v 0.015000 0.020000 0.036328
v 0.014849 0.020684 0.035780
v 0.014482 0.023947 0.036142
v 0.014738 0.022354 0.035683
v 0.014891 0.021405 0.035259
v 0.015000 0.020000 0.035364
v 0.015000 0.020000 0.034457
v 0.015000 0.020010 0.034463
v 0.015000 0.020000 0.034470
v 0.014975 0.020685 0.034846
v 0.015000 0.020086 0.068341
v 0.015000 0.020000 0.067586
v 0.014938 0.020165 0.067375
v 0.014345 0.022266 0.067110
v 0.013795 0.024000 0.066448
v 0.013964 0.024000 0.066863
v 0.013500 0.024000 0.064822
v 0.013506 0.024000 0.065044
v 0.014401 0.021597 0.066107
v 0.013649 0.024000 0.065974
v 0.015000 0.020384 0.069058
v 0.015000 0.020214 0.068731
v 0.014988 0.020250 0.068662
v 0.015000 0.020171 0.068624
v 0.014797 0.020848 0.067987
v 0.015000 0.020121 0.068470
v 0.015000 0.020725 0.069457
v 0.015000 0.020716 0.069449
v 0.014997 0.020745 0.069320
v 0.015000 0.020411 0.069100
v 0.014986 0.020811 0.069170
v 0.014961 0.020966 0.068976
v 0.014864 0.021570 0.068565
v 0.014634 0.023002 0.068021
v 0.014474 0.024000 0.067760
v 0.014985 0.020817 0.010753
v 0.014931 0.021156 0.011098
v 0.014928 0.020438 0.011515
v 0.015000 0.020159 0.011326
v 0.015000 0.020455 0.010752
v 0.014996 0.020750 0.010610
v 0.015000 0.020716 0.010465
v 0.015000 0.020725 0.010457
v 0.014841 0.020424 0.012827
v 0.015000 0.020000 0.012328
v 0.015000 0.020103 0.011507
v 0.014198 0.024000 0.012594
v 0.013766 0.024000 0.013547
v 0.014337 0.022290 0.012816
v 0.013600 0.024000 0.014147
v 0.014630 0.023026 0.011900
v 0.014474 0.024000 0.012154
v 0.014715 0.021104 0.012129
v 0.014823 0.021828 0.011473
v 0.014392 0.021622 0.013824
v 0.013649 0.023602 0.014918
v 0.013500 0.024000 0.015092
v 0.010884 0.020086 0.007457
v 0.010129 0.020000 0.007457
v 0.009918 0.020165 0.007519
v 0.009653 0.022266 0.008112
v 0.008991 0.024000 0.008662
v 0.009406 0.024000 0.008493
v 0.007365 0.024000 0.008957
v 0.007587 0.024000 0.008951
v 0.008650 0.021597 0.008056
v 0.008517 0.024000 0.008808
v 0.011601 0.020384 0.007457
v 0.011275 0.020214 0.007457
v 0.011205 0.020250 0.007469
v 0.011167 0.020171 0.007457
v 0.010530 0.020848 0.007660
v 0.011013 0.020121 0.007457
v 0.012000 0.020725 0.007457
v 0.011992 0.020716 0.007457
v 0.011863 0.020745 0.007460
v 0.011643 0.020411 0.007457
v 0.011713 0.020811 0.007471
v 0.011520 0.020966 0.007496
v 0.011108 0.021570 0.007593
v 0.010564 0.023002 0.007823
v 0.010303 0.024000 0.007983
v -0.011704 0.020817 0.007472
v -0.011359 0.021156 0.007526
v -0.010942 0.020438 0.007529
v -0.011131 0.020159 0.007457
v -0.011705 0.020455 0.007457
v -0.011847 0.020750 0.007461
v -0.011992 0.020716 0.007457
v -0.012000 0.020725 0.007457
v -0.009630 0.020424 0.007616
v -0.010129 0.020000 0.007457
v -0.010950 0.020103 0.007457
v -0.009863 0.024000 0.008259
v -0.008910 0.024000 0.008691
v -0.009641 0.022290 0.008120
v -0.008310 0.024000 0.008857
v -0.010557 0.023026 0.007827
v -0.010303 0.024000 0.007983
v -0.010328 0.021104 0.007742
v -0.010984 0.021828 0.007634
v -0.008633 0.021622 0.008065
v -0.007539 0.023602 0.008808
v -0.007365 0.024000 0.008957
v -0.015000 0.020086 0.011573
v -0.015000 0.020000 0.012328
v -0.014938 0.020165 0.012539
v -0.014345 0.022266 0.012804
v -0.013795 0.024000 0.013466
v -0.013964 0.024000 0.013051
v -0.013500 0.024000 0.015092
v -0.013506 0.024000 0.014870
v -0.014401 0.021597 0.013807
v -0.013649 0.024000 0.013940
v -0.015000 0.020384 0.010856
v -0.015000 0.020214 0.011182
v -0.014988 0.020250 0.011251
v -0.015000 0.020171 0.011290
v -0.014797 0.020848 0.011927
v -0.015000 0.020121 0.011444
v -0.015000 0.020725 0.010457
v -0.015000 0.020716 0.010465
v -0.014997 0.020745 0.010594
v -0.015000 0.020411 0.010813
v -0.014986 0.020811 0.010744
v -0.014961 0.020966 0.010937
v -0.014864 0.021570 0.011349
v -0.014634 0.023002 0.011893
v -0.014474 0.024000 0.012154
v -0.013600 0.024000 0.030767
v -0.013500 0.024000 0.029822
v -0.014047 0.022542 0.030526
v -0.014474 0.024000 0.032760
v -0.014198 0.024000 0.032320
v -0.014047 0.023201 0.031718
v -0.013766 0.024000 0.031367
v -0.014644 0.020949 0.031597
v -0.014549 0.021625 0.032446
v -0.015000 0.020000 0.032586
v -0.014849 0.020684 0.033134
v -0.014482 0.023947 0.032772
v -0.014738 0.022354 0.033231
v -0.014891 0.021405 0.033655
v -0.015000 0.020000 0.033550
v -0.015000 0.020000 0.034457
v -0.015000 0.020010 0.034451
v -0.015000 0.020000 0.034444
v -0.014975 0.020685 0.034068
v -0.014985 0.020817 0.069161
v -0.014931 0.021156 0.068816
v -0.014928 0.020438 0.068399
v -0.015000 0.020159 0.068588
v -0.015000 0.020455 0.069162
v -0.014996 0.020750 0.069304
v -0.015000 0.020716 0.069449
v -0.015000 0.020725 0.069457
v -0.014841 0.020424 0.067087
v -0.015000 0.020000 0.067586
v -0.015000 0.020103 0.068407
v -0.014198 0.024000 0.067320
v -0.013766 0.024000 0.066367
v -0.014337 0.022290 0.067098
v -0.013600 0.024000 0.065767
v -0.014630 0.023026 0.068014
v -0.014474 0.024000 0.067760
v -0.014715 0.021104 0.067785
v -0.014823 0.021828 0.068441
v -0.014392 0.021622 0.066090
v -0.013649 0.023602 0.064996
v -0.013500 0.024000 0.064822
v -0.009918 0.020165 0.072395
v -0.009653 0.022266 0.071802
v -0.008991 0.024000 0.071252
v -0.009406 0.024000 0.071421
v -0.007365 0.024000 0.070957
v -0.007587 0.024000 0.070963
v -0.008650 0.021597 0.071858
v -0.008517 0.024000 0.071106
v -0.011205 0.020250 0.072445
v -0.010530 0.020848 0.072254
v -0.011863 0.020745 0.072454
v -0.011713 0.020811 0.072443
v -0.011520 0.020966 0.072418
v -0.011108 0.021570 0.072321
v -0.010564 0.023002 0.072091
v -0.010303 0.024000 0.071931
v 0.011704 0.020817 0.072442
v 0.011359 0.021156 0.072388
v 0.010942 0.020438 0.072385
v 0.011847 0.020750 0.072453
v 0.009630 0.020424 0.072298
v 0.009863 0.024000 0.071655
v 0.008910 0.024000 0.071223
v 0.009641 0.022290 0.071794
v 0.008310 0.024000 0.071057
v 0.010557 0.023026 0.072087
v 0.010303 0.024000 0.071931
v 0.010328 0.021104 0.072172
v 0.010984 0.021828 0.072280
v 0.008633 0.021622 0.071849
v 0.007539 0.023602 0.071106
v 0.007365 0.024000 0.070957
v 0.015000 0.020000 0.033550
v 0.015000 0.020000 0.032586
v 0.014849 0.020684 0.033134
v 0.015000 0.020000 0.034444
v 0.015000 0.020010 0.034451
v 0.014975 0.020685 0.034068
v 0.014891 0.021405 0.033655
v 0.014346 0.022262 0.032112
v 0.013795 0.024000 0.031448
v 0.013964 0.024000 0.031863
v 0.013500 0.024000 0.029822
v 0.013506 0.024000 0.030044
v 0.014403 0.021593 0.031110
v 0.013649 0.024000 0.030974
v 0.014955 0.020119 0.032431
v 0.014811 0.020803 0.033026
v 0.014466 0.021423 0.031230
v 0.014400 0.022093 0.032193
v 0.014872 0.021524 0.033589
v 0.014662 0.022827 0.033074
v 0.014635 0.022998 0.033022
v 0.014474 0.024000 0.032760
v -0.015000 0.020000 0.035364
v -0.015000 0.020000 0.036328
v -0.014849 0.020684 0.035780
v -0.015000 0.020000 0.034470
v -0.015000 0.020010 0.034463
v -0.014975 0.020685 0.034846
v -0.014891 0.021405 0.035259
v -0.013795 0.024000 0.037465
v -0.013964 0.024000 0.037051
v -0.014346 0.022262 0.036802
v -0.014108 0.024000 0.036758
v -0.013500 0.024000 0.039092
v -0.013506 0.024000 0.038870
v -0.014403 0.021593 0.037804
v -0.013649 0.024000 0.037940
v -0.014955 0.020119 0.036482
v -0.014811 0.020803 0.035888
v -0.014466 0.021423 0.037684
v -0.014400 0.022093 0.036720
v -0.014872 0.021524 0.035325
v -0.014662 0.022827 0.035840
v -0.014635 0.022998 0.035891
v -0.014474 0.024000 0.036154
v -0.014939 0.024000 0.035061
v -0.014939 0.024000 0.033853
v 0.014939 0.024000 0.035061
v 0.014939 0.024000 0.033853
v -0.013500 0.024000 0.058907
v -0.013500 0.024000 0.042657
v 0.013500 0.024000 0.022457
v 0.000000 0.025000 0.068307
v -0.001319 0.025000 0.068208
v -0.001468 0.024000 0.069197
v -0.003840 0.025000 0.067431
v -0.004274 0.024000 0.068331
v -0.006020 0.025000 0.065944
v -0.006700 0.024000 0.066677
v -0.007664 0.025000 0.063882
v -0.008530 0.024000 0.064382
v -0.008628 0.025000 0.061426
v -0.009603 0.024000 0.061649
v -0.008825 0.025000 0.058796
v -0.009822 0.024000 0.058721
v -0.008238 0.025000 0.056224
v -0.009169 0.024000 0.055858
v -0.006919 0.025000 0.053939
v -0.007701 0.024000 0.053316
v -0.004985 0.025000 0.052145
v -0.005549 0.024000 0.051318
v -0.002609 0.025000 0.051000
v -0.002903 0.024000 0.050045
v 0.000000 0.025000 0.050607
v 0.000000 0.024000 0.049607
v 0.002609 0.025000 0.051000
v 0.002903 0.024000 0.050045
v 0.004985 0.025000 0.052145
v 0.005549 0.024000 0.051318
v 0.006919 0.025000 0.053939
v 0.007701 0.024000 0.053316
v 0.008238 0.025000 0.056224
v 0.009169 0.024000 0.055858
v 0.008825 0.025000 0.058796
v 0.009822 0.024000 0.058721
v 0.008628 0.025000 0.061426
v 0.009603 0.024000 0.061649
v 0.007664 0.025000 0.063882
v 0.008530 0.024000 0.064382
v 0.006020 0.025000 0.065944
v 0.006700 0.024000 0.066677
v 0.003840 0.025000 0.067431
v 0.004274 0.024000 0.068331
v 0.001319 0.025000 0.068208
v 0.001468 0.024000 0.069197
v -0.014121 0.024000 0.071578
v -0.014125 0.024000 0.070007
v -0.014850 0.024000 0.070394
v 0.011375 0.024000 0.070539
v 0.010917 0.024000 0.070082
v 0.010300 0.024000 0.070007
v -0.013250 0.024000 0.069457
v -0.013083 0.024000 0.070082
v -0.012625 0.024000 0.070539
v -0.012937 0.024000 0.072307
v -0.012000 0.024000 0.070707
v -0.011551 0.024000 0.072423
v -0.011375 0.024000 0.070539
v -0.010917 0.024000 0.070082
v -0.012000 0.024000 0.068207
v -0.011375 0.024000 0.068374
v -0.010300 0.024000 0.058907
v -0.010917 0.024000 0.068832
v -0.010300 0.024000 0.070007
v -0.010750 0.024000 0.069457
v -0.012625 0.024000 0.068374
v -0.013083 0.024000 0.068832
v 0.012625 0.024000 0.070539
v 0.012000 0.024000 0.070707
v 0.011551 0.024000 0.072423
v 0.010750 0.024000 0.069457
v 0.010917 0.024000 0.068832
v 0.010300 0.024000 0.058907
v 0.012625 0.024000 0.068374
v 0.012000 0.024000 0.068207
v 0.012937 0.024000 0.072307
v 0.014121 0.024000 0.071578
v 0.013083 0.024000 0.070082
v 0.014850 0.024000 0.070394
v 0.013250 0.024000 0.069457
v 0.014966 0.024000 0.069008
v 0.013083 0.024000 0.068832
v 0.013500 0.024000 0.058907
v 0.011375 0.024000 0.068374
v -0.010300 0.024000 0.042657
v 0.010300 0.024000 0.042657
v -0.012625 0.024000 0.035539
v -0.012000 0.024000 0.035707
v -0.011375 0.024000 0.035539
v -0.010917 0.024000 0.035082
v -0.010750 0.024000 0.034457
v -0.010300 0.024000 0.022457
v -0.010917 0.024000 0.033832
v -0.013500 0.024000 0.022457
v -0.012000 0.024000 0.033207
v -0.011375 0.024000 0.033374
v -0.013083 0.024000 0.035082
v -0.013250 0.024000 0.034457
v -0.013083 0.024000 0.033832
v -0.012625 0.024000 0.033374
v -0.012625 0.024000 0.011539
v -0.013083 0.024000 0.011082
v -0.013250 0.024000 0.010457
v -0.012000 0.024000 0.011707
v -0.010917 0.024000 0.009832
v -0.010750 0.024000 0.010457
v -0.010917 0.024000 0.011082
v -0.011375 0.024000 0.011539
v -0.013083 0.024000 0.009832
v -0.014126 0.024000 0.008341
v -0.011375 0.024000 0.009374
v -0.012000 0.024000 0.009207
v -0.011551 0.024000 0.007491
v -0.012625 0.024000 0.009374
v -0.012937 0.024000 0.007607
v -0.014121 0.024000 0.008336
v -0.014850 0.024000 0.009520
v -0.014966 0.024000 0.010906
v 0.010300 0.024000 0.022457
v 0.010917 0.024000 0.011082
v 0.012000 0.024000 0.011707
v 0.011375 0.024000 0.011539
v 0.013083 0.024000 0.009832
v 0.014121 0.024000 0.008336
v 0.012625 0.024000 0.009374
v 0.012937 0.024000 0.007607
v 0.012000 0.024000 0.009207
v 0.011551 0.024000 0.007491
v 0.011375 0.024000 0.009374
v 0.010917 0.024000 0.009832
v 0.010750 0.024000 0.010457
v 0.012625 0.024000 0.011539
v 0.013083 0.024000 0.011082
v 0.013250 0.024000 0.010457
v 0.014966 0.024000 0.010906
v 0.014850 0.024000 0.009520
v 0.012000 0.024000 0.035707
v 0.011375 0.024000 0.035539
v 0.013083 0.024000 0.035082
v 0.012625 0.024000 0.035539
v 0.013250 0.024000 0.034457
v 0.013083 0.024000 0.033832
v 0.012625 0.024000 0.033374
v 0.010917 0.024000 0.035082
v 0.010750 0.024000 0.034457
v 0.012000 0.024000 0.033207
v 0.010917 0.024000 0.033832
v 0.011375 0.024000 0.033374
v 0.013500 0.024000 0.042657
v -0.014966 0.024000 0.069008
v 0.012000 0.014000 0.011707
v 0.012625 0.014000 0.011539
v 0.013083 0.014000 0.011082
v 0.013250 0.014000 0.010457
v 0.013083 0.014000 0.009832
v 0.012625 0.014000 0.009374
v 0.012000 0.014000 0.009207
v 0.011375 0.014000 0.009374
v 0.010917 0.014000 0.009832
v 0.010750 0.014000 0.010457
v 0.010917 0.014000 0.011082
v 0.011375 0.014000 0.011539
v -0.012000 0.014000 0.011707
v -0.011375 0.014000 0.011539
v -0.010917 0.014000 0.011082
v -0.010750 0.014000 0.010457
v -0.010917 0.014000 0.009832
v -0.011375 0.014000 0.009374
v -0.012000 0.014000 0.009207
v -0.012625 0.014000 0.009374
v -0.013083 0.014000 0.009832
v -0.013250 0.014000 0.010457
v -0.013083 0.014000 0.011082
v -0.012625 0.014000 0.011539
v 0.012000 0.014000 0.070707
v 0.012625 0.014000 0.070539
v 0.013083 0.014000 0.070082
v 0.013250 0.014000 0.069457
v 0.013083 0.014000 0.068832
v 0.012625 0.014000 0.068374
v 0.012000 0.014000 0.068207
v 0.011375 0.014000 0.068374
v 0.010917 0.014000 0.068832
v 0.010750 0.014000 0.069457
v 0.010917 0.014000 0.070082
v 0.011375 0.014000 0.070539
v -0.012000 0.014000 0.070707
v -0.011375 0.014000 0.070539
v -0.010917 0.014000 0.070082
v -0.010750 0.014000 0.069457
v -0.010917 0.014000 0.068832
v -0.011375 0.014000 0.068374
v -0.012000 0.014000 0.068207
v -0.012625 0.014000 0.068374
v -0.013083 0.014000 0.068832
v -0.013250 0.014000 0.069457
v -0.013083 0.014000 0.070082
v -0.012625 0.014000 0.070539
v -0.012000 0.014000 0.035707
v -0.011375 0.014000 0.035539
v -0.010917 0.014000 0.035082
v -0.010750 0.014000 0.034457
v -0.010917 0.014000 0.033832
v -0.011375 0.014000 0.033374
v -0.012000 0.014000 0.033207
v -0.012625 0.014000 0.033374
v -0.013083 0.014000 0.033832
v -0.013250 0.014000 0.034457
v -0.013083 0.014000 0.035082
v -0.012625 0.014000 0.035539
v 0.012000 0.014000 0.035707
v 0.012625 0.014000 0.035539
v 0.013083 0.014000 0.035082
v 0.013250 0.014000 0.034457
v 0.013083 0.014000 0.033832
v 0.012625 0.014000 0.033374
v 0.012000 0.014000 0.033207
v 0.011375 0.014000 0.033374
v 0.010917 0.014000 0.033832
v 0.010750 0.014000 0.034457
v 0.010917 0.014000 0.035082
v 0.011375 0.014000 0.035539
v 0.012000 0.014000 0.010457
v -0.012000 0.014000 0.010457
v 0.012000 0.014000 0.069457
v -0.012000 0.014000 0.069457
v -0.012000 0.014000 0.034457
v 0.012000 0.014000 0.034457
v -0.001732 -0.026000 0.058457
v -0.001000 -0.026000 0.057725
v 0.000000 -0.026000 0.059457
v 0.000000 -0.026000 0.057457
v 0.001000 -0.026000 0.057725
v -0.001000 -0.026000 0.061189
v -0.001732 -0.026000 0.060457
v -0.002000 -0.026000 0.059457
v 0.001732 -0.026000 0.060457
v 0.001000 -0.026000 0.061189
v 0.000000 -0.026000 0.061457
v 0.001732 -0.026000 0.058457
v 0.002000 -0.026000 0.059457
v 0.000000 -0.032000 0.057457
v 0.001000 -0.032000 0.057725
v 0.001732 -0.032000 0.058457
v 0.002000 -0.032000 0.059457
v 0.001732 -0.032000 0.060457
v 0.001000 -0.032000 0.061189
v 0.000000 -0.032000 0.061457
v -0.001000 -0.032000 0.061189
v -0.001732 -0.032000 0.060457
v -0.002000 -0.032000 0.059457
v -0.001732 -0.032000 0.058457
v -0.001000 -0.032000 0.057725
v -0.000200 -0.032000 0.055963
v 0.000200 -0.032000 0.055963
v 0.003837 -0.032000 0.060586
v -0.001007 -0.032000 0.062809
v -0.001383 -0.032000 0.062672
v 0.003406 -0.032000 0.060261
v -0.003665 -0.032000 0.061059
v -0.003837 -0.032000 0.060586
v -0.003373 -0.032000 0.061067
v -0.003619 -0.032000 0.060392
v -0.003126 -0.032000 0.061031
v -0.003406 -0.032000 0.060261
v -0.002926 -0.032000 0.061377
v -0.003476 -0.032000 0.059867
v -0.003992 -0.032000 0.059709
v -0.003992 -0.032000 0.059205
v -0.003721 -0.032000 0.059816
v -0.003721 -0.032000 0.059098
v -0.003476 -0.032000 0.059047
v -0.003406 -0.032000 0.058653
v -0.002896 -0.032000 0.062216
v -0.003081 -0.032000 0.061573
v -0.003220 -0.032000 0.061830
v -0.002399 -0.032000 0.056909
v -0.002093 -0.032000 0.056652
v -0.001383 -0.032000 0.056242
v -0.002172 -0.032000 0.056414
v -0.001549 -0.032000 0.056055
v -0.002214 -0.032000 0.056126
v -0.001778 -0.032000 0.055874
v -0.003837 -0.032000 0.058328
v -0.003665 -0.032000 0.057855
v -0.003619 -0.032000 0.058522
v -0.003373 -0.032000 0.057847
v -0.003126 -0.032000 0.057883
v -0.002926 -0.032000 0.057537
v -0.003081 -0.032000 0.057341
v -0.002619 -0.032000 0.056790
v -0.003220 -0.032000 0.057084
v -0.002896 -0.032000 0.056698
v 0.003220 -0.032000 0.061830
v 0.002896 -0.032000 0.062216
v 0.003081 -0.032000 0.061573
v 0.002619 -0.032000 0.062124
v 0.002926 -0.032000 0.061377
v 0.002399 -0.032000 0.062005
v 0.003126 -0.032000 0.061031
v 0.002093 -0.032000 0.062262
v 0.000445 -0.032000 0.055482
v 0.000941 -0.032000 0.055569
v 0.000292 -0.032000 0.055730
v 0.001000 -0.032000 0.055855
v 0.001007 -0.032000 0.056105
v 0.001383 -0.032000 0.056242
v 0.003665 -0.032000 0.057855
v 0.003837 -0.032000 0.058328
v 0.003373 -0.032000 0.057847
v 0.003619 -0.032000 0.058522
v 0.003126 -0.032000 0.057883
v 0.003406 -0.032000 0.058653
v 0.003476 -0.032000 0.059867
v 0.003476 -0.032000 0.059047
v 0.003721 -0.032000 0.059098
v 0.003721 -0.032000 0.059816
v 0.003992 -0.032000 0.059205
v 0.003992 -0.032000 0.059709
v 0.003665 -0.032000 0.061059
v 0.003373 -0.032000 0.061067
v 0.002093 -0.032000 0.056652
v 0.002399 -0.032000 0.056909
v 0.002896 -0.032000 0.056698
v 0.003220 -0.032000 0.057084
v 0.002619 -0.032000 0.056790
v 0.003081 -0.032000 0.057341
v 0.002926 -0.032000 0.057537
v 0.002214 -0.032000 0.062788
v 0.001778 -0.032000 0.063040
v 0.002172 -0.032000 0.062500
v 0.001549 -0.032000 0.062859
v 0.001383 -0.032000 0.062672
v 0.001007 -0.032000 0.062809
v 0.001778 -0.032000 0.055874
v 0.002214 -0.032000 0.056126
v 0.001549 -0.032000 0.056055
v 0.002172 -0.032000 0.056414
v -0.002619 -0.032000 0.062124
v -0.002399 -0.032000 0.062005
v -0.002093 -0.032000 0.062262
v -0.001007 -0.032000 0.056105
v 0.000941 -0.032000 0.063345
v 0.000445 -0.032000 0.063432
v 0.001000 -0.032000 0.063059
v 0.000292 -0.032000 0.063184
v 0.000200 -0.032000 0.062951
v -0.000200 -0.032000 0.062951
v -0.001000 -0.032000 0.063059
v -0.000292 -0.032000 0.063184
v -0.000941 -0.032000 0.063345
v -0.000445 -0.032000 0.063432
v -0.001778 -0.032000 0.063040
v -0.002214 -0.032000 0.062788
v -0.001549 -0.032000 0.062859
v -0.002172 -0.032000 0.062500
v 0.003619 -0.032000 0.060392
v -0.000941 -0.032000 0.055569
v -0.000445 -0.032000 0.055482
v -0.001000 -0.032000 0.055855
v -0.000292 -0.032000 0.055730
v -0.000941 -0.025000 0.063345
v -0.001000 -0.025000 0.063059
v -0.001007 -0.025000 0.062809
v -0.001383 -0.025000 0.062672
v -0.001549 -0.025000 0.062859
v -0.001778 -0.025000 0.063040
v -0.002214 -0.025000 0.062788
v -0.002172 -0.025000 0.062500
v -0.002093 -0.025000 0.062262
v -0.002399 -0.025000 0.062005
v -0.002619 -0.025000 0.062124
v -0.002896 -0.025000 0.062216
v -0.003220 -0.025000 0.061830
v -0.003081 -0.025000 0.061573
v -0.002926 -0.025000 0.061377
v -0.003126 -0.025000 0.061031
v -0.003373 -0.025000 0.061067
v -0.003665 -0.025000 0.061059
v -0.003837 -0.025000 0.060586
v -0.003619 -0.025000 0.060392
v -0.003406 -0.025000 0.060261
v -0.003476 -0.025000 0.059867
v -0.003721 -0.025000 0.059816
v -0.003992 -0.025000 0.059709
v -0.003992 -0.025000 0.059205
v -0.003721 -0.025000 0.059098
v -0.003476 -0.025000 0.059047
v -0.003406 -0.025000 0.058653
v -0.003619 -0.025000 0.058522
v -0.003837 -0.025000 0.058328
v -0.003665 -0.025000 0.057855
v -0.003373 -0.025000 0.057847
v -0.003126 -0.025000 0.057883
v -0.002926 -0.025000 0.057537
v -0.003081 -0.025000 0.057341
v -0.003220 -0.025000 0.057084
v -0.002896 -0.025000 0.056698
v -0.002619 -0.025000 0.056790
v -0.002399 -0.025000 0.056909
v -0.002093 -0.025000 0.056652
v -0.002172 -0.025000 0.056414
v -0.002214 -0.025000 0.056126
v -0.001778 -0.025000 0.055874
v -0.001549 -0.025000 0.056055
v -0.001383 -0.025000 0.056242
v -0.001007 -0.025000 0.056105
v -0.001000 -0.025000 0.055855
v -0.000941 -0.025000 0.055569
v -0.000445 -0.025000 0.055482
v -0.000292 -0.025000 0.055730
v -0.000200 -0.025000 0.055963
v 0.000200 -0.025000 0.055963
v 0.000292 -0.025000 0.055730
v 0.000445 -0.025000 0.055482
v 0.000941 -0.025000 0.055569
v 0.001000 -0.025000 0.055855
v 0.001007 -0.025000 0.056105
v 0.001383 -0.025000 0.056242
v 0.001549 -0.025000 0.056055
v 0.001778 -0.025000 0.055874
v 0.002214 -0.025000 0.056126
v 0.002172 -0.025000 0.056414
v 0.002093 -0.025000 0.056652
v 0.002399 -0.025000 0.056909
v 0.002619 -0.025000 0.056790
v 0.002896 -0.025000 0.056698
v 0.003220 -0.025000 0.057084
v 0.003081 -0.025000 0.057341
v 0.002926 -0.025000 0.057537
v 0.003126 -0.025000 0.057883
v 0.003373 -0.025000 0.057847
v 0.003665 -0.025000 0.057855
v 0.003837 -0.025000 0.058328
v 0.003619 -0.025000 0.058522
v 0.003406 -0.025000 0.058653
v 0.003476 -0.025000 0.059047
v 0.003721 -0.025000 0.059098
v 0.003992 -0.025000 0.059205
v 0.003992 -0.025000 0.059709
v 0.003721 -0.025000 0.059816
v 0.003476 -0.025000 0.059867
v 0.003406 -0.025000 0.060261
v 0.003619 -0.025000 0.060392
v 0.003837 -0.025000 0.060586
v 0.003665 -0.025000 0.061059
v 0.003373 -0.025000 0.061067
v 0.003126 -0.025000 0.061031
v 0.002926 -0.025000 0.061377
v 0.003081 -0.025000 0.061573
v 0.003220 -0.025000 0.061830
v 0.002896 -0.025000 0.062216
v 0.002619 -0.025000 0.062124
v 0.002399 -0.025000 0.062005
v 0.002093 -0.025000 0.062262
v 0.002172 -0.025000 0.062500
v 0.002214 -0.025000 0.062788
v 0.001778 -0.025000 0.063040
v 0.001549 -0.025000 0.062859
v 0.001383 -0.025000 0.062672
v 0.001007 -0.025000 0.062809
v 0.001000 -0.025000 0.063059
v 0.000941 -0.025000 0.063345
v 0.000445 -0.025000 0.063432
v 0.000292 -0.025000 0.063184
v 0.000200 -0.025000 0.062951
v -0.000200 -0.025000 0.062951
v -0.000292 -0.025000 0.063184
v -0.000445 -0.025000 0.063432
v 0.010917 -0.018000 0.021832
v 0.011375 -0.018000 0.021374
v 0.012000 -0.018000 0.022457
v 0.012000 -0.018000 0.021207
v 0.012625 -0.018000 0.021374
v 0.011375 -0.018000 0.023539
v 0.010917 -0.018000 0.023082
v 0.010750 -0.018000 0.022457
v 0.013083 -0.018000 0.023082
v 0.012625 -0.018000 0.023539
v 0.012000 -0.018000 0.023707
v 0.013083 -0.018000 0.021832
v 0.013250 -0.018000 0.022457
v -0.013083 -0.018000 0.021832
v -0.012625 -0.018000 0.021374
v -0.012000 -0.018000 0.022457
v -0.012000 -0.018000 0.021207
v -0.011375 -0.018000 0.021374
v -0.012625 -0.018000 0.023539
v -0.013083 -0.018000 0.023082
v -0.013250 -0.018000 0.022457
v -0.010917 -0.018000 0.023082
v -0.011375 -0.018000 0.023539
v -0.012000 -0.018000 0.023707
v -0.010917 -0.018000 0.021832
v -0.010750 -0.018000 0.022457
v 0.008238 -0.025000 0.062690
v 0.008825 -0.025000 0.060118
v 0.008628 -0.025000 0.057488
v 0.007664 -0.025000 0.055032
v 0.006020 -0.025000 0.052969
v 0.003840 -0.025000 0.051483
v -0.008238 -0.025000 0.062690
v -0.008825 -0.025000 0.060118
v 0.001319 -0.025000 0.050706
v 0.000000 -0.025000 0.050607
v -0.001319 -0.025000 0.050706
v -0.002609 -0.025000 0.067914
v 0.006919 -0.025000 0.064975
v -0.003840 -0.025000 0.051483
v -0.006020 -0.025000 0.052969
v -0.007664 -0.025000 0.055032
v -0.008628 -0.025000 0.057488
v -0.004985 -0.025000 0.066769
v -0.006919 -0.025000 0.064975
v 0.004985 -0.025000 0.066769
v 0.000000 -0.025000 0.068307
v 0.002609 -0.025000 0.067914
v -0.001083 -0.018000 0.009832
v -0.000625 -0.018000 0.009374
v 0.000000 -0.018000 0.010457
v 0.000000 -0.018000 0.009207
v 0.000625 -0.018000 0.009374
v -0.000625 -0.018000 0.011539
v -0.001083 -0.018000 0.011082
v -0.001250 -0.018000 0.010457
v 0.001083 -0.018000 0.011082
v 0.000625 -0.018000 0.011539
v 0.000000 -0.018000 0.011707
v 0.001083 -0.018000 0.009832
v 0.001250 -0.018000 0.010457
v 0.012000 -0.024000 0.021207
v 0.012625 -0.024000 0.021374
v 0.013083 -0.024000 0.021832
v 0.013250 -0.024000 0.022457
v 0.013083 -0.024000 0.023082
v 0.012625 -0.024000 0.023539
v 0.012000 -0.024000 0.023707
v 0.011375 -0.024000 0.023539
v 0.010917 -0.024000 0.023082
v 0.010750 -0.024000 0.022457
v 0.010917 -0.024000 0.021832
v 0.011375 -0.024000 0.021374
v -0.012000 -0.024000 0.021207
v -0.011375 -0.024000 0.021374
v -0.010917 -0.024000 0.021832
v -0.010750 -0.024000 0.022457
v -0.010917 -0.024000 0.023082
v -0.011375 -0.024000 0.023539
v -0.012000 -0.024000 0.023707
v -0.012625 -0.024000 0.023539
v -0.013083 -0.024000 0.023082
v -0.013250 -0.024000 0.022457
v -0.013083 -0.024000 0.021832
v -0.012625 -0.024000 0.021374
v 0.000000 -0.024000 0.049607
v -0.001468 -0.024000 0.049717
v -0.004274 -0.024000 0.050582
v -0.006700 -0.024000 0.052236
v -0.008530 -0.024000 0.054532
v -0.009603 -0.024000 0.057265
v -0.009822 -0.024000 0.060193
v -0.009169 -0.024000 0.063056
v -0.007701 -0.024000 0.065598
v -0.005549 -0.024000 0.067595
v -0.002903 -0.024000 0.068869
v 0.000000 -0.024000 0.069307
v 0.002903 -0.024000 0.068869
v 0.005549 -0.024000 0.067595
v 0.007701 -0.024000 0.065598
v 0.009169 -0.024000 0.063056
v 0.009822 -0.024000 0.060193
v 0.009603 -0.024000 0.057265
v 0.008530 -0.024000 0.054532
v 0.006700 -0.024000 0.052236
v 0.004274 -0.024000 0.050582
v 0.001468 -0.024000 0.049717
v 0.000000 -0.024000 0.009207
v 0.000625 -0.024000 0.009374
v 0.001083 -0.024000 0.009832
v 0.001250 -0.024000 0.010457
v 0.001083 -0.024000 0.011082
v 0.000625 -0.024000 0.011539
v 0.000000 -0.024000 0.011707
v -0.000625 -0.024000 0.011539
v -0.001083 -0.024000 0.011082
v -0.001250 -0.024000 0.010457
v -0.001083 -0.024000 0.009832
v -0.000625 -0.024000 0.009374
v 0.013601 -0.024000 0.018769
v 0.013500 -0.024000 0.017822
v 0.014047 -0.022542 0.018526
v 0.014474 -0.024000 0.020760
v 0.014240 -0.024000 0.020393
v 0.014047 -0.023201 0.019718
v 0.013793 -0.024000 0.019444
v 0.014644 -0.020949 0.019597
v 0.014549 -0.021625 0.020446
v 0.015000 -0.020000 0.020586
v 0.014849 -0.020684 0.021134
v 0.014482 -0.023947 0.020772
v 0.014738 -0.022354 0.021231
v 0.014891 -0.021405 0.021655
v 0.014975 -0.020685 0.022846
v 0.014891 -0.021405 0.023259
v 0.014975 -0.020685 0.022068
v 0.015000 -0.020010 0.022463
v 0.015000 -0.020010 0.022451
v 0.015000 -0.020000 0.022457
v 0.014939 -0.024000 0.021853
v 0.014872 -0.021524 0.023325
v 0.014662 -0.022827 0.023840
v 0.014939 -0.024000 0.023061
v 0.014635 -0.022998 0.023891
v 0.014474 -0.024000 0.024154
v 0.014346 -0.022262 0.024802
v 0.013795 -0.024000 0.025465
v 0.013965 -0.024000 0.025049
v 0.013500 -0.024000 0.027092
v 0.013503 -0.024000 0.026934
v 0.014403 -0.021593 0.025804
v 0.013633 -0.024000 0.026003
v 0.014849 -0.020684 0.023780
v 0.015000 -0.020000 0.024328
v 0.014955 -0.020119 0.024482
v 0.014811 -0.020803 0.023888
v 0.014466 -0.021423 0.025684
v 0.014400 -0.022093 0.024720
v -0.013601 -0.024000 0.026145
v -0.013500 -0.024000 0.027092
v -0.014047 -0.022542 0.026388
v -0.014474 -0.024000 0.024154
v -0.014240 -0.024000 0.024521
v -0.014047 -0.023201 0.025196
v -0.013793 -0.024000 0.025470
v -0.014644 -0.020949 0.025317
v -0.014549 -0.021625 0.024468
v -0.015000 -0.020000 0.024328
v -0.014849 -0.020684 0.023780
v -0.014482 -0.023947 0.024142
v -0.014738 -0.022354 0.023682
v -0.014891 -0.021405 0.023259
v -0.014891 -0.021405 0.021655
v -0.014939 -0.024000 0.021853
v -0.014939 -0.024000 0.023061
v -0.014635 -0.022998 0.021022
v -0.014474 -0.024000 0.020760
v -0.014872 -0.021524 0.021589
v -0.014662 -0.022827 0.021074
v -0.014975 -0.020685 0.022068
v -0.014975 -0.020685 0.022846
v -0.015000 -0.020010 0.022451
v -0.015000 -0.020010 0.022463
v -0.015000 -0.020000 0.022457
v -0.014346 -0.022262 0.020112
v -0.013795 -0.024000 0.019449
v -0.013965 -0.024000 0.019865
v -0.013500 -0.024000 0.017822
v -0.013503 -0.024000 0.017980
v -0.014403 -0.021593 0.019110
v -0.013633 -0.024000 0.018911
v -0.014849 -0.020684 0.021134
v -0.015000 -0.020000 0.020586
v -0.014955 -0.020119 0.020431
v -0.014811 -0.020803 0.021026
v -0.014466 -0.021423 0.019230
v -0.014400 -0.022093 0.020194
v -0.002598 -0.024000 0.008957
v -0.013500 -0.024000 0.013457
v -0.012000 -0.024000 0.013457
v -0.001782 -0.024000 0.008043
v -0.000631 -0.024000 0.007524
v 0.000631 -0.024000 0.007524
v 0.001782 -0.024000 0.008043
v 0.002598 -0.024000 0.008957
v -0.010500 -0.024000 0.013055
v -0.009402 -0.024000 0.011957
v -0.009000 -0.024000 0.010457
v -0.009402 -0.024000 0.008957
v 0.013500 -0.024000 0.066457
v 0.012000 -0.024000 0.066457
v 0.013500 -0.024000 0.013457
v 0.009402 -0.024000 0.008957
v 0.009083 -0.024000 0.009758
v -0.013500 -0.024000 0.066457
v 0.009070 -0.024000 0.011101
v 0.009644 -0.024000 0.012315
v 0.010691 -0.024000 0.013156
v 0.012000 -0.024000 0.013457
v 0.010691 -0.024000 0.066758
v 0.009644 -0.024000 0.067599
v 0.009070 -0.024000 0.068813
v 0.009083 -0.024000 0.070156
v -0.009083 -0.024000 0.070156
v 0.009402 -0.024000 0.070957
v -0.009402 -0.024000 0.070957
v -0.010691 -0.024000 0.066758
v -0.009644 -0.024000 0.067599
v -0.009070 -0.024000 0.068813
v -0.012000 -0.024000 0.066457
v 0.002237 -0.022669 0.008458
v 0.001782 -0.021564 0.008043
v 0.001234 -0.020708 0.007722
v 0.000631 -0.020179 0.007524
v -0.000631 -0.020179 0.007524
v -0.000317 -0.020045 0.007474
v 0.000000 -0.020000 0.007457
v 0.000317 -0.020045 0.007474
v -0.002237 -0.022669 0.008458
v -0.001782 -0.021564 0.008043
v -0.001234 -0.020708 0.007722
v 0.012000 -0.020000 0.066457
v 0.015000 -0.020000 0.066457
v 0.009680 -0.020000 0.071359
v 0.010742 -0.020000 0.072181
v 0.010742 -0.020737 0.072181
v 0.009680 -0.022928 0.071359
v 0.010164 -0.021672 0.071830
v 0.012000 -0.020000 0.072457
v 0.011676 -0.020047 0.072439
v 0.011356 -0.020186 0.072387
v 0.010691 -0.020000 0.066758
v 0.009644 -0.020000 0.067599
v 0.009070 -0.020000 0.068813
v 0.009083 -0.020000 0.070156
v -0.012000 -0.020000 0.066457
v -0.015000 -0.020000 0.066457
v -0.012000 -0.020000 0.072457
v -0.010742 -0.020000 0.072181
v -0.011676 -0.020047 0.072439
v -0.011356 -0.020186 0.072387
v -0.009083 -0.020000 0.070156
v -0.009680 -0.022928 0.071359
v -0.009680 -0.020000 0.071359
v -0.010164 -0.021672 0.071830
v -0.010742 -0.020737 0.072181
v -0.010691 -0.020000 0.066758
v -0.009644 -0.020000 0.067599
v -0.009070 -0.020000 0.068813
v -0.012000 -0.020000 0.013457
v -0.015000 -0.020000 0.013457
v -0.009402 -0.020000 0.008957
v -0.010500 -0.020000 0.007859
v -0.010500 -0.021072 0.007859
v -0.012000 -0.020000 0.007457
v -0.011608 -0.020068 0.007483
v -0.011224 -0.020273 0.007559
v -0.009879 -0.022343 0.008336
v -0.009000 -0.020000 0.010457
v -0.009402 -0.020000 0.011957
v -0.010500 -0.020000 0.013055
v 0.012000 -0.020000 0.013457
v 0.015000 -0.020000 0.013457
v 0.012000 -0.020000 0.007457
v 0.010742 -0.020000 0.007733
v 0.011676 -0.020047 0.007474
v 0.011356 -0.020186 0.007527
v 0.009083 -0.020000 0.009758
v 0.009680 -0.022928 0.008555
v 0.009680 -0.020000 0.008555
v 0.010164 -0.021672 0.008084
v 0.010742 -0.020737 0.007733
v 0.010691 -0.020000 0.013156
v 0.009644 -0.020000 0.012315
v 0.009070 -0.020000 0.011101
v 0.015000 -0.020000 0.021550
v 0.015000 -0.020000 0.022444
v 0.015000 -0.020000 0.023364
v 0.015000 -0.020000 0.022470
v -0.015000 -0.020000 0.023364
v -0.015000 -0.020000 0.022470
v -0.015000 -0.020000 0.021550
v -0.015000 -0.020000 0.022444
v 0.012000 -0.020000 0.070707
v 0.012000 -0.004000 0.070707
v 0.012625 -0.020000 0.070539
v 0.012625 -0.004000 0.070539
v 0.013083 -0.020000 0.070082
v 0.013083 -0.004000 0.070082
v 0.013250 -0.020000 0.069457
v 0.013250 -0.004000 0.069457
v 0.013083 -0.020000 0.068832
v 0.013083 -0.004000 0.068832
v 0.012625 -0.020000 0.068374
v 0.012625 -0.004000 0.068374
v 0.012000 -0.020000 0.068207
v 0.012000 -0.004000 0.068207
v 0.011375 -0.020000 0.068374
v 0.011375 -0.004000 0.068374
v 0.010917 -0.020000 0.068832
v 0.010917 -0.004000 0.068832
v 0.010750 -0.020000 0.069457
v 0.010750 -0.004000 0.069457
v 0.010917 -0.020000 0.070082
v 0.010917 -0.004000 0.070082
v 0.011375 -0.020000 0.070539
v 0.011375 -0.004000 0.070539
v 0.015000 -0.020000 0.069457
v 0.014598 -0.020000 0.070957
v 0.013500 -0.020000 0.072055
v -0.012000 -0.020000 0.070707
v -0.012000 -0.004000 0.070707
v -0.011375 -0.020000 0.070539
v -0.011375 -0.004000 0.070539
v -0.010917 -0.020000 0.070082
v -0.010917 -0.004000 0.070082
v -0.010750 -0.020000 0.069457
v -0.010750 -0.004000 0.069457
v -0.010917 -0.020000 0.068832
v -0.010917 -0.004000 0.068832
v -0.011375 -0.020000 0.068374
v -0.011375 -0.004000 0.068374
v -0.012000 -0.020000 0.068207
v -0.012000 -0.004000 0.068207
v -0.012625 -0.020000 0.068374
v -0.012625 -0.004000 0.068374
v -0.013083 -0.020000 0.068832
v -0.013083 -0.004000 0.068832
v -0.013250 -0.020000 0.069457
v -0.013250 -0.004000 0.069457
v -0.013083 -0.020000 0.070082
v -0.013083 -0.004000 0.070082
v -0.012625 -0.020000 0.070539
v -0.012625 -0.004000 0.070539
v -0.015000 -0.020000 0.069457
v -0.014598 -0.020000 0.070957
v -0.013500 -0.020000 0.072055
v -0.015000 -0.020000 0.010457
v -0.014598 -0.020000 0.008957
v -0.013500 -0.020000 0.007859
v 0.013500 -0.020000 0.007859
v 0.014598 -0.020000 0.008957
v 0.015000 -0.020000 0.010457
v 0.012000 -0.020000 0.011707
v 0.011375 -0.020000 0.011539
v 0.010917 -0.020000 0.011082
v 0.010750 -0.020000 0.010457
v 0.012625 -0.020000 0.011539
v 0.013083 -0.020000 0.011082
v 0.013250 -0.020000 0.010457
v 0.013083 -0.020000 0.009832
v 0.012625 -0.020000 0.009374
v 0.012000 -0.020000 0.009207
v 0.011375 -0.020000 0.009374
v 0.010917 -0.020000 0.009832
v 0.012000 -0.004000 0.011707
v 0.012625 -0.004000 0.011539
v 0.013083 -0.004000 0.011082
v 0.013250 -0.004000 0.010457
v 0.013083 -0.004000 0.009832
v 0.012625 -0.004000 0.009374
v 0.012000 -0.004000 0.009207
v 0.011375 -0.004000 0.009374
v 0.010917 -0.004000 0.009832
v 0.010750 -0.004000 0.010457
v 0.010917 -0.004000 0.011082
v 0.011375 -0.004000 0.011539
v -0.013250 -0.020000 0.010457
v -0.013083 -0.020000 0.011082
v -0.012625 -0.020000 0.011539
v -0.012000 -0.020000 0.011707
v -0.011375 -0.020000 0.011539
v -0.010917 -0.020000 0.011082
v -0.010750 -0.020000 0.010457
v -0.010917 -0.020000 0.009832
v -0.011375 -0.020000 0.009374
v -0.012000 -0.020000 0.009207
v -0.012625 -0.020000 0.009374
v -0.013083 -0.020000 0.009832
v -0.012000 -0.004000 0.011707
v -0.011375 -0.004000 0.011539
v -0.010917 -0.004000 0.011082
v -0.010750 -0.004000 0.010457
v -0.010917 -0.004000 0.009832
v -0.011375 -0.004000 0.009374
v -0.012000 -0.004000 0.009207
v -0.012625 -0.004000 0.009374
v -0.013083 -0.004000 0.009832
v -0.013250 -0.004000 0.010457
v -0.013083 -0.004000 0.011082
v -0.012625 -0.004000 0.011539
v -0.012000 -0.004000 0.010457
v 0.012000 -0.004000 0.069457
v -0.012000 -0.004000 0.069457
v 0.012000 -0.004000 0.010457
v -0.003021 0.014279 0.080457
v -0.003021 0.017721 0.080457
v 0.003021 0.014279 0.080457
v 0.003021 0.017721 0.080457
v 0.010917 -0.004000 0.033832
v 0.011375 -0.004000 0.033374
v 0.012000 -0.004000 0.034457
v 0.012000 -0.004000 0.033207
v 0.012625 -0.004000 0.033374
v 0.011375 -0.004000 0.035539
v 0.010917 -0.004000 0.035082
v 0.010750 -0.004000 0.034457
v 0.013083 -0.004000 0.035082
v 0.012625 -0.004000 0.035539
v 0.012000 -0.004000 0.035707
v 0.013083 -0.004000 0.033832
v 0.013250 -0.004000 0.034457
v 0.012000 -0.020000 0.035707
v 0.012625 -0.020000 0.035539
v 0.013083 -0.020000 0.035082
v 0.013250 -0.020000 0.034457
v 0.013083 -0.020000 0.033832
v 0.012625 -0.020000 0.033374
v 0.012000 -0.020000 0.033207
v 0.011375 -0.020000 0.033374
v 0.010917 -0.020000 0.033832
v 0.010750 -0.020000 0.034457
v 0.010917 -0.020000 0.035082
v 0.011375 -0.020000 0.035539
v 0.012000 -0.020000 0.034457
v -0.013083 -0.004000 0.033832
v -0.012625 -0.004000 0.033374
v -0.012000 -0.004000 0.034457
v -0.012000 -0.004000 0.033207
v -0.011375 -0.004000 0.033374
v -0.012625 -0.004000 0.035539
v -0.013083 -0.004000 0.035082
v -0.013250 -0.004000 0.034457
v -0.010917 -0.004000 0.035082
v -0.011375 -0.004000 0.035539
v -0.012000 -0.004000 0.035707
v -0.010917 -0.004000 0.033832
v -0.010750 -0.004000 0.034457
v -0.010917 -0.020000 0.033832
v -0.011375 -0.020000 0.033374
v -0.012000 -0.020000 0.034457
v -0.012000 -0.020000 0.033207
v -0.012625 -0.020000 0.033374
v -0.011375 -0.020000 0.035539
v -0.010917 -0.020000 0.035082
v -0.010750 -0.020000 0.034457
v -0.013083 -0.020000 0.035082
v -0.012625 -0.020000 0.035539
v -0.012000 -0.020000 0.035707
v -0.013083 -0.020000 0.033832
v -0.013250 -0.020000 0.034457
v 0.012812 0.026000 0.021050
v 0.013407 0.026000 0.021644
v 0.015000 0.026000 0.016457
v 0.015000 0.026000 0.024457
v 0.010593 0.026000 0.023269
v 0.007000 0.026000 0.026189
v 0.011187 0.026000 0.023864
v 0.008000 0.026000 0.026457
v 0.012000 0.026000 0.024082
v 0.013000 0.026000 0.026457
v 0.012812 0.026000 0.023864
v 0.006000 0.026000 0.016457
v 0.006000 0.026000 0.022457
v 0.010375 0.026000 0.022457
v 0.006000 0.026000 0.024457
v 0.006268 0.026000 0.025457
v 0.010593 0.026000 0.021644
v 0.011187 0.026000 0.021050
v 0.012000 0.026000 0.020832
v 0.013625 0.026000 0.022457
v 0.013407 0.026000 0.023269
v 0.014732 0.026000 0.025457
v 0.014000 0.026000 0.026189
v 0.003527 0.026000 0.017603
v 0.001854 0.026000 0.016751
v 0.000000 0.026000 0.016457
v 0.004854 0.026000 0.018930
v 0.005706 0.026000 0.020603
v -0.012812 0.026000 0.021050
v -0.012000 0.026000 0.020832
v -0.015000 0.026000 0.016457
v -0.011187 0.026000 0.021050
v -0.001854 0.026000 0.016751
v -0.003527 0.026000 0.017603
v -0.010593 0.026000 0.021644
v -0.004854 0.026000 0.018930
v -0.007000 0.026000 0.026189
v -0.010593 0.026000 0.023269
v -0.008000 0.026000 0.026457
v -0.011187 0.026000 0.023864
v -0.013000 0.026000 0.026457
v -0.012000 0.026000 0.024082
v -0.014000 0.026000 0.026189
v -0.012812 0.026000 0.023864
v -0.014732 0.026000 0.025457
v -0.013407 0.026000 0.023269
v -0.015000 0.026000 0.024457
v -0.013625 0.026000 0.022457
v -0.013407 0.026000 0.021644
v -0.006268 0.026000 0.025457
v -0.006000 0.026000 0.024457
v -0.010375 0.026000 0.022457
v -0.006000 0.026000 0.022457
v -0.005706 0.026000 0.020603
v 0.012812 0.026000 0.009050
v 0.013407 0.026000 0.009644
v 0.015000 0.026000 0.002457
v 0.013625 0.026000 0.010457
v 0.013407 0.026000 0.011269
v 0.006000 0.026000 0.002457
v 0.011187 0.026000 0.009050
v 0.012000 0.026000 0.008832
v 0.011187 0.026000 0.011864
v 0.012000 0.026000 0.012082
v 0.012812 0.026000 0.011864
v 0.010593 0.026000 0.011269
v 0.010375 0.026000 0.010457
v 0.010593 0.026000 0.009644
v -0.012812 0.026000 0.009050
v -0.012000 0.026000 0.008832
v -0.015000 0.026000 0.002457
v -0.011187 0.026000 0.009050
v 0.001625 0.026000 0.010457
v 0.001407 0.026000 0.009644
v 0.000813 0.026000 0.009050
v 0.000000 0.026000 0.008832
v -0.000813 0.026000 0.009050
v -0.001407 0.026000 0.009644
v -0.001625 0.026000 0.010457
v -0.012812 0.026000 0.011864
v -0.013407 0.026000 0.011269
v -0.013625 0.026000 0.010457
v -0.013407 0.026000 0.009644
v -0.010593 0.026000 0.009644
v -0.000813 0.026000 0.011864
v -0.001407 0.026000 0.011269
v 0.001407 0.026000 0.011269
v 0.000813 0.026000 0.011864
v 0.000000 0.026000 0.012082
v -0.010375 0.026000 0.010457
v -0.010593 0.026000 0.011269
v -0.011187 0.026000 0.011864
v -0.012000 0.026000 0.012082
v -0.012812 -0.026000 0.011864
v -0.012000 -0.026000 0.012082
v -0.015000 -0.026000 0.016457
v -0.010593 -0.026000 0.023269
v -0.007000 -0.026000 0.026189
v -0.011187 -0.026000 0.023864
v -0.008000 -0.026000 0.026457
v -0.012000 -0.026000 0.024082
v -0.013000 -0.026000 0.026457
v -0.012812 -0.026000 0.023864
v -0.010375 -0.026000 0.022457
v -0.006000 -0.026000 0.024457
v -0.006268 -0.026000 0.025457
v -0.010593 -0.026000 0.021644
v -0.011187 -0.026000 0.021050
v -0.003527 -0.026000 0.017603
v -0.001854 -0.026000 0.016751
v -0.012000 -0.026000 0.020832
v -0.012812 -0.026000 0.021050
v -0.013407 -0.026000 0.021644
v -0.015000 -0.026000 0.024457
v -0.013625 -0.026000 0.022457
v -0.013407 -0.026000 0.023269
v -0.014732 -0.026000 0.025457
v -0.014000 -0.026000 0.026189
v -0.004854 -0.026000 0.018930
v -0.005706 -0.026000 0.020603
v -0.006000 -0.026000 0.022457
v 0.006000 -0.026000 0.016457
v 0.006000 -0.026000 0.022457
v 0.005706 -0.026000 0.020603
v 0.004854 -0.026000 0.018930
v 0.003527 -0.026000 0.017603
v 0.001854 -0.026000 0.016751
v 0.013407 -0.026000 0.021644
v 0.012812 -0.026000 0.021050
v 0.015000 -0.026000 0.016457
v 0.012000 -0.026000 0.020832
v 0.011187 -0.026000 0.021050
v 0.010593 -0.026000 0.021644
v 0.010375 -0.026000 0.022457
v 0.006000 -0.026000 0.024457
v 0.010593 -0.026000 0.023269
v 0.006268 -0.026000 0.025457
v 0.013625 -0.026000 0.022457
v 0.015000 -0.026000 0.024457
v 0.013407 -0.026000 0.023269
v 0.014732 -0.026000 0.025457
v 0.012812 -0.026000 0.023864
v 0.014000 -0.026000 0.026189
v 0.012000 -0.026000 0.024082
v 0.013000 -0.026000 0.026457
v 0.011187 -0.026000 0.023864
v 0.008000 -0.026000 0.026457
v 0.007000 -0.026000 0.026189
v 0.012000 -0.026000 0.012082
v 0.012812 -0.026000 0.011864
v 0.013407 -0.026000 0.009644
v 0.015000 -0.026000 0.002457
v 0.013625 -0.026000 0.010457
v 0.013407 -0.026000 0.011269
v 0.011187 -0.026000 0.011864
v 0.010593 -0.026000 0.011269
v 0.012812 -0.026000 0.009050
v 0.012000 -0.026000 0.008832
v 0.006000 -0.026000 0.002457
v 0.011187 -0.026000 0.009050
v 0.010593 -0.026000 0.009644
v 0.010375 -0.026000 0.010457
v -0.010593 -0.026000 0.011269
v 0.000000 -0.026000 0.008832
v -0.000813 -0.026000 0.009050
v 0.000000 -0.026000 0.016457
v -0.011187 -0.026000 0.011864
v 0.000000 -0.026000 0.012082
v 0.000813 -0.026000 0.011864
v 0.001407 -0.026000 0.011269
v 0.001625 -0.026000 0.010457
v -0.001407 -0.026000 0.009644
v -0.001625 -0.026000 0.010457
v -0.001407 -0.026000 0.011269
v -0.000813 -0.026000 0.011864
v -0.012812 -0.026000 0.009050
v -0.013407 -0.026000 0.009644
v -0.015000 -0.026000 0.002457
v -0.013625 -0.026000 0.010457
v -0.013407 -0.026000 0.011269
v 0.001407 -0.026000 0.009644
v 0.000813 -0.026000 0.009050
v -0.010375 -0.026000 0.010457
v -0.010593 -0.026000 0.009644
v -0.011187 -0.026000 0.009050
v -0.012000 -0.026000 0.008832
v -0.008000 -0.024000 0.026457
v -0.013000 -0.024000 0.026457
v 0.012812 -0.024000 0.021050
v 0.013407 -0.024000 0.021644
v 0.015000 -0.024000 0.016457
v 0.015000 -0.024000 0.024457
v 0.010593 -0.024000 0.023269
v 0.007000 -0.024000 0.026189
v 0.011187 -0.024000 0.023864
v 0.008000 -0.024000 0.026457
v 0.012000 -0.024000 0.024082
v 0.013000 -0.024000 0.026457
v 0.012812 -0.024000 0.023864
v 0.006000 -0.024000 0.016457
v 0.006000 -0.024000 0.022457
v 0.010375 -0.024000 0.022457
v 0.006000 -0.024000 0.024457
v 0.006268 -0.024000 0.025457
v 0.010593 -0.024000 0.021644
v 0.011187 -0.024000 0.021050
v 0.012000 -0.024000 0.020832
v 0.013625 -0.024000 0.022457
v 0.013407 -0.024000 0.023269
v 0.014732 -0.024000 0.025457
v 0.014000 -0.024000 0.026189
v 0.003527 -0.024000 0.017603
v 0.001854 -0.024000 0.016751
v 0.000000 -0.024000 0.016457
v 0.004854 -0.024000 0.018930
v 0.005706 -0.024000 0.020603
v -0.012812 -0.024000 0.021050
v -0.012000 -0.024000 0.020832
v -0.015000 -0.024000 0.016457
v -0.011187 -0.024000 0.021050
v -0.007000 -0.024000 0.026189
v -0.010593 -0.024000 0.023269
v -0.011187 -0.024000 0.023864
v -0.012000 -0.024000 0.024082
v -0.014000 -0.024000 0.026189
v -0.012812 -0.024000 0.023864
v -0.014732 -0.024000 0.025457
v -0.013407 -0.024000 0.023269
v -0.015000 -0.024000 0.024457
v -0.013625 -0.024000 0.022457
v -0.013407 -0.024000 0.021644
v -0.006268 -0.024000 0.025457
v -0.006000 -0.024000 0.024457
v -0.010375 -0.024000 0.022457
v -0.006000 -0.024000 0.022457
v -0.010593 -0.024000 0.021644
v -0.005706 -0.024000 0.020603
v 0.006000 -0.024000 0.004457
v 0.011187 -0.024000 0.009050
v 0.015000 -0.024000 0.004457
v 0.012000 -0.024000 0.008832
v 0.012812 -0.024000 0.009050
v 0.013407 -0.024000 0.011269
v 0.013625 -0.024000 0.010457
v 0.013407 -0.024000 0.009644
v 0.011187 -0.024000 0.011864
v 0.012000 -0.024000 0.012082
v 0.012812 -0.024000 0.011864
v 0.010593 -0.024000 0.011269
v 0.010375 -0.024000 0.010457
v 0.010593 -0.024000 0.009644
v 0.000813 -0.024000 0.009050
v 0.001407 -0.024000 0.009644
v -0.013407 -0.024000 0.009644
v -0.015000 -0.024000 0.004457
v -0.013625 -0.024000 0.010457
v -0.011187 -0.024000 0.009050
v -0.012000 -0.024000 0.008832
v -0.012812 -0.024000 0.009050
v -0.000813 -0.024000 0.009050
v -0.010593 -0.024000 0.009644
v 0.000000 -0.024000 0.008832
v -0.011187 -0.024000 0.011864
v -0.012000 -0.024000 0.012082
v 0.001625 -0.024000 0.010457
v -0.012812 -0.024000 0.011864
v -0.013407 -0.024000 0.011269
v 0.001407 -0.024000 0.011269
v 0.000813 -0.024000 0.011864
v -0.010593 -0.024000 0.011269
v -0.001854 -0.024000 0.016751
v -0.003527 -0.024000 0.017603
v -0.004854 -0.024000 0.018930
v 0.000000 -0.024000 0.012082
v -0.000813 -0.024000 0.011864
v -0.001407 -0.024000 0.011269
v -0.010375 -0.024000 0.010457
v -0.001625 -0.024000 0.010457
v -0.001407 -0.024000 0.009644
v -0.006000 0.024000 0.024457
v -0.010593 0.024000 0.023269
v -0.010375 0.024000 0.022457
v -0.012000 0.024000 0.020832
v -0.012812 0.024000 0.021050
v -0.015000 0.024000 0.016457
v -0.013407 0.024000 0.021644
v -0.015000 0.024000 0.024457
v -0.006268 0.024000 0.025457
v -0.007000 0.024000 0.026189
v -0.011187 0.024000 0.023864
v -0.008000 0.024000 0.026457
v -0.012000 0.024000 0.024082
v -0.013000 0.024000 0.026457
v -0.012812 0.024000 0.023864
v -0.010593 0.024000 0.021644
v -0.011187 0.024000 0.021050
v -0.003527 0.024000 0.017603
v -0.001854 0.024000 0.016751
v -0.013625 0.024000 0.022457
v -0.013407 0.024000 0.023269
v -0.014732 0.024000 0.025457
v -0.014000 0.024000 0.026189
v -0.004854 0.024000 0.018930
v -0.005706 0.024000 0.020603
v -0.006000 0.024000 0.022457
v 0.006000 0.024000 0.022457
v 0.005706 0.024000 0.020603
v 0.006000 0.024000 0.016457
v 0.004854 0.024000 0.018930
v 0.003527 0.024000 0.017603
v 0.001854 0.024000 0.016751
v 0.000000 0.024000 0.016457
v 0.013407 0.024000 0.021644
v 0.012812 0.024000 0.021050
v 0.015000 0.024000 0.016457
v 0.012000 0.024000 0.020832
v 0.011187 0.024000 0.021050
v 0.010593 0.024000 0.021644
v 0.010375 0.024000 0.022457
v 0.006000 0.024000 0.024457
v 0.010593 0.024000 0.023269
v 0.006268 0.024000 0.025457
v 0.013625 0.024000 0.022457
v 0.015000 0.024000 0.024457
v 0.013407 0.024000 0.023269
v 0.014732 0.024000 0.025457
v 0.012812 0.024000 0.023864
v 0.014000 0.024000 0.026189
v 0.012000 0.024000 0.024082
v 0.013000 0.024000 0.026457
v 0.011187 0.024000 0.023864
v 0.008000 0.024000 0.026457
v 0.007000 0.024000 0.026189
v 0.013407 0.024000 0.009644
v 0.015000 0.024000 0.004457
v 0.013625 0.024000 0.010457
v 0.013407 0.024000 0.011269
v 0.012812 0.024000 0.011864
v 0.010375 0.024000 0.010457
v 0.010593 0.024000 0.011269
v 0.011187 0.024000 0.011864
v 0.012000 0.024000 0.012082
v 0.012812 0.024000 0.009050
v 0.012000 0.024000 0.008832
v 0.006000 0.024000 0.004457
v 0.011187 0.024000 0.009050
v 0.010593 0.024000 0.009644
v -0.012812 0.024000 0.011864
v -0.012000 0.024000 0.012082
v -0.011187 0.024000 0.011864
v -0.010593 0.024000 0.011269
v 0.000000 0.024000 0.012082
v 0.000813 0.024000 0.011864
v 0.001407 0.024000 0.011269
v 0.001625 0.024000 0.010457
v -0.012812 0.024000 0.009050
v -0.013407 0.024000 0.009644
v -0.015000 0.024000 0.004457
v -0.013625 0.024000 0.010457
v -0.013407 0.024000 0.011269
v 0.001407 0.024000 0.009644
v 0.000813 0.024000 0.009050
v 0.000000 0.024000 0.008832
v -0.011187 0.024000 0.009050
v -0.000813 0.024000 0.009050
v -0.010593 0.024000 0.009644
v -0.001407 0.024000 0.009644
v -0.010375 0.024000 0.010457
v -0.001625 0.024000 0.010457
v -0.001407 0.024000 0.011269
v -0.000813 0.024000 0.011864
v -0.012000 0.024000 0.008832
v 0.015000 -0.022875 0.000457
v 0.015000 -0.024000 0.000457
v 0.011180 -0.024000 0.000457
v 0.015000 -0.006368 0.000457
v 0.015000 -0.014243 0.000457
v 0.011180 -0.014243 0.000457
v -0.006970 -0.007610 0.000457
v -0.007610 -0.006970 0.000457
v -0.007680 -0.006368 0.000457
v 0.010375 0.018250 0.000457
v 0.011250 0.018484 0.000457
v 0.011180 0.014243 0.000457
v 0.006368 0.024000 0.000457
v 0.011180 0.024000 0.000457
v 0.010375 0.021750 0.000457
v 0.009500 0.021516 0.000457
v 0.008859 0.020875 0.000457
v 0.008625 0.020000 0.000457
v 0.009500 0.018484 0.000457
v 0.006368 0.014243 0.000457
v 0.008859 0.019125 0.000457
v 0.015000 0.024000 0.000457
v 0.015000 0.014243 0.000457
v 0.011891 0.019125 0.000457
v 0.012125 0.020000 0.000457
v 0.011891 0.020875 0.000457
v 0.011250 0.021516 0.000457
v 0.010375 -0.018250 0.000457
v 0.006368 -0.014243 0.000457
v 0.009500 -0.018484 0.000457
v 0.008859 -0.019125 0.000457
v 0.008625 -0.020000 0.000457
v 0.008859 -0.020875 0.000457
v 0.006368 -0.022875 0.000457
v 0.009500 -0.021516 0.000457
v 0.011180 -0.022875 0.000457
v 0.010375 -0.021750 0.000457
v 0.011250 -0.021516 0.000457
v 0.011891 -0.020875 0.000457
v 0.012125 -0.020000 0.000457
v 0.011891 -0.019125 0.000457
v 0.011250 -0.018484 0.000457
v -0.011891 0.019125 0.000457
v -0.011250 0.018484 0.000457
v -0.011180 0.014243 0.000457
v -0.010375 0.018250 0.000457
v -0.009500 0.018484 0.000457
v -0.007680 0.014243 0.000457
v -0.008859 0.019125 0.000457
v -0.008625 0.020000 0.000457
v -0.008859 0.020875 0.000457
v -0.007680 0.024000 0.000457
v -0.009500 0.021516 0.000457
v -0.011180 0.024000 0.000457
v -0.015000 0.014243 0.000457
v -0.015000 0.024000 0.000457
v -0.012125 0.020000 0.000457
v -0.010375 0.021750 0.000457
v -0.011250 0.021516 0.000457
v -0.011891 0.020875 0.000457
v -0.007610 0.010001 0.000457
v -0.008485 0.010235 0.000457
v -0.009360 0.010001 0.000457
v -0.010001 0.009360 0.000457
v -0.010235 0.008485 0.000457
v -0.011180 0.006368 0.000457
v -0.010001 0.007610 0.000457
v -0.009360 0.006970 0.000457
v -0.007610 0.006970 0.000457
v -0.006970 0.007610 0.000457
v -0.006368 0.006368 0.000457
v -0.006735 0.008485 0.000457
v -0.006970 0.009360 0.000457
v -0.006368 0.014243 0.000457
v -0.007680 -0.022875 0.000457
v -0.011180 -0.022875 0.000457
v -0.010375 -0.021750 0.000457
v -0.009500 -0.021516 0.000457
v -0.008859 -0.020875 0.000457
v -0.008625 -0.020000 0.000457
v -0.008859 -0.019125 0.000457
v -0.007680 -0.014243 0.000457
v -0.009500 -0.018484 0.000457
v -0.011250 -0.018484 0.000457
v -0.011891 -0.019125 0.000457
v -0.015000 -0.014243 0.000457
v -0.015000 -0.022875 0.000457
v -0.012125 -0.020000 0.000457
v -0.011891 -0.020875 0.000457
v -0.011250 -0.021516 0.000457
v -0.009360 -0.010001 0.000457
v -0.011180 -0.014243 0.000457
v -0.010375 -0.018250 0.000457
v -0.008485 -0.006735 0.000457
v -0.009360 -0.006970 0.000457
v -0.011180 -0.006368 0.000457
v -0.010001 -0.007610 0.000457
v -0.010235 -0.008485 0.000457
v -0.010001 -0.009360 0.000457
v -0.008485 -0.010235 0.000457
v -0.007610 -0.010001 0.000457
v -0.006368 -0.014243 0.000457
v -0.006970 -0.009360 0.000457
v -0.006735 -0.008485 0.000457
v 0.015000 0.006368 0.000457
v 0.011180 0.006368 0.000457
v 0.011180 -0.006368 0.000457
v 0.006368 -0.006368 0.000457
v 0.009360 0.006970 0.000457
v 0.010001 0.007610 0.000457
v 0.010235 0.008485 0.000457
v 0.008485 0.006735 0.000457
v 0.006368 0.006368 0.000457
v 0.007610 0.006970 0.000457
v 0.006970 0.007610 0.000457
v 0.010001 0.009360 0.000457
v 0.009360 0.010001 0.000457
v 0.008485 0.010235 0.000457
v 0.007610 0.010001 0.000457
v 0.006970 0.009360 0.000457
v 0.006735 0.008485 0.000457
v 0.006970 -0.007610 0.000457
v 0.006735 -0.008485 0.000457
v 0.010235 -0.008485 0.000457
v 0.010001 -0.007610 0.000457
v 0.006970 -0.009360 0.000457
v 0.007610 -0.010001 0.000457
v 0.008485 -0.010235 0.000457
v 0.009360 -0.010001 0.000457
v 0.010001 -0.009360 0.000457
v 0.009360 -0.006970 0.000457
v 0.008485 -0.006735 0.000457
v 0.007610 -0.006970 0.000457
v -0.006368 -0.006368 0.000457
v -0.004854 -0.003527 0.000457
v -0.003527 -0.004854 0.000457
v 0.003527 -0.004854 0.000457
v 0.004854 -0.003527 0.000457
v 0.005706 -0.001854 0.000457
v 0.006000 -0.000000 0.000457
v 0.005706 0.001854 0.000457
v 0.004854 0.003527 0.000457
v 0.003527 0.004854 0.000457
v -0.003527 0.004854 0.000457
v -0.004854 0.003527 0.000457
v -0.001854 -0.005706 0.000457
v 0.000000 -0.006000 0.000457
v 0.001854 -0.005706 0.000457
v 0.001854 0.005706 0.000457
v 0.000000 0.006000 0.000457
v -0.001854 0.005706 0.000457
v -0.005706 0.001854 0.000457
v -0.006000 -0.000000 0.000457
v -0.005706 -0.001854 0.000457
v -0.006368 0.024000 0.000457
v -0.007680 0.006368 0.000457
v -0.008485 0.006735 0.000457
v -0.006368 -0.022875 0.000457
v -0.015000 -0.006368 0.000457
v -0.015000 0.006368 0.000457
v 0.006368 -0.024000 0.000457
v -0.006368 -0.024000 0.000457
v -0.007680 -0.024000 0.000457
v -0.011180 -0.024000 0.000457
v -0.015000 -0.024000 0.000457
v 0.015000 0.021875 0.002457
v 0.015000 0.022000 0.002457
v 0.011180 0.022000 0.002457
v 0.015000 -0.014243 0.002457
v 0.015000 -0.006368 0.002457
v 0.011180 -0.006368 0.002457
v -0.006970 0.007610 0.002457
v -0.007610 0.006970 0.002457
v -0.007680 0.006368 0.002457
v 0.010375 -0.018250 0.002457
v 0.011250 -0.018484 0.002457
v 0.011180 -0.014243 0.002457
v 0.011891 0.019125 0.002457
v 0.011250 0.018484 0.002457
v 0.011180 0.014243 0.002457
v 0.010375 0.018250 0.002457
v 0.006368 0.014243 0.002457
v 0.009500 0.018484 0.002457
v 0.008859 0.019125 0.002457
v 0.006368 0.021875 0.002457
v 0.008625 0.020000 0.002457
v 0.008859 0.020875 0.002457
v 0.015000 0.014243 0.002457
v 0.012125 0.020000 0.002457
v 0.009500 0.021516 0.002457
v 0.010375 0.021750 0.002457
v 0.011180 0.021875 0.002457
v 0.011250 0.021516 0.002457
v 0.011891 0.020875 0.002457
v 0.006368 -0.022000 0.002457
v 0.011180 -0.022000 0.002457
v 0.010375 -0.021750 0.002457
v 0.009500 -0.021516 0.002457
v 0.008859 -0.020875 0.002457
v 0.008625 -0.020000 0.002457
v 0.009500 -0.018484 0.002457
v 0.006368 -0.014243 0.002457
v 0.008859 -0.019125 0.002457
v 0.015000 -0.022000 0.002457
v 0.011891 -0.019125 0.002457
v 0.012125 -0.020000 0.002457
v 0.011891 -0.020875 0.002457
v 0.011250 -0.021516 0.002457
v -0.007680 0.021875 0.002457
v -0.011180 0.021875 0.002457
v -0.010375 0.021750 0.002457
v -0.009500 0.021516 0.002457
v -0.008859 0.020875 0.002457
v -0.008625 0.020000 0.002457
v -0.008859 0.019125 0.002457
v -0.007680 0.014243 0.002457
v -0.009500 0.018484 0.002457
v -0.011250 0.018484 0.002457
v -0.011891 0.019125 0.002457
v -0.015000 0.014243 0.002457
v -0.015000 0.021875 0.002457
v -0.012125 0.020000 0.002457
v -0.011891 0.020875 0.002457
v -0.011250 0.021516 0.002457
v -0.008485 0.006735 0.002457
v -0.009360 0.006970 0.002457
v -0.011180 0.006368 0.002457
v -0.009360 0.010001 0.002457
v -0.011180 0.014243 0.002457
v -0.010375 0.018250 0.002457
v -0.010001 0.007610 0.002457
v -0.010235 0.008485 0.002457
v -0.010001 0.009360 0.002457
v -0.008485 0.010235 0.002457
v -0.007610 0.010001 0.002457
v -0.006368 0.014243 0.002457
v -0.006970 0.009360 0.002457
v -0.006735 0.008485 0.002457
v -0.011891 -0.019125 0.002457
v -0.011250 -0.018484 0.002457
v -0.011180 -0.014243 0.002457
v -0.010375 -0.018250 0.002457
v -0.007680 -0.022000 0.002457
v -0.008625 -0.020000 0.002457
v -0.008859 -0.020875 0.002457
v -0.009500 -0.018484 0.002457
v -0.007680 -0.014243 0.002457
v -0.008859 -0.019125 0.002457
v -0.015000 -0.014243 0.002457
v -0.015000 -0.022000 0.002457
v -0.012125 -0.020000 0.002457
v -0.009500 -0.021516 0.002457
v -0.010375 -0.021750 0.002457
v -0.011180 -0.022000 0.002457
v -0.011250 -0.021516 0.002457
v -0.011891 -0.020875 0.002457
v -0.007610 -0.010001 0.002457
v -0.008485 -0.010235 0.002457
v -0.009360 -0.010001 0.002457
v -0.010001 -0.009360 0.002457
v -0.010235 -0.008485 0.002457
v -0.011180 -0.006368 0.002457
v -0.010001 -0.007610 0.002457
v -0.009360 -0.006970 0.002457
v -0.006970 -0.007610 0.002457
v -0.006735 -0.008485 0.002457
v -0.006368 -0.006368 0.002457
v -0.007610 -0.006970 0.002457
v -0.006970 -0.009360 0.002457
v -0.006368 -0.014243 0.002457
v 0.015000 0.006368 0.002457
v 0.011180 0.006368 0.002457
v 0.008485 -0.010235 0.002457
v 0.009360 -0.010001 0.002457
v 0.010001 -0.009360 0.002457
v 0.010235 -0.008485 0.002457
v 0.010001 -0.007610 0.002457
v 0.006970 -0.007610 0.002457
v 0.007610 -0.006970 0.002457
v 0.006368 -0.006368 0.002457
v 0.008485 -0.006735 0.002457
v 0.009360 -0.006970 0.002457
v 0.007610 -0.010001 0.002457
v 0.006970 -0.009360 0.002457
v 0.006735 -0.008485 0.002457
v 0.006970 0.009360 0.002457
v 0.007610 0.010001 0.002457
v 0.008485 0.010235 0.002457
v 0.009360 0.010001 0.002457
v 0.006970 0.007610 0.002457
v 0.006735 0.008485 0.002457
v 0.006368 0.006368 0.002457
v 0.010001 0.009360 0.002457
v 0.010235 0.008485 0.002457
v 0.010001 0.007610 0.002457
v 0.009360 0.006970 0.002457
v 0.008485 0.006735 0.002457
v 0.007610 0.006970 0.002457
v -0.003527 -0.004854 0.002457
v -0.004854 -0.003527 0.002457
v -0.006368 0.006368 0.002457
v -0.004854 0.003527 0.002457
v -0.003527 0.004854 0.002457
v 0.003527 0.004854 0.002457
v 0.004854 0.003527 0.002457
v 0.005706 0.001854 0.002457
v 0.006000 -0.000000 0.002457
v 0.005706 -0.001854 0.002457
v 0.004854 -0.003527 0.002457
v 0.003527 -0.004854 0.002457
v 0.001854 -0.005706 0.002457
v 0.000000 -0.006000 0.002457
v -0.001854 -0.005706 0.002457
v -0.005706 -0.001854 0.002457
v -0.006000 -0.000000 0.002457
v -0.005706 0.001854 0.002457
v -0.001854 0.005706 0.002457
v 0.000000 0.006000 0.002457
v 0.001854 0.005706 0.002457
v -0.006368 -0.022000 0.002457
v -0.007680 -0.006368 0.002457
v -0.008485 -0.006735 0.002457
v -0.006368 0.021875 0.002457
v -0.015000 0.006368 0.002457
v -0.015000 -0.006368 0.002457
v 0.006368 0.022000 0.002457
v -0.006368 0.022000 0.002457
v -0.007680 0.022000 0.002457
v -0.011180 0.022000 0.002457
v -0.015000 0.022000 0.002457
v -0.015000 0.023000 0.002725
v -0.015000 -0.023732 0.003457
v -0.015000 0.025000 0.000725
v -0.015000 0.025732 0.001457
v -0.015000 0.023732 0.003457
v -0.015000 -0.025732 0.001457
v -0.015000 -0.025000 0.000725
v -0.015000 -0.023000 0.002725
v 0.015000 -0.025732 0.001457
v 0.015000 -0.025000 0.000725
v 0.015000 0.025732 0.001457
v 0.015000 0.025000 0.000725
v 0.015000 0.023732 0.003457
v 0.015000 0.023000 0.002725
v 0.015000 -0.023732 0.003457
v 0.015000 -0.023000 0.002725
v 0.000000 -0.006000 0.000457
v -0.006000 -0.000000 0.002457
v -0.006000 -0.000000 0.000457
v 0.000000 0.006000 0.000457
v 0.006000 -0.000000 0.002457
v 0.006000 -0.000000 0.000457
v -0.002148 -0.032000 0.062220
v -0.002148 -0.027000 0.062220
v -0.001862 -0.032000 0.062421
v -0.001862 -0.027000 0.062421
v -0.001073 -0.032000 0.062788
v -0.001073 -0.027000 0.062788
v -0.000736 -0.032000 0.062879
v -0.000736 -0.027000 0.062879
v 0.000131 -0.032000 0.062955
v 0.000131 -0.027000 0.062955
v 0.000479 -0.032000 0.062924
v 0.000479 -0.027000 0.062924
v 0.001319 -0.032000 0.062699
v 0.001319 -0.027000 0.062699
v 0.001636 -0.032000 0.062551
v 0.001636 -0.027000 0.062551
v 0.002348 -0.032000 0.062052
v 0.002348 -0.027000 0.062052
v 0.002595 -0.032000 0.061805
v 0.002595 -0.027000 0.061805
v 0.003094 -0.032000 0.061093
v 0.003094 -0.027000 0.061093
v 0.003242 -0.032000 0.060776
v 0.003242 -0.027000 0.060776
v 0.003467 -0.032000 0.059936
v 0.003467 -0.027000 0.059936
v 0.003498 -0.032000 0.059588
v 0.003498 -0.027000 0.059588
v 0.003422 -0.032000 0.058721
v 0.003422 -0.027000 0.058721
v 0.003331 -0.032000 0.058384
v 0.003331 -0.027000 0.058384
v 0.002964 -0.032000 0.057595
v 0.002964 -0.027000 0.057595
v 0.002763 -0.032000 0.057309
v 0.002763 -0.027000 0.057309
v 0.002148 -0.032000 0.056694
v 0.002148 -0.027000 0.056694
v 0.001862 -0.032000 0.056493
v 0.001862 -0.027000 0.056493
v 0.001073 -0.032000 0.056126
v 0.001073 -0.027000 0.056126
v 0.000736 -0.032000 0.056035
v 0.000736 -0.027000 0.056035
v -0.000131 -0.032000 0.055959
v -0.000131 -0.027000 0.055959
v -0.000479 -0.032000 0.055990
v -0.000479 -0.027000 0.055990
v -0.001319 -0.032000 0.056215
v -0.001319 -0.027000 0.056215
v -0.001636 -0.032000 0.056363
v -0.001636 -0.027000 0.056363
v -0.002348 -0.032000 0.056862
v -0.002348 -0.027000 0.056862
v -0.002595 -0.032000 0.057109
v -0.002595 -0.027000 0.057109
v -0.003094 -0.032000 0.057821
v -0.003094 -0.027000 0.057821
v -0.003242 -0.032000 0.058138
v -0.003242 -0.027000 0.058138
v -0.003467 -0.032000 0.058978
v -0.003467 -0.027000 0.058978
v -0.003498 -0.032000 0.059326
v -0.003498 -0.027000 0.059326
v -0.003422 -0.032000 0.060193
v -0.003422 -0.027000 0.060193
v -0.003331 -0.032000 0.060530
v -0.003331 -0.027000 0.060530
v -0.002964 -0.032000 0.061319
v -0.002964 -0.027000 0.061319
v -0.002763 -0.032000 0.061605
v -0.002763 -0.027000 0.061605
v 0.000259 -0.026500 0.046491
v 0.000707 -0.026500 0.046750
v 0.000000 -0.026500 0.044972
v 0.008744 -0.026500 0.066976
v 0.009192 -0.026500 0.067235
v 0.009010 -0.026500 0.064932
v 0.008271 -0.026500 0.071971
v 0.008132 -0.026500 0.071124
v 0.006156 -0.026500 0.073135
v -0.014973 -0.026500 0.060363
v -0.014485 -0.026500 0.059457
v -0.014924 -0.026500 0.057949
v -0.002293 -0.026500 0.065285
v -0.001414 -0.026500 0.063199
v -0.001958 -0.026500 0.062945
v -0.002608 -0.026500 0.062490
v -0.003033 -0.026500 0.062065
v -0.005828 -0.026500 0.061750
v -0.003488 -0.026500 0.061415
v -0.003742 -0.026500 0.060871
v 0.002042 -0.026500 0.062896
v 0.001322 -0.026500 0.063232
v 0.005475 -0.026500 0.068467
v 0.000743 -0.026500 0.063387
v 0.003182 -0.026500 0.070760
v -0.000049 -0.026500 0.063457
v -0.000647 -0.026500 0.063404
v 0.003930 -0.026500 0.060200
v 0.003775 -0.026500 0.060779
v 0.003439 -0.026500 0.061499
v 0.003095 -0.026500 0.061991
v 0.002534 -0.026500 0.062552
v 0.011293 -0.026500 0.058750
v 0.011741 -0.026500 0.058491
v 0.009010 -0.026500 0.053982
v 0.012259 -0.026500 0.060423
v 0.012707 -0.026500 0.060164
v 0.014485 -0.026500 0.059457
v 0.012966 -0.026500 0.059716
v 0.011034 -0.026500 0.059198
v 0.012259 -0.026500 0.058491
v 0.012707 -0.026500 0.058750
v 0.012966 -0.026500 0.059198
v 0.011741 -0.026500 0.060423
v 0.011293 -0.026500 0.060164
v 0.011034 -0.026500 0.059716
v 0.004000 -0.026500 0.059408
v 0.003947 -0.026500 0.058810
v 0.003742 -0.026500 0.058043
v 0.003488 -0.026500 0.057499
v 0.005475 -0.026500 0.050447
v 0.000647 -0.026500 0.055510
v 0.001414 -0.026500 0.055715
v 0.001958 -0.026500 0.055969
v 0.002608 -0.026500 0.056424
v 0.003033 -0.026500 0.056849
v 0.000049 -0.026500 0.055457
v 0.003182 -0.026500 0.048154
v -0.000743 -0.026500 0.055526
v -0.002293 -0.026500 0.053629
v -0.001322 -0.026500 0.055682
v -0.004000 -0.026500 0.059506
v -0.003930 -0.026500 0.058714
v -0.005828 -0.026500 0.057164
v -0.003775 -0.026500 0.058135
v -0.003439 -0.026500 0.057415
v -0.003095 -0.026500 0.056923
v -0.002534 -0.026500 0.056362
v -0.002042 -0.026500 0.056018
v -0.007778 -0.026500 0.067235
v -0.007519 -0.026500 0.067683
v -0.005475 -0.026500 0.068467
v -0.007519 -0.026500 0.068201
v -0.007760 -0.026500 0.072294
v -0.012837 -0.026500 0.067217
v -0.009192 -0.026500 0.067235
v -0.009010 -0.026500 0.064932
v -0.008744 -0.026500 0.066976
v -0.008226 -0.026500 0.066976
v -0.007778 -0.026500 0.068649
v -0.008226 -0.026500 0.068908
v -0.009719 -0.026500 0.070883
v -0.008744 -0.026500 0.068908
v -0.010607 -0.026500 0.070064
v -0.009192 -0.026500 0.068649
v -0.011426 -0.026500 0.069176
v -0.009451 -0.026500 0.068201
v -0.009451 -0.026500 0.067683
v -0.011303 -0.026500 0.062639
v -0.014633 -0.026500 0.062753
v -0.013915 -0.026500 0.065057
v -0.014489 -0.026500 0.055575
v -0.011303 -0.026500 0.056275
v -0.013678 -0.026500 0.053301
v -0.007519 -0.026500 0.050713
v -0.007519 -0.026500 0.051230
v -0.005475 -0.026500 0.050447
v -0.007778 -0.026500 0.051679
v -0.008226 -0.026500 0.051938
v -0.009010 -0.026500 0.053982
v -0.007778 -0.026500 0.050265
v -0.008744 -0.026500 0.051938
v -0.009192 -0.026500 0.051679
v -0.012514 -0.026500 0.051186
v -0.009451 -0.026500 0.051230
v -0.009451 -0.026500 0.050713
v -0.011025 -0.026500 0.049286
v -0.009192 -0.026500 0.050265
v -0.009251 -0.026500 0.047649
v -0.008744 -0.026500 0.050006
v -0.007237 -0.026500 0.046318
v -0.008226 -0.026500 0.050006
v -0.002704 -0.026500 0.044703
v -0.000302 -0.026500 0.044460
v 0.002108 -0.026500 0.044606
v -0.005036 -0.026500 0.045327
v 0.004463 -0.026500 0.045136
v 0.012171 -0.026500 0.050689
v 0.010607 -0.026500 0.048850
v 0.008132 -0.026500 0.047790
v 0.008768 -0.026500 0.047286
v 0.006702 -0.026500 0.046037
v 0.013420 -0.026500 0.052755
v 0.011667 -0.026500 0.051325
v 0.014321 -0.026500 0.054994
v 0.014851 -0.026500 0.057349
v 0.014997 -0.026500 0.059759
v 0.010171 -0.026500 0.070482
v 0.011808 -0.026500 0.068708
v 0.011667 -0.026500 0.067589
v 0.013139 -0.026500 0.066694
v 0.014130 -0.026500 0.064493
v 0.014754 -0.026500 0.062161
v 0.003882 -0.026500 0.073946
v 0.001508 -0.026500 0.074381
v -0.000906 -0.026500 0.074430
v 0.000000 -0.026500 0.073942
v -0.003296 -0.026500 0.074090
v -0.005600 -0.026500 0.073372
v 0.009451 -0.026500 0.067683
v 0.009451 -0.026500 0.068201
v 0.009192 -0.026500 0.068649
v 0.008744 -0.026500 0.068908
v 0.008226 -0.026500 0.068908
v 0.007778 -0.026500 0.068649
v 0.007519 -0.026500 0.068201
v 0.007519 -0.026500 0.067683
v 0.007778 -0.026500 0.067235
v 0.008226 -0.026500 0.066976
v 0.000966 -0.026500 0.071198
v 0.000966 -0.026500 0.071716
v 0.000707 -0.026500 0.072164
v 0.000259 -0.026500 0.072423
v -0.000966 -0.026500 0.071198
v -0.000707 -0.026500 0.070750
v -0.000259 -0.026500 0.072423
v -0.000707 -0.026500 0.072164
v -0.000966 -0.026500 0.071716
v -0.000259 -0.026500 0.070491
v 0.000259 -0.026500 0.070491
v 0.000707 -0.026500 0.070750
v 0.008226 -0.026500 0.050006
v 0.008744 -0.026500 0.050006
v 0.009192 -0.026500 0.050265
v 0.009451 -0.026500 0.050713
v 0.009451 -0.026500 0.051230
v 0.009192 -0.026500 0.051679
v 0.008744 -0.026500 0.051938
v 0.007519 -0.026500 0.050713
v 0.007778 -0.026500 0.050265
v 0.008226 -0.026500 0.051938
v 0.007778 -0.026500 0.051679
v 0.007519 -0.026500 0.051230
v -0.003947 -0.026500 0.060103
v -0.008121 -0.026500 0.059457
v -0.011293 -0.026500 0.058750
v -0.011741 -0.026500 0.058491
v -0.012259 -0.026500 0.058491
v -0.012707 -0.026500 0.058750
v -0.012966 -0.026500 0.059198
v -0.011034 -0.026500 0.059198
v -0.011034 -0.026500 0.059716
v -0.011293 -0.026500 0.060164
v -0.011741 -0.026500 0.060423
v -0.012259 -0.026500 0.060423
v -0.012707 -0.026500 0.060164
v -0.012966 -0.026500 0.059716
v -0.000707 -0.026500 0.048164
v -0.000966 -0.026500 0.047716
v 0.000966 -0.026500 0.047198
v -0.000259 -0.026500 0.048423
v -0.000966 -0.026500 0.047198
v -0.000707 -0.026500 0.046750
v -0.000259 -0.026500 0.046491
v 0.000966 -0.026500 0.047716
v 0.000707 -0.026500 0.048164
v 0.000259 -0.026500 0.048423
v 0.001131 -0.033000 0.058326
v 0.001131 -0.032000 0.058326
v 0.000476 -0.033000 0.057929
v 0.000476 -0.032000 0.057929
v -0.000288 -0.033000 0.057883
v -0.000288 -0.032000 0.057883
v -0.000987 -0.033000 0.058197
v -0.000987 -0.032000 0.058197
v -0.001459 -0.033000 0.058800
v -0.001459 -0.032000 0.058800
v -0.001597 -0.033000 0.059554
v -0.001597 -0.032000 0.059554
v -0.001369 -0.033000 0.060285
v -0.001369 -0.032000 0.060285
v -0.000828 -0.033000 0.060826
v -0.000828 -0.032000 0.060826
v -0.000097 -0.033000 0.061054
v -0.000097 -0.032000 0.061054
v 0.000657 -0.033000 0.060916
v 0.000657 -0.032000 0.060916
v 0.001259 -0.033000 0.060444
v 0.001259 -0.032000 0.060444
v 0.001574 -0.033000 0.059745
v 0.001574 -0.032000 0.059745
v 0.001528 -0.033000 0.058981
v 0.001528 -0.032000 0.058981
v -0.011426 -0.031500 0.069176
v -0.010607 -0.031500 0.070064
v -0.009719 -0.031500 0.070883
v -0.007760 -0.031500 0.072294
v -0.005600 -0.031500 0.073372
v -0.003296 -0.031500 0.074090
v -0.000906 -0.031500 0.074430
v 0.001508 -0.031500 0.074381
v 0.003882 -0.031500 0.073946
v 0.006156 -0.031500 0.073135
v 0.008271 -0.031500 0.071971
v 0.010171 -0.031500 0.070482
v 0.011808 -0.031500 0.068708
v 0.013139 -0.031500 0.066694
v 0.014130 -0.031500 0.064493
v 0.014754 -0.031500 0.062161
v 0.014997 -0.031500 0.059759
v 0.014851 -0.031500 0.057349
v 0.014321 -0.031500 0.054994
v 0.013420 -0.031500 0.052755
v 0.012171 -0.031500 0.050689
v 0.010607 -0.031500 0.048850
v 0.008768 -0.031500 0.047286
v 0.006702 -0.031500 0.046037
v 0.004463 -0.031500 0.045136
v 0.002108 -0.031500 0.044606
v -0.000302 -0.031500 0.044460
v -0.002704 -0.031500 0.044703
v -0.005036 -0.031500 0.045327
v -0.007237 -0.031500 0.046318
v -0.009251 -0.031500 0.047649
v -0.011025 -0.031500 0.049286
v -0.012514 -0.031500 0.051186
v -0.013678 -0.031500 0.053301
v -0.014489 -0.031500 0.055575
v -0.014924 -0.031500 0.057949
v -0.014973 -0.031500 0.060363
v -0.014633 -0.031500 0.062753
v -0.013915 -0.031500 0.065057
v -0.012837 -0.031500 0.067217
v 0.007519 -0.031500 0.068201
v 0.007778 -0.031500 0.068649
v 0.004768 -0.031500 0.069174
v -0.009718 -0.031500 0.064225
v -0.012010 -0.031500 0.061932
v -0.009536 -0.031500 0.059457
v 0.005346 -0.031500 0.062181
v 0.005856 -0.031500 0.060766
v 0.009718 -0.031500 0.064225
v 0.000188 -0.031500 0.053460
v -0.001309 -0.031500 0.053601
v -0.002293 -0.031500 0.052214
v -0.014485 -0.031500 0.059457
v 0.007425 -0.031500 0.047083
v 0.012374 -0.031500 0.066882
v 0.007425 -0.031500 0.071831
v 0.000000 -0.031500 0.073942
v -0.004768 -0.031500 0.069174
v -0.007778 -0.031500 0.068649
v -0.007519 -0.031500 0.068201
v -0.007519 -0.031500 0.067683
v -0.007778 -0.031500 0.067235
v -0.008226 -0.031500 0.066976
v -0.008744 -0.031500 0.066976
v -0.009192 -0.031500 0.067235
v -0.008226 -0.031500 0.068908
v -0.008744 -0.031500 0.068908
v -0.009192 -0.031500 0.068649
v -0.009451 -0.031500 0.068201
v -0.009451 -0.031500 0.067683
v 0.012374 -0.031500 0.052032
v 0.009718 -0.031500 0.054689
v 0.014485 -0.031500 0.059457
v 0.004768 -0.031500 0.049739
v 0.002475 -0.031500 0.047447
v 0.000000 -0.031500 0.044972
v -0.004768 -0.031500 0.049739
v -0.007519 -0.031500 0.051230
v -0.007778 -0.031500 0.051679
v -0.009718 -0.031500 0.054689
v -0.008226 -0.031500 0.051938
v -0.008744 -0.031500 0.051938
v -0.007519 -0.031500 0.050713
v -0.007778 -0.031500 0.050265
v -0.008226 -0.031500 0.050006
v -0.008744 -0.031500 0.050006
v -0.009192 -0.031500 0.050265
v -0.009451 -0.031500 0.050713
v -0.009451 -0.031500 0.051230
v -0.009192 -0.031500 0.051679
v -0.012010 -0.031500 0.056982
v -0.005973 -0.031500 0.058892
v -0.005926 -0.031500 0.060396
v -0.007243 -0.031500 0.061750
v -0.005507 -0.031500 0.061840
v -0.004741 -0.031500 0.063134
v -0.004243 -0.031500 0.063700
v -0.003677 -0.031500 0.064198
v -0.002293 -0.031500 0.066700
v -0.004962 -0.031500 0.056084
v -0.007243 -0.031500 0.057164
v -0.003968 -0.031500 0.054956
v -0.002724 -0.031500 0.054111
v 0.004243 -0.031500 0.055214
v 0.003054 -0.031500 0.054292
v 0.012707 -0.031500 0.060164
v 0.012966 -0.031500 0.059716
v 0.012259 -0.031500 0.060423
v 0.011741 -0.031500 0.060423
v 0.011293 -0.031500 0.060164
v 0.011741 -0.031500 0.058491
v 0.011293 -0.031500 0.058750
v 0.012966 -0.031500 0.059198
v 0.012707 -0.031500 0.058750
v 0.012259 -0.031500 0.058491
v 0.005164 -0.031500 0.056403
v 0.005762 -0.031500 0.057783
v 0.011034 -0.031500 0.059198
v 0.011034 -0.031500 0.059716
v 0.005997 -0.031500 0.059268
v 0.003372 -0.031500 0.064419
v 0.004501 -0.031500 0.063425
v -0.002383 -0.031500 0.064963
v -0.000939 -0.031500 0.065383
v 0.002475 -0.031500 0.071467
v 0.000565 -0.031500 0.065430
v 0.002032 -0.031500 0.065102
v -0.012707 -0.031500 0.060164
v -0.012259 -0.031500 0.060423
v -0.011034 -0.031500 0.059198
v -0.011293 -0.031500 0.058750
v -0.011741 -0.031500 0.058491
v -0.012259 -0.031500 0.058491
v -0.012707 -0.031500 0.058750
v -0.012966 -0.031500 0.059198
v -0.012966 -0.031500 0.059716
v -0.011741 -0.031500 0.060423
v -0.011293 -0.031500 0.060164
v -0.011034 -0.031500 0.059716
v -0.000966 -0.031500 0.047198
v -0.000966 -0.031500 0.047716
v 0.000707 -0.031500 0.048164
v 0.000966 -0.031500 0.047716
v -0.000707 -0.031500 0.048164
v -0.000259 -0.031500 0.048423
v 0.000259 -0.031500 0.048423
v -0.000707 -0.031500 0.046750
v -0.000259 -0.031500 0.046491
v 0.001674 -0.031500 0.053695
v 0.000966 -0.031500 0.047198
v 0.000707 -0.031500 0.046750
v 0.000259 -0.031500 0.046491
v -0.005645 -0.031500 0.057425
v 0.008744 -0.031500 0.051938
v 0.009192 -0.031500 0.051679
v 0.009451 -0.031500 0.050713
v 0.009192 -0.031500 0.050265
v 0.009451 -0.031500 0.051230
v 0.007519 -0.031500 0.050713
v 0.007519 -0.031500 0.051230
v 0.007778 -0.031500 0.051679
v 0.008226 -0.031500 0.051938
v 0.008744 -0.031500 0.050006
v 0.008226 -0.031500 0.050006
v 0.007778 -0.031500 0.050265
v 0.000707 -0.031500 0.072164
v 0.000966 -0.031500 0.071716
v -0.000259 -0.031500 0.070491
v -0.000707 -0.031500 0.070750
v 0.000259 -0.031500 0.072423
v 0.000966 -0.031500 0.071198
v 0.000707 -0.031500 0.070750
v 0.000259 -0.031500 0.070491
v -0.000966 -0.031500 0.071198
v -0.000966 -0.031500 0.071716
v -0.000707 -0.031500 0.072164
v -0.000259 -0.031500 0.072423
v 0.008226 -0.031500 0.068908
v 0.009451 -0.031500 0.067683
v 0.009192 -0.031500 0.067235
v 0.008744 -0.031500 0.066976
v 0.008744 -0.031500 0.068908
v 0.009192 -0.031500 0.068649
v 0.009451 -0.031500 0.068201
v 0.008226 -0.031500 0.066976
v 0.007778 -0.031500 0.067235
v 0.007519 -0.031500 0.067683
v -0.004741 -0.033000 0.063134
v -0.004243 -0.033000 0.063700
v -0.003677 -0.033000 0.064198
v -0.002383 -0.033000 0.064963
v -0.000939 -0.033000 0.065383
v 0.000565 -0.033000 0.065430
v 0.002032 -0.033000 0.065102
v 0.003372 -0.033000 0.064419
v 0.004501 -0.033000 0.063425
v 0.005346 -0.033000 0.062181
v 0.005856 -0.033000 0.060766
v 0.005997 -0.033000 0.059268
v 0.005762 -0.033000 0.057783
v 0.005164 -0.033000 0.056403
v 0.004243 -0.033000 0.055214
v 0.003054 -0.033000 0.054292
v 0.001674 -0.033000 0.053695
v 0.000188 -0.033000 0.053460
v -0.001309 -0.033000 0.053601
v -0.002724 -0.033000 0.054111
v -0.003968 -0.033000 0.054956
v -0.004962 -0.033000 0.056084
v -0.005645 -0.033000 0.057425
v -0.005973 -0.033000 0.058892
v -0.005926 -0.033000 0.060396
v -0.005507 -0.033000 0.061840
v -0.002042 -0.032000 0.056018
v -0.002534 -0.032000 0.056362
v -0.002469 -0.032000 0.056603
v -0.003742 -0.032000 0.060871
v -0.003488 -0.032000 0.061415
v -0.003565 -0.032000 0.060694
v -0.003239 -0.032000 0.061393
v -0.003033 -0.032000 0.062065
v -0.002608 -0.032000 0.062490
v -0.002927 -0.032000 0.061839
v -0.002382 -0.032000 0.062384
v 0.003033 -0.032000 0.056849
v 0.002608 -0.032000 0.056424
v 0.002382 -0.032000 0.056530
v -0.001936 -0.032000 0.062696
v 0.000599 -0.032000 0.063183
v 0.002854 -0.032000 0.061926
v 0.003296 -0.032000 0.061294
v 0.003095 -0.032000 0.061991
v 0.003439 -0.032000 0.061499
v 0.003526 -0.032000 0.060801
v -0.003095 -0.032000 0.056923
v -0.003439 -0.032000 0.057415
v -0.002854 -0.032000 0.056988
v -0.003296 -0.032000 0.057620
v 0.001936 -0.032000 0.056218
v 0.001237 -0.032000 0.055892
v 0.001958 -0.032000 0.055969
v 0.001414 -0.032000 0.055715
v -0.001237 -0.032000 0.063022
v -0.001958 -0.032000 0.062945
v -0.001414 -0.032000 0.063199
v 0.001344 -0.032000 0.062983
v 0.000743 -0.032000 0.063387
v 0.001322 -0.032000 0.063232
v 0.001837 -0.032000 0.062753
v 0.002469 -0.032000 0.062311
v 0.002042 -0.032000 0.062896
v 0.002534 -0.032000 0.062552
v 0.003726 -0.032000 0.060056
v 0.003775 -0.032000 0.060779
v 0.003930 -0.032000 0.060200
v 0.002927 -0.032000 0.057075
v -0.003775 -0.032000 0.058135
v -0.003930 -0.032000 0.058714
v -0.003526 -0.032000 0.058113
v -0.003726 -0.032000 0.058858
v -0.003773 -0.032000 0.059400
v -0.003706 -0.032000 0.060168
v -0.004000 -0.032000 0.059506
v -0.003947 -0.032000 0.060103
v 0.003773 -0.032000 0.059514
v 0.000647 -0.032000 0.055510
v 0.000049 -0.032000 0.055457
v 0.000711 -0.032000 0.055751
v -0.000057 -0.032000 0.055684
v -0.001837 -0.032000 0.056161
v 0.003706 -0.032000 0.058746
v 0.004000 -0.032000 0.059408
v 0.003947 -0.032000 0.058810
v 0.003565 -0.032000 0.058220
v 0.003239 -0.032000 0.057521
v 0.003742 -0.032000 0.058043
v 0.003488 -0.032000 0.057499
v -0.000743 -0.032000 0.055526
v -0.001322 -0.032000 0.055682
v -0.000599 -0.032000 0.055731
v -0.001344 -0.032000 0.055931
v -0.000711 -0.032000 0.063163
v 0.000057 -0.032000 0.063230
v -0.000647 -0.032000 0.063404
v -0.000049 -0.032000 0.063457
v -0.002927 -0.026726 0.061839
v -0.002382 -0.026726 0.062384
v -0.003565 -0.026726 0.060694
v -0.003239 -0.026726 0.061393
v -0.003773 -0.026726 0.059400
v -0.003706 -0.026726 0.060168
v -0.003526 -0.026726 0.058113
v -0.003726 -0.026726 0.058858
v -0.002854 -0.026726 0.056988
v -0.003296 -0.026726 0.057620
v -0.001837 -0.026726 0.056161
v -0.002469 -0.026726 0.056603
v -0.000599 -0.026726 0.055731
v -0.001344 -0.026726 0.055931
v 0.000711 -0.026726 0.055751
v -0.000057 -0.026726 0.055684
v 0.001936 -0.026726 0.056218
v 0.001237 -0.026726 0.055892
v 0.002927 -0.026726 0.057075
v 0.002382 -0.026726 0.056530
v 0.003565 -0.026726 0.058220
v 0.003239 -0.026726 0.057521
v 0.003773 -0.026726 0.059514
v 0.003706 -0.026726 0.058746
v 0.003526 -0.026726 0.060801
v 0.003726 -0.026726 0.060056
v 0.002854 -0.026726 0.061926
v 0.003296 -0.026726 0.061294
v 0.001837 -0.026726 0.062753
v 0.002469 -0.026726 0.062311
v 0.000599 -0.026726 0.063183
v 0.001344 -0.026726 0.062983
v -0.000711 -0.026726 0.063163
v 0.000057 -0.026726 0.063230
v -0.001936 -0.026726 0.062696
v -0.001237 -0.026726 0.063022
vn 0.0934 0.0000 0.9956
vn 0.2128 0.0000 0.9771
vn 0.3290 0.0000 0.9443
vn 0.4404 0.0000 0.8978
vn 0.5454 0.0000 0.8381
vn 0.5455 0.0000 0.8381
vn 0.6425 0.0000 0.7663
vn 0.7302 0.0000 0.6833
vn 0.8072 0.0000 0.5903
vn 0.8725 0.0000 0.4887
vn 0.9250 0.0000 0.3799
vn 0.9641 0.0000 0.2657
vn 0.9891 0.0000 0.1475
vn 0.9996 0.0000 0.0272
vn 0.9956 0.0000 -0.0935
vn 0.9771 0.0000 -0.2128
vn 0.9443 0.0000 -0.3290
vn 0.8978 0.0000 -0.4404
vn 0.8381 0.0000 -0.5454
vn 0.8381 0.0000 -0.5455
vn 0.7663 0.0000 -0.6425
vn 0.6833 0.0000 -0.7302
vn 0.5903 0.0000 -0.8072
vn 0.4887 0.0000 -0.8725
vn 0.3800 0.0000 -0.9250
vn 0.3799 0.0000 -0.9250
vn 0.2657 0.0000 -0.9641
vn 0.1475 0.0000 -0.9891
vn 0.0272 0.0000 -0.9996
vn -0.0934 0.0000 -0.9956
vn -0.2128 0.0000 -0.9771
vn -0.3290 0.0000 -0.9443
vn -0.4404 0.0000 -0.8978
vn -0.5454 0.0000 -0.8382
vn -0.6425 0.0000 -0.7663
vn -0.7302 0.0000 -0.6833
vn -0.8072 0.0000 -0.5903
vn -0.8725 0.0000 -0.4887
vn -0.9250 0.0000 -0.3800
vn -0.9641 0.0000 -0.2657
vn -0.9891 0.0000 -0.1475
vn -0.9996 0.0000 -0.0272
vn -0.9956 0.0000 0.0935
vn -0.9771 0.0000 0.2128
vn -0.9443 0.0000 0.3290
vn -0.8978 0.0000 0.4404
vn -0.8381 0.0000 0.5454
vn -0.7663 0.0000 0.6425
vn -0.6833 0.0000 0.7302
vn -0.6832 0.0000 0.7302
vn -0.5903 0.0000 0.8072
vn -0.4887 0.0000 0.8725
vn -0.3799 0.0000 0.9250
vn -0.2657 0.0000 0.9641
vn -0.1475 0.0000 0.9891
vn -0.0272 0.0000 0.9996
vn -0.1931 0.0000 -0.9812
vn -0.1135 0.0000 -0.9935
vn -0.0332 0.0000 -0.9995
vn 0.0473 0.0000 -0.9989
vn 0.1276 0.0000 -0.9918
vn 0.2070 0.0000 -0.9783
vn 0.2850 0.0000 -0.9585
vn 0.3612 0.0000 -0.9325
vn 0.4351 0.0000 -0.9004
vn 0.5061 0.0000 -0.8625
vn 0.5739 0.0000 -0.8189
vn 0.6379 0.0000 -0.7701
vn 0.6978 0.0000 -0.7163
vn 0.7532 0.0000 -0.6578
vn 0.8037 0.0000 -0.5950
vn 0.8490 0.0000 -0.5285
vn 0.8887 0.0000 -0.4584
vn 0.9227 0.0000 -0.3854
vn 0.9508 0.0000 -0.3099
vn 0.9726 0.0000 -0.2324
vn 0.9882 0.0000 -0.1534
vn 0.9973 0.0000 -0.0734
vn 1.0000 0.0000 0.0071
vn 0.9962 0.0000 0.0875
vn 0.9859 0.0000 0.1674
vn 0.9692 0.0000 0.2462
vn 0.9463 0.0000 0.3234
vn 0.9172 0.0000 0.3985
vn 0.8821 0.0000 0.4710
vn 0.8414 0.0000 0.5404
vn 0.7951 0.0000 0.6064
vn 0.7438 0.0000 0.6684
vn 0.6876 0.0000 0.7261
vn 0.6269 0.0000 0.7791
vn 0.5622 0.0000 0.8270
vn 0.4938 0.0000 0.8696
vn 0.4223 0.0000 0.9065
vn 0.3480 0.0000 0.9375
vn 0.2714 0.0000 0.9625
vn 0.1931 0.0000 0.9812
vn 0.1135 0.0000 0.9935
vn 0.0332 0.0000 0.9995
vn -0.0473 0.0000 0.9989
vn -0.1276 0.0000 0.9918
vn -0.2070 0.0000 0.9783
vn -0.2850 0.0000 0.9585
vn -0.3612 0.0000 0.9325
vn -0.4351 0.0000 0.9004
vn -0.5061 0.0000 0.8625
vn -0.5739 0.0000 0.8189
vn -0.6379 0.0000 0.7701
vn -0.6978 0.0000 0.7163
vn -0.7532 0.0000 0.6578
vn -0.8037 0.0000 0.5950
vn -0.8490 0.0000 0.5285
vn -0.8887 0.0000 0.4584
vn -0.9227 0.0000 0.3854
vn -0.9508 0.0000 0.3099
vn -0.9726 0.0000 0.2324
vn -0.9882 0.0000 0.1534
vn -0.9973 0.0000 0.0734
vn -1.0000 0.0000 -0.0071
vn -0.9962 0.0000 -0.0875
vn -0.9859 0.0000 -0.1674
vn -0.9692 0.0000 -0.2462
vn -0.9463 0.0000 -0.3234
vn -0.9172 0.0000 -0.3985
vn -0.8821 0.0000 -0.4710
vn -0.8414 0.0000 -0.5405
vn -0.7952 0.0000 -0.6064
vn -0.7438 0.0000 -0.6684
vn -0.6876 0.0000 -0.7261
vn -0.6269 0.0000 -0.7791
vn -0.5622 0.0000 -0.8270
vn -0.4938 0.0000 -0.8696
vn -0.4223 0.0000 -0.9065
vn -0.3480 0.0000 -0.9375
vn -0.2714 0.0000 -0.9625
vn 0.0000 -1.0000 0.0000
vn 0.0000 1.0000 0.0000
vn 0.4039 0.0000 0.9148
vn 0.9942 0.0000 0.1076
vn 0.9148 0.0000 -0.4039
vn 0.5902 0.0000 -0.8072
vn 0.1076 0.0000 -0.9942
vn -0.4039 0.0000 -0.9148
vn -0.8072 0.0000 -0.5902
vn -0.9942 0.0000 -0.1076
vn -0.9148 0.0000 0.4039
vn -0.5902 0.0000 0.8072
vn -0.1076 0.0000 0.9942
vn 0.9942 0.0000 0.1075
vn -0.9942 0.0000 -0.1075
vn 0.8072 0.0000 0.5902
vn 0.1075 0.0000 -0.9942
vn -0.1075 0.0000 0.9942
vn 0.0957 0.0000 0.9954
vn 0.2106 0.0000 0.9776
vn 0.3227 0.0000 0.9465
vn 0.4304 0.0000 0.9026
vn 0.5322 0.0000 0.8466
vn 0.7131 0.0000 0.7010
vn 0.7897 0.0000 0.6135
vn 0.8556 0.0000 0.5177
vn 0.9099 0.0000 0.4148
vn 0.9519 0.0000 0.3064
vn 0.9810 0.0000 0.1938
vn 0.9969 0.0000 0.0786
vn 0.9993 0.0000 -0.0376
vn 0.9637 0.0000 -0.2671
vn 0.9261 0.0000 -0.3772
vn 0.8761 0.0000 -0.4821
vn 0.8142 0.0000 -0.5806
vn 0.7413 0.0000 -0.6712
vn 0.6584 0.0000 -0.7527
vn 0.5665 0.0000 -0.8240
vn 0.4670 0.0000 -0.8842
vn 0.2505 0.0000 -0.9681
vn 0.1364 0.0000 -0.9906
vn 0.0205 0.0000 -0.9998
vn -0.0957 0.0000 -0.9954
vn -0.2106 0.0000 -0.9776
vn -0.3227 0.0000 -0.9465
vn -0.4304 0.0000 -0.9026
vn -0.5322 0.0000 -0.8466
vn -0.7132 0.0000 -0.7010
vn -0.7897 0.0000 -0.6135
vn -0.8556 0.0000 -0.5177
vn -0.9099 0.0000 -0.4148
vn -0.9519 0.0000 -0.3064
vn -0.9810 0.0000 -0.1938
vn -0.9969 0.0000 -0.0786
vn -0.9993 0.0000 0.0376
vn -0.9637 0.0000 0.2671
vn -0.9261 0.0000 0.3772
vn -0.8761 0.0000 0.4821
vn -0.8142 0.0000 0.5806
vn -0.7413 0.0000 0.6712
vn -0.6584 0.0000 0.7527
vn -0.5665 0.0000 0.8240
vn -0.4670 0.0000 0.8842
vn -0.2505 0.0000 0.9681
vn -0.1365 0.0000 0.9906
vn -0.0205 0.0000 0.9998
vn -0.0248 0.9658 -0.2583
vn -0.0248 0.9658 -0.2582
vn 0.0053 0.9658 -0.2594
vn 0.0354 0.9658 -0.2570
vn 0.0354 0.9657 -0.2572
vn 0.0650 0.9657 -0.2513
vn 0.0650 0.9657 -0.2512
vn 0.0937 0.9657 -0.2420
vn 0.0938 0.9657 -0.2420
vn 0.1212 0.9657 -0.2295
vn 0.1211 0.9658 -0.2293
vn 0.1469 0.9658 -0.2137
vn 0.1470 0.9658 -0.2138
vn 0.1470 0.9657 -0.2138
vn 0.1708 0.9657 -0.1953
vn 0.1708 0.9658 -0.1953
vn 0.1923 0.9658 -0.1741
vn 0.2113 0.9658 -0.1506
vn 0.2112 0.9658 -0.1506
vn 0.2273 0.9658 -0.1251
vn 0.2274 0.9657 -0.1251
vn 0.2404 0.9657 -0.0979
vn 0.2403 0.9657 -0.0979
vn 0.2501 0.9657 -0.0693
vn 0.2564 0.9657 -0.0398
vn 0.2564 0.9658 -0.0398
vn 0.2593 0.9658 -0.0098
vn 0.2593 0.9657 -0.0098
vn 0.2587 0.9657 0.0204
vn 0.2585 0.9658 0.0204
vn 0.2544 0.9658 0.0503
vn 0.2545 0.9658 0.0503
vn 0.2469 0.9658 0.0795
vn 0.2470 0.9657 0.0795
vn 0.2471 0.9657 0.0795
vn 0.2361 0.9657 0.1077
vn 0.2360 0.9658 0.1076
vn 0.2219 0.9658 0.1343
vn 0.2221 0.9657 0.1344
vn 0.2050 0.9657 0.1592
vn 0.2049 0.9657 0.1592
vn 0.2045 0.9659 0.1589
vn 0.1851 0.9657 0.1819
vn 0.1850 0.9658 0.1819
vn 0.1627 0.9658 0.2021
vn 0.1627 0.9657 0.2022
vn 0.1381 0.9658 0.2197
vn 0.1381 0.9658 0.2196
vn 0.1117 0.9658 0.2342
vn 0.1117 0.9657 0.2342
vn 0.0837 0.9657 0.2456
vn 0.0838 0.9657 0.2457
vn 0.0547 0.9657 0.2538
vn 0.0546 0.9658 0.2536
vn 0.0248 0.9658 0.2583
vn 0.0248 0.9657 0.2584
vn -0.0053 0.9658 0.2592
vn -0.0053 0.9657 0.2595
vn -0.0053 0.9658 0.2594
vn -0.0354 0.9658 0.2570
vn -0.0650 0.9658 0.2512
vn -0.0650 0.9657 0.2512
vn -0.0937 0.9657 0.2420
vn -0.0937 0.9658 0.2419
vn -0.1212 0.9658 0.2294
vn -0.1211 0.9658 0.2293
vn -0.1469 0.9658 0.2137
vn -0.1470 0.9658 0.2138
vn -0.1708 0.9657 0.1953
vn -0.1709 0.9657 0.1953
vn -0.1924 0.9657 0.1742
vn -0.1923 0.9658 0.1741
vn -0.2113 0.9658 0.1506
vn -0.2112 0.9658 0.1506
vn -0.2273 0.9658 0.1251
vn -0.2272 0.9658 0.1251
vn -0.2274 0.9657 0.1251
vn -0.2404 0.9657 0.0979
vn -0.2403 0.9657 0.0979
vn -0.2501 0.9657 0.0693
vn -0.2564 0.9657 0.0398
vn -0.2564 0.9658 0.0398
vn -0.2593 0.9658 0.0098
vn -0.2593 0.9657 0.0098
vn -0.2587 0.9657 -0.0204
vn -0.2585 0.9658 -0.0204
vn -0.2544 0.9658 -0.0503
vn -0.2469 0.9658 -0.0795
vn -0.2469 0.9658 -0.0794
vn -0.2470 0.9657 -0.0795
vn -0.2471 0.9657 -0.0795
vn -0.2361 0.9657 -0.1077
vn -0.2360 0.9658 -0.1076
vn -0.2219 0.9658 -0.1343
vn -0.2220 0.9657 -0.1343
vn -0.2049 0.9657 -0.1592
vn -0.2049 0.9658 -0.1591
vn -0.1850 0.9658 -0.1819
vn -0.1627 0.9658 -0.2021
vn -0.1627 0.9657 -0.2022
vn -0.1381 0.9657 -0.2197
vn -0.1381 0.9658 -0.2196
vn -0.1117 0.9658 -0.2342
vn -0.1117 0.9657 -0.2342
vn -0.0837 0.9657 -0.2456
vn -0.0837 0.9658 -0.2456
vn -0.0546 0.9658 -0.2536
vn -0.0677 0.7066 -0.7043
vn -0.0677 0.7065 -0.7045
vn 0.0145 0.7065 -0.7076
vn 0.0966 0.7064 -0.7012
vn 0.0965 0.7066 -0.7010
vn 0.1773 0.7066 -0.6851
vn 0.2556 0.7066 -0.6598
vn 0.2556 0.7067 -0.6597
vn 0.3304 0.7067 -0.6256
vn 0.3304 0.7068 -0.6256
vn 0.3305 0.7065 -0.6258
vn 0.3307 0.7062 -0.6260
vn 0.4011 0.7063 -0.5834
vn 0.4011 0.7062 -0.5834
vn 0.4009 0.7067 -0.5831
vn 0.4008 0.7067 -0.5830
vn 0.4658 0.7067 -0.5326
vn 0.4659 0.7066 -0.5326
vn 0.5246 0.7066 -0.4749
vn 0.5247 0.7064 -0.4751
vn 0.5763 0.7064 -0.4110
vn 0.5763 0.7064 -0.4109
vn 0.6201 0.7064 -0.3412
vn 0.6198 0.7067 -0.3411
vn 0.6553 0.7067 -0.2668
vn 0.6818 0.7067 -0.1890
vn 0.6821 0.7064 -0.1890
vn 0.6994 0.7064 -0.1086
vn 0.6995 0.7064 -0.1086
vn 0.6992 0.7067 -0.1086
vn 0.7070 0.7067 -0.0266
vn 0.7071 0.7066 -0.0266
vn 0.7055 0.7066 0.0556
vn 0.7054 0.7066 0.0556
vn 0.7057 0.7064 0.0557
vn 0.7057 0.7063 0.0557
vn 0.6945 0.7063 0.1372
vn 0.6738 0.7063 0.2169
vn 0.6739 0.7063 0.2169
vn 0.6735 0.7067 0.2168
vn 0.6438 0.7067 0.2935
vn 0.6439 0.7065 0.2936
vn 0.6055 0.7065 0.3664
vn 0.6055 0.7066 0.3663
vn 0.5591 0.7062 0.4343
vn 0.5588 0.7065 0.4342
vn 0.5047 0.7065 0.4961
vn 0.5046 0.7066 0.4960
vn 0.4436 0.7066 0.5513
vn 0.4437 0.7066 0.5513
vn 0.3766 0.7066 0.5991
vn 0.3767 0.7065 0.5991
vn 0.3045 0.7065 0.6388
vn 0.3045 0.7068 0.6386
vn 0.2283 0.7068 0.6696
vn 0.2283 0.7067 0.6697
vn 0.1490 0.7067 0.6917
vn 0.1490 0.7066 0.6917
vn 0.0677 0.7067 0.7043
vn 0.0677 0.7063 0.7047
vn 0.0678 0.7064 0.7046
vn 0.0677 0.7068 0.7042
vn -0.0145 0.7068 0.7073
vn -0.0145 0.7064 0.7076
vn -0.0145 0.7065 0.7076
vn -0.0966 0.7064 0.7012
vn -0.0966 0.7066 0.7010
vn -0.1773 0.7066 0.6851
vn -0.2556 0.7066 0.6598
vn -0.2557 0.7065 0.6599
vn -0.3305 0.7065 0.6258
vn -0.4010 0.7065 0.5832
vn -0.4008 0.7067 0.5831
vn -0.4008 0.7067 0.5830
vn -0.4658 0.7067 0.5326
vn -0.4659 0.7066 0.5326
vn -0.5246 0.7066 0.4749
vn -0.5247 0.7064 0.4751
vn -0.5763 0.7064 0.4110
vn -0.5763 0.7064 0.4109
vn -0.6201 0.7064 0.3412
vn -0.6198 0.7067 0.3411
vn -0.6201 0.7065 0.3412
vn -0.6553 0.7067 0.2668
vn -0.6553 0.7067 0.2669
vn -0.6818 0.7067 0.1890
vn -0.6821 0.7064 0.1890
vn -0.6994 0.7064 0.1086
vn -0.6992 0.7067 0.1086
vn -0.7070 0.7067 0.0266
vn -0.7071 0.7066 0.0266
vn -0.7055 0.7066 -0.0556
vn -0.7054 0.7066 -0.0556
vn -0.7056 0.7064 -0.0557
vn -0.7057 0.7064 -0.0557
vn -0.6944 0.7064 -0.1372
vn -0.6945 0.7062 -0.1372
vn -0.6739 0.7062 -0.2169
vn -0.6739 0.7062 -0.2170
vn -0.6734 0.7068 -0.2167
vn -0.6437 0.7068 -0.2935
vn -0.6439 0.7065 -0.2936
vn -0.6055 0.7065 -0.3664
vn -0.6055 0.7066 -0.3663
vn -0.5590 0.7063 -0.4343
vn -0.5591 0.7062 -0.4344
vn -0.5589 0.7065 -0.4342
vn -0.5047 0.7066 -0.4961
vn -0.5047 0.7065 -0.4961
vn -0.5046 0.7066 -0.4960
vn -0.4436 0.7066 -0.5513
vn -0.4437 0.7066 -0.5513
vn -0.3767 0.7066 -0.5991
vn -0.3766 0.7065 -0.5991
vn -0.3045 0.7066 -0.6388
vn -0.3045 0.7065 -0.6388
vn -0.3045 0.7068 -0.6386
vn -0.2283 0.7065 -0.6698
vn -0.2283 0.7068 -0.6696
vn -0.2283 0.7067 -0.6697
vn -0.1490 0.7067 -0.6917
vn -0.1490 0.7066 -0.6917
vn -0.0678 0.7064 -0.7045
vn -0.0924 0.2583 -0.9616
vn -0.0924 0.2585 -0.9616
vn -0.0924 0.2588 -0.9615
vn 0.0198 0.2582 -0.9659
vn 0.0198 0.2583 -0.9659
vn 0.1318 0.2583 -0.9570
vn 0.1318 0.2584 -0.9570
vn 0.2420 0.2583 -0.9352
vn 0.2420 0.2583 -0.9353
vn 0.3490 0.2583 -0.9008
vn 0.4512 0.2582 -0.8542
vn 0.4511 0.2586 -0.8542
vn 0.5473 0.2586 -0.7960
vn 0.5474 0.2581 -0.7961
vn 0.6361 0.2581 -0.7272
vn 0.6359 0.2587 -0.7271
vn 0.6360 0.2584 -0.7271
vn 0.7161 0.2585 -0.6484
vn 0.7161 0.2587 -0.6483
vn 0.7865 0.2588 -0.5608
vn 0.7865 0.2585 -0.5608
vn 0.8463 0.2585 -0.4657
vn 0.8464 0.2583 -0.4657
vn 0.8947 0.2584 -0.3644
vn 0.8948 0.2581 -0.3644
vn 0.9310 0.2581 -0.2580
vn 0.9309 0.2585 -0.2580
vn 0.9546 0.2586 -0.1482
vn 0.9545 0.2586 -0.1482
vn 0.9546 0.2585 -0.1481
vn 0.9547 0.2581 -0.1482
vn 0.9654 0.2581 -0.0363
vn 0.9653 0.2586 -0.0364
vn 0.9653 0.2587 -0.0364
vn 0.9630 0.2587 0.0760
vn 0.9630 0.2587 0.0759
vn 0.9476 0.2588 0.1872
vn 0.9476 0.2587 0.1872
vn 0.9195 0.2587 0.2960
vn 0.9196 0.2584 0.2960
vn 0.8790 0.2584 0.4007
vn 0.8791 0.2581 0.4008
vn 0.8266 0.2582 0.5001
vn 0.8266 0.2581 0.5001
vn 0.8265 0.2587 0.5000
vn 0.7628 0.2587 0.5926
vn 0.7628 0.2586 0.5926
vn 0.6889 0.2586 0.6772
vn 0.6890 0.2581 0.6773
vn 0.6889 0.2584 0.6772
vn 0.6056 0.2584 0.7526
vn 0.6057 0.2584 0.7526
vn 0.5142 0.2584 0.8178
vn 0.5141 0.2585 0.8178
vn 0.4157 0.2585 0.8720
vn 0.4158 0.2581 0.8721
vn 0.3117 0.2581 0.9144
vn 0.3117 0.2582 0.9144
vn 0.3117 0.2583 0.9144
vn 0.2034 0.2582 0.9444
vn 0.2035 0.2586 0.9443
vn 0.2035 0.2583 0.9444
vn 0.0924 0.2582 0.9616
vn 0.0924 0.2583 0.9616
vn -0.0198 0.2587 0.9658
vn -0.0198 0.2582 0.9659
vn -0.0198 0.2583 0.9659
vn -0.1318 0.2583 0.9570
vn -0.1318 0.2584 0.9570
vn -0.2420 0.2583 0.9352
vn -0.2420 0.2583 0.9353
vn -0.3490 0.2583 0.9008
vn -0.4512 0.2582 0.8542
vn -0.4511 0.2585 0.8542
vn -0.4512 0.2581 0.8543
vn -0.5473 0.2582 0.7961
vn -0.5473 0.2581 0.7961
vn -0.6361 0.2581 0.7272
vn -0.6359 0.2588 0.7271
vn -0.6361 0.2585 0.7270
vn -0.7160 0.2589 0.6483
vn -0.7161 0.2587 0.6483
vn -0.7865 0.2588 0.5608
vn -0.7865 0.2585 0.5608
vn -0.8463 0.2585 0.4657
vn -0.8463 0.2587 0.4657
vn -0.8464 0.2583 0.4657
vn -0.8947 0.2584 0.3644
vn -0.8948 0.2581 0.3644
vn -0.9310 0.2581 0.2580
vn -0.9309 0.2587 0.2580
vn -0.9545 0.2587 0.1482
vn -0.9546 0.2585 0.1482
vn -0.9546 0.2584 0.1482
vn -0.9654 0.2581 0.0363
vn -0.9653 0.2586 0.0364
vn -0.9653 0.2587 0.0364
vn -0.9630 0.2587 -0.0759
vn -0.9476 0.2587 -0.1872
vn -0.9476 0.2588 -0.1872
vn -0.9195 0.2588 -0.2960
vn -0.9196 0.2582 -0.2960
vn -0.8790 0.2582 -0.4008
vn -0.8791 0.2581 -0.4008
vn -0.8266 0.2582 -0.5001
vn -0.8266 0.2581 -0.5001
vn -0.8265 0.2584 -0.5001
vn -0.7628 0.2589 -0.5926
vn -0.7628 0.2587 -0.5926
vn -0.7628 0.2586 -0.5926
vn -0.6889 0.2586 -0.6772
vn -0.6889 0.2586 -0.6771
vn -0.6890 0.2580 -0.6773
vn -0.6057 0.2580 -0.7527
vn -0.6056 0.2584 -0.7526
vn -0.5142 0.2584 -0.8179
vn -0.5142 0.2585 -0.8178
vn -0.4157 0.2585 -0.8720
vn -0.4158 0.2581 -0.8721
vn -0.3117 0.2581 -0.9144
vn -0.3117 0.2582 -0.9144
vn -0.3117 0.2583 -0.9144
vn -0.2034 0.2582 -0.9444
vn -0.2035 0.2586 -0.9443
vn -0.2035 0.2583 -0.9444
vn -0.0924 0.2582 -0.9616
vn 0.0834 0.9661 0.2445
vn 0.0835 0.9660 0.2448
vn 0.0834 0.9660 0.2445
vn 0.1112 0.9660 0.2332
vn 0.1375 0.9661 0.2187
vn 0.1375 0.9660 0.2188
vn 0.1620 0.9660 0.2013
vn 0.1619 0.9661 0.2012
vn 0.1621 0.9660 0.2015
vn 0.1842 0.9661 0.1810
vn 0.1842 0.9661 0.1811
vn 0.2040 0.9661 0.1585
vn 0.2043 0.9660 0.1587
vn 0.2040 0.9660 0.1585
vn 0.2211 0.9660 0.1338
vn 0.2212 0.9660 0.1338
vn 0.2352 0.9660 0.1072
vn 0.2353 0.9660 0.1073
vn 0.2459 0.9661 0.0792
vn 0.2462 0.9660 0.0793
vn 0.2460 0.9660 0.0792
vn 0.2535 0.9660 0.0501
vn 0.2539 0.9659 0.0501
vn 0.2537 0.9660 0.0501
vn 0.2578 0.9660 0.0203
vn 0.2577 0.9660 0.0203
vn 0.2575 0.9661 0.0203
vn 0.2584 0.9660 -0.0097
vn 0.2581 0.9661 -0.0097
vn 0.2582 0.9660 -0.0097
vn 0.2554 0.9660 -0.0396
vn 0.2557 0.9659 -0.0397
vn 0.2490 0.9660 -0.0690
vn 0.2493 0.9659 -0.0691
vn 0.2393 0.9660 -0.0975
vn 0.2394 0.9660 -0.0975
vn 0.2264 0.9660 -0.1246
vn 0.2104 0.9660 -0.1500
vn 0.2105 0.9660 -0.1501
vn 0.1916 0.9660 -0.1735
vn 0.1702 0.9660 -0.1945
vn 0.1704 0.9659 -0.1948
vn 0.1701 0.9661 -0.1944
vn 0.1464 0.9661 -0.2129
vn 0.1463 0.9661 -0.2128
vn 0.1209 0.9659 -0.2288
vn 0.1208 0.9660 -0.2287
vn 0.1207 0.9661 -0.2284
vn 0.0933 0.9661 -0.2409
vn 0.0933 0.9660 -0.2409
vn 0.0647 0.9660 -0.2502
vn 0.0647 0.9660 -0.2501
vn 0.0353 0.9660 -0.2560
vn 0.0353 0.9660 -0.2561
vn 0.0053 0.9660 -0.2584
vn 0.0053 0.9660 -0.2586
vn 0.0053 0.9661 -0.2583
vn -0.0247 0.9661 -0.2572
vn -0.0247 0.9660 -0.2572
vn -0.0544 0.9660 -0.2526
vn -0.0834 0.9661 -0.2445
vn -0.0834 0.9660 -0.2449
vn -0.0834 0.9660 -0.2445
vn -0.1112 0.9660 -0.2332
vn -0.1112 0.9660 -0.2333
vn -0.1113 0.9660 -0.2333
vn -0.1376 0.9660 -0.2188
vn -0.1375 0.9660 -0.2188
vn -0.1620 0.9660 -0.2013
vn -0.1619 0.9661 -0.2012
vn -0.1842 0.9661 -0.1810
vn -0.1842 0.9661 -0.1811
vn -0.2040 0.9661 -0.1585
vn -0.2043 0.9660 -0.1587
vn -0.2040 0.9660 -0.1585
vn -0.2211 0.9660 -0.1338
vn -0.2212 0.9660 -0.1338
vn -0.2352 0.9660 -0.1072
vn -0.2356 0.9659 -0.1074
vn -0.2350 0.9661 -0.1072
vn -0.2462 0.9660 -0.0793
vn -0.2459 0.9661 -0.0792
vn -0.2460 0.9660 -0.0792
vn -0.2538 0.9659 -0.0501
vn -0.2536 0.9660 -0.0501
vn -0.2577 0.9660 -0.0203
vn -0.2575 0.9661 -0.0203
vn -0.2581 0.9661 0.0097
vn -0.2582 0.9660 0.0097
vn -0.2558 0.9659 0.0397
vn -0.2553 0.9660 0.0396
vn -0.2554 0.9660 0.0396
vn -0.2557 0.9659 0.0397
vn -0.2490 0.9660 0.0690
vn -0.2398 0.9659 0.0976
vn -0.2396 0.9659 0.0976
vn -0.2393 0.9660 0.0975
vn -0.2264 0.9660 0.1246
vn -0.2104 0.9660 0.1500
vn -0.1915 0.9660 0.1734
vn -0.1916 0.9660 0.1735
vn -0.1702 0.9660 0.1945
vn -0.1704 0.9659 0.1948
vn -0.1701 0.9661 0.1944
vn -0.1464 0.9661 0.2129
vn -0.1464 0.9660 0.2129
vn -0.1207 0.9660 0.2285
vn -0.0934 0.9660 0.2410
vn -0.0933 0.9660 0.2410
vn -0.0933 0.9660 0.2409
vn -0.0648 0.9659 0.2505
vn -0.0647 0.9660 0.2502
vn -0.0648 0.9660 0.2502
vn -0.0353 0.9660 0.2561
vn -0.0353 0.9660 0.2560
vn -0.0053 0.9660 0.2584
vn -0.0053 0.9660 0.2586
vn -0.0053 0.9661 0.2583
vn 0.0247 0.9661 0.2571
vn 0.0247 0.9660 0.2572
vn 0.0544 0.9660 0.2526
vn 0.0545 0.9660 0.2529
vn 0.2285 0.7061 0.6702
vn 0.3048 0.7061 0.6392
vn 0.3048 0.7060 0.6393
vn 0.3769 0.7060 0.5996
vn 0.4440 0.7060 0.5518
vn 0.4441 0.7058 0.5519
vn 0.5052 0.7058 0.4966
vn 0.5050 0.7061 0.4964
vn 0.5048 0.7063 0.4963
vn 0.5051 0.7060 0.4965
vn 0.5593 0.7060 0.4345
vn 0.6059 0.7060 0.3666
vn 0.6444 0.7060 0.2938
vn 0.6742 0.7059 0.2170
vn 0.6742 0.7060 0.2170
vn 0.6741 0.7060 0.2170
vn 0.6948 0.7060 0.1373
vn 0.6947 0.7061 0.1373
vn 0.7059 0.7061 0.0557
vn 0.7060 0.7060 0.0557
vn 0.7077 0.7060 -0.0267
vn 0.7079 0.7058 -0.0267
vn 0.7000 0.7058 -0.1087
vn 0.7000 0.7059 -0.1087
vn 0.6997 0.7061 -0.1086
vn 0.6824 0.7061 -0.1891
vn 0.6826 0.7059 -0.1892
vn 0.6560 0.7059 -0.2671
vn 0.6561 0.7058 -0.2672
vn 0.6559 0.7060 -0.2671
vn 0.6205 0.7060 -0.3415
vn 0.6204 0.7061 -0.3414
vn 0.5766 0.7061 -0.4111
vn 0.5766 0.7060 -0.4112
vn 0.5250 0.7060 -0.4753
vn 0.4663 0.7060 -0.5330
vn 0.4663 0.7060 -0.5331
vn 0.4663 0.7059 -0.5331
vn 0.4013 0.7059 -0.5836
vn 0.4013 0.7059 -0.5837
vn 0.4013 0.7058 -0.5837
vn 0.4012 0.7062 -0.5834
vn 0.3308 0.7058 -0.6264
vn 0.3308 0.7060 -0.6262
vn 0.3309 0.7058 -0.6264
vn 0.2559 0.7058 -0.6606
vn 0.2557 0.7062 -0.6602
vn 0.2559 0.7059 -0.6605
vn 0.1774 0.7063 -0.6853
vn 0.1774 0.7059 -0.6857
vn 0.0966 0.7060 -0.7016
vn 0.0966 0.7062 -0.7014
vn 0.0968 0.7058 -0.7017
vn 0.0145 0.7062 -0.7079
vn 0.0145 0.7059 -0.7082
vn -0.0678 0.7059 -0.7051
vn -0.0678 0.7062 -0.7047
vn -0.0677 0.7061 -0.7049
vn -0.1491 0.7061 -0.6922
vn -0.2285 0.7061 -0.6702
vn -0.3048 0.7061 -0.6392
vn -0.3048 0.7060 -0.6393
vn -0.3769 0.7060 -0.5996
vn -0.4440 0.7060 -0.5518
vn -0.4441 0.7058 -0.5519
vn -0.4438 0.7062 -0.5517
vn -0.5052 0.7058 -0.4966
vn -0.5049 0.7062 -0.4964
vn -0.5593 0.7060 -0.4345
vn -0.6059 0.7060 -0.3666
vn -0.6444 0.7060 -0.2938
vn -0.6442 0.7062 -0.2937
vn -0.6443 0.7061 -0.2938
vn -0.6743 0.7059 -0.2170
vn -0.6742 0.7059 -0.2170
vn -0.6948 0.7059 -0.1373
vn -0.6948 0.7060 -0.1373
vn -0.7060 0.7061 -0.0557
vn -0.7060 0.7060 -0.0557
vn -0.7077 0.7060 0.0267
vn -0.7079 0.7058 0.0267
vn -0.7000 0.7058 0.1087
vn -0.7000 0.7059 0.1087
vn -0.6997 0.7061 0.1086
vn -0.6824 0.7061 0.1891
vn -0.6826 0.7058 0.1892
vn -0.6824 0.7061 0.1892
vn -0.6561 0.7058 0.2672
vn -0.6561 0.7057 0.2672
vn -0.6205 0.7060 0.3415
vn -0.6204 0.7061 0.3414
vn -0.5766 0.7061 0.4111
vn -0.5766 0.7060 0.4112
vn -0.5250 0.7060 0.4753
vn -0.4663 0.7060 0.5331
vn -0.4663 0.7059 0.5331
vn -0.4013 0.7059 0.5837
vn -0.4013 0.7059 0.5836
vn -0.4012 0.7061 0.5835
vn -0.3307 0.7061 0.6262
vn -0.3307 0.7060 0.6262
vn -0.2558 0.7061 0.6603
vn -0.2558 0.7059 0.6605
vn -0.1774 0.7059 0.6857
vn -0.0966 0.7060 0.7016
vn -0.0966 0.7059 0.7016
vn -0.0966 0.7062 0.7014
vn -0.0145 0.7062 0.7079
vn -0.0145 0.7061 0.7079
vn -0.0145 0.7059 0.7082
vn 0.0678 0.7059 0.7051
vn 0.0677 0.7061 0.7049
vn 0.1491 0.7061 0.6922
vn 0.3117 0.2585 0.9143
vn 0.3117 0.2586 0.9143
vn 0.4158 0.2586 0.8719
vn 0.4157 0.2588 0.8719
vn 0.5141 0.2588 0.8178
vn 0.5141 0.2587 0.8178
vn 0.6056 0.2587 0.7526
vn 0.6056 0.2586 0.7526
vn 0.6889 0.2587 0.6772
vn 0.6889 0.2585 0.6772
vn 0.7628 0.2585 0.5926
vn 0.7629 0.2585 0.5926
vn 0.7629 0.2583 0.5927
vn 0.8266 0.2583 0.5001
vn 0.8264 0.2589 0.5000
vn 0.8789 0.2589 0.4007
vn 0.8789 0.2588 0.4007
vn 0.9195 0.2585 0.2960
vn 0.9195 0.2586 0.2960
vn 0.9477 0.2586 0.1872
vn 0.9477 0.2585 0.1872
vn 0.9477 0.2584 0.1872
vn 0.9630 0.2585 0.0760
vn 0.9630 0.2584 0.0760
vn 0.9653 0.2584 -0.0364
vn 0.9652 0.2589 -0.0363
vn 0.9545 0.2589 -0.1482
vn 0.9546 0.2585 -0.1482
vn 0.9546 0.2584 -0.1482
vn 0.9308 0.2589 -0.2580
vn 0.8946 0.2589 -0.3643
vn 0.8463 0.2586 -0.4657
vn 0.8462 0.2589 -0.4657
vn 0.8463 0.2588 -0.4657
vn 0.7865 0.2586 -0.5608
vn 0.7161 0.2586 -0.6483
vn 0.7161 0.2588 -0.6483
vn 0.6360 0.2588 -0.7270
vn 0.6360 0.2587 -0.7271
vn 0.5472 0.2587 -0.7960
vn 0.4511 0.2587 -0.8541
vn 0.4511 0.2588 -0.8541
vn 0.3489 0.2587 -0.9007
vn 0.2420 0.2587 -0.9351
vn 0.2420 0.2588 -0.9351
vn 0.1318 0.2587 -0.9569
vn 0.1318 0.2586 -0.9570
vn 0.0199 0.2589 -0.9657
vn 0.0198 0.2586 -0.9658
vn 0.0198 0.2585 -0.9658
vn 0.0198 0.2589 -0.9657
vn -0.0924 0.2589 -0.9615
vn -0.0927 0.2589 -0.9614
vn -0.2034 0.2585 -0.9443
vn -0.3117 0.2585 -0.9143
vn -0.3117 0.2586 -0.9143
vn -0.4158 0.2586 -0.8719
vn -0.4157 0.2588 -0.8719
vn -0.5141 0.2588 -0.8178
vn -0.5141 0.2587 -0.8178
vn -0.6056 0.2587 -0.7526
vn -0.6055 0.2587 -0.7526
vn -0.6055 0.2586 -0.7526
vn -0.6889 0.2587 -0.6772
vn -0.6888 0.2590 -0.6771
vn -0.6890 0.2582 -0.6772
vn -0.6890 0.2581 -0.6772
vn -0.7629 0.2582 -0.5927
vn -0.8265 0.2585 -0.5001
vn -0.8265 0.2586 -0.5001
vn -0.8264 0.2589 -0.5000
vn -0.8789 0.2589 -0.4007
vn -0.8789 0.2587 -0.4007
vn -0.9195 0.2587 -0.2960
vn -0.9195 0.2586 -0.2960
vn -0.9477 0.2586 -0.1872
vn -0.9477 0.2585 -0.1872
vn -0.9630 0.2585 -0.0760
vn -0.9630 0.2584 -0.0760
vn -0.9653 0.2584 0.0364
vn -0.9652 0.2589 0.0363
vn -0.9545 0.2589 0.1482
vn -0.9310 0.2583 0.2580
vn -0.9308 0.2590 0.2580
vn -0.8945 0.2591 0.3643
vn -0.8946 0.2588 0.3643
vn -0.8947 0.2586 0.3643
vn -0.8946 0.2589 0.3643
vn -0.8462 0.2589 0.4657
vn -0.8463 0.2588 0.4657
vn -0.7865 0.2586 0.5608
vn -0.7161 0.2586 0.6483
vn -0.7161 0.2584 0.6484
vn -0.6360 0.2584 0.7271
vn -0.6360 0.2587 0.7270
vn -0.5473 0.2587 0.7960
vn -0.5473 0.2586 0.7960
vn -0.4511 0.2587 0.8541
vn -0.4511 0.2588 0.8541
vn -0.3489 0.2587 0.9007
vn -0.2420 0.2587 0.9351
vn -0.2420 0.2588 0.9351
vn -0.1318 0.2587 0.9569
vn -0.1318 0.2586 0.9570
vn -0.0198 0.2590 0.9657
vn -0.0198 0.2586 0.9658
vn -0.0198 0.2589 0.9657
vn 0.0924 0.2585 0.9616
vn 0.0925 0.2588 0.9615
vn 0.2034 0.2585 0.9443
vn 0.2056 0.2583 0.9439
vn 0.2056 0.2585 0.9439
vn 0.3178 0.2585 0.9122
vn 0.3178 0.2584 0.9123
vn 0.4255 0.2584 0.8673
vn 0.5269 0.2584 0.8097
vn 0.5269 0.2585 0.8097
vn 0.6208 0.2580 0.7403
vn 0.6207 0.2585 0.7402
vn 0.7054 0.2585 0.6600
vn 0.7054 0.2585 0.6601
vn 0.7054 0.2583 0.6601
vn 0.7799 0.2580 0.5703
vn 0.7798 0.2583 0.5703
vn 0.7798 0.2582 0.5702
vn 0.8429 0.2582 0.4721
vn 0.8428 0.2586 0.4720
vn 0.8936 0.2585 0.3670
vn 0.8936 0.2583 0.3671
vn 0.9314 0.2583 0.2567
vn 0.9314 0.2582 0.2567
vn 0.9313 0.2584 0.2566
vn 0.9555 0.2584 0.1425
vn 0.9556 0.2579 0.1426
vn 0.9658 0.2579 0.0263
vn 0.9657 0.2582 0.0263
vn 0.9619 0.2582 -0.0903
vn 0.9440 0.2582 -0.2055
vn 0.9439 0.2585 -0.2055
vn 0.9122 0.2585 -0.3179
vn 0.9124 0.2579 -0.3179
vn 0.8674 0.2579 -0.4255
vn 0.8673 0.2584 -0.4255
vn 0.8097 0.2584 -0.5269
vn 0.8097 0.2583 -0.5269
vn 0.8098 0.2580 -0.5270
vn 0.7404 0.2581 -0.6207
vn 0.7402 0.2585 -0.6207
vn 0.6600 0.2585 -0.7053
vn 0.6601 0.2584 -0.7054
vn 0.6601 0.2583 -0.7054
vn 0.5702 0.2583 -0.7798
vn 0.5701 0.2586 -0.7798
vn 0.4721 0.2582 -0.8429
vn 0.4721 0.2583 -0.8429
vn 0.3670 0.2583 -0.8936
vn 0.3671 0.2581 -0.8937
vn 0.2567 0.2581 -0.9314
vn 0.2566 0.2584 -0.9313
vn 0.2567 0.2582 -0.9314
vn 0.1426 0.2579 -0.9556
vn 0.1425 0.2582 -0.9555
vn 0.1425 0.2585 -0.9555
vn 0.1425 0.2585 -0.9554
vn 0.0263 0.2585 -0.9657
vn 0.0263 0.2584 -0.9657
vn -0.0903 0.2587 -0.9617
vn -0.0903 0.2583 -0.9618
vn -0.2056 0.2583 -0.9439
vn -0.2055 0.2583 -0.9439
vn -0.2055 0.2583 -0.9440
vn -0.3179 0.2580 -0.9124
vn -0.3179 0.2585 -0.9122
vn -0.3179 0.2584 -0.9123
vn -0.3179 0.2584 -0.9122
vn -0.4255 0.2584 -0.8673
vn -0.5269 0.2584 -0.8097
vn -0.5269 0.2581 -0.8098
vn -0.6206 0.2584 -0.7403
vn -0.6207 0.2580 -0.7403
vn -0.6207 0.2585 -0.7402
vn -0.7054 0.2585 -0.6600
vn -0.7054 0.2584 -0.6601
vn -0.7054 0.2580 -0.6601
vn -0.7798 0.2583 -0.5702
vn -0.7798 0.2582 -0.5702
vn -0.8429 0.2582 -0.4721
vn -0.8428 0.2585 -0.4720
vn -0.8428 0.2586 -0.4720
vn -0.8936 0.2585 -0.3670
vn -0.8937 0.2581 -0.3671
vn -0.9314 0.2581 -0.2567
vn -0.9313 0.2584 -0.2566
vn -0.9555 0.2584 -0.1425
vn -0.9556 0.2579 -0.1426
vn -0.9658 0.2579 -0.0263
vn -0.9657 0.2582 -0.0263
vn -0.9619 0.2582 0.0903
vn -0.9440 0.2583 0.2055
vn -0.9440 0.2582 0.2055
vn -0.9439 0.2585 0.2055
vn -0.9122 0.2585 0.3178
vn -0.9124 0.2579 0.3179
vn -0.8674 0.2579 0.4255
vn -0.8673 0.2584 0.4255
vn -0.8097 0.2584 0.5269
vn -0.8098 0.2581 0.5270
vn -0.7403 0.2584 0.6207
vn -0.7402 0.2585 0.6207
vn -0.6600 0.2585 0.7054
vn -0.6602 0.2582 0.7054
vn -0.6601 0.2583 0.7053
vn -0.5701 0.2587 0.7797
vn -0.5702 0.2584 0.7798
vn -0.5703 0.2583 0.7798
vn -0.4721 0.2582 0.8429
vn -0.4721 0.2583 0.8429
vn -0.3670 0.2583 0.8936
vn -0.3670 0.2586 0.8936
vn -0.2566 0.2586 0.9313
vn -0.2567 0.2581 0.9314
vn -0.2566 0.2584 0.9313
vn -0.1425 0.2584 0.9555
vn -0.1425 0.2585 0.9554
vn -0.0263 0.2584 0.9657
vn -0.0263 0.2582 0.9657
vn 0.0903 0.2582 0.9619
vn 0.0903 0.2583 0.9618
vn 0.1506 0.7066 0.6914
vn 0.1506 0.7065 0.6915
vn 0.2328 0.7065 0.6684
vn 0.2328 0.7064 0.6684
vn 0.2328 0.7065 0.6683
vn 0.3117 0.7065 0.6354
vn 0.3860 0.7064 0.5932
vn 0.3860 0.7065 0.5932
vn 0.3860 0.7065 0.5931
vn 0.4547 0.7065 0.5423
vn 0.5168 0.7065 0.4836
vn 0.5167 0.7066 0.4834
vn 0.5167 0.7067 0.4834
vn 0.5712 0.7066 0.4177
vn 0.5712 0.7065 0.4177
vn 0.6174 0.7066 0.3458
vn 0.6175 0.7065 0.3458
vn 0.6546 0.7065 0.2689
vn 0.6545 0.7067 0.2688
vn 0.6821 0.7067 0.1880
vn 0.6998 0.7067 0.1044
vn 0.7073 0.7067 0.0192
vn 0.7076 0.7064 0.0193
vn 0.7047 0.7064 -0.0661
vn 0.7045 0.7066 -0.0661
vn 0.6914 0.7066 -0.1506
vn 0.6915 0.7065 -0.1506
vn 0.6683 0.7065 -0.2329
vn 0.6681 0.7067 -0.2328
vn 0.6352 0.7066 -0.3116
vn 0.6353 0.7066 -0.3116
vn 0.5931 0.7066 -0.3860
vn 0.5933 0.7064 -0.3861
vn 0.5424 0.7064 -0.4548
vn 0.5423 0.7066 -0.4546
vn 0.5424 0.7064 -0.4547
vn 0.5422 0.7067 -0.4546
vn 0.4835 0.7067 -0.5166
vn 0.4836 0.7064 -0.5168
vn 0.4176 0.7066 -0.5712
vn 0.4177 0.7065 -0.5713
vn 0.4178 0.7065 -0.5713
vn 0.3459 0.7064 -0.6175
vn 0.3458 0.7065 -0.6175
vn 0.2689 0.7065 -0.6546
vn 0.2689 0.7066 -0.6546
vn 0.1880 0.7065 -0.6823
vn 0.1880 0.7066 -0.6822
vn 0.1044 0.7066 -0.6999
vn 0.1045 0.7063 -0.7002
vn 0.1044 0.7064 -0.7001
vn 0.1042 0.7067 -0.6998
vn 0.0193 0.7064 -0.7076
vn -0.0661 0.7064 -0.7047
vn -0.0661 0.7066 -0.7045
vn -0.1506 0.7066 -0.6914
vn -0.1506 0.7065 -0.6915
vn -0.2329 0.7065 -0.6684
vn -0.2329 0.7065 -0.6683
vn -0.3117 0.7065 -0.6354
vn -0.3860 0.7064 -0.5932
vn -0.3860 0.7065 -0.5932
vn -0.4547 0.7065 -0.5423
vn -0.5168 0.7065 -0.4836
vn -0.5165 0.7068 -0.4834
vn -0.5713 0.7065 -0.4178
vn -0.5711 0.7067 -0.4176
vn -0.6173 0.7067 -0.3457
vn -0.6174 0.7065 -0.3458
vn -0.6175 0.7065 -0.3458
vn -0.6546 0.7065 -0.2689
vn -0.6545 0.7067 -0.2688
vn -0.6821 0.7067 -0.1880
vn -0.6822 0.7066 -0.1880
vn -0.6998 0.7066 -0.1044
vn -0.7001 0.7063 -0.1044
vn -0.6998 0.7067 -0.1044
vn -0.7073 0.7067 -0.0192
vn -0.7076 0.7064 -0.0193
vn -0.7047 0.7064 0.0661
vn -0.7048 0.7064 0.0661
vn -0.7045 0.7066 0.0661
vn -0.6914 0.7066 0.1506
vn -0.6915 0.7065 0.1506
vn -0.6682 0.7066 0.2328
vn -0.6682 0.7067 0.2328
vn -0.6681 0.7067 0.2328
vn -0.6352 0.7066 0.3116
vn -0.6355 0.7064 0.3117
vn -0.6355 0.7063 0.3117
vn -0.5931 0.7066 0.3860
vn -0.5931 0.7065 0.3860
vn -0.5423 0.7065 0.4547
vn -0.5422 0.7067 0.4546
vn -0.4834 0.7067 0.5167
vn -0.4836 0.7064 0.5168
vn -0.4834 0.7068 0.5165
vn -0.4835 0.7067 0.5166
vn -0.4178 0.7064 0.5713
vn -0.4176 0.7067 0.5712
vn -0.4178 0.7065 0.5713
vn -0.3458 0.7064 0.6175
vn -0.3458 0.7065 0.6175
vn -0.3460 0.7063 0.6177
vn -0.3460 0.7062 0.6177
vn -0.2690 0.7063 0.6549
vn -0.2689 0.7065 0.6546
vn -0.1880 0.7065 0.6823
vn -0.1880 0.7066 0.6822
vn -0.1044 0.7066 0.6999
vn -0.1044 0.7064 0.7001
vn -0.0193 0.7064 0.7076
vn -0.0193 0.7066 0.7073
vn -0.0192 0.7067 0.7073
vn 0.0661 0.7067 0.7045
vn 0.0661 0.7066 0.7045
vn 0.0552 0.9657 0.2537
vn 0.0552 0.9658 0.2535
vn 0.0854 0.9658 0.2450
vn 0.0854 0.9657 0.2451
vn 0.1143 0.9657 0.2330
vn 0.1143 0.9658 0.2329
vn 0.1415 0.9658 0.2174
vn 0.1416 0.9657 0.2176
vn 0.1668 0.9657 0.1989
vn 0.1667 0.9657 0.1988
vn 0.1895 0.9657 0.1773
vn 0.2095 0.9657 0.1532
vn 0.2265 0.9657 0.1268
vn 0.2265 0.9657 0.1269
vn 0.2264 0.9658 0.1268
vn 0.2400 0.9658 0.0986
vn 0.2401 0.9657 0.0986
vn 0.2502 0.9657 0.0690
vn 0.2567 0.9657 0.0383
vn 0.2594 0.9657 0.0071
vn 0.2595 0.9657 0.0071
vn 0.2594 0.9658 0.0071
vn 0.2584 0.9657 -0.0242
vn 0.2536 0.9657 -0.0552
vn 0.2537 0.9657 -0.0552
vn 0.2452 0.9657 -0.0854
vn 0.2451 0.9657 -0.0854
vn 0.2330 0.9657 -0.1143
vn 0.2331 0.9657 -0.1144
vn 0.2176 0.9657 -0.1416
vn 0.2174 0.9658 -0.1415
vn 0.1988 0.9658 -0.1666
vn 0.1986 0.9658 -0.1666
vn 0.1774 0.9657 -0.1895
vn 0.1773 0.9657 -0.1895
vn 0.1532 0.9657 -0.2095
vn 0.1531 0.9658 -0.2094
vn 0.1268 0.9658 -0.2263
vn 0.1268 0.9657 -0.2264
vn 0.0985 0.9658 -0.2398
vn 0.0986 0.9657 -0.2401
vn 0.0986 0.9657 -0.2400
vn 0.0689 0.9658 -0.2502
vn 0.0689 0.9658 -0.2501
vn 0.0690 0.9657 -0.2503
vn 0.0383 0.9657 -0.2567
vn 0.0383 0.9658 -0.2566
vn 0.0071 0.9658 -0.2593
vn 0.0071 0.9658 -0.2594
vn -0.0242 0.9658 -0.2583
vn -0.0242 0.9657 -0.2584
vn -0.0552 0.9657 -0.2535
vn -0.0552 0.9658 -0.2535
vn -0.0854 0.9658 -0.2450
vn -0.0853 0.9658 -0.2450
vn -0.1143 0.9658 -0.2329
vn -0.1415 0.9658 -0.2175
vn -0.1416 0.9657 -0.2176
vn -0.1668 0.9657 -0.1989
vn -0.1667 0.9657 -0.1988
vn -0.1895 0.9657 -0.1773
vn -0.2095 0.9657 -0.1532
vn -0.2096 0.9657 -0.1533
vn -0.2265 0.9657 -0.1269
vn -0.2264 0.9658 -0.1268
vn -0.2400 0.9658 -0.0986
vn -0.2401 0.9657 -0.0986
vn -0.2502 0.9657 -0.0690
vn -0.2567 0.9657 -0.0383
vn -0.2595 0.9657 -0.0071
vn -0.2594 0.9657 -0.0071
vn -0.2594 0.9658 -0.0071
vn -0.2583 0.9658 0.0242
vn -0.2583 0.9657 0.0242
vn -0.2535 0.9658 0.0552
vn -0.2537 0.9657 0.0552
vn -0.2452 0.9657 0.0854
vn -0.2451 0.9657 0.0854
vn -0.2330 0.9657 0.1143
vn -0.2331 0.9657 0.1143
vn -0.2176 0.9657 0.1416
vn -0.2175 0.9658 0.1415
vn -0.1988 0.9658 0.1667
vn -0.1989 0.9657 0.1668
vn -0.1774 0.9657 0.1895
vn -0.1773 0.9657 0.1895
vn -0.1532 0.9657 0.2095
vn -0.1531 0.9658 0.2094
vn -0.1268 0.9658 0.2264
vn -0.1267 0.9658 0.2263
vn -0.0986 0.9658 0.2399
vn -0.0986 0.9657 0.2400
vn -0.0689 0.9658 0.2502
vn -0.0689 0.9658 0.2501
vn -0.0690 0.9657 0.2503
vn -0.0383 0.9657 0.2567
vn -0.0071 0.9657 0.2594
vn -0.0071 0.9657 0.2595
vn 0.0243 0.9658 0.2583
vn 0.0242 0.9658 0.2582
vn -0.0903 -0.2583 -0.9618
vn -0.0903 -0.2587 -0.9617
vn 0.0263 -0.2584 -0.9657
vn 0.0263 -0.2585 -0.9657
vn 0.1425 -0.2585 -0.9554
vn 0.1425 -0.2579 -0.9556
vn 0.2567 -0.2579 -0.9315
vn 0.2567 -0.2581 -0.9314
vn 0.2565 -0.2585 -0.9313
vn 0.3671 -0.2581 -0.8937
vn 0.3672 -0.2585 -0.8935
vn 0.3670 -0.2583 -0.8936
vn 0.4721 -0.2583 -0.8429
vn 0.4721 -0.2582 -0.8429
vn 0.5702 -0.2583 -0.7798
vn 0.6600 -0.2587 -0.7053
vn 0.6600 -0.2588 -0.7053
vn 0.6600 -0.2585 -0.7053
vn 0.7402 -0.2585 -0.6206
vn 0.7403 -0.2584 -0.6207
vn 0.8097 -0.2580 -0.5270
vn 0.8097 -0.2583 -0.5269
vn 0.8097 -0.2584 -0.5269
vn 0.8673 -0.2584 -0.4255
vn 0.8674 -0.2579 -0.4255
vn 0.9124 -0.2579 -0.3179
vn 0.9122 -0.2585 -0.3178
vn 0.9439 -0.2585 -0.2055
vn 0.9440 -0.2583 -0.2056
vn 0.9440 -0.2582 -0.2056
vn 0.9619 -0.2582 -0.0903
vn 0.9657 -0.2582 0.0263
vn 0.9658 -0.2579 0.0263
vn 0.9556 -0.2579 0.1425
vn 0.9555 -0.2584 0.1425
vn 0.9313 -0.2584 0.2567
vn 0.9313 -0.2585 0.2567
vn 0.9314 -0.2582 0.2567
vn 0.8936 -0.2583 0.3670
vn 0.8936 -0.2585 0.3670
vn 0.8428 -0.2585 0.4721
vn 0.8429 -0.2583 0.4721
vn 0.7798 -0.2582 0.5703
vn 0.7799 -0.2580 0.5703
vn 0.7053 -0.2585 0.6601
vn 0.7055 -0.2580 0.6601
vn 0.7054 -0.2585 0.6600
vn 0.7053 -0.2585 0.6600
vn 0.6207 -0.2585 0.7403
vn 0.6208 -0.2581 0.7403
vn 0.5269 -0.2585 0.8097
vn 0.5269 -0.2584 0.8097
vn 0.4255 -0.2584 0.8673
vn 0.3178 -0.2584 0.9123
vn 0.3178 -0.2585 0.9122
vn 0.2056 -0.2585 0.9439
vn 0.2056 -0.2583 0.9439
vn 0.0903 -0.2583 0.9618
vn 0.0903 -0.2582 0.9619
vn 0.0904 -0.2585 0.9618
vn -0.0263 -0.2582 0.9657
vn -0.0263 -0.2584 0.9657
vn -0.1425 -0.2585 0.9554
vn -0.1425 -0.2584 0.9555
vn -0.2566 -0.2584 0.9313
vn -0.2566 -0.2586 0.9313
vn -0.3670 -0.2586 0.8936
vn -0.3671 -0.2582 0.8936
vn -0.3670 -0.2583 0.8936
vn -0.4721 -0.2583 0.8429
vn -0.4721 -0.2582 0.8429
vn -0.5702 -0.2583 0.7798
vn -0.5702 -0.2583 0.7799
vn -0.5702 -0.2588 0.7797
vn -0.6600 -0.2587 0.7053
vn -0.6601 -0.2583 0.7054
vn -0.6600 -0.2585 0.7054
vn -0.7403 -0.2585 0.6206
vn -0.7403 -0.2581 0.6207
vn -0.7403 -0.2584 0.6206
vn -0.8097 -0.2581 0.5270
vn -0.8097 -0.2584 0.5269
vn -0.8673 -0.2584 0.4255
vn -0.8674 -0.2579 0.4255
vn -0.9124 -0.2579 0.3179
vn -0.9122 -0.2585 0.3178
vn -0.9439 -0.2585 0.2055
vn -0.9438 -0.2587 0.2055
vn -0.9440 -0.2582 0.2056
vn -0.9619 -0.2582 0.0903
vn -0.9657 -0.2582 -0.0263
vn -0.9658 -0.2579 -0.0263
vn -0.9556 -0.2579 -0.1425
vn -0.9555 -0.2584 -0.1425
vn -0.9313 -0.2584 -0.2567
vn -0.9314 -0.2581 -0.2567
vn -0.8937 -0.2581 -0.3671
vn -0.8936 -0.2585 -0.3670
vn -0.8428 -0.2585 -0.4721
vn -0.8429 -0.2583 -0.4721
vn -0.7798 -0.2583 -0.5702
vn -0.7055 -0.2580 -0.6601
vn -0.7054 -0.2583 -0.6601
vn -0.7053 -0.2585 -0.6600
vn -0.6207 -0.2584 -0.7403
vn -0.6207 -0.2585 -0.7403
vn -0.6208 -0.2581 -0.7403
vn -0.6206 -0.2585 -0.7403
vn -0.5270 -0.2581 -0.8098
vn -0.5269 -0.2584 -0.8097
vn -0.4255 -0.2584 -0.8673
vn -0.3178 -0.2584 -0.9123
vn -0.3179 -0.2583 -0.9123
vn -0.2056 -0.2580 -0.9440
vn -0.2055 -0.2584 -0.9439
vn -0.2056 -0.2583 -0.9439
vn -0.0662 -0.7060 -0.7051
vn -0.0662 -0.7058 -0.7053
vn 0.0193 -0.7058 -0.7081
vn 0.1044 -0.7061 -0.7003
vn 0.1045 -0.7058 -0.7007
vn 0.1045 -0.7060 -0.7004
vn 0.1881 -0.7060 -0.6827
vn 0.1881 -0.7060 -0.6828
vn 0.1881 -0.7059 -0.6828
vn 0.2691 -0.7060 -0.6551
vn 0.2690 -0.7062 -0.6549
vn 0.2691 -0.7059 -0.6552
vn 0.3461 -0.7059 -0.6180
vn 0.4179 -0.7061 -0.5716
vn 0.4181 -0.7059 -0.5718
vn 0.4180 -0.7061 -0.5716
vn 0.4838 -0.7061 -0.5171
vn 0.5427 -0.7061 -0.4550
vn 0.5427 -0.7061 -0.4549
vn 0.5426 -0.7061 -0.4549
vn 0.5427 -0.7060 -0.4550
vn 0.5937 -0.7058 -0.3864
vn 0.5935 -0.7061 -0.3862
vn 0.5936 -0.7060 -0.3863
vn 0.6358 -0.7060 -0.3119
vn 0.6358 -0.7061 -0.3119
vn 0.6687 -0.7061 -0.2330
vn 0.6686 -0.7061 -0.2330
vn 0.6689 -0.7059 -0.2331
vn 0.6921 -0.7059 -0.1507
vn 0.6919 -0.7061 -0.1507
vn 0.7051 -0.7061 -0.0662
vn 0.7053 -0.7058 -0.0662
vn 0.7051 -0.7060 -0.0662
vn 0.7082 -0.7058 0.0193
vn 0.7079 -0.7061 0.0193
vn 0.7078 -0.7061 0.0193
vn 0.7004 -0.7061 0.1045
vn 0.6827 -0.7061 0.1881
vn 0.6826 -0.7061 0.1881
vn 0.6826 -0.7062 0.1881
vn 0.6550 -0.7061 0.2690
vn 0.6552 -0.7059 0.2691
vn 0.6549 -0.7062 0.2690
vn 0.6180 -0.7059 0.3461
vn 0.6177 -0.7062 0.3460
vn 0.6179 -0.7060 0.3461
vn 0.5715 -0.7062 0.4179
vn 0.5716 -0.7061 0.4180
vn 0.5171 -0.7061 0.4838
vn 0.5172 -0.7059 0.4840
vn 0.4551 -0.7059 0.5428
vn 0.4551 -0.7060 0.5427
vn 0.4550 -0.7060 0.5427
vn 0.3863 -0.7059 0.5936
vn 0.3864 -0.7059 0.5937
vn 0.3120 -0.7059 0.6359
vn 0.3119 -0.7062 0.6357
vn 0.2329 -0.7063 0.6685
vn 0.2330 -0.7062 0.6686
vn 0.2330 -0.7059 0.6689
vn 0.1507 -0.7059 0.6921
vn 0.1507 -0.7060 0.6920
vn 0.0662 -0.7060 0.7051
vn 0.0662 -0.7061 0.7050
vn -0.0193 -0.7061 0.7079
vn -0.0193 -0.7058 0.7081
vn -0.0193 -0.7058 0.7082
vn -0.1045 -0.7061 0.7003
vn -0.1045 -0.7060 0.7004
vn -0.1881 -0.7060 0.6827
vn -0.1881 -0.7060 0.6828
vn -0.1881 -0.7059 0.6828
vn -0.2691 -0.7060 0.6551
vn -0.2692 -0.7057 0.6554
vn -0.3462 -0.7057 0.6182
vn -0.3462 -0.7059 0.6180
vn -0.3461 -0.7059 0.6180
vn -0.4181 -0.7059 0.5718
vn -0.4179 -0.7062 0.5716
vn -0.4840 -0.7059 0.5172
vn -0.4838 -0.7063 0.5169
vn -0.4838 -0.7061 0.5171
vn -0.5427 -0.7061 0.4550
vn -0.5427 -0.7061 0.4549
vn -0.5427 -0.7060 0.4550
vn -0.5936 -0.7059 0.3863
vn -0.5936 -0.7060 0.3863
vn -0.6358 -0.7060 0.3119
vn -0.6358 -0.7061 0.3119
vn -0.6356 -0.7063 0.3117
vn -0.6687 -0.7061 0.2330
vn -0.6688 -0.7060 0.2330
vn -0.6920 -0.7060 0.1507
vn -0.7051 -0.7060 0.0662
vn -0.7053 -0.7058 0.0662
vn -0.7081 -0.7058 -0.0193
vn -0.7082 -0.7058 -0.0193
vn -0.7079 -0.7061 -0.0193
vn -0.7078 -0.7061 -0.0193
vn -0.7004 -0.7061 -0.1045
vn -0.7004 -0.7060 -0.1045
vn -0.6827 -0.7060 -0.1881
vn -0.6826 -0.7061 -0.1881
vn -0.6826 -0.7062 -0.1881
vn -0.6550 -0.7061 -0.2690
vn -0.6552 -0.7059 -0.2691
vn -0.6180 -0.7059 -0.3461
vn -0.6178 -0.7062 -0.3460
vn -0.6178 -0.7061 -0.3460
vn -0.5716 -0.7061 -0.4180
vn -0.5718 -0.7059 -0.4181
vn -0.5170 -0.7062 -0.4838
vn -0.5170 -0.7061 -0.4838
vn -0.5172 -0.7059 -0.4840
vn -0.4551 -0.7059 -0.5428
vn -0.4551 -0.7060 -0.5427
vn -0.4550 -0.7060 -0.5427
vn -0.3863 -0.7059 -0.5936
vn -0.3864 -0.7059 -0.5937
vn -0.3120 -0.7059 -0.6359
vn -0.3119 -0.7059 -0.6359
vn -0.3119 -0.7062 -0.6357
vn -0.2329 -0.7063 -0.6685
vn -0.2330 -0.7062 -0.6686
vn -0.2330 -0.7059 -0.6689
vn -0.2331 -0.7059 -0.6689
vn -0.1507 -0.7059 -0.6921
vn -0.1507 -0.7060 -0.6920
vn -0.0242 -0.9659 -0.2576
vn -0.0241 -0.9660 -0.2573
vn 0.0070 -0.9660 -0.2586
vn 0.0070 -0.9659 -0.2586
vn 0.0070 -0.9661 -0.2582
vn 0.0071 -0.9660 -0.2585
vn 0.0381 -0.9661 -0.2555
vn 0.0381 -0.9659 -0.2560
vn 0.0381 -0.9660 -0.2556
vn 0.0381 -0.9660 -0.2557
vn 0.0687 -0.9659 -0.2495
vn 0.0687 -0.9660 -0.2492
vn 0.0686 -0.9660 -0.2491
vn 0.0983 -0.9659 -0.2394
vn 0.0982 -0.9660 -0.2390
vn 0.0982 -0.9660 -0.2391
vn 0.1263 -0.9660 -0.2255
vn 0.1264 -0.9660 -0.2257
vn 0.1525 -0.9660 -0.2086
vn 0.1526 -0.9660 -0.2086
vn 0.1766 -0.9660 -0.1887
vn 0.1981 -0.9660 -0.1661
vn 0.1979 -0.9661 -0.1660
vn 0.1983 -0.9659 -0.1663
vn 0.2168 -0.9660 -0.1411
vn 0.2165 -0.9661 -0.1409
vn 0.2167 -0.9660 -0.1410
vn 0.2321 -0.9660 -0.1139
vn 0.2320 -0.9660 -0.1138
vn 0.2323 -0.9659 -0.1140
vn 0.2440 -0.9660 -0.0850
vn 0.2441 -0.9660 -0.0851
vn 0.2442 -0.9660 -0.0851
vn 0.2526 -0.9660 -0.0550
vn 0.2529 -0.9659 -0.0551
vn 0.2525 -0.9660 -0.0550
vn 0.2528 -0.9659 -0.0551
vn 0.2573 -0.9660 -0.0241
vn 0.2577 -0.9659 -0.0242
vn 0.2576 -0.9659 -0.0242
vn 0.2583 -0.9660 0.0070
vn 0.2586 -0.9660 0.0070
vn 0.2587 -0.9659 0.0070
vn 0.2584 -0.9660 0.0070
vn 0.2561 -0.9659 0.0382
vn 0.2556 -0.9660 0.0381
vn 0.2557 -0.9660 0.0381
vn 0.2492 -0.9660 0.0687
vn 0.2495 -0.9659 0.0688
vn 0.2391 -0.9660 0.0982
vn 0.2394 -0.9659 0.0983
vn 0.2390 -0.9660 0.0982
vn 0.2257 -0.9660 0.1264
vn 0.2254 -0.9660 0.1263
vn 0.2258 -0.9659 0.1264
vn 0.2086 -0.9660 0.1526
vn 0.2089 -0.9659 0.1528
vn 0.2089 -0.9659 0.1527
vn 0.1887 -0.9660 0.1766
vn 0.1660 -0.9660 0.1980
vn 0.1661 -0.9660 0.1981
vn 0.1410 -0.9660 0.2167
vn 0.1411 -0.9659 0.2170
vn 0.1409 -0.9660 0.2166
vn 0.1411 -0.9660 0.2168
vn 0.1138 -0.9660 0.2320
vn 0.1138 -0.9660 0.2321
vn 0.0850 -0.9660 0.2441
vn 0.0850 -0.9660 0.2440
vn 0.0550 -0.9660 0.2525
vn 0.0550 -0.9659 0.2528
vn 0.0550 -0.9660 0.2526
vn 0.0242 -0.9660 0.2574
vn 0.0241 -0.9660 0.2573
vn -0.0070 -0.9660 0.2586
vn -0.0070 -0.9660 0.2583
vn -0.0071 -0.9659 0.2587
vn -0.0070 -0.9660 0.2584
vn -0.0381 -0.9660 0.2556
vn -0.0381 -0.9660 0.2557
vn -0.0687 -0.9660 0.2492
vn -0.0686 -0.9660 0.2491
vn -0.0983 -0.9660 0.2393
vn -0.0982 -0.9660 0.2390
vn -0.0982 -0.9661 0.2390
vn -0.1262 -0.9661 0.2254
vn -0.1264 -0.9660 0.2256
vn -0.1525 -0.9660 0.2086
vn -0.1526 -0.9660 0.2086
vn -0.1766 -0.9660 0.1887
vn -0.1981 -0.9660 0.1661
vn -0.1983 -0.9660 0.1662
vn -0.1980 -0.9660 0.1660
vn -0.2166 -0.9660 0.1409
vn -0.2169 -0.9659 0.1412
vn -0.2167 -0.9660 0.1410
vn -0.2321 -0.9660 0.1139
vn -0.2320 -0.9660 0.1138
vn -0.2323 -0.9659 0.1140
vn -0.2443 -0.9659 0.0851
vn -0.2440 -0.9660 0.0850
vn -0.2441 -0.9660 0.0851
vn -0.2442 -0.9660 0.0851
vn -0.2526 -0.9660 0.0550
vn -0.2525 -0.9660 0.0550
vn -0.2528 -0.9660 0.0551
vn -0.2573 -0.9660 0.0241
vn -0.2576 -0.9660 0.0242
vn -0.2583 -0.9660 -0.0070
vn -0.2586 -0.9660 -0.0070
vn -0.2587 -0.9659 -0.0070
vn -0.2584 -0.9660 -0.0070
vn -0.2556 -0.9660 -0.0381
vn -0.2557 -0.9660 -0.0381
vn -0.2492 -0.9660 -0.0687
vn -0.2495 -0.9659 -0.0688
vn -0.2391 -0.9660 -0.0982
vn -0.2394 -0.9659 -0.0983
vn -0.2390 -0.9660 -0.0982
vn -0.2254 -0.9660 -0.1263
vn -0.2256 -0.9660 -0.1263
vn -0.2087 -0.9660 -0.1526
vn -0.2089 -0.9659 -0.1527
vn -0.2086 -0.9660 -0.1526
vn -0.1887 -0.9660 -0.1766
vn -0.1660 -0.9660 -0.1980
vn -0.1661 -0.9660 -0.1981
vn -0.1410 -0.9660 -0.2167
vn -0.1411 -0.9659 -0.2170
vn -0.1409 -0.9660 -0.2166
vn -0.1411 -0.9660 -0.2168
vn -0.1138 -0.9660 -0.2320
vn -0.1138 -0.9661 -0.2319
vn -0.0850 -0.9661 -0.2440
vn -0.0850 -0.9660 -0.2440
vn -0.0550 -0.9660 -0.2525
vn 0.1096 0.2585 0.9598
vn 0.1096 0.2586 0.9597
vn 0.0321 0.2586 0.9655
vn 0.0321 0.2586 0.9654
vn 0.0320 0.2583 0.9655
vn 0.0320 0.2586 0.9654
vn -0.0458 0.2583 0.9650
vn -0.0457 0.2587 0.9649
vn -0.1232 0.2587 0.9581
vn -0.1232 0.2585 0.9581
vn -0.1999 0.2586 0.9451
vn -0.2000 0.2583 0.9452
vn -0.2000 0.2586 0.9451
vn -0.2753 0.2586 0.9259
vn -0.2752 0.2587 0.9259
vn -0.2753 0.2585 0.9259
vn -0.3490 0.2585 0.9008
vn -0.3489 0.2591 0.9006
vn -0.4203 0.2586 0.8698
vn -0.4203 0.2587 0.8697
vn -0.4203 0.2585 0.8698
vn -0.4890 0.2584 0.8331
vn -0.4889 0.2589 0.8331
vn -0.4889 0.2585 0.8331
vn -0.5544 0.2585 0.7911
vn -0.5544 0.2582 0.7911
vn -0.5545 0.2587 0.7910
vn -0.6162 0.2585 0.7440
vn -0.6162 0.2586 0.7439
vn -0.6741 0.2586 0.6919
vn -0.6741 0.2584 0.6919
vn -0.7276 0.2584 0.6354
vn -0.7275 0.2589 0.6354
vn -0.7275 0.2590 0.6354
vn -0.7763 0.2590 0.5747
vn -0.7763 0.2588 0.5748
vn -0.8200 0.2587 0.5105
vn -0.8201 0.2586 0.5105
vn -0.8585 0.2586 0.4428
vn -0.8586 0.2584 0.4429
vn -0.8914 0.2584 0.3723
vn -0.8913 0.2590 0.3723
vn -0.9183 0.2590 0.2994
vn -0.9184 0.2588 0.2994
vn -0.9395 0.2587 0.2245
vn -0.9396 0.2585 0.2245
vn -0.9396 0.2584 0.2245
vn -0.9545 0.2588 0.1482
vn -0.9633 0.2588 0.0709
vn -0.9634 0.2584 0.0709
vn -0.9660 0.2584 -0.0068
vn -0.9660 0.2586 -0.0068
vn -0.9623 0.2586 -0.0846
vn -0.9623 0.2587 -0.0846
vn -0.9523 0.2586 -0.1617
vn -0.9523 0.2587 -0.1617
vn -0.9362 0.2587 -0.2378
vn -0.9363 0.2586 -0.2378
vn -0.9141 0.2586 -0.3124
vn -0.9139 0.2592 -0.3123
vn -0.9140 0.2589 -0.3124
vn -0.8859 0.2589 -0.3849
vn -0.8860 0.2586 -0.3849
vn -0.8521 0.2585 -0.4550
vn -0.8521 0.2588 -0.4549
vn -0.8127 0.2588 -0.5220
vn -0.8127 0.2589 -0.5220
vn -0.8128 0.2585 -0.5221
vn -0.7681 0.2585 -0.5858
vn -0.7681 0.2586 -0.5858
vn -0.7185 0.2586 -0.6457
vn -0.7185 0.2588 -0.6456
vn -0.7185 0.2587 -0.6456
vn -0.6643 0.2583 -0.7014
vn -0.6642 0.2584 -0.7014
vn -0.6642 0.2585 -0.7014
vn -0.6056 0.2588 -0.7525
vn -0.6057 0.2583 -0.7526
vn -0.5431 0.2583 -0.7989
vn -0.5431 0.2589 -0.7988
vn -0.4770 0.2589 -0.8399
vn -0.4770 0.2588 -0.8399
vn -0.4079 0.2588 -0.8756
vn -0.4079 0.2585 -0.8757
vn -0.4079 0.2586 -0.8756
vn -0.3361 0.2586 -0.9056
vn -0.3361 0.2585 -0.9056
vn -0.2621 0.2588 -0.9297
vn -0.2621 0.2584 -0.9298
vn -0.2622 0.2584 -0.9298
vn -0.1865 0.2584 -0.9479
vn -0.1865 0.2590 -0.9477
vn -0.1865 0.2587 -0.9478
vn -0.1096 0.2585 -0.9598
vn -0.1096 0.2584 -0.9598
vn -0.1096 0.2586 -0.9597
vn -0.0320 0.2586 -0.9655
vn -0.0321 0.2586 -0.9654
vn -0.0320 0.2583 -0.9655
vn -0.0320 0.2586 -0.9654
vn 0.0458 0.2583 -0.9650
vn 0.0457 0.2587 -0.9649
vn 0.1232 0.2587 -0.9581
vn 0.1999 0.2591 -0.9450
vn 0.1999 0.2591 -0.9449
vn 0.2000 0.2583 -0.9451
vn 0.2000 0.2582 -0.9452
vn 0.2753 0.2586 -0.9259
vn 0.2753 0.2587 -0.9259
vn 0.2753 0.2589 -0.9258
vn 0.2753 0.2590 -0.9258
vn 0.3490 0.2585 -0.9008
vn 0.3489 0.2586 -0.9008
vn 0.4203 0.2586 -0.8698
vn 0.4203 0.2589 -0.8697
vn 0.4204 0.2584 -0.8698
vn 0.4889 0.2589 -0.8331
vn 0.4889 0.2585 -0.8331
vn 0.4889 0.2590 -0.8330
vn 0.4890 0.2585 -0.8331
vn 0.5544 0.2586 -0.7911
vn 0.5543 0.2587 -0.7911
vn 0.5544 0.2582 -0.7912
vn 0.6163 0.2582 -0.7440
vn 0.6163 0.2586 -0.7438
vn 0.6162 0.2586 -0.7439
vn 0.6161 0.2589 -0.7439
vn 0.6741 0.2586 -0.6919
vn 0.6741 0.2584 -0.6919
vn 0.7276 0.2584 -0.6354
vn 0.7276 0.2584 -0.6355
vn 0.7275 0.2590 -0.6354
vn 0.7763 0.2590 -0.5748
vn 0.7763 0.2588 -0.5748
vn 0.8200 0.2587 -0.5105
vn 0.8201 0.2586 -0.5105
vn 0.8585 0.2586 -0.4428
vn 0.8586 0.2584 -0.4429
vn 0.8914 0.2584 -0.3723
vn 0.8913 0.2587 -0.3723
vn 0.9183 0.2591 -0.2994
vn 0.9184 0.2588 -0.2994
vn 0.9184 0.2587 -0.2994
vn 0.9395 0.2587 -0.2245
vn 0.9395 0.2586 -0.2245
vn 0.9545 0.2588 -0.1482
vn 0.9633 0.2588 -0.0709
vn 0.9634 0.2584 -0.0709
vn 0.9660 0.2584 0.0068
vn 0.9660 0.2586 0.0068
vn 0.9623 0.2585 0.0846
vn 0.9623 0.2587 0.0846
vn 0.9523 0.2586 0.1617
vn 0.9523 0.2587 0.1617
vn 0.9362 0.2587 0.2378
vn 0.9140 0.2588 0.3124
vn 0.9140 0.2591 0.3124
vn 0.8859 0.2591 0.3849
vn 0.8860 0.2586 0.3849
vn 0.8521 0.2585 0.4550
vn 0.8521 0.2586 0.4550
vn 0.8520 0.2589 0.4549
vn 0.8128 0.2586 0.5221
vn 0.8128 0.2585 0.5221
vn 0.7681 0.2585 0.5858
vn 0.7681 0.2586 0.5858
vn 0.7185 0.2586 0.6457
vn 0.7185 0.2587 0.6457
vn 0.7185 0.2584 0.6458
vn 0.6642 0.2587 0.7014
vn 0.6642 0.2588 0.7013
vn 0.6642 0.2589 0.7013
vn 0.6056 0.2589 0.7525
vn 0.6056 0.2583 0.7526
vn 0.6056 0.2583 0.7527
vn 0.5431 0.2583 0.7989
vn 0.5431 0.2584 0.7989
vn 0.5431 0.2587 0.7988
vn 0.4771 0.2587 0.8399
vn 0.4771 0.2584 0.8400
vn 0.4771 0.2583 0.8400
vn 0.4079 0.2583 0.8757
vn 0.4079 0.2586 0.8756
vn 0.3361 0.2586 0.9056
vn 0.3361 0.2588 0.9056
vn 0.3361 0.2585 0.9056
vn 0.2622 0.2588 0.9297
vn 0.2622 0.2584 0.9298
vn 0.1865 0.2584 0.9479
vn 0.1864 0.2588 0.9478
vn 0.1865 0.2585 0.9478
vn 0.0803 0.7067 0.7029
vn 0.0803 0.7066 0.7030
vn 0.0803 0.7069 0.7028
vn 0.0235 0.7066 0.7072
vn 0.0235 0.7068 0.7070
vn -0.0335 0.7068 0.7066
vn -0.0335 0.7067 0.7067
vn -0.0903 0.7067 0.7017
vn -0.0902 0.7069 0.7015
vn -0.1464 0.7069 0.6920
vn -0.1464 0.7067 0.6922
vn -0.1464 0.7070 0.6919
vn -0.2017 0.7067 0.6782
vn -0.2016 0.7070 0.6779
vn -0.2016 0.7068 0.6781
vn -0.2555 0.7068 0.6596
vn -0.2556 0.7067 0.6597
vn -0.3078 0.7067 0.6370
vn -0.3078 0.7068 0.6369
vn -0.3580 0.7068 0.6101
vn -0.3581 0.7068 0.6101
vn -0.4058 0.7071 0.5791
vn -0.4059 0.7070 0.5792
vn -0.4512 0.7070 0.5446
vn -0.4935 0.7070 0.5066
vn -0.4936 0.7068 0.5067
vn -0.5328 0.7068 0.4653
vn -0.5329 0.7067 0.4654
vn -0.5686 0.7067 0.4210
vn -0.5687 0.7066 0.4211
vn -0.6007 0.7066 0.3739
vn -0.6004 0.7069 0.3738
vn -0.6004 0.7070 0.3738
vn -0.6286 0.7069 0.3242
vn -0.6286 0.7070 0.3242
vn -0.6288 0.7067 0.3243
vn -0.6288 0.7067 0.3244
vn -0.6528 0.7067 0.2727
vn -0.6529 0.7067 0.2727
vn -0.6726 0.7067 0.2193
vn -0.6726 0.7068 0.2192
vn -0.6880 0.7068 0.1644
vn -0.6883 0.7065 0.1645
vn -0.6879 0.7069 0.1644
vn -0.6989 0.7069 0.1085
vn -0.6991 0.7068 0.1085
vn -0.7055 0.7068 0.0519
vn -0.7056 0.7067 0.0519
vn -0.7075 0.7067 -0.0050
vn -0.7073 0.7069 -0.0050
vn -0.7046 0.7069 -0.0619
vn -0.7047 0.7068 -0.0619
vn -0.6974 0.7068 -0.1184
vn -0.6975 0.7067 -0.1185
vn -0.6857 0.7067 -0.1742
vn -0.6854 0.7071 -0.1741
vn -0.6691 0.7071 -0.2287
vn -0.6694 0.7068 -0.2288
vn -0.6488 0.7069 -0.2819
vn -0.6487 0.7070 -0.2818
vn -0.6239 0.7070 -0.3331
vn -0.6241 0.7067 -0.3332
vn -0.5953 0.7067 -0.3824
vn -0.5951 0.7069 -0.3822
vn -0.5624 0.7069 -0.4289
vn -0.5625 0.7068 -0.4290
vn -0.5262 0.7068 -0.4728
vn -0.5262 0.7067 -0.4729
vn -0.4865 0.7067 -0.5137
vn -0.4864 0.7069 -0.5136
vn -0.4435 0.7069 -0.5511
vn -0.4434 0.7069 -0.5511
vn -0.3977 0.7069 -0.5850
vn -0.3978 0.7067 -0.5851
vn -0.3494 0.7067 -0.6152
vn -0.2987 0.7067 -0.6413
vn -0.2987 0.7069 -0.6412
vn -0.2461 0.7069 -0.6632
vn -0.2461 0.7070 -0.6630
vn -0.1919 0.7070 -0.6807
vn -0.1919 0.7070 -0.6806
vn -0.1920 0.7067 -0.6810
vn -0.1365 0.7067 -0.6942
vn -0.1365 0.7070 -0.6939
vn -0.1366 0.7067 -0.6942
vn -0.0803 0.7067 -0.7029
vn -0.0803 0.7069 -0.7027
vn -0.0235 0.7069 -0.7069
vn -0.0235 0.7071 -0.7067
vn 0.0335 0.7071 -0.7063
vn 0.0335 0.7070 -0.7064
vn 0.0902 0.7070 -0.7014
vn 0.0903 0.7066 -0.7018
vn 0.1463 0.7069 -0.6920
vn 0.1464 0.7068 -0.6921
vn 0.1464 0.7070 -0.6919
vn 0.2016 0.7068 -0.6781
vn 0.2016 0.7070 -0.6779
vn 0.2555 0.7068 -0.6596
vn 0.3078 0.7067 -0.6370
vn 0.3078 0.7068 -0.6369
vn 0.3580 0.7068 -0.6101
vn 0.4060 0.7068 -0.5793
vn 0.4059 0.7070 -0.5792
vn 0.4513 0.7068 -0.5448
vn 0.4512 0.7070 -0.5446
vn 0.4935 0.7070 -0.5066
vn 0.4938 0.7067 -0.5068
vn 0.4935 0.7070 -0.5065
vn 0.5327 0.7070 -0.4652
vn 0.5326 0.7070 -0.4652
vn 0.5329 0.7067 -0.4654
vn 0.5686 0.7067 -0.4210
vn 0.5687 0.7066 -0.4210
vn 0.6007 0.7066 -0.3739
vn 0.6004 0.7069 -0.3738
vn 0.6004 0.7070 -0.3738
vn 0.6286 0.7069 -0.3242
vn 0.6287 0.7068 -0.3243
vn 0.6527 0.7069 -0.2726
vn 0.6529 0.7067 -0.2727
vn 0.6726 0.7067 -0.2193
vn 0.6726 0.7068 -0.2192
vn 0.6880 0.7068 -0.1644
vn 0.6880 0.7069 -0.1644
vn 0.6990 0.7068 -0.1085
vn 0.7055 0.7068 -0.0519
vn 0.7056 0.7067 -0.0519
vn 0.7075 0.7067 0.0050
vn 0.7073 0.7069 0.0050
vn 0.7045 0.7070 0.0619
vn 0.7047 0.7068 0.0619
vn 0.6974 0.7068 0.1184
vn 0.6975 0.7067 0.1185
vn 0.6857 0.7067 0.1742
vn 0.6854 0.7071 0.1741
vn 0.6691 0.7071 0.2287
vn 0.6695 0.7067 0.2288
vn 0.6489 0.7067 0.2819
vn 0.6487 0.7070 0.2818
vn 0.6239 0.7070 0.3331
vn 0.6240 0.7069 0.3332
vn 0.5952 0.7069 0.3823
vn 0.5951 0.7069 0.3822
vn 0.5624 0.7069 0.4289
vn 0.5624 0.7070 0.4289
vn 0.5625 0.7068 0.4290
vn 0.5262 0.7068 0.4728
vn 0.5262 0.7067 0.4729
vn 0.4865 0.7067 0.5137
vn 0.4864 0.7069 0.5136
vn 0.4435 0.7069 0.5511
vn 0.4434 0.7069 0.5511
vn 0.3977 0.7069 0.5850
vn 0.3976 0.7069 0.5849
vn 0.3493 0.7069 0.6150
vn 0.3495 0.7067 0.6152
vn 0.3493 0.7068 0.6152
vn 0.3493 0.7070 0.6150
vn 0.2986 0.7070 0.6411
vn 0.2987 0.7069 0.6412
vn 0.2461 0.7069 0.6632
vn 0.2460 0.7071 0.6630
vn 0.2460 0.7069 0.6631
vn 0.1920 0.7067 0.6809
vn 0.1920 0.7067 0.6810
vn 0.1919 0.7070 0.6806
vn 0.1365 0.7068 0.6941
vn 0.1365 0.7070 0.6939
vn 0.1366 0.7068 0.6941
vn 0.0803 0.7070 0.7027
vn 0.0294 0.9658 0.2576
vn 0.0294 0.9658 0.2575
vn 0.0086 0.9658 0.2590
vn 0.0086 0.9658 0.2591
vn -0.0123 0.9658 0.2589
vn -0.0331 0.9658 0.2570
vn -0.0331 0.9658 0.2571
vn -0.0537 0.9658 0.2536
vn -0.0537 0.9658 0.2537
vn -0.0739 0.9658 0.2485
vn -0.0739 0.9658 0.2484
vn -0.0936 0.9658 0.2417
vn -0.1128 0.9658 0.2334
vn -0.1128 0.9658 0.2335
vn -0.1313 0.9658 0.2237
vn -0.1312 0.9658 0.2236
vn -0.1488 0.9658 0.2124
vn -0.1488 0.9658 0.2123
vn -0.1654 0.9658 0.1997
vn -0.1809 0.9658 0.1857
vn -0.1953 0.9658 0.1705
vn -0.2084 0.9658 0.1543
vn -0.2083 0.9658 0.1542
vn -0.2201 0.9658 0.1370
vn -0.2304 0.9658 0.1189
vn -0.2304 0.9658 0.1188
vn -0.2392 0.9658 0.0999
vn -0.2465 0.9658 0.0803
vn -0.2466 0.9658 0.0804
vn -0.2523 0.9658 0.0603
vn -0.2522 0.9658 0.0603
vn -0.2562 0.9658 0.0398
vn -0.2585 0.9658 0.0190
vn -0.2592 0.9658 -0.0018
vn -0.2582 0.9658 -0.0227
vn -0.2583 0.9658 -0.0227
vn -0.2581 0.9658 -0.0227
vn -0.2555 0.9658 -0.0434
vn -0.2512 0.9658 -0.0638
vn -0.2513 0.9658 -0.0638
vn -0.2454 0.9658 -0.0838
vn -0.2454 0.9658 -0.0839
vn -0.2378 0.9658 -0.1033
vn -0.2379 0.9658 -0.1033
vn -0.2288 0.9658 -0.1221
vn -0.2287 0.9658 -0.1221
vn -0.2181 0.9658 -0.1401
vn -0.2182 0.9658 -0.1401
vn -0.2062 0.9658 -0.1572
vn -0.2062 0.9658 -0.1573
vn -0.2061 0.9658 -0.1572
vn -0.1928 0.9658 -0.1732
vn -0.1928 0.9658 -0.1733
vn -0.1782 0.9658 -0.1882
vn -0.1625 0.9658 -0.2019
vn -0.1625 0.9658 -0.2020
vn -0.1457 0.9658 -0.2144
vn -0.1457 0.9658 -0.2143
vn -0.1280 0.9658 -0.2253
vn -0.1280 0.9658 -0.2255
vn -0.1095 0.9658 -0.2350
vn -0.1094 0.9658 -0.2350
vn -0.0902 0.9658 -0.2430
vn -0.0902 0.9658 -0.2431
vn -0.0704 0.9658 -0.2495
vn -0.0501 0.9658 -0.2543
vn -0.0501 0.9658 -0.2544
vn -0.0294 0.9658 -0.2576
vn -0.0086 0.9658 -0.2591
vn -0.0086 0.9658 -0.2592
vn 0.0123 0.9658 -0.2591
vn 0.0123 0.9658 -0.2590
vn 0.0331 0.9658 -0.2572
vn 0.0331 0.9658 -0.2570
vn 0.0536 0.9658 -0.2535
vn 0.0537 0.9658 -0.2536
vn 0.0537 0.9658 -0.2537
vn 0.0739 0.9658 -0.2485
vn 0.0739 0.9658 -0.2484
vn 0.0936 0.9658 -0.2417
vn 0.1128 0.9658 -0.2334
vn 0.1128 0.9658 -0.2335
vn 0.1313 0.9658 -0.2237
vn 0.1312 0.9658 -0.2235
vn 0.1487 0.9658 -0.2123
vn 0.1488 0.9658 -0.2123
vn 0.1654 0.9658 -0.1997
vn 0.1809 0.9658 -0.1857
vn 0.1810 0.9658 -0.1858
vn 0.1953 0.9658 -0.1706
vn 0.1953 0.9658 -0.1705
vn 0.2084 0.9658 -0.1543
vn 0.2083 0.9658 -0.1542
vn 0.2200 0.9658 -0.1369
vn 0.2201 0.9658 -0.1370
vn 0.2304 0.9658 -0.1189
vn 0.2392 0.9658 -0.0999
vn 0.2465 0.9658 -0.0803
vn 0.2466 0.9658 -0.0804
vn 0.2523 0.9658 -0.0603
vn 0.2522 0.9658 -0.0603
vn 0.2562 0.9658 -0.0398
vn 0.2585 0.9658 -0.0190
vn 0.2582 0.9659 -0.0190
vn 0.2592 0.9658 0.0018
vn 0.2582 0.9658 0.0227
vn 0.2583 0.9658 0.0227
vn 0.2581 0.9658 0.0227
vn 0.2555 0.9658 0.0434
vn 0.2512 0.9658 0.0638
vn 0.2513 0.9658 0.0638
vn 0.2454 0.9658 0.0838
vn 0.2453 0.9658 0.0838
vn 0.2378 0.9658 0.1033
vn 0.2379 0.9658 0.1034
vn 0.2288 0.9658 0.1222
vn 0.2287 0.9658 0.1221
vn 0.2181 0.9658 0.1401
vn 0.2061 0.9658 0.1572
vn 0.1928 0.9658 0.1732
vn 0.1928 0.9658 0.1733
vn 0.1782 0.9658 0.1882
vn 0.1625 0.9658 0.2019
vn 0.1457 0.9658 0.2144
vn 0.1458 0.9658 0.2144
vn 0.1280 0.9658 0.2254
vn 0.1095 0.9658 0.2350
vn 0.1095 0.9658 0.2351
vn 0.0902 0.9658 0.2431
vn 0.0704 0.9658 0.2496
vn 0.0704 0.9658 0.2495
vn 0.0501 0.9658 0.2545
vn 0.0501 0.9658 0.2544
vn 0.0293 -0.9661 0.2565
vn 0.0293 -0.9660 0.2567
vn 0.0086 -0.9661 0.2579
vn 0.0086 -0.9660 0.2583
vn 0.0086 -0.9661 0.2580
vn -0.0122 -0.9661 0.2578
vn -0.0122 -0.9660 0.2582
vn -0.0122 -0.9660 0.2581
vn -0.0330 -0.9660 0.2563
vn -0.0329 -0.9661 0.2561
vn -0.0330 -0.9660 0.2564
vn -0.0534 -0.9661 0.2526
vn -0.0736 -0.9661 0.2475
vn -0.0736 -0.9661 0.2474
vn -0.0932 -0.9661 0.2407
vn -0.0933 -0.9660 0.2410
vn -0.1123 -0.9661 0.2324
vn -0.1124 -0.9661 0.2325
vn -0.1126 -0.9660 0.2329
vn -0.1307 -0.9661 0.2228
vn -0.1307 -0.9661 0.2227
vn -0.1482 -0.9661 0.2115
vn -0.1647 -0.9661 0.1988
vn -0.1647 -0.9661 0.1989
vn -0.1802 -0.9661 0.1850
vn -0.1801 -0.9661 0.1849
vn -0.1947 -0.9660 0.1700
vn -0.1945 -0.9661 0.1698
vn -0.2075 -0.9661 0.1536
vn -0.2191 -0.9661 0.1364
vn -0.2192 -0.9661 0.1364
vn -0.2295 -0.9661 0.1184
vn -0.2294 -0.9661 0.1183
vn -0.2382 -0.9661 0.0995
vn -0.2387 -0.9660 0.0997
vn -0.2455 -0.9661 0.0800
vn -0.2456 -0.9661 0.0801
vn -0.2512 -0.9661 0.0600
vn -0.2516 -0.9660 0.0601
vn -0.2552 -0.9661 0.0396
vn -0.2551 -0.9661 0.0396
vn -0.2575 -0.9661 0.0189
vn -0.2578 -0.9660 0.0190
vn -0.2581 -0.9661 -0.0018
vn -0.2582 -0.9661 -0.0018
vn -0.2572 -0.9661 -0.0226
vn -0.2571 -0.9661 -0.0226
vn -0.2575 -0.9660 -0.0226
vn -0.2544 -0.9661 -0.0432
vn -0.2545 -0.9661 -0.0432
vn -0.2502 -0.9661 -0.0636
vn -0.2503 -0.9661 -0.0636
vn -0.2507 -0.9660 -0.0637
vn -0.2443 -0.9661 -0.0835
vn -0.2448 -0.9660 -0.0837
vn -0.2447 -0.9660 -0.0836
vn -0.2371 -0.9660 -0.1030
vn -0.2371 -0.9660 -0.1031
vn -0.2372 -0.9660 -0.1030
vn -0.2369 -0.9661 -0.1029
vn -0.2278 -0.9661 -0.1216
vn -0.2172 -0.9661 -0.1395
vn -0.2173 -0.9661 -0.1396
vn -0.2054 -0.9661 -0.1566
vn -0.2052 -0.9661 -0.1565
vn -0.1920 -0.9661 -0.1725
vn -0.1777 -0.9660 -0.1876
vn -0.1778 -0.9660 -0.1877
vn -0.1778 -0.9660 -0.1878
vn -0.1618 -0.9661 -0.2011
vn -0.1453 -0.9660 -0.2137
vn -0.1451 -0.9661 -0.2135
vn -0.1451 -0.9661 -0.2134
vn -0.1274 -0.9661 -0.2244
vn -0.1275 -0.9661 -0.2245
vn -0.1093 -0.9660 -0.2345
vn -0.1090 -0.9661 -0.2341
vn -0.1090 -0.9661 -0.2340
vn -0.1092 -0.9660 -0.2344
vn -0.0898 -0.9661 -0.2420
vn -0.0898 -0.9661 -0.2421
vn -0.0701 -0.9661 -0.2485
vn -0.0702 -0.9660 -0.2490
vn -0.0701 -0.9660 -0.2488
vn -0.0701 -0.9661 -0.2484
vn -0.0498 -0.9661 -0.2533
vn -0.0499 -0.9661 -0.2533
vn -0.0293 -0.9661 -0.2565
vn -0.0294 -0.9660 -0.2568
vn -0.0293 -0.9660 -0.2568
vn -0.0086 -0.9661 -0.2581
vn 0.0122 -0.9661 -0.2580
vn 0.0122 -0.9661 -0.2579
vn 0.0329 -0.9661 -0.2561
vn 0.0329 -0.9661 -0.2560
vn 0.0534 -0.9661 -0.2525
vn 0.0534 -0.9661 -0.2526
vn 0.0736 -0.9661 -0.2475
vn 0.0736 -0.9661 -0.2474
vn 0.0932 -0.9661 -0.2407
vn 0.1123 -0.9661 -0.2324
vn 0.1124 -0.9661 -0.2325
vn 0.1126 -0.9660 -0.2329
vn 0.1307 -0.9661 -0.2228
vn 0.1308 -0.9660 -0.2229
vn 0.1481 -0.9661 -0.2114
vn 0.1482 -0.9661 -0.2115
vn 0.1647 -0.9661 -0.1989
vn 0.1802 -0.9661 -0.1850
vn 0.1945 -0.9661 -0.1699
vn 0.1945 -0.9661 -0.1698
vn 0.2075 -0.9661 -0.1536
vn 0.2074 -0.9661 -0.1536
vn 0.2191 -0.9661 -0.1364
vn 0.2192 -0.9661 -0.1364
vn 0.2192 -0.9661 -0.1365
vn 0.2295 -0.9661 -0.1184
vn 0.2382 -0.9661 -0.0995
vn 0.2455 -0.9661 -0.0800
vn 0.2456 -0.9661 -0.0801
vn 0.2515 -0.9660 -0.0601
vn 0.2512 -0.9661 -0.0600
vn 0.2511 -0.9661 -0.0600
vn 0.2552 -0.9661 -0.0396
vn 0.2551 -0.9661 -0.0396
vn 0.2575 -0.9661 -0.0189
vn 0.2578 -0.9660 -0.0190
vn 0.2581 -0.9661 0.0018
vn 0.2582 -0.9661 0.0018
vn 0.2575 -0.9660 0.0226
vn 0.2572 -0.9661 0.0226
vn 0.2574 -0.9660 0.0226
vn 0.2571 -0.9661 0.0226
vn 0.2544 -0.9661 0.0432
vn 0.2545 -0.9661 0.0432
vn 0.2505 -0.9660 0.0636
vn 0.2502 -0.9661 0.0636
vn 0.2503 -0.9661 0.0636
vn 0.2508 -0.9659 0.0637
vn 0.2443 -0.9661 0.0835
vn 0.2368 -0.9661 0.1029
vn 0.2372 -0.9660 0.1031
vn 0.2372 -0.9660 0.1030
vn 0.2279 -0.9661 0.1217
vn 0.2278 -0.9661 0.1216
vn 0.2172 -0.9661 0.1395
vn 0.2053 -0.9661 0.1566
vn 0.2052 -0.9661 0.1565
vn 0.1920 -0.9661 0.1725
vn 0.1775 -0.9661 0.1874
vn 0.1778 -0.9660 0.1878
vn 0.1777 -0.9660 0.1876
vn 0.1618 -0.9661 0.2011
vn 0.1453 -0.9660 0.2137
vn 0.1451 -0.9661 0.2135
vn 0.1453 -0.9660 0.2138
vn 0.1452 -0.9661 0.2135
vn 0.1275 -0.9661 0.2245
vn 0.1092 -0.9660 0.2345
vn 0.1090 -0.9661 0.2341
vn 0.0899 -0.9661 0.2421
vn 0.0898 -0.9661 0.2421
vn 0.0701 -0.9660 0.2488
vn 0.0701 -0.9661 0.2485
vn 0.0701 -0.9661 0.2486
vn 0.0499 -0.9661 0.2534
vn 0.0498 -0.9661 0.2533
vn 0.0294 -0.9660 0.2570
vn 0.0803 -0.7064 0.7032
vn 0.0804 -0.7060 0.7036
vn 0.0804 -0.7063 0.7034
vn 0.0235 -0.7060 0.7078
vn 0.0235 -0.7063 0.7075
vn 0.0235 -0.7063 0.7076
vn -0.0335 -0.7063 0.7072
vn -0.0335 -0.7062 0.7073
vn -0.0903 -0.7064 0.7020
vn -0.0903 -0.7061 0.7023
vn -0.0903 -0.7063 0.7021
vn -0.1465 -0.7063 0.6926
vn -0.1464 -0.7061 0.6928
vn -0.1465 -0.7065 0.6924
vn -0.2017 -0.7064 0.6784
vn -0.2018 -0.7062 0.6786
vn -0.2017 -0.7065 0.6784
vn -0.2558 -0.7062 0.6602
vn -0.2557 -0.7064 0.6601
vn -0.2558 -0.7061 0.6603
vn -0.3081 -0.7061 0.6375
vn -0.3080 -0.7064 0.6373
vn -0.3080 -0.7063 0.6374
vn -0.3583 -0.7063 0.6106
vn -0.3581 -0.7066 0.6103
vn -0.3582 -0.7065 0.6104
vn -0.4062 -0.7065 0.5796
vn -0.4062 -0.7064 0.5796
vn -0.4515 -0.7064 0.5451
vn -0.4939 -0.7064 0.5070
vn -0.4940 -0.7062 0.5071
vn -0.5332 -0.7063 0.4657
vn -0.5333 -0.7061 0.4658
vn -0.5691 -0.7061 0.4213
vn -0.5691 -0.7060 0.4214
vn -0.5689 -0.7064 0.4212
vn -0.6012 -0.7061 0.3742
vn -0.6012 -0.7060 0.3742
vn -0.6009 -0.7064 0.3741
vn -0.6291 -0.7064 0.3245
vn -0.6293 -0.7061 0.3246
vn -0.6531 -0.7065 0.2728
vn -0.6530 -0.7065 0.2727
vn -0.6534 -0.7061 0.2729
vn -0.6732 -0.7062 0.2194
vn -0.6732 -0.7061 0.2194
vn -0.6731 -0.7063 0.2194
vn -0.6886 -0.7062 0.1646
vn -0.6885 -0.7063 0.1645
vn -0.6995 -0.7063 0.1086
vn -0.6996 -0.7062 0.1086
vn -0.7061 -0.7062 0.0520
vn -0.7062 -0.7061 0.0520
vn -0.7059 -0.7064 0.0520
vn -0.7080 -0.7062 -0.0050
vn -0.7079 -0.7063 -0.0050
vn -0.7049 -0.7066 -0.0619
vn -0.7048 -0.7067 -0.0619
vn -0.7052 -0.7063 -0.0620
vn -0.6980 -0.7063 -0.1185
vn -0.6981 -0.7061 -0.1185
vn -0.6863 -0.7061 -0.1743
vn -0.6859 -0.7065 -0.1743
vn -0.6697 -0.7065 -0.2289
vn -0.6699 -0.7063 -0.2289
vn -0.6493 -0.7063 -0.2821
vn -0.6492 -0.7064 -0.2820
vn -0.6244 -0.7064 -0.3334
vn -0.6246 -0.7062 -0.3335
vn -0.6246 -0.7061 -0.3335
vn -0.5958 -0.7061 -0.3827
vn -0.5956 -0.7064 -0.3826
vn -0.5955 -0.7064 -0.3826
vn -0.5628 -0.7064 -0.4292
vn -0.5630 -0.7062 -0.4293
vn -0.5266 -0.7062 -0.4732
vn -0.5267 -0.7061 -0.4733
vn -0.4869 -0.7062 -0.5141
vn -0.4869 -0.7061 -0.5141
vn -0.4866 -0.7065 -0.5138
vn -0.4867 -0.7063 -0.5140
vn -0.4438 -0.7063 -0.5515
vn -0.3980 -0.7063 -0.5854
vn -0.3981 -0.7061 -0.5856
vn -0.3495 -0.7065 -0.6154
vn -0.3496 -0.7064 -0.6155
vn -0.2988 -0.7065 -0.6415
vn -0.2989 -0.7063 -0.6417
vn -0.2463 -0.7063 -0.6637
vn -0.2463 -0.7064 -0.6636
vn -0.1921 -0.7064 -0.6812
vn -0.1921 -0.7065 -0.6812
vn -0.1366 -0.7064 -0.6944
vn -0.1366 -0.7065 -0.6944
vn -0.1367 -0.7062 -0.6947
vn -0.0804 -0.7061 -0.7035
vn -0.0803 -0.7064 -0.7033
vn -0.0803 -0.7063 -0.7033
vn -0.0235 -0.7063 -0.7075
vn -0.0235 -0.7065 -0.7073
vn 0.0335 -0.7065 -0.7069
vn 0.0335 -0.7064 -0.7070
vn 0.0903 -0.7064 -0.7020
vn 0.0903 -0.7064 -0.7021
vn 0.1464 -0.7065 -0.6924
vn 0.1465 -0.7064 -0.6925
vn 0.1466 -0.7062 -0.6927
vn 0.2017 -0.7064 -0.6784
vn 0.2018 -0.7062 -0.6786
vn 0.2555 -0.7066 -0.6599
vn 0.2558 -0.7062 -0.6602
vn 0.2558 -0.7061 -0.6603
vn 0.3081 -0.7061 -0.6375
vn 0.3081 -0.7061 -0.6376
vn 0.3080 -0.7063 -0.6374
vn 0.3583 -0.7063 -0.6106
vn 0.3583 -0.7062 -0.6106
vn 0.3582 -0.7065 -0.6104
vn 0.4061 -0.7066 -0.5795
vn 0.4063 -0.7062 -0.5798
vn 0.4062 -0.7064 -0.5796
vn 0.4515 -0.7064 -0.5451
vn 0.4939 -0.7064 -0.5070
vn 0.5331 -0.7064 -0.4656
vn 0.5332 -0.7064 -0.4656
vn 0.5333 -0.7061 -0.4658
vn 0.5691 -0.7061 -0.4214
vn 0.5691 -0.7060 -0.4214
vn 0.6012 -0.7061 -0.3742
vn 0.6012 -0.7060 -0.3742
vn 0.6009 -0.7064 -0.3741
vn 0.6291 -0.7064 -0.3245
vn 0.6292 -0.7063 -0.3245
vn 0.6533 -0.7062 -0.2729
vn 0.6534 -0.7062 -0.2729
vn 0.6732 -0.7062 -0.2194
vn 0.6732 -0.7061 -0.2194
vn 0.6731 -0.7063 -0.2194
vn 0.6886 -0.7063 -0.1645
vn 0.6886 -0.7063 -0.1646
vn 0.6996 -0.7062 -0.1086
vn 0.7061 -0.7062 -0.0520
vn 0.7062 -0.7061 -0.0520
vn 0.7080 -0.7062 0.0050
vn 0.7080 -0.7061 0.0050
vn 0.7079 -0.7063 0.0050
vn 0.7051 -0.7064 0.0620
vn 0.7052 -0.7063 0.0620
vn 0.6980 -0.7063 0.1185
vn 0.6976 -0.7066 0.1185
vn 0.6981 -0.7061 0.1185
vn 0.6863 -0.7061 0.1743
vn 0.6859 -0.7065 0.1743
vn 0.6697 -0.7065 0.2289
vn 0.6700 -0.7062 0.2290
vn 0.6492 -0.7064 0.2820
vn 0.6494 -0.7062 0.2821
vn 0.6492 -0.7064 0.2821
vn 0.6244 -0.7064 0.3334
vn 0.6245 -0.7063 0.3334
vn 0.5956 -0.7063 0.3826
vn 0.5956 -0.7064 0.3826
vn 0.5628 -0.7064 0.4292
vn 0.5630 -0.7062 0.4293
vn 0.5630 -0.7062 0.4294
vn 0.5266 -0.7062 0.4732
vn 0.5267 -0.7061 0.4733
vn 0.4869 -0.7062 0.5141
vn 0.4869 -0.7061 0.5141
vn 0.4867 -0.7063 0.5140
vn 0.4438 -0.7063 0.5515
vn 0.4436 -0.7066 0.5514
vn 0.3980 -0.7063 0.5854
vn 0.3980 -0.7064 0.5854
vn 0.3496 -0.7064 0.6155
vn 0.3495 -0.7064 0.6155
vn 0.2989 -0.7064 0.6416
vn 0.2987 -0.7066 0.6414
vn 0.2989 -0.7063 0.6417
vn 0.2463 -0.7063 0.6637
vn 0.2464 -0.7061 0.6638
vn 0.1922 -0.7062 0.6815
vn 0.1922 -0.7061 0.6815
vn 0.1921 -0.7065 0.6812
vn 0.1367 -0.7065 0.6944
vn 0.1367 -0.7064 0.6945
vn 0.1096 -0.2585 0.9598
vn 0.1096 -0.2586 0.9597
vn 0.0321 -0.2585 0.9655
vn 0.0321 -0.2583 0.9655
vn -0.0458 -0.2588 0.9649
vn -0.0457 -0.2583 0.9650
vn -0.0458 -0.2587 0.9649
vn -0.1232 -0.2587 0.9581
vn -0.1232 -0.2585 0.9581
vn -0.2000 -0.2586 0.9451
vn -0.2000 -0.2583 0.9452
vn -0.2753 -0.2586 0.9259
vn -0.2754 -0.2583 0.9260
vn -0.2753 -0.2588 0.9259
vn -0.2753 -0.2589 0.9258
vn -0.3489 -0.2585 0.9008
vn -0.3489 -0.2588 0.9007
vn -0.3489 -0.2591 0.9006
vn -0.4203 -0.2588 0.8697
vn -0.4203 -0.2589 0.8697
vn -0.4202 -0.2585 0.8698
vn -0.4889 -0.2588 0.8331
vn -0.4889 -0.2589 0.8331
vn -0.4889 -0.2585 0.8332
vn -0.5544 -0.2585 0.7911
vn -0.5544 -0.2582 0.7912
vn -0.6163 -0.2582 0.7440
vn -0.6162 -0.2589 0.7438
vn -0.6162 -0.2586 0.7439
vn -0.6741 -0.2586 0.6919
vn -0.6741 -0.2584 0.6919
vn -0.7276 -0.2584 0.6355
vn -0.7275 -0.2590 0.6354
vn -0.7763 -0.2590 0.5748
vn -0.7763 -0.2588 0.5748
vn -0.8200 -0.2587 0.5105
vn -0.8201 -0.2586 0.5105
vn -0.8585 -0.2586 0.4428
vn -0.8586 -0.2584 0.4428
vn -0.8914 -0.2584 0.3724
vn -0.8913 -0.2590 0.3723
vn -0.9183 -0.2590 0.2993
vn -0.9184 -0.2588 0.2994
vn -0.9395 -0.2587 0.2245
vn -0.9396 -0.2585 0.2245
vn -0.9396 -0.2584 0.2245
vn -0.9546 -0.2585 0.1482
vn -0.9545 -0.2587 0.1482
vn -0.9545 -0.2588 0.1482
vn -0.9633 -0.2587 0.0709
vn -0.9634 -0.2585 0.0709
vn -0.9660 -0.2584 -0.0068
vn -0.9660 -0.2586 -0.0068
vn -0.9623 -0.2586 -0.0846
vn -0.9623 -0.2587 -0.0846
vn -0.9523 -0.2586 -0.1617
vn -0.9523 -0.2587 -0.1617
vn -0.9362 -0.2587 -0.2378
vn -0.9363 -0.2586 -0.2378
vn -0.9141 -0.2586 -0.3124
vn -0.9140 -0.2589 -0.3124
vn -0.9140 -0.2590 -0.3124
vn -0.8859 -0.2589 -0.3849
vn -0.8860 -0.2586 -0.3849
vn -0.8521 -0.2586 -0.4550
vn -0.8521 -0.2588 -0.4550
vn -0.8127 -0.2588 -0.5220
vn -0.8127 -0.2589 -0.5220
vn -0.8128 -0.2585 -0.5221
vn -0.7681 -0.2585 -0.5858
vn -0.7681 -0.2586 -0.5858
vn -0.7185 -0.2586 -0.6457
vn -0.7185 -0.2583 -0.6457
vn -0.6643 -0.2583 -0.7014
vn -0.6642 -0.2585 -0.7014
vn -0.6641 -0.2588 -0.7014
vn -0.6056 -0.2584 -0.7526
vn -0.6057 -0.2583 -0.7526
vn -0.5431 -0.2583 -0.7989
vn -0.5431 -0.2588 -0.7988
vn -0.5430 -0.2589 -0.7988
vn -0.4771 -0.2585 -0.8400
vn -0.4771 -0.2586 -0.8400
vn -0.4770 -0.2583 -0.8401
vn -0.4770 -0.2588 -0.8399
vn -0.4079 -0.2588 -0.8756
vn -0.4079 -0.2586 -0.8756
vn -0.3361 -0.2586 -0.9056
vn -0.3361 -0.2584 -0.9057
vn -0.3361 -0.2588 -0.9056
vn -0.2622 -0.2585 -0.9298
vn -0.2622 -0.2584 -0.9298
vn -0.2621 -0.2587 -0.9297
vn -0.1865 -0.2584 -0.9479
vn -0.1865 -0.2590 -0.9477
vn -0.1865 -0.2585 -0.9478
vn -0.1096 -0.2587 -0.9597
vn -0.1096 -0.2585 -0.9598
vn -0.0321 -0.2585 -0.9655
vn -0.0320 -0.2586 -0.9654
vn -0.0320 -0.2588 -0.9654
vn 0.0457 -0.2583 -0.9650
vn 0.0457 -0.2586 -0.9649
vn 0.0457 -0.2587 -0.9649
vn 0.1232 -0.2587 -0.9581
vn 0.1999 -0.2591 -0.9449
vn 0.1999 -0.2588 -0.9450
vn 0.1999 -0.2583 -0.9452
vn 0.1999 -0.2582 -0.9452
vn 0.2754 -0.2587 -0.9259
vn 0.2754 -0.2586 -0.9259
vn 0.2753 -0.2588 -0.9259
vn 0.3489 -0.2585 -0.9008
vn 0.3490 -0.2586 -0.9008
vn 0.4203 -0.2586 -0.8698
vn 0.4203 -0.2584 -0.8698
vn 0.4889 -0.2589 -0.8331
vn 0.4889 -0.2584 -0.8332
vn 0.4890 -0.2585 -0.8331
vn 0.4889 -0.2590 -0.8330
vn 0.5543 -0.2586 -0.7911
vn 0.5544 -0.2582 -0.7912
vn 0.6163 -0.2585 -0.7439
vn 0.6163 -0.2586 -0.7439
vn 0.6162 -0.2586 -0.7439
vn 0.6741 -0.2586 -0.6919
vn 0.6741 -0.2584 -0.6919
vn 0.7276 -0.2584 -0.6355
vn 0.7275 -0.2590 -0.6354
vn 0.7763 -0.2590 -0.5747
vn 0.7763 -0.2588 -0.5748
vn 0.8201 -0.2587 -0.5105
vn 0.8201 -0.2586 -0.5105
vn 0.8585 -0.2586 -0.4428
vn 0.8585 -0.2584 -0.4429
vn 0.8914 -0.2584 -0.3723
vn 0.8913 -0.2588 -0.3723
vn 0.9184 -0.2587 -0.2994
vn 0.9184 -0.2588 -0.2994
vn 0.9395 -0.2587 -0.2245
vn 0.9395 -0.2586 -0.2245
vn 0.9546 -0.2586 -0.1482
vn 0.9545 -0.2588 -0.1482
vn 0.9633 -0.2587 -0.0709
vn 0.9634 -0.2585 -0.0709
vn 0.9660 -0.2584 0.0068
vn 0.9660 -0.2586 0.0068
vn 0.9623 -0.2586 0.0846
vn 0.9523 -0.2586 0.1617
vn 0.9523 -0.2587 0.1617
vn 0.9362 -0.2587 0.2378
vn 0.9140 -0.2588 0.3124
vn 0.9140 -0.2587 0.3124
vn 0.9139 -0.2591 0.3124
vn 0.8859 -0.2591 0.3849
vn 0.8858 -0.2591 0.3849
vn 0.8860 -0.2586 0.3849
vn 0.8521 -0.2586 0.4550
vn 0.8520 -0.2590 0.4549
vn 0.8128 -0.2586 0.5221
vn 0.8128 -0.2585 0.5221
vn 0.7681 -0.2585 0.5858
vn 0.7681 -0.2586 0.5858
vn 0.7185 -0.2586 0.6457
vn 0.7185 -0.2587 0.6457
vn 0.6642 -0.2587 0.7014
vn 0.6643 -0.2584 0.7014
vn 0.6642 -0.2585 0.7014
vn 0.6642 -0.2584 0.7015
vn 0.6056 -0.2585 0.7526
vn 0.6055 -0.2588 0.7525
vn 0.6057 -0.2583 0.7526
vn 0.5431 -0.2586 0.7989
vn 0.5431 -0.2588 0.7988
vn 0.5430 -0.2588 0.7988
vn 0.5431 -0.2584 0.7989
vn 0.4771 -0.2587 0.8399
vn 0.4771 -0.2589 0.8399
vn 0.4770 -0.2586 0.8400
vn 0.4770 -0.2588 0.8400
vn 0.4079 -0.2583 0.8757
vn 0.4079 -0.2586 0.8756
vn 0.3361 -0.2586 0.9056
vn 0.3362 -0.2585 0.9056
vn 0.3362 -0.2583 0.9057
vn 0.2621 -0.2588 0.9297
vn 0.2621 -0.2585 0.9298
vn 0.2622 -0.2584 0.9298
vn 0.1865 -0.2584 0.9479
vn 0.1865 -0.2585 0.9478
vn 0.0000 0.0000 1.0000
vn 0.0008 0.0000 1.0000
vn 0.0010 0.0000 1.0000
vn 0.0003 -0.0000 1.0000
vn -0.0003 0.0000 1.0000
vn 1.0000 0.0000 0.0000
vn -1.0000 0.0000 0.0000
vn 0.0000 0.0000 -1.0000
vn 0.0000 1.0000 -0.0001
vn 0.0000 1.0000 0.0001
vn 0.0000 1.0000 0.0002
vn -0.9979 0.0000 -0.0655
vn -0.9808 -0.0028 -0.1950
vn -0.9659 -0.0057 -0.2588
vn -0.9239 0.0000 -0.3827
vn -0.7934 0.0000 -0.6088
vn -0.7071 -0.0057 -0.7071
vn -0.1305 0.0000 -0.9914
vn -0.2588 -0.0057 -0.9659
vn -0.3827 0.0000 -0.9239
vn -0.6088 0.0000 -0.7933
vn 0.0654 0.0000 -0.9979
vn 0.1951 -0.0028 -0.9808
vn 0.2588 -0.0057 -0.9659
vn 0.3827 0.0000 -0.9239
vn 0.6088 0.0000 -0.7933
vn 0.7071 -0.0057 -0.7071
vn 0.9914 0.0000 -0.1305
vn 0.9659 -0.0057 -0.2588
vn 0.9239 0.0000 -0.3827
vn 0.7934 0.0000 -0.6088
vn 0.9979 0.0000 0.0655
vn 0.9808 -0.0028 0.1950
vn 0.9659 -0.0057 0.2588
vn 0.9239 0.0000 0.3827
vn 0.7934 0.0000 0.6088
vn 0.7071 -0.0057 0.7071
vn 0.1305 0.0000 0.9914
vn 0.2588 -0.0057 0.9659
vn 0.3827 0.0000 0.9239
vn 0.6088 0.0000 0.7934
vn -0.0654 0.0000 0.9979
vn -0.1951 -0.0028 0.9808
vn -0.2588 -0.0057 0.9659
vn -0.3827 0.0000 0.9239
vn -0.6088 0.0000 0.7934
vn -0.7071 -0.0057 0.7071
vn -0.9914 0.0000 0.1305
vn -0.9659 -0.0057 0.2588
vn -0.9239 0.0000 0.3827
vn -0.7934 0.0000 0.6088
vn 0.2588 0.0000 -0.9659
vn 0.7071 0.0000 -0.7071
vn 0.9659 0.0000 -0.2588
vn 0.9659 0.0000 0.2588
vn 0.7071 0.0000 0.7071
vn 0.2588 0.0000 0.9659
vn -0.2588 0.0000 0.9659
vn -0.7071 0.0000 0.7071
vn -0.9659 0.0000 0.2588
vn -0.9659 0.0000 -0.2588
vn -0.7071 0.0000 -0.7071
vn -0.2588 0.0000 -0.9659
vn 0.1205 0.0000 0.9927
vn -0.1205 0.0000 0.9927
vn -0.4647 0.0000 0.8855
vn -0.8230 0.0000 0.5681
vn -0.9927 0.0000 0.1205
vn -0.9350 0.0000 -0.3546
vn -0.6631 0.0000 -0.7485
vn -0.2393 0.0000 -0.9709
vn 0.2393 0.0000 -0.9709
vn 0.6631 0.0000 -0.7485
vn 0.9350 0.0000 -0.3546
vn 0.9927 0.0000 0.1205
vn 0.8230 0.0000 0.5681
vn 0.4647 0.0000 0.8855
vn 0.9466 0.3064 0.1004
vn 0.8241 0.2331 0.5162
vn 0.9021 0.1376 0.4090
vn 0.9409 0.2169 0.2600
vn 0.9331 0.3145 0.1743
vn 0.9545 0.2607 0.1446
vn 0.9605 0.2598 0.0992
vn 0.9606 0.2597 0.0991
vn 0.9610 0.2586 0.0982
vn 0.9611 0.2584 0.0980
vn 0.9631 0.2620 0.0620
vn 0.9103 0.0499 0.4109
vn 0.8979 0.0865 0.4317
vn 0.9535 0.0686 0.2935
vn 0.9493 0.0807 0.3037
vn 0.9801 0.0757 0.1833
vn 0.9765 0.2154 0.0000
vn 1.0000 0.0005 0.0000
vn 1.0000 0.0012 0.0000
vn 0.9994 0.0213 0.0284
vn 0.9993 0.0369 0.0000
vn 0.9949 0.0818 0.0595
vn 0.9747 0.0910 0.2040
vn 0.9498 0.3108 -0.0355
vn 0.9156 0.1476 -0.3741
vn 0.9402 0.3398 -0.0239
vn 0.9466 0.2884 -0.1443
vn 0.9464 0.2883 -0.1455
vn 0.9470 0.2888 -0.1406
vn 0.9826 0.1649 -0.0859
vn 0.9795 0.1873 -0.0734
vn 0.9749 0.1993 -0.0993
vn 0.9712 0.2301 -0.0621
vn 0.9721 0.2229 -0.0734
vn 0.9712 0.2296 -0.0628
vn 0.9712 0.2303 -0.0619
vn 0.9996 0.0177 -0.0203
vn 0.9996 0.0214 -0.0194
vn 0.9996 0.0189 -0.0200
vn 0.9996 0.0221 -0.0193
vn 0.9977 0.0433 -0.0515
vn 0.9989 0.0388 -0.0254
vn 0.9949 0.0543 -0.0847
vn 0.9701 0.2389 -0.0427
vn 0.9562 0.2786 -0.0902
vn 0.9645 0.2415 -0.1068
vn 0.9472 0.2889 -0.1394
vn 0.9387 0.1872 -0.2894
vn 0.9970 0.0592 -0.0507
vn 0.9778 0.1135 -0.1761
vn 0.9847 0.0431 -0.1688
vn 0.9518 0.1325 -0.2765
vn 0.9457 0.0291 -0.3238
vn 0.9049 0.1414 -0.4015
vn 0.8694 0.0103 -0.4940
vn 0.9932 0.0555 0.1026
vn 0.9771 0.1516 0.1491
vn 0.9990 0.0404 0.0208
vn 0.9976 0.0402 0.0562
vn 0.9995 0.0206 0.0221
vn 0.9995 0.0235 0.0214
vn 0.9995 0.0230 0.0216
vn 0.9996 0.0196 0.0223
vn 0.9575 0.2808 0.0663
vn 0.9774 0.2099 0.0263
vn 0.9759 0.2087 0.0642
vn 0.9035 0.1264 0.4096
vn 0.9437 0.2035 0.2608
vn 0.8475 -0.0024 0.5308
vn 0.9114 0.1248 0.3922
vn 0.9272 0.0844 0.3648
vn 0.9688 0.0710 0.2375
vn 0.9682 0.0727 0.2392
vn 0.9662 0.0787 0.2456
vn 0.9866 0.0789 0.1427
vn 0.9656 0.0805 0.2474
vn 0.9666 0.2475 0.0666
vn 0.9622 0.2604 0.0799
vn 0.9582 0.2596 0.1199
vn 0.9446 0.2948 0.1440
vn 0.9483 0.3026 0.0960
vn 0.9458 0.3091 0.0996
vn 0.9468 0.3064 0.0981
vn 0.9453 0.3105 0.1003
vn -0.0355 0.3110 -0.9498
vn -0.3742 0.1476 -0.9155
vn -0.0239 0.3398 -0.9402
vn -0.1443 0.2884 -0.9466
vn -0.1455 0.2883 -0.9464
vn -0.1406 0.2888 -0.9470
vn -0.0854 0.1649 -0.9826
vn -0.0735 0.1874 -0.9795
vn -0.0993 0.1994 -0.9749
vn -0.0621 0.2300 -0.9712
vn -0.0734 0.2229 -0.9721
vn -0.0629 0.2297 -0.9712
vn -0.0619 0.2303 -0.9711
vn -0.0206 0.0177 -0.9996
vn -0.0202 0.0214 -0.9996
vn -0.0198 0.0190 -0.9996
vn -0.0193 0.0221 -0.9996
vn -0.0515 0.0433 -0.9977
vn -0.0254 0.0388 -0.9989
vn -0.0847 0.0543 -0.9949
vn -0.0427 0.2390 -0.9701
vn -0.0902 0.2786 -0.9562
vn -0.1068 0.2415 -0.9645
vn -0.1394 0.2889 -0.9472
vn -0.2894 0.1872 -0.9387
vn -0.0507 0.0592 -0.9970
vn -0.1761 0.1135 -0.9778
vn -0.1688 0.0431 -0.9847
vn -0.2765 0.1325 -0.9518
vn -0.3238 0.0291 -0.9457
vn -0.4015 0.1413 -0.9049
vn -0.4940 0.0103 -0.8694
vn 0.1026 0.0555 -0.9932
vn 0.1491 0.1517 -0.9771
vn 0.0209 0.0404 -0.9990
vn 0.0561 0.0402 -0.9976
vn 0.0219 0.0207 -0.9995
vn 0.0211 0.0235 -0.9995
vn 0.0215 0.0230 -0.9995
vn 0.0225 0.0196 -0.9996
vn 0.0663 0.2809 -0.9574
vn 0.0264 0.2100 -0.9773
vn 0.0642 0.2088 -0.9758
vn 0.4096 0.1264 -0.9035
vn 0.2608 0.2035 -0.9437
vn 0.5309 -0.0025 -0.8475
vn 0.3922 0.1248 -0.9114
vn 0.3648 0.0844 -0.9272
vn 0.2375 0.0711 -0.9688
vn 0.2392 0.0727 -0.9682
vn 0.2456 0.0787 -0.9662
vn 0.1427 0.0789 -0.9866
vn 0.2473 0.0805 -0.9656
vn 0.0666 0.2475 -0.9666
vn 0.0800 0.2604 -0.9622
vn 0.1199 0.2596 -0.9582
vn 0.1440 0.2948 -0.9446
vn 0.0960 0.3026 -0.9483
vn 0.0995 0.3092 -0.9458
vn 0.0981 0.3065 -0.9468
vn 0.1003 0.3105 -0.9453
vn -0.9498 0.3108 0.0355
vn -0.9156 0.1476 0.3741
vn -0.9402 0.3398 0.0239
vn -0.9466 0.2884 0.1443
vn -0.9464 0.2883 0.1455
vn -0.9470 0.2888 0.1406
vn -0.9826 0.1650 0.0859
vn -0.9795 0.1874 0.0735
vn -0.9749 0.1994 0.0993
vn -0.9712 0.2299 0.0620
vn -0.9721 0.2229 0.0734
vn -0.9713 0.2296 0.0628
vn -0.9712 0.2303 0.0618
vn -0.9996 0.0177 0.0203
vn -0.9996 0.0213 0.0194
vn -0.9996 0.0189 0.0200
vn -0.9996 0.0221 0.0193
vn -0.9977 0.0433 0.0515
vn -0.9989 0.0388 0.0254
vn -0.9949 0.0543 0.0847
vn -0.9701 0.2389 0.0427
vn -0.9562 0.2786 0.0902
vn -0.9645 0.2415 0.1068
vn -0.9472 0.2889 0.1394
vn -0.9387 0.1873 0.2894
vn -0.9970 0.0592 0.0507
vn -0.9778 0.1135 0.1761
vn -0.9847 0.0431 0.1688
vn -0.9518 0.1325 0.2765
vn -0.9457 0.0290 0.3238
vn -0.9049 0.1414 0.4015
vn -0.8694 0.0103 0.4939
vn -0.9466 0.3064 -0.1005
vn -0.8242 0.2331 -0.5162
vn -0.9021 0.1376 -0.4090
vn -0.9409 0.2169 -0.2600
vn -0.9331 0.3145 -0.1743
vn -0.9545 0.2607 -0.1446
vn -0.9605 0.2598 -0.0992
vn -0.9606 0.2597 -0.0991
vn -0.9610 0.2586 -0.0982
vn -0.9611 0.2584 -0.0980
vn -0.9631 0.2620 -0.0620
vn -0.9103 0.0499 -0.4109
vn -0.8979 0.0865 -0.4317
vn -0.9535 0.0686 -0.2935
vn -0.9493 0.0807 -0.3037
vn -0.9801 0.0757 -0.1833
vn -0.9765 0.2154 0.0000
vn -1.0000 -0.0001 0.0000
vn -1.0000 0.0005 -0.0000
vn -0.9994 0.0215 -0.0280
vn -0.9993 0.0369 0.0000
vn -0.9949 0.0818 -0.0595
vn -0.9747 0.0910 -0.2040
vn -0.9932 0.0555 -0.1026
vn -0.9771 0.1516 -0.1491
vn -0.9990 0.0404 -0.0208
vn -0.9976 0.0402 -0.0562
vn -0.9995 0.0206 -0.0221
vn -0.9995 0.0235 -0.0214
vn -0.9995 0.0228 -0.0216
vn -0.9996 0.0193 -0.0224
vn -0.9575 0.2808 -0.0663
vn -0.9774 0.2099 -0.0263
vn -0.9759 0.2087 -0.0642
vn -0.9035 0.1264 -0.4096
vn -0.9437 0.2035 -0.2608
vn -0.8475 -0.0024 -0.5308
vn -0.9114 0.1248 -0.3922
vn -0.9272 0.0844 -0.3648
vn -0.9688 0.0711 -0.2375
vn -0.9682 0.0727 -0.2392
vn -0.9662 0.0787 -0.2456
vn -0.9866 0.0789 -0.1427
vn -0.9656 0.0805 -0.2474
vn -0.9666 0.2475 -0.0666
vn -0.9622 0.2604 -0.0799
vn -0.9582 0.2596 -0.1199
vn -0.9446 0.2948 -0.1440
vn -0.9483 0.3026 -0.0960
vn -0.9458 0.3091 -0.0996
vn -0.9468 0.3064 -0.0981
vn -0.9453 0.3105 -0.1003
vn 0.0355 0.3108 0.9498
vn 0.3742 0.1476 0.9155
vn 0.0239 0.3398 0.9402
vn 0.1443 0.2884 0.9466
vn 0.1455 0.2883 0.9464
vn 0.1406 0.2888 0.9470
vn 0.0856 0.1649 0.9826
vn 0.0735 0.1874 0.9795
vn 0.0993 0.1994 0.9749
vn 0.0623 0.2303 0.9711
vn 0.0734 0.2229 0.9721
vn 0.0629 0.2297 0.9712
vn 0.0619 0.2303 0.9712
vn 0.0195 0.0177 0.9997
vn 0.0181 0.0209 0.9996
vn 0.0197 0.0190 0.9996
vn 0.0194 0.0221 0.9996
vn 0.0516 0.0433 0.9977
vn 0.0255 0.0388 0.9989
vn 0.0851 0.0543 0.9949
vn 0.0427 0.2389 0.9701
vn 0.0903 0.2786 0.9562
vn 0.1068 0.2415 0.9645
vn 0.1393 0.2889 0.9472
vn 0.2894 0.1873 0.9387
vn 0.0506 0.0592 0.9970
vn 0.1761 0.1135 0.9778
vn 0.1688 0.0431 0.9847
vn 0.2765 0.1325 0.9518
vn 0.3238 0.0291 0.9457
vn 0.4015 0.1413 0.9049
vn 0.4940 0.0103 0.8694
vn -0.1026 0.0555 0.9932
vn -0.1491 0.1516 0.9771
vn -0.0208 0.0403 0.9990
vn -0.0561 0.0402 0.9976
vn -0.0223 0.0207 0.9995
vn -0.0215 0.0235 0.9995
vn -0.0212 0.0228 0.9995
vn -0.0218 0.0196 0.9996
vn -0.0663 0.2809 0.9575
vn -0.0263 0.2100 0.9773
vn -0.0643 0.2088 0.9758
vn -0.4096 0.1264 0.9035
vn -0.2608 0.2035 0.9437
vn -0.5309 -0.0025 0.8474
vn -0.3922 0.1248 0.9114
vn -0.3648 0.0844 0.9272
vn -0.2375 0.0711 0.9688
vn -0.2392 0.0727 0.9683
vn -0.2456 0.0787 0.9662
vn -0.1428 0.0789 0.9866
vn -0.2473 0.0805 0.9656
vn -0.0665 0.2475 0.9666
vn -0.0800 0.2604 0.9622
vn -0.1199 0.2596 0.9582
vn -0.1440 0.2948 0.9446
vn -0.0960 0.3026 0.9483
vn -0.0995 0.3092 0.9458
vn -0.0987 0.3108 0.9453
vn -0.1003 0.3105 0.9453
vn 1.0000 0.0006 -0.0000
vn 0.9993 0.0374 -0.0001
vn 0.9993 0.0372 -0.0004
vn 0.9993 0.0373 -0.0002
vn 0.9818 0.1363 -0.1321
vn 0.9903 0.0389 -0.1332
vn 0.9156 0.1475 -0.3741
vn 0.9470 0.2887 -0.1406
vn 0.9607 0.2685 -0.0707
vn 0.9691 0.1053 -0.2232
vn 0.9653 0.2546 -0.0588
vn 0.9566 0.2779 -0.0877
vn 0.9649 0.2422 -0.1016
vn 0.9546 0.2715 -0.1227
vn 0.9613 0.2510 -0.1132
vn 0.9472 0.2889 -0.1393
vn 0.9820 0.0581 -0.1798
vn 0.9541 0.1305 -0.2695
vn 0.9505 0.0306 -0.3091
vn 0.9220 0.1139 -0.3700
vn 0.9399 0.0491 -0.3378
vn 0.9050 0.1413 -0.4012
vn 0.8694 0.0102 -0.4940
vn -0.9993 0.0374 0.0001
vn -0.9993 0.0372 0.0004
vn -0.9993 0.0373 0.0002
vn -0.9818 0.1363 0.1321
vn -0.9903 0.0389 0.1332
vn -0.9156 0.1475 0.3741
vn -0.8894 0.1327 0.4375
vn -0.9470 0.2887 0.1405
vn -0.9607 0.2685 0.0707
vn -0.9691 0.1052 0.2232
vn -0.9653 0.2546 0.0588
vn -0.9566 0.2779 0.0877
vn -0.9649 0.2422 0.1016
vn -0.9546 0.2715 0.1227
vn -0.9613 0.2510 0.1132
vn -0.9472 0.2889 0.1393
vn -0.9387 0.1872 0.2894
vn -0.9820 0.0581 0.1798
vn -0.9541 0.1305 0.2695
vn -0.9505 0.0306 0.3091
vn -0.9220 0.1139 0.3700
vn -0.9399 0.0491 0.3378
vn -0.9082 0.1343 0.3965
vn -0.8556 0.0018 0.5177
vn -0.9193 0.0452 0.3910
vn -0.9933 0.1157 0.0000
vn -0.9993 0.0374 0.0000
vn -0.9993 0.0375 0.0000
vn -0.9188 0.0560 -0.3908
vn -0.9200 0.0353 -0.3903
vn -0.9246 0.0341 0.3795
vn -0.9459 0.0073 -0.3243
vn -0.9998 -0.0184 0.0000
vn -0.9620 0.0031 0.2732
vn -0.9365 0.0120 0.3505
vn 0.9933 0.1157 0.0000
vn 0.9993 0.0374 0.0000
vn 0.9188 0.0560 0.3908
vn 0.9365 0.0120 -0.3505
vn 0.9246 0.0341 -0.3795
vn 0.9193 0.0452 -0.3910
vn 0.9200 0.0354 0.3903
vn 0.9459 0.0073 0.3243
vn 0.9998 -0.0184 0.0000
vn 0.9620 0.0031 -0.2732
vn -0.9363 0.3511 0.0000
vn -0.9364 0.3509 0.0000
vn -0.9364 0.3510 0.0000
vn -0.9363 0.3512 -0.0000
vn -0.0000 0.3512 -0.9363
vn 0.0000 0.3511 -0.9363
vn -0.0000 0.3511 0.9363
vn 0.0000 0.3510 0.9364
vn 0.9363 0.3511 0.0000
vn 0.9364 0.3509 -0.0000
vn 0.9363 0.3512 0.0000
vn -0.0529 0.7061 0.7061
vn -0.2096 0.7031 0.6795
vn -0.4006 0.7031 0.5875
vn -0.5559 0.7031 0.4433
vn -0.6619 0.7031 0.2598
vn -0.7091 0.7031 0.0531
vn -0.6932 0.7031 -0.1582
vn -0.6158 0.7031 -0.3555
vn -0.4836 0.7031 -0.5212
vn -0.4836 0.7031 -0.5213
vn -0.3085 0.7031 -0.6406
vn -0.3085 0.7031 -0.6407
vn -0.1060 0.7031 -0.7031
vn 0.1060 0.7031 -0.7031
vn 0.3085 0.7031 -0.6406
vn 0.4836 0.7031 -0.5212
vn 0.4837 0.7031 -0.5212
vn 0.6158 0.7031 -0.3555
vn 0.6932 0.7031 -0.1582
vn 0.7091 0.7031 0.0531
vn 0.6619 0.7031 0.2598
vn 0.5559 0.7031 0.4433
vn 0.4006 0.7031 0.5875
vn 0.2096 0.7031 0.6795
vn 0.0529 0.7061 0.7061
vn 0.0000 0.6648 0.7470
vn 0.9364 0.3510 -0.0000
vn 0.2589 0.0000 0.9659
vn 0.2589 0.0000 -0.9659
vn -0.2589 0.0000 -0.9659
vn -0.2589 0.0000 0.9659
vn 0.3665 0.0532 0.9289
vn -0.9986 0.0507 -0.0174
vn -0.9964 0.0168 0.0836
vn -0.9289 0.0536 -0.3665
vn -0.9383 0.0280 -0.3446
vn -0.9638 0.0060 -0.2667
vn -0.9874 -0.0016 -0.1580
vn -0.9973 0.0025 -0.0738
vn 0.3391 0.0224 0.9405
vn -0.2360 0.0000 0.9718
vn -0.1427 0.0045 0.9898
vn -0.1188 0.0028 0.9929
vn -0.0397 0.0000 0.9992
vn 0.0157 0.0502 0.9986
vn 0.0447 0.0596 0.9972
vn -0.0836 0.0105 0.9964
vn 0.1281 -0.0003 0.9918
vn 0.2282 0.0008 0.9736
vn -0.4210 0.0000 0.9071
vn -0.5239 0.0082 0.8517
vn -0.6198 0.0000 0.7848
vn -0.7848 0.0000 0.6198
vn -0.8517 0.0082 0.5239
vn -0.9071 0.0000 0.4210
vn -0.9874 0.0000 0.1581
vn 0.9289 0.0533 -0.3665
vn -0.0174 0.0507 0.9986
vn 0.0836 0.0168 0.9964
vn -0.3665 0.0535 0.9289
vn -0.3446 0.0280 0.9383
vn -0.2668 0.0060 0.9637
vn -0.1580 -0.0016 0.9874
vn -0.0737 0.0025 0.9973
vn 0.9405 0.0224 -0.3391
vn 0.9718 0.0000 0.2360
vn 0.9898 0.0045 0.1427
vn 0.9929 0.0028 0.1188
vn 0.9992 0.0000 0.0397
vn 0.9986 0.0502 -0.0157
vn 0.9972 0.0596 -0.0443
vn 0.9964 0.0105 0.0836
vn 0.9918 -0.0003 -0.1281
vn 0.9736 0.0008 -0.2282
vn 0.9071 0.0000 0.4210
vn 0.8517 0.0082 0.5239
vn 0.7848 0.0000 0.6198
vn 0.6198 0.0000 0.7848
vn 0.5239 0.0082 0.8517
vn 0.4210 0.0000 0.9071
vn 0.1581 0.0000 0.9874
vn -0.3665 0.0533 -0.9289
vn 0.9986 0.0507 0.0174
vn 0.9964 0.0168 -0.0836
vn 0.9289 0.0536 0.3665
vn 0.9383 0.0280 0.3446
vn 0.9638 0.0060 0.2667
vn 0.9874 -0.0016 0.1580
vn 0.9973 0.0025 0.0738
vn -0.3391 0.0224 -0.9405
vn 0.2360 0.0000 -0.9718
vn 0.1428 0.0045 -0.9897
vn 0.1189 0.0028 -0.9929
vn 0.0397 0.0000 -0.9992
vn -0.0154 0.0502 -0.9986
vn -0.0443 0.0596 -0.9972
vn 0.0836 0.0105 -0.9964
vn -0.1281 -0.0003 -0.9918
vn -0.2283 0.0008 -0.9736
vn 0.4210 0.0000 -0.9071
vn 0.5239 0.0082 -0.8517
vn 0.6198 0.0000 -0.7848
vn 0.7848 0.0000 -0.6198
vn 0.8517 0.0082 -0.5240
vn 0.9071 0.0000 -0.4210
vn 0.9874 0.0000 -0.1581
vn -0.9289 0.0533 0.3665
vn 0.0176 0.0508 -0.9986
vn -0.0836 0.0167 -0.9964
vn 0.3665 0.0535 -0.9289
vn 0.3446 0.0280 -0.9383
vn 0.2667 0.0060 -0.9638
vn 0.1580 -0.0017 -0.9874
vn 0.0738 0.0024 -0.9973
vn -0.9405 0.0224 0.3391
vn -0.9718 0.0000 -0.2360
vn -0.9898 0.0045 -0.1427
vn -0.9929 0.0028 -0.1188
vn -0.9992 0.0000 -0.0397
vn -0.9986 0.0502 0.0157
vn -0.9972 0.0596 0.0443
vn -0.9964 0.0105 -0.0836
vn -0.9918 -0.0003 0.1281
vn -0.9736 0.0008 0.2282
vn -0.9071 0.0000 -0.4210
vn -0.8523 0.0081 -0.5229
vn -0.7848 -0.0001 -0.6198
vn -0.7130 -0.0000 -0.7012
vn -0.6198 0.0000 -0.7848
vn -0.5239 0.0082 -0.8517
vn -0.4210 0.0000 -0.9071
vn -0.1582 0.0000 -0.9874
vn 0.0005 -0.0000 -1.0000
vn 0.0003 0.0000 -1.0000
vn -0.0012 -0.0000 -1.0000
vn -0.0016 -0.0000 -1.0000
vn -0.9795 0.0000 0.2017
vn -0.9794 0.0000 0.2017
vn -0.9996 0.0000 0.0286
vn -0.3417 0.0000 0.9398
vn -0.3421 0.0000 0.9397
vn 0.7473 0.0000 0.6645
vn 0.6206 0.0000 0.7841
vn -0.5000 0.0000 0.8660
vn -0.9894 0.0000 -0.1454
vn -0.9491 0.0000 -0.3151
vn -0.6428 0.0000 0.7661
vn 0.4751 0.0000 0.8799
vn 0.3150 0.0000 0.9491
vn -0.7661 0.0000 0.6428
vn -0.8800 0.0000 -0.4750
vn -0.7841 0.0000 -0.6206
vn -0.8660 0.0000 0.5000
vn 0.1450 0.0000 0.9894
vn 0.1454 0.0000 0.9894
vn 0.1455 0.0000 0.9894
vn -0.0286 0.0000 0.9996
vn -0.9397 0.0000 0.3420
vn -0.6644 0.0000 -0.7474
vn -0.5245 0.0000 -0.8514
vn -0.9848 0.0000 0.1737
vn -0.2017 0.0000 0.9794
vn -0.3684 0.0000 0.9297
vn -0.3690 -0.0000 0.9294
vn -0.3687 0.0000 0.9295
vn -0.3684 -0.0000 -0.9297
vn -0.3690 -0.0000 -0.9294
vn -0.3687 0.0000 -0.9295
vn -0.2017 0.0000 -0.9794
vn -0.9848 0.0000 -0.1737
vn -0.5246 0.0000 0.8513
vn -0.6644 0.0000 0.7474
vn -0.9397 0.0000 -0.3420
vn -0.0286 0.0000 -0.9996
vn 0.1450 0.0000 -0.9894
vn 0.1455 0.0000 -0.9894
vn 0.1451 0.0000 -0.9894
vn -0.8660 0.0000 -0.5000
vn -0.7841 0.0000 0.6206
vn -0.8800 0.0000 0.4751
vn -0.8800 0.0000 0.4750
vn -0.7661 0.0000 -0.6428
vn 0.3150 0.0000 -0.9491
vn 0.4751 0.0000 -0.8799
vn -0.6428 0.0000 -0.7660
vn -0.9491 0.0000 0.3151
vn -0.9894 0.0000 0.1454
vn -0.5000 0.0000 -0.8660
vn 0.6206 0.0000 -0.7841
vn 0.7473 0.0000 -0.6645
vn -0.3420 0.0000 -0.9397
vn -0.9996 0.0000 -0.0286
vn -0.9795 0.0000 -0.2017
vn -0.1736 0.0000 -0.9848
vn -0.1737 0.0000 -0.9848
vn 0.8514 0.0000 -0.5245
vn 0.9295 0.0000 -0.3687
vn -0.9295 0.0000 -0.3687
vn -0.8514 0.0000 -0.5245
vn 0.1737 0.0000 -0.9848
vn 0.1736 0.0000 -0.9848
vn 0.9795 0.0000 -0.2017
vn 0.9996 0.0000 -0.0286
vn 0.3420 0.0000 -0.9397
vn -0.7473 0.0000 -0.6645
vn -0.6206 0.0000 -0.7841
vn 0.5000 0.0000 -0.8660
vn 0.9894 0.0000 0.1454
vn 0.9491 0.0000 0.3151
vn 0.6428 0.0000 -0.7660
vn -0.4751 0.0000 -0.8799
vn -0.3150 0.0000 -0.9491
vn 0.7661 0.0000 -0.6428
vn 0.8800 0.0000 0.4751
vn 0.8800 0.0000 0.4750
vn 0.7841 0.0000 0.6206
vn 0.8660 0.0000 -0.5000
vn -0.1450 0.0000 -0.9894
vn -0.1451 -0.0000 -0.9894
vn -0.1455 0.0000 -0.9894
vn 0.0286 0.0000 -0.9996
vn 0.9397 0.0000 -0.3420
vn 0.6644 0.0000 0.7474
vn 0.5246 0.0000 0.8513
vn 0.9848 0.0000 -0.1737
vn 0.2017 0.0000 -0.9794
vn 0.3684 0.0000 -0.9297
vn 0.3690 -0.0000 -0.9294
vn 0.3687 0.0000 -0.9295
vn 0.3684 -0.0000 0.9297
vn 0.3690 -0.0000 0.9294
vn 0.3687 0.0000 0.9295
vn 0.2017 0.0000 0.9794
vn 0.9848 0.0000 0.1737
vn 0.5245 0.0000 -0.8514
vn 0.6644 0.0000 -0.7474
vn 0.9397 0.0000 0.3420
vn 0.0286 0.0000 0.9996
vn -0.1450 0.0000 0.9894
vn -0.1455 0.0000 0.9894
vn -0.1454 0.0000 0.9894
vn 0.8660 0.0000 0.5000
vn 0.7841 0.0000 -0.6206
vn 0.8800 0.0000 -0.4750
vn 0.7661 0.0000 0.6428
vn -0.3150 0.0000 0.9491
vn -0.4751 0.0000 0.8799
vn 0.6428 0.0000 0.7661
vn 0.9491 0.0000 -0.3151
vn 0.9894 0.0000 -0.1454
vn 0.5000 0.0000 0.8660
vn -0.6206 0.0000 0.7841
vn -0.7473 0.0000 0.6645
vn 0.3421 0.0000 0.9397
vn 0.3416 -0.0000 0.9398
vn 0.9996 0.0000 0.0286
vn 0.9795 0.0000 0.2017
vn 0.9794 0.0000 0.2017
vn 0.1736 0.0000 0.9848
vn 0.1737 0.0000 0.9848
vn -0.8514 0.0000 0.5246
vn -0.9295 0.0000 0.3687
vn 0.9295 0.0000 0.3687
vn 0.8514 0.0000 0.5246
vn -0.1737 0.0000 0.9848
vn -0.1736 0.0000 0.9848
vn 0.0529 -0.7061 -0.7061
vn -0.0529 -0.7061 -0.7061
vn -0.2096 -0.7031 -0.6795
vn -0.4006 -0.7031 -0.5875
vn -0.5559 -0.7031 -0.4433
vn -0.6619 -0.7031 -0.2598
vn -0.7091 -0.7031 -0.0531
vn -0.6932 -0.7031 0.1582
vn -0.6158 -0.7031 0.3555
vn -0.4836 -0.7031 0.5212
vn -0.4836 -0.7031 0.5213
vn -0.3085 -0.7031 0.6406
vn -0.3085 -0.7031 0.6407
vn -0.1060 -0.7031 0.7031
vn 0.1060 -0.7031 0.7031
vn 0.3085 -0.7031 0.6406
vn 0.4836 -0.7031 0.5212
vn 0.4837 -0.7031 0.5212
vn 0.6158 -0.7031 0.3555
vn 0.6932 -0.7031 0.1582
vn 0.7091 -0.7031 -0.0531
vn 0.6619 -0.7031 -0.2598
vn 0.5559 -0.7031 -0.4433
vn 0.4006 -0.7031 -0.5875
vn 0.2096 -0.7031 -0.6795
vn 0.9466 -0.3063 -0.1006
vn 0.8187 -0.2419 -0.5207
vn 0.8957 -0.1399 -0.4221
vn 0.9408 -0.2072 -0.2683
vn 0.9331 -0.3145 -0.1743
vn 0.9545 -0.2607 -0.1446
vn 0.9605 -0.2598 -0.0992
vn 0.9606 -0.2596 -0.0990
vn 0.9610 -0.2585 -0.0981
vn 0.9611 -0.2584 -0.0980
vn 0.9631 -0.2620 -0.0620
vn 0.9103 -0.0499 -0.4109
vn 0.8979 -0.0865 -0.4317
vn 0.9535 -0.0686 -0.2935
vn 0.9493 -0.0807 -0.3037
vn 0.9801 -0.0757 -0.1833
vn 0.9933 -0.1157 0.0000
vn 0.9993 -0.0373 0.0002
vn 0.9993 -0.0374 0.0000
vn 0.9993 -0.0374 0.0001
vn 1.0000 -0.0005 -0.0000
vn 0.9188 -0.0560 -0.3908
vn 0.9365 -0.0120 0.3505
vn 0.9246 -0.0340 0.3794
vn 0.9193 -0.0452 0.3910
vn 0.9200 -0.0353 -0.3903
vn 0.9459 -0.0073 -0.3243
vn 0.9998 0.0184 0.0000
vn 0.9620 -0.0031 0.2732
vn 0.9155 -0.1474 0.3744
vn 0.9392 -0.3430 0.0171
vn 0.9471 -0.2918 0.1340
vn 0.9472 -0.2920 0.1323
vn 0.9465 -0.2912 0.1390
vn 0.9607 -0.2685 0.0707
vn 0.9691 -0.1052 0.2232
vn 0.9653 -0.2546 0.0588
vn 0.9566 -0.2779 0.0877
vn 0.9649 -0.2422 0.1016
vn 0.9546 -0.2715 0.1227
vn 0.9613 -0.2510 0.1132
vn 0.9463 -0.2910 0.1407
vn 0.9400 -0.1899 0.2833
vn 0.9820 -0.0581 0.1798
vn 0.9541 -0.1305 0.2695
vn 0.9505 -0.0307 0.3091
vn 0.9220 -0.1139 0.3700
vn 0.9399 -0.0491 0.3378
vn 0.9050 -0.1413 0.4012
vn 0.8693 -0.0102 0.4941
vn -0.9466 -0.3063 0.1006
vn -0.8187 -0.2419 0.5208
vn -0.8957 -0.1399 0.4221
vn -0.9408 -0.2072 0.2683
vn -0.9331 -0.3145 0.1743
vn -0.9545 -0.2607 0.1446
vn -0.9605 -0.2598 0.0992
vn -0.9606 -0.2597 0.0991
vn -0.9610 -0.2585 0.0981
vn -0.9611 -0.2584 0.0980
vn -0.9631 -0.2620 0.0620
vn -0.9103 -0.0499 0.4109
vn -0.8979 -0.0864 0.4317
vn -0.9535 -0.0686 0.2935
vn -0.9493 -0.0807 0.3037
vn -0.9801 -0.0757 0.1833
vn -0.9998 0.0184 0.0000
vn -0.9193 -0.0453 -0.3910
vn -0.9620 -0.0031 -0.2732
vn -0.9365 -0.0120 -0.3505
vn -0.9246 -0.0340 -0.3794
vn -0.9933 -0.1157 0.0000
vn -0.9993 -0.0373 -0.0002
vn -0.9993 -0.0374 0.0000
vn -0.9993 -0.0374 -0.0001
vn -1.0000 -0.0005 0.0000
vn -0.9188 -0.0560 0.3908
vn -0.9459 -0.0073 0.3243
vn -0.9200 -0.0353 0.3903
vn -0.9155 -0.1474 -0.3744
vn -0.9392 -0.3430 -0.0171
vn -0.9471 -0.2918 -0.1340
vn -0.9472 -0.2920 -0.1323
vn -0.9465 -0.2912 -0.1390
vn -0.9607 -0.2685 -0.0707
vn -0.9691 -0.1052 -0.2232
vn -0.9653 -0.2546 -0.0588
vn -0.9566 -0.2779 -0.0877
vn -0.9649 -0.2422 -0.1016
vn -0.9546 -0.2716 -0.1227
vn -0.9613 -0.2510 -0.1132
vn -0.9463 -0.2910 -0.1407
vn -0.9400 -0.1899 -0.2833
vn -0.9820 -0.0581 -0.1798
vn -0.9541 -0.1305 -0.2695
vn -0.9505 -0.0306 -0.3091
vn -0.9220 -0.1139 -0.3700
vn -0.9399 -0.0491 -0.3378
vn -0.9050 -0.1413 -0.4012
vn -0.8693 -0.0102 -0.4941
vn 0.7448 -0.0475 -0.6656
vn 0.6733 0.0000 -0.7394
vn 0.5054 0.0000 -0.8629
vn 0.4112 -0.0204 -0.9113
vn 0.3126 0.0000 -0.9499
vn -0.1390 -0.0459 -0.9892
vn -0.0495 -0.0246 -0.9985
vn 0.0518 -0.0086 -0.9986
vn 0.1583 0.0000 -0.9874
vn -0.7448 -0.0475 -0.6656
vn -0.6733 0.0000 -0.7394
vn -0.4113 0.0000 -0.9115
vn -0.4671 -0.0323 -0.8836
vn -0.3126 0.0000 -0.9499
vn 0.6118 0.0000 -0.7910
vn 0.9241 -0.1016 -0.3684
vn 0.8956 0.0000 -0.4448
vn 0.6971 0.0000 -0.7170
vn 0.5852 -0.0583 -0.8088
vn 0.1430 -0.7459 -0.6506
vn 0.2503 -0.2200 -0.9428
vn 0.3188 0.0000 -0.9478
vn 0.2238 0.0000 0.9746
vn 0.6266 0.0000 0.7793
vn 0.6267 0.0000 0.7793
vn 0.9039 0.0000 0.4278
vn 1.0000 0.0000 -0.0094
vn -0.1430 -0.7459 -0.6506
vn -0.2503 -0.2200 -0.9428
vn -0.8956 0.0000 -0.4448
vn -0.6971 0.0000 -0.7170
vn -0.6112 -0.0455 -0.7902
vn -0.5188 0.0000 -0.8549
vn -0.3188 0.0000 -0.9478
vn -0.2238 0.0000 0.9746
vn -0.6266 0.0000 0.7793
vn -0.6267 0.0000 0.7793
vn -0.9039 0.0000 0.4278
vn -1.0000 0.0000 -0.0094
vn -0.9241 -0.1016 -0.3684
vn -0.1726 -0.7453 0.6440
vn -0.3013 -0.2202 0.9278
vn -0.6779 -0.0564 0.7330
vn 0.1430 -0.7458 0.6506
vn 0.2503 -0.2200 0.9428
vn 0.8956 0.0000 0.4448
vn 0.6970 0.0000 0.7170
vn 0.6112 -0.0455 0.7902
vn 0.5189 0.0000 0.8549
vn 0.3188 0.0000 0.9478
vn 0.2238 0.0000 -0.9746
vn 0.6266 0.0000 -0.7793
vn 0.9039 0.0000 -0.4278
vn 1.0000 0.0000 0.0094
vn 0.9241 -0.1016 0.3684
vn 0.9363 -0.3511 0.0000
vn 0.9765 -0.2154 0.0000
vn 0.9994 -0.0213 -0.0284
vn 0.9993 -0.0369 0.0000
vn 0.9949 -0.0818 -0.0595
vn 0.9747 -0.0910 -0.2040
vn 0.9993 -0.0372 0.0004
vn 0.9818 -0.1363 0.1321
vn 0.9903 -0.0389 0.1332
vn 0.9364 -0.3510 0.0000
vn 0.9364 -0.3509 -0.0000
vn 0.9363 -0.3512 0.0000
vn 0.0000 -0.3507 0.9365
vn 0.0000 -0.3508 0.9365
vn 0.0000 -0.3512 0.9363
vn 0.0000 -0.3511 0.9363
vn -0.9363 -0.3511 -0.0000
vn -0.9765 -0.2154 0.0000
vn -0.9994 -0.0213 0.0284
vn -0.9993 -0.0369 0.0000
vn -0.9949 -0.0818 0.0595
vn -0.9747 -0.0910 0.2040
vn -0.9993 -0.0372 -0.0004
vn -0.9818 -0.1363 -0.1321
vn -0.9903 -0.0389 -0.1332
vn -0.9364 -0.3510 -0.0000
vn -0.9364 -0.3509 0.0000
vn -0.9363 -0.3512 -0.0000
vn 0.0000 -0.3513 -0.9363
vn 0.0000 -0.3511 -0.9363
vn 0.0001 -0.3509 -0.9364
vn 0.0000 -0.3509 -0.9364
vn 0.0000 -0.3508 -0.9364
vn -0.0000 -0.3512 -0.9363
vn -0.0000 -0.3508 -0.9365
vn 0.0000 -0.3510 -0.9364
vn -0.9994 0.0000 0.0349
vn 0.0000 -0.9994 0.0349
vn 0.9994 0.0000 0.0349
vn 0.0000 0.9994 0.0349
vn 0.9877 0.0000 0.1564
vn 0.8910 0.0000 0.4540
vn 0.4540 0.0000 0.8910
vn 0.1564 0.0000 0.9877
vn -0.1564 0.0000 0.9877
vn -0.4540 0.0000 0.8910
vn -0.8910 0.0000 0.4540
vn -0.9877 0.0000 0.1564
vn 0.1564 0.9877 0.0000
vn 0.4540 0.8910 0.0000
vn 0.7071 0.7071 0.0000
vn 0.8910 0.4540 0.0000
vn 0.9877 0.1564 0.0000
vn 0.9877 -0.1564 0.0000
vn 0.8910 -0.4540 0.0000
vn 0.7071 -0.7071 0.0000
vn 0.4540 -0.8910 0.0000
vn 0.1564 -0.9877 0.0000
vn -0.1564 -0.9877 0.0000
vn -0.4540 -0.8910 0.0000
vn -0.7071 -0.7071 0.0000
vn -0.8910 -0.4540 0.0000
vn -0.9877 -0.1564 0.0000
vn -0.9877 0.1564 0.0000
vn -0.8910 0.4540 0.0000
vn -0.7071 0.7071 0.0000
vn -0.4540 0.8910 0.0000
vn -0.1564 0.9877 0.0000
vn 0.2588 0.9659 0.0000
vn 0.2589 0.9659 0.0000
vn 0.9659 0.2588 0.0000
vn 0.9659 -0.2588 0.0000
vn 0.2588 -0.9659 0.0000
vn -0.2588 -0.9659 0.0000
vn -0.9659 -0.2588 0.0000
vn -0.9659 0.2588 0.0000
vn -0.2589 0.9659 0.0000
vn 0.2589 -0.9659 0.0000
vn -0.2589 -0.9659 0.0000
vn -0.2588 0.9659 0.0000
vn 0.0000 -0.2588 0.9659
vn 0.0000 -0.9659 0.2588
vn 0.0000 -0.7071 0.7071
vn 0.0000 0.9659 0.2588
vn 0.0000 0.2588 0.9659
vn 0.0000 0.7071 0.7071
vn 0.0000 0.2588 -0.9659
vn 0.0000 0.9659 -0.2589
vn 0.0000 0.7071 -0.7071
vn 0.0000 -0.2588 -0.9659
vn 0.0000 -0.9659 -0.2589
vn 0.0000 -0.7071 -0.7071
vn 0.5736 0.0000 -0.8192
vn -0.0871 0.0000 -0.9962
vn -0.0875 0.0000 -0.9962
vn -0.4226 0.0000 -0.9063
vn -0.4227 0.0000 -0.9063
vn -0.9063 0.0000 -0.4227
vn -0.9063 0.0000 -0.4226
vn -0.9962 0.0000 -0.0872
vn -0.8191 0.0000 0.5736
vn -0.5736 0.0000 0.8191
vn 0.0871 0.0000 0.9962
vn 0.4226 0.0000 0.9063
vn 0.9063 0.0000 0.4227
vn 0.9962 0.0000 0.0872
vn 0.8191 0.0000 -0.5736
vn -0.5174 0.0000 0.8558
vn -0.0604 0.0000 0.9982
vn 0.4104 0.0000 0.9119
vn 0.7872 0.0000 0.6167
vn 0.9836 0.0000 0.1803
vn 0.9547 0.0000 -0.2975
vn 0.2975 0.0000 -0.9547
vn -0.1803 0.0000 -0.9836
vn -0.6168 0.0000 -0.7872
vn -0.6167 0.0000 -0.7872
vn -0.9119 0.0000 -0.4104
vn -0.9119 0.0000 -0.4105
vn -0.9982 0.0000 0.0604
vn -0.8558 0.0000 0.5173
vn -0.7350 0.0000 0.6781
vn -0.6781 0.0000 0.7350
vn -0.5845 0.0000 0.8114
vn -0.4468 0.0000 0.8946
vn -0.2975 0.0000 0.9547
vn -0.1405 0.0000 0.9901
vn 0.0201 0.0000 0.9998
vn 0.1803 0.0000 0.9836
vn 0.3357 0.0000 0.9420
vn 0.4825 0.0000 0.8759
vn 0.6167 0.0000 0.7872
vn 0.7350 0.0000 0.6781
vn 0.8343 0.0000 0.5514
vn 0.9119 0.0000 0.4104
vn 0.9949 0.0000 0.1005
vn 0.9982 0.0000 -0.0604
vn 0.9756 0.0000 -0.2197
vn 0.9277 0.0000 -0.3734
vn 0.8558 0.0000 -0.5173
vn 0.7617 0.0000 -0.6479
vn 0.6479 0.0000 -0.7617
vn 0.5173 0.0000 -0.8558
vn 0.3734 0.0000 -0.9277
vn 0.2197 0.0000 -0.9756
vn 0.0604 0.0000 -0.9982
vn -0.1005 0.0000 -0.9949
vn -0.4104 0.0000 -0.9119
vn -0.5514 0.0000 -0.8343
vn -0.6781 0.0000 -0.7350
vn -0.7872 0.0000 -0.6167
vn -0.8759 0.0000 -0.4825
vn -0.9420 0.0000 -0.3357
vn -0.9836 0.0000 -0.1803
vn -0.9998 0.0000 -0.0201
vn -0.9901 0.0000 0.1405
vn -0.9547 0.0000 0.2975
vn -0.8946 0.0000 0.4468
vn -0.8114 0.0000 0.5845
vn -0.7501 0.0000 0.6613
vn -0.6613 0.0000 0.7501
vn -0.5090 0.0000 0.8607
vn -0.5091 0.0000 0.8607
vn -0.2790 0.0000 0.9603
vn -0.0314 0.0000 0.9995
vn 0.2182 0.0000 0.9759
vn 0.6613 0.0000 0.7501
vn 0.8271 0.0000 0.5621
vn 0.9409 0.0000 0.3387
vn 0.9956 0.0000 0.0941
vn 0.9877 0.0000 -0.1564
vn 0.9177 0.0000 -0.3972
vn 0.7902 0.0000 -0.6129
vn 0.6129 0.0000 -0.7901
vn 0.6129 0.0000 -0.7902
vn 0.3971 0.0000 -0.9178
vn 0.1564 0.0000 -0.9877
vn -0.0941 0.0000 -0.9956
vn -0.3387 0.0000 -0.9409
vn -0.5621 0.0000 -0.8271
vn -0.7501 0.0000 -0.6613
vn -0.8910 0.0000 -0.4540
vn -0.9759 0.0000 -0.2181
vn -0.9995 0.0000 0.0314
vn -0.9603 0.0000 0.2790
vn -0.8607 0.0000 0.5090
vn 0.9063 0.0000 0.4226
vn 0.8192 0.0000 0.5736
vn 0.8191 0.0000 0.5736
vn -0.5738 0.0000 -0.8190
vn -0.5735 0.0000 -0.8192
vn -0.5736 0.0000 -0.8192
vn 0.7072 0.0000 0.7071
vn 0.7072 0.0000 0.7070
vn 0.5736 0.0000 0.8192
vn 0.5739 -0.0000 0.8190
vn 0.9063 0.0000 -0.4226
vn 0.2587 0.0000 0.9659
vn 0.0872 0.0000 -0.9962
vn 0.0871 0.0000 -0.9962
vn 0.9962 0.0000 -0.0872
vn -0.0871 0.0000 0.9962
vn 0.4227 0.0000 -0.9063
vn 0.4226 0.0000 -0.9063
vn 0.5735 0.0000 -0.8192
vn -0.4229 0.0000 0.9062
vn -0.4226 0.0000 0.9063
vn -0.4221 -0.0000 0.9065
vn -0.5735 0.0000 0.8192
vn -0.9063 0.0000 0.4226
vn 0.9962 0.0000 0.0871
vn -0.9962 0.0000 0.0871
vn 0.9659 0.0000 0.2589
vn 0.9062 0.0000 0.4229
vn -0.0872 0.0000 0.9962
vn -0.9962 0.0000 -0.0871
vn 0.8192 0.0000 0.5735
vn -0.4227 0.0000 0.9063
vn -0.8192 0.0000 -0.5736
vn 0.5739 0.0000 0.8189
vn 0.5736 0.0000 0.8191
vn 0.0875 0.0000 0.9962
vn -0.9962 0.0000 0.0872
vn -0.0868 0.0000 -0.9962
vn -0.5736 0.0000 0.8192
vn 0.4223 -0.0000 -0.9064
vn 0.4222 -0.0000 -0.9065
vn -0.8191 0.0000 0.5737
vn -0.8193 0.0000 0.5734
vn -0.8194 -0.0000 0.5732
vn -0.8191 0.0000 -0.5736
vn 0.5738 -0.0000 -0.8190
vn 0.8191 0.0000 -0.5737
vn 0.9962 0.0000 -0.0871
vn -0.9659 0.0000 -0.2589
vn 0.9659 0.0000 0.2587
vn -0.8192 0.0000 -0.5735
vn 0.1871 0.6911 -0.6981
vn 0.1851 0.6991 -0.6906
vn 0.1849 0.6999 -0.6899
vn 0.1853 0.6991 -0.6906
vn 0.4097 0.6999 -0.5851
vn 0.4100 0.6994 -0.5855
vn 0.4148 0.6904 -0.5927
vn 0.4146 0.6911 -0.5921
vn 0.4145 0.6911 -0.5920
vn -0.0630 0.6910 -0.7201
vn -0.0630 0.6911 -0.7200
vn -0.0623 0.6991 -0.7123
vn -0.0622 0.6999 -0.7115
vn -0.0624 0.6991 -0.7123
vn -0.3055 0.6911 -0.6551
vn -0.3021 0.6991 -0.6481
vn -0.3019 0.6999 -0.6473
vn -0.3022 0.6991 -0.6480
vn -0.5050 0.6999 -0.5050
vn -0.5050 0.6999 -0.5051
vn -0.5054 0.6994 -0.5054
vn -0.5116 0.6904 -0.5115
vn -0.5111 0.6911 -0.5111
vn -0.6473 0.6999 -0.3019
vn -0.6477 0.6994 -0.3021
vn -0.6556 0.6904 -0.3058
vn -0.6551 0.6911 -0.3054
vn -0.6551 0.6911 -0.3055
vn -0.7200 0.6911 -0.0630
vn -0.7123 0.6992 -0.0623
vn -0.7116 0.6999 -0.0623
vn -0.7115 0.6999 -0.0623
vn -0.7122 0.6992 -0.0623
vn -0.6899 0.6999 0.1849
vn -0.6899 0.6999 0.1848
vn -0.6904 0.6994 0.1850
vn -0.6987 0.6904 0.1872
vn -0.6982 0.6911 0.1871
vn -0.6981 0.6911 0.1871
vn -0.5850 0.6999 0.4097
vn -0.5851 0.6999 0.4097
vn -0.5854 0.6994 0.4100
vn -0.5927 0.6904 0.4148
vn -0.5921 0.6911 0.4146
vn -0.4146 0.6911 0.5921
vn -0.4100 0.6991 0.5858
vn -0.4097 0.6998 0.5851
vn -0.4097 0.6999 0.5851
vn -0.4101 0.6992 0.5857
vn -0.1871 0.6911 0.6981
vn -0.1871 0.6911 0.6982
vn -0.1851 0.6991 0.6906
vn -0.1848 0.6999 0.6899
vn -0.1849 0.6999 0.6899
vn -0.1852 0.6992 0.6906
vn 0.0623 0.6998 0.7116
vn 0.0623 0.6999 0.7116
vn 0.0624 0.6994 0.7120
vn 0.0632 0.6904 0.7207
vn 0.0630 0.6911 0.7200
vn 0.3055 0.6911 0.6551
vn 0.3022 0.6991 0.6480
vn 0.3018 0.6999 0.6473
vn 0.5111 0.6911 0.5111
vn 0.5056 0.6991 0.5055
vn 0.5051 0.6999 0.5051
vn 0.5055 0.6991 0.5056
vn 0.6550 0.6911 0.3055
vn 0.6480 0.6992 0.3021
vn 0.6473 0.6999 0.3019
vn 0.6479 0.6992 0.3022
vn 0.7200 0.6911 0.0630
vn 0.7123 0.6991 0.0623
vn 0.7116 0.6999 0.0623
vn 0.7115 0.6999 0.0623
vn 0.7122 0.6992 0.0623
vn 0.6982 0.6911 -0.1871
vn 0.6906 0.6991 -0.1850
vn 0.6899 0.6999 -0.1849
vn 0.6899 0.6999 -0.1848
vn 0.6906 0.6992 -0.1850
vn 0.5921 0.6911 -0.4146
vn 0.5856 0.6992 -0.4101
vn 0.5850 0.6999 -0.4097
vn 0.5851 0.6999 -0.4097
vn 0.5856 0.6991 -0.4102
usemtl Default_OBJ.005
s 1
f 1//1 2//1 3//1
f 3//1 2//1 4//1
f 3//2 4//2 5//2
f 5//2 4//2 6//2
f 5//3 6//3 7//3
f 7//3 6//3 8//3
f 7//4 8//4 9//4
f 9//4 8//4 10//4
f 9//5 10//6 11//5
f 11//5 10//6 12//6
f 11//7 12//7 13//7
f 13//7 12//7 14//7
f 13//8 14//8 15//8
f 15//8 14//8 16//8
f 15//9 16//9 17//9
f 17//9 16//9 18//9
f 17//10 18//10 19//10
f 19//10 18//10 20//10
f 19//11 20//11 21//11
f 21//11 20//11 22//11
f 21//12 22//12 23//12
f 23//12 22//12 24//12
f 23//13 24//13 25//13
f 25//13 24//13 26//13
f 25//14 26//14 27//14
f 27//14 26//14 28//14
f 27//15 28//15 29//15
f 29//15 28//15 30//15
f 29//16 30//16 31//16
f 31//16 30//16 32//16
f 31//17 32//17 33//17
f 33//17 32//17 34//17
f 33//18 34//18 35//18
f 35//18 34//18 36//18
f 35//19 36//20 37//19
f 37//19 36//20 38//20
f 37//21 38//21 39//21
f 39//21 38//21 40//21
f 39//22 40//22 41//22
f 41//22 40//22 42//22
f 41//23 42//23 43//23
f 43//23 42//23 44//23
f 43//24 44//24 45//24
f 45//24 44//24 46//24
f 45//25 46//26 47//25
f 47//25 46//26 48//26
f 47//27 48//27 49//27
f 49//27 48//27 50//27
f 49//28 50//28 51//28
f 51//28 50//28 52//28
f 51//29 52//29 53//29
f 53//29 52//29 54//29
f 53//30 54//30 55//30
f 55//30 54//30 56//30
f 55//31 56//31 57//31
f 57//31 56//31 58//31
f 57//32 58//32 59//32
f 59//32 58//32 60//32
f 59//33 60//33 61//33
f 61//33 60//33 62//33
f 61//34 62//34 63//34
f 63//34 62//34 64//34
f 63//35 64//35 65//35
f 65//35 64//35 66//35
f 65//36 66//36 67//36
f 67//36 66//36 68//36
f 67//37 68//37 69//37
f 69//37 68//37 70//37
f 69//38 70//38 71//38
f 71//38 70//38 72//38
f 71//39 72//39 73//39
f 73//39 72//39 74//39
f 73//40 74//40 75//40
f 75//40 74//40 76//40
f 75//41 76//41 77//41
f 77//41 76//41 78//41
f 77//42 78//42 79//42
f 79//42 78//42 80//42
f 79//43 80//43 81//43
f 81//43 80//43 82//43
f 81//44 82//44 83//44
f 83//44 82//44 84//44
f 83//45 84//45 85//45
f 85//45 84//45 86//45
f 85//46 86//46 87//46
f 87//46 86//46 88//46
f 87//47 88//47 89//47
f 89//47 88//47 90//47
f 89//48 90//48 91//48
f 91//48 90//48 92//48
f 91//49 92//50 93//49
f 93//49 92//50 94//50
f 93//51 94//51 95//51
f 95//51 94//51 96//51
f 95//52 96//52 97//52
f 97//52 96//52 98//52
f 97//53 98//53 99//53
f 99//53 98//53 100//53
f 99//54 100//54 101//54
f 101//54 100//54 102//54
f 101//55 102//55 103//55
f 103//55 102//55 104//55
f 103//56 104//56 1//56
f 1//56 104//56 2//56
f 105//57 106//57 107//57
f 107//57 106//57 108//57
f 107//58 108//58 109//58
f 109//58 108//58 110//58
f 109//59 110//59 111//59
f 111//59 110//59 112//59
f 111//60 112//60 113//60
f 113//60 112//60 114//60
f 113//61 114//61 115//61
f 115//61 114//61 116//61
f 115//62 116//62 117//62
f 117//62 116//62 118//62
f 117//63 118//63 119//63
f 119//63 118//63 120//63
f 119//64 120//64 121//64
f 121//64 120//64 122//64
f 121//65 122//65 123//65
f 123//65 122//65 124//65
f 123//66 124//66 125//66
f 125//66 124//66 126//66
f 125//67 126//67 127//67
f 127//67 126//67 128//67
f 127//68 128//68 129//68
f 129//68 128//68 130//68
f 129//69 130//69 131//69
f 131//69 130//69 132//69
f 131//70 132//70 133//70
f 133//70 132//70 134//70
f 133//71 134//71 135//71
f 135//71 134//71 136//71
f 135//72 136//72 137//72
f 137//72 136//72 138//72
f 137//73 138//73 139//73
f 139//73 138//73 140//73
f 139//74 140//74 141//74
f 141//74 140//74 142//74
f 141//75 142//75 143//75
f 143//75 142//75 144//75
f 143//76 144//76 145//76
f 145//76 144//76 146//76
f 145//77 146//77 147//77
f 147//77 146//77 148//77
f 147//78 148//78 149//78
f 149//78 148//78 150//78
f 149//79 150//79 151//79
f 151//79 150//79 152//79
f 151//80 152//80 153//80
f 153//80 152//80 154//80
f 153//81 154//81 155//81
f 155//81 154//81 156//81
f 155//82 156//82 157//82
f 157//82 156//82 158//82
f 157//83 158//83 159//83
f 159//83 158//83 160//83
f 159//84 160//84 161//84
f 161//84 160//84 162//84
f 161//85 162//85 163//85
f 163//85 162//85 164//85
f 163//86 164//86 165//86
f 165//86 164//86 166//86
f 165//87 166//87 167//87
f 167//87 166//87 168//87
f 167//88 168//88 169//88
f 169//88 168//88 170//88
f 169//89 170//89 171//89
f 171//89 170//89 172//89
f 171//90 172//90 173//90
f 173//90 172//90 174//90
f 173//91 174//91 175//91
f 175//91 174//91 176//91
f 175//92 176//92 177//92
f 177//92 176//92 178//92
f 177//93 178//93 179//93
f 179//93 178//93 180//93
f 179//94 180//94 181//94
f 181//94 180//94 182//94
f 181//95 182//95 183//95
f 183//95 182//95 184//95
f 183//96 184//96 185//96
f 185//96 184//96 186//96
f 185//97 186//97 187//97
f 187//97 186//97 188//97
f 187//98 188//98 189//98
f 189//98 188//98 190//98
f 189//99 190//99 191//99
f 191//99 190//99 192//99
f 191//100 192//100 193//100
f 193//100 192//100 194//100
f 193//101 194//101 195//101
f 195//101 194//101 196//101
f 195//102 196//102 197//102
f 197//102 196//102 198//102
f 197//103 198//103 199//103
f 199//103 198//103 200//103
f 199//104 200//104 201//104
f 201//104 200//104 202//104
f 201//105 202//105 203//105
f 203//105 202//105 204//105
f 203//106 204//106 205//106
f 205//106 204//106 206//106
f 205//107 206//107 207//107
f 207//107 206//107 208//107
f 207//108 208//108 209//108
f 209//108 208//108 210//108
f 209//109 210//109 211//109
f 211//109 210//109 212//109
f 211//110 212//110 213//110
f 213//110 212//110 214//110
f 213//111 214//111 215//111
f 215//111 214//111 216//111
f 215//112 216//112 217//112
f 217//112 216//112 218//112
f 217//113 218//113 219//113
f 219//113 218//113 220//113
f 219//114 220//114 221//114
f 221//114 220//114 222//114
f 221//115 222//115 223//115
f 223//115 222//115 224//115
f 223//116 224//116 225//116
f 225//116 224//116 226//116
f 225//117 226//117 227//117
f 227//117 226//117 228//117
f 227//118 228//118 229//118
f 229//118 228//118 230//118
f 229//119 230//119 231//119
f 231//119 230//119 232//119
f 231//120 232//120 233//120
f 233//120 232//120 234//120
f 233//121 234//121 235//121
f 235//121 234//121 236//121
f 235//122 236//122 237//122
f 237//122 236//122 238//122
f 237//123 238//123 239//123
f 239//123 238//123 240//123
f 239//124 240//124 241//124
f 241//124 240//124 242//124
f 241//125 242//125 243//125
f 243//125 242//125 244//125
f 243//126 244//126 245//126
f 245//126 244//126 246//126
f 245//127 246//127 247//127
f 247//127 246//127 248//127
f 247//128 248//128 249//128
f 249//128 248//128 250//128
f 249//129 250//129 251//129
f 251//129 250//129 252//129
f 251//130 252//130 253//130
f 253//130 252//130 254//130
f 253//131 254//131 255//131
f 255//131 254//131 256//131
f 255//132 256//132 257//132
f 257//132 256//132 258//132
f 257//133 258//133 259//133
f 259//133 258//133 260//133
f 259//134 260//134 105//134
f 105//134 260//134 106//134
f 261//135 262//135 263//135
f 264//135 265//135 266//135
f 267//135 268//135 269//135
f 270//135 271//135 272//135
f 273//135 274//135 275//135
f 276//135 277//135 278//135
f 278//135 277//135 279//135
f 278//135 279//135 280//135
f 280//135 279//135 281//135
f 280//135 281//135 282//135
f 283//135 264//135 284//135
f 284//135 264//135 285//135
f 284//135 285//135 276//135
f 276//135 285//135 286//135
f 276//135 286//135 277//135
f 283//135 287//135 264//135
f 264//135 287//135 288//135
f 264//135 288//135 265//135
f 265//135 288//135 289//135
f 265//135 289//135 290//135
f 291//135 292//135 293//135
f 293//135 292//135 294//135
f 293//135 294//135 295//135
f 295//135 294//135 282//135
f 295//135 282//135 296//135
f 296//135 282//135 281//135
f 297//135 298//135 299//135
f 299//135 298//135 300//135
f 299//135 300//135 264//135
f 264//135 300//135 301//135
f 264//135 301//135 302//135
f 302//135 303//135 264//135
f 264//135 303//135 304//135
f 264//135 304//135 285//135
f 305//135 306//135 307//135
f 307//135 306//135 308//135
f 309//135 305//135 263//135
f 310//135 311//135 312//135
f 312//135 311//135 313//135
f 312//135 313//135 309//135
f 314//135 315//135 316//135
f 316//135 317//135 314//135
f 314//135 317//135 318//135
f 314//135 318//135 312//135
f 312//135 318//135 319//135
f 312//135 319//135 310//135
f 320//135 321//135 322//135
f 322//135 321//135 323//135
f 323//135 324//135 322//135
f 322//135 324//135 325//135
f 322//135 325//135 314//135
f 314//135 325//135 326//135
f 314//135 326//135 315//135
f 274//135 273//135 327//135
f 327//135 273//135 328//135
f 327//135 328//135 329//135
f 330//135 331//135 332//135
f 332//135 331//135 327//135
f 332//135 327//135 333//135
f 333//135 327//135 329//135
f 334//135 335//135 336//135
f 336//135 335//135 337//135
f 338//135 339//135 274//135
f 339//135 340//135 274//135
f 274//135 340//135 341//135
f 274//135 341//135 275//135
f 334//135 336//135 342//135
f 342//135 336//135 343//135
f 342//135 343//135 271//135
f 344//135 345//135 272//135
f 272//135 345//135 346//135
f 272//135 346//135 270//135
f 347//135 348//135 349//135
f 349//135 348//135 350//135
f 349//135 350//135 351//135
f 351//135 352//135 349//135
f 349//135 352//135 353//135
f 349//135 353//135 344//135
f 344//135 353//135 354//135
f 344//135 354//135 345//135
f 355//135 356//135 357//135
f 357//135 356//135 358//135
f 359//135 349//135 360//135
f 360//135 349//135 357//135
f 360//135 357//135 361//135
f 361//135 357//135 358//135
f 359//135 362//135 349//135
f 349//135 362//135 363//135
f 349//135 363//135 347//135
f 347//135 363//135 364//135
f 347//135 364//135 365//135
f 365//135 364//135 366//135
f 365//135 366//135 367//135
f 367//135 366//135 368//135
f 368//135 366//135 369//135
f 369//135 366//135 370//135
f 369//135 370//135 371//135
f 371//135 370//135 372//135
f 371//135 372//135 373//135
f 373//135 372//135 355//135
f 373//135 355//135 374//135
f 374//135 355//135 357//135
f 374//135 357//135 375//135
f 376//135 377//135 378//135
f 378//135 377//135 379//135
f 378//135 379//135 380//135
f 380//135 379//135 381//135
f 381//135 382//135 380//135
f 380//135 382//135 383//135
f 380//135 383//135 357//135
f 357//135 383//135 384//135
f 357//135 384//135 375//135
f 385//135 386//135 387//135
f 388//135 265//135 291//135
f 291//135 265//135 290//135
f 291//135 290//135 292//135
f 389//135 390//135 266//135
f 266//135 390//135 391//135
f 392//135 393//135 394//135
f 394//135 393//135 395//135
f 394//135 395//135 396//135
f 391//135 397//135 266//135
f 266//135 397//135 398//135
f 266//135 398//135 399//135
f 400//135 401//135 402//135
f 401//135 403//135 402//135
f 402//135 403//135 404//135
f 402//135 404//135 405//135
f 405//135 404//135 406//135
f 405//135 406//135 389//135
f 268//135 407//135 269//135
f 269//135 407//135 408//135
f 269//135 408//135 409//135
f 409//135 410//135 269//135
f 269//135 410//135 411//135
f 269//135 411//135 402//135
f 402//135 411//135 412//135
f 402//135 412//135 400//135
f 271//135 343//135 272//135
f 272//135 343//135 413//135
f 272//135 413//135 414//135
f 415//135 416//135 327//135
f 327//135 416//135 417//135
f 327//135 417//135 418//135
f 419//135 420//135 343//135
f 343//135 420//135 421//135
f 343//135 421//135 413//135
f 418//135 422//135 327//135
f 327//135 422//135 423//135
f 327//135 423//135 343//135
f 343//135 423//135 424//135
f 343//135 424//135 419//135
f 425//135 426//135 331//135
f 427//135 428//135 322//135
f 322//135 428//135 429//135
f 322//135 429//135 430//135
f 330//135 320//135 331//135
f 331//135 320//135 322//135
f 331//135 322//135 425//135
f 425//135 322//135 430//135
f 431//135 327//135 432//135
f 432//135 327//135 331//135
f 432//135 331//135 433//135
f 433//135 331//135 426//135
f 431//135 434//135 327//135
f 327//135 434//135 435//135
f 327//135 435//135 415//135
f 415//135 435//135 436//135
f 437//135 438//135 263//135
f 263//135 438//135 439//135
f 440//135 441//135 322//135
f 322//135 441//135 442//135
f 442//135 443//135 322//135
f 322//135 443//135 444//135
f 322//135 444//135 427//135
f 427//135 444//135 445//135
f 427//135 445//135 436//135
f 436//135 445//135 446//135
f 436//135 446//135 415//135
f 439//135 447//135 263//135
f 263//135 447//135 448//135
f 263//135 448//135 322//135
f 322//135 448//135 449//135
f 322//135 449//135 440//135
f 305//135 307//135 263//135
f 263//135 307//135 450//135
f 263//135 450//135 437//135
f 396//135 451//135 394//135
f 394//135 451//135 452//135
f 394//135 452//135 307//135
f 307//135 452//135 453//135
f 307//135 453//135 450//135
f 385//135 454//135 455//135
f 405//135 456//135 457//135
f 458//135 459//135 380//135
f 380//135 459//135 460//135
f 380//135 460//135 378//135
f 378//135 460//135 461//135
f 378//135 461//135 462//135
f 387//135 376//135 385//135
f 385//135 376//135 378//135
f 385//135 378//135 454//135
f 454//135 378//135 462//135
f 455//135 463//135 385//135
f 385//135 463//135 464//135
f 385//135 464//135 405//135
f 405//135 464//135 465//135
f 405//135 465//135 456//135
f 466//135 467//135 349//135
f 467//135 269//135 349//135
f 349//135 269//135 402//135
f 349//135 402//135 357//135
f 357//135 402//135 405//135
f 357//135 405//135 380//135
f 380//135 405//135 457//135
f 380//135 457//135 458//135
f 468//135 469//135 272//135
f 467//135 470//135 269//135
f 269//135 470//135 471//135
f 269//135 471//135 472//135
f 466//135 349//135 473//135
f 473//135 349//135 344//135
f 473//135 344//135 474//135
f 414//135 267//135 272//135
f 272//135 267//135 269//135
f 272//135 269//135 468//135
f 468//135 269//135 472//135
f 469//135 475//135 272//135
f 272//135 475//135 476//135
f 272//135 476//135 344//135
f 344//135 476//135 477//135
f 344//135 477//135 474//135
f 389//135 266//135 405//135
f 405//135 266//135 265//135
f 405//135 265//135 385//135
f 385//135 265//135 388//135
f 385//135 388//135 386//135
f 478//135 479//135 327//135
f 480//135 481//135 274//135
f 274//135 481//135 336//135
f 274//135 336//135 338//135
f 338//135 336//135 337//135
f 327//135 479//135 274//135
f 274//135 479//135 482//135
f 274//135 482//135 480//135
f 483//135 484//135 343//135
f 343//135 484//135 485//135
f 343//135 485//135 327//135
f 327//135 485//135 486//135
f 327//135 486//135 478//135
f 481//135 487//135 336//135
f 336//135 487//135 488//135
f 336//135 488//135 343//135
f 343//135 488//135 489//135
f 343//135 489//135 483//135
f 490//135 491//135 394//135
f 307//135 492//135 493//135
f 493//135 494//135 307//135
f 307//135 494//135 495//135
f 307//135 495//135 394//135
f 394//135 495//135 496//135
f 394//135 496//135 490//135
f 399//135 392//135 266//135
f 266//135 392//135 394//135
f 266//135 394//135 264//135
f 264//135 394//135 491//135
f 264//135 491//135 497//135
f 308//135 297//135 307//135
f 307//135 297//135 299//135
f 307//135 299//135 492//135
f 492//135 299//135 498//135
f 497//135 499//135 264//135
f 264//135 499//135 500//135
f 264//135 500//135 299//135
f 299//135 500//135 501//135
f 299//135 501//135 498//135
f 309//135 263//135 312//135
f 312//135 263//135 262//135
f 312//135 262//135 502//135
f 314//135 503//135 322//135
f 322//135 503//135 504//135
f 322//135 504//135 505//135
f 502//135 506//135 312//135
f 312//135 506//135 507//135
f 312//135 507//135 314//135
f 314//135 507//135 508//135
f 314//135 508//135 503//135
f 505//135 509//135 322//135
f 322//135 509//135 510//135
f 322//135 510//135 263//135
f 263//135 510//135 511//135
f 263//135 511//135 261//135
f 512//136 513//136 514//136
f 515//136 516//136 517//136
f 518//136 519//136 520//136
f 521//136 522//136 523//136
f 524//136 525//136 526//136
f 527//136 528//136 529//136
f 530//136 531//136 532//136
f 533//136 534//136 535//136
f 536//136 537//136 538//136
f 538//136 537//136 539//136
f 538//136 539//136 540//136
f 541//136 542//136 543//136
f 543//136 542//136 544//136
f 543//136 544//136 545//136
f 539//136 546//136 540//136
f 540//136 546//136 547//136
f 540//136 547//136 541//136
f 541//136 547//136 548//136
f 541//136 548//136 542//136
f 549//136 550//136 551//136
f 551//136 550//136 552//136
f 551//136 552//136 553//136
f 535//136 534//136 554//136
f 554//136 534//136 555//136
f 554//136 555//136 553//136
f 532//136 531//136 556//136
f 557//136 558//136 559//136
f 559//136 558//136 556//136
f 559//136 556//136 560//136
f 560//136 556//136 531//136
f 528//136 561//136 520//136
f 520//136 561//136 562//136
f 520//136 562//136 563//136
f 563//136 562//136 564//136
f 565//136 566//136 567//136
f 567//136 566//136 568//136
f 567//136 568//136 562//136
f 562//136 568//136 569//136
f 562//136 569//136 564//136
f 570//136 571//136 572//136
f 570//136 572//136 573//136
f 573//136 572//136 527//136
f 573//136 527//136 574//136
f 574//136 527//136 529//136
f 574//136 529//136 575//136
f 576//136 577//136 578//136
f 576//136 579//136 580//136
f 580//136 579//136 581//136
f 580//136 581//136 582//136
f 582//136 581//136 583//136
f 583//136 584//136 582//136
f 582//136 584//136 585//136
f 582//136 585//136 586//136
f 586//136 585//136 587//136
f 586//136 587//136 588//136
f 588//136 587//136 589//136
f 588//136 589//136 590//136
f 591//136 592//136 593//136
f 593//136 592//136 514//136
f 593//136 514//136 594//136
f 594//136 514//136 595//136
f 596//136 597//136 598//136
f 598//136 599//136 596//136
f 596//136 599//136 600//136
f 596//136 600//136 601//136
f 601//136 600//136 602//136
f 601//136 602//136 603//136
f 603//136 602//136 604//136
f 603//136 604//136 605//136
f 605//136 604//136 606//136
f 526//136 525//136 607//136
f 607//136 525//136 608//136
f 607//136 608//136 609//136
f 609//136 608//136 523//136
f 609//136 523//136 597//136
f 597//136 523//136 610//136
f 597//136 610//136 598//136
f 606//136 611//136 605//136
f 605//136 611//136 612//136
f 605//136 612//136 613//136
f 613//136 612//136 614//136
f 613//136 614//136 615//136
f 615//136 614//136 616//136
f 615//136 616//136 617//136
f 617//136 616//136 618//136
f 617//136 618//136 619//136
f 619//136 618//136 620//136
f 619//136 620//136 526//136
f 526//136 620//136 621//136
f 526//136 621//136 524//136
f 622//136 623//136 608//136
f 523//136 522//136 579//136
f 608//136 623//136 523//136
f 523//136 623//136 624//136
f 523//136 624//136 521//136
f 522//136 625//136 579//136
f 579//136 625//136 626//136
f 579//136 626//136 581//136
f 581//136 626//136 627//136
f 581//136 627//136 628//136
f 628//136 627//136 629//136
f 628//136 629//136 630//136
f 630//136 629//136 631//136
f 608//136 632//136 622//136
f 622//136 632//136 633//136
f 622//136 633//136 634//136
f 634//136 633//136 635//136
f 634//136 635//136 636//136
f 636//136 635//136 637//136
f 636//136 637//136 631//136
f 631//136 637//136 638//136
f 631//136 638//136 630//136
f 528//136 520//136 529//136
f 529//136 520//136 519//136
f 529//136 519//136 639//136
f 639//136 640//136 529//136
f 529//136 640//136 641//136
f 529//136 641//136 602//136
f 641//136 642//136 602//136
f 602//136 642//136 643//136
f 602//136 643//136 604//136
f 604//136 643//136 644//136
f 604//136 644//136 645//136
f 645//136 644//136 646//136
f 645//136 646//136 647//136
f 647//136 646//136 648//136
f 649//136 650//136 651//136
f 651//136 650//136 652//136
f 651//136 652//136 648//136
f 648//136 652//136 653//136
f 648//136 653//136 647//136
f 520//136 654//136 518//136
f 518//136 654//136 655//136
f 518//136 655//136 649//136
f 649//136 655//136 656//136
f 649//136 656//136 650//136
f 565//136 530//136 566//136
f 566//136 530//136 532//136
f 566//136 532//136 657//136
f 657//136 532//136 658//136
f 658//136 532//136 659//136
f 659//136 532//136 556//136
f 659//136 556//136 660//136
f 517//136 516//136 661//136
f 661//136 516//136 662//136
f 661//136 662//136 663//136
f 663//136 662//136 664//136
f 663//136 664//136 665//136
f 665//136 664//136 666//136
f 665//136 666//136 667//136
f 668//136 669//136 556//136
f 556//136 669//136 670//136
f 556//136 670//136 671//136
f 667//136 666//136 537//136
f 537//136 666//136 672//136
f 537//136 672//136 673//136
f 517//136 674//136 515//136
f 515//136 674//136 675//136
f 515//136 675//136 676//136
f 676//136 675//136 677//136
f 676//136 677//136 671//136
f 671//136 677//136 678//136
f 671//136 678//136 556//136
f 556//136 678//136 679//136
f 556//136 679//136 660//136
f 680//136 681//136 537//136
f 681//136 682//136 537//136
f 537//136 682//136 683//136
f 537//136 683//136 667//136
f 684//136 685//136 554//136
f 554//136 685//136 680//136
f 554//136 680//136 535//136
f 535//136 680//136 537//136
f 535//136 537//136 533//136
f 533//136 537//136 536//136
f 553//136 552//136 554//136
f 554//136 552//136 686//136
f 554//136 686//136 684//136
f 687//136 688//136 550//136
f 550//136 688//136 689//136
f 550//136 689//136 552//136
f 552//136 689//136 690//136
f 552//136 690//136 686//136
f 550//136 691//136 687//136
f 687//136 691//136 692//136
f 687//136 692//136 693//136
f 693//136 692//136 694//136
f 693//136 694//136 695//136
f 695//136 694//136 696//136
f 695//136 696//136 697//136
f 698//136 699//136 700//136
f 700//136 699//136 701//136
f 700//136 701//136 702//136
f 702//136 701//136 703//136
f 702//136 703//136 696//136
f 696//136 703//136 704//136
f 696//136 704//136 697//136
f 705//136 514//136 706//136
f 706//136 514//136 513//136
f 706//136 513//136 698//136
f 698//136 513//136 707//136
f 698//136 707//136 699//136
f 705//136 708//136 514//136
f 514//136 708//136 709//136
f 514//136 709//136 550//136
f 550//136 709//136 710//136
f 550//136 710//136 691//136
f 711//136 592//136 589//136
f 589//136 592//136 591//136
f 589//136 591//136 590//136
f 711//136 712//136 592//136
f 592//136 712//136 713//136
f 592//136 713//136 514//136
f 514//136 713//136 714//136
f 514//136 714//136 512//136
f 715//136 716//136 579//136
f 717//136 718//136 523//136
f 523//136 718//136 719//136
f 523//136 719//136 610//136
f 576//136 578//136 579//136
f 579//136 578//136 720//136
f 579//136 720//136 715//136
f 716//136 721//136 579//136
f 579//136 721//136 722//136
f 579//136 722//136 523//136
f 523//136 722//136 723//136
f 523//136 723//136 717//136
f 542//136 724//136 544//136
f 544//136 724//136 725//136
f 544//136 725//136 726//136
f 727//136 728//136 729//136
f 729//136 728//136 730//136
f 730//136 731//136 729//136
f 729//136 731//136 732//136
f 729//136 732//136 733//136
f 733//136 732//136 734//136
f 733//136 734//136 577//136
f 577//136 734//136 735//136
f 577//136 735//136 578//136
f 726//136 736//136 544//136
f 544//136 736//136 737//136
f 544//136 737//136 729//136
f 729//136 737//136 738//136
f 729//136 738//136 727//136
f 739//136 558//136 571//136
f 571//136 558//136 557//136
f 571//136 557//136 572//136
f 739//136 740//136 558//136
f 558//136 740//136 741//136
f 558//136 741//136 742//136
f 743//136 744//136 539//136
f 539//136 744//136 745//136
f 745//136 746//136 539//136
f 539//136 746//136 747//136
f 539//136 747//136 546//136
f 600//136 748//136 602//136
f 602//136 748//136 749//136
f 602//136 749//136 750//136
f 750//136 751//136 602//136
f 602//136 751//136 752//136
f 602//136 752//136 529//136
f 529//136 752//136 753//136
f 529//136 753//136 754//136
f 754//136 755//136 529//136
f 529//136 755//136 756//136
f 529//136 756//136 575//136
f 549//136 545//136 550//136
f 550//136 545//136 544//136
f 550//136 544//136 514//136
f 514//136 544//136 729//136
f 514//136 729//136 595//136
f 595//136 729//136 733//136
f 673//136 668//136 537//136
f 537//136 668//136 556//136
f 537//136 556//136 539//136
f 539//136 556//136 558//136
f 539//136 558//136 743//136
f 743//136 558//136 742//136
f 432//137 534//137 431//137
f 431//137 534//137 533//137
f 431//9 533//9 434//9
f 434//9 533//9 536//9
f 434//138 536//138 435//138
f 435//138 536//138 538//138
f 435//139 538//139 436//139
f 436//139 538//139 540//139
f 436//140 540//140 427//140
f 427//140 540//140 541//140
f 427//141 541//141 428//141
f 428//141 541//141 543//141
f 428//142 543//142 429//142
f 429//142 543//142 545//142
f 429//143 545//143 430//143
f 430//143 545//143 549//143
f 430//144 549//144 425//144
f 425//144 549//144 551//144
f 425//145 551//145 426//145
f 426//145 551//145 553//145
f 426//51 553//146 433//146
f 433//146 553//146 555//146
f 433//147 555//147 432//147
f 432//147 555//147 534//147
f 481//137 516//137 487//137
f 487//137 516//137 515//137
f 487//9 515//9 488//9
f 488//9 515//9 676//9
f 488//148 676//148 489//148
f 489//148 676//148 671//148
f 489//139 671//139 483//139
f 483//139 671//139 670//139
f 483//23 670//23 484//23
f 484//23 670//23 669//23
f 484//141 669//141 485//141
f 485//141 669//141 668//141
f 485//142 668//142 486//142
f 486//142 668//142 673//142
f 486//143 673//143 478//143
f 478//143 673//143 672//143
f 478//149 672//144 479//149
f 479//149 672//144 666//144
f 479//145 666//145 482//145
f 482//145 666//145 664//145
f 482//146 664//146 480//146
f 480//146 664//146 662//146
f 480//147 662//147 481//147
f 481//147 662//147 516//147
f 476//137 531//137 477//137
f 477//137 531//137 530//137
f 477//9 530//9 474//9
f 474//9 530//9 565//9
f 474//138 565//138 473//138
f 473//138 565//138 567//138
f 473//139 567//139 466//139
f 466//139 567//139 562//139
f 466//140 562//140 467//140
f 467//140 562//140 561//140
f 467//141 561//141 470//141
f 470//141 561//141 528//141
f 470//142 528//142 471//142
f 471//142 528//142 527//142
f 471//143 527//143 472//143
f 472//143 527//143 572//143
f 472//144 572//144 468//144
f 468//144 572//144 557//144
f 468//145 557//145 469//145
f 469//145 557//145 559//145
f 469//51 559//51 475//51
f 475//51 559//51 560//51
f 475//147 560//147 476//147
f 476//147 560//147 531//147
f 504//137 692//137 505//137
f 505//137 692//137 691//137
f 505//150 691//150 509//150
f 509//150 691//150 710//150
f 509//138 710//138 510//138
f 510//138 710//138 709//138
f 510//139 709//139 511//139
f 511//139 709//139 708//139
f 511//23 708//23 261//23
f 261//23 708//23 705//23
f 261//151 705//151 262//151
f 262//151 705//151 706//151
f 262//142 706//142 502//142
f 502//142 706//142 698//142
f 502//37 698//37 506//37
f 506//37 698//37 700//37
f 506//144 700//144 507//144
f 507//144 700//144 702//144
f 507//145 702//145 508//145
f 508//145 702//145 696//145
f 508//146 696//146 503//146
f 503//146 696//146 694//146
f 503//152 694//147 504//152
f 504//152 694//147 692//147
f 495//137 595//137 496//137
f 496//137 595//137 733//137
f 496//9 733//9 490//9
f 490//9 733//9 577//9
f 490//138 577//138 491//138
f 491//138 577//138 576//138
f 491//139 576//139 497//139
f 497//139 576//139 580//139
f 497//23 580//23 499//23
f 499//23 580//23 582//23
f 499//151 582//151 500//151
f 500//151 582//151 586//151
f 500//142 586//142 501//142
f 501//142 586//142 588//142
f 501//37 588//37 498//37
f 498//37 588//37 590//37
f 498//144 590//144 492//144
f 492//144 590//144 591//144
f 492//145 591//145 493//145
f 493//145 591//145 593//145
f 493//51 593//51 494//51
f 494//51 593//51 594//51
f 494//152 594//152 495//152
f 495//152 594//152 595//152
f 288//137 522//137 289//137
f 289//137 522//137 521//137
f 289//9 521//9 290//9
f 290//9 521//9 624//9
f 290//148 624//148 292//148
f 292//148 624//148 623//148
f 292//139 623//139 294//139
f 294//139 623//139 622//139
f 294//23 622//23 282//23
f 282//23 622//23 634//23
f 282//151 634//151 280//151
f 280//151 634//151 636//151
f 280//142 636//142 278//142
f 278//142 636//142 631//142
f 278//37 631//37 276//37
f 276//37 631//37 629//37
f 276//149 629//149 284//149
f 284//149 629//149 627//149
f 284//145 627//145 283//145
f 283//145 627//145 626//145
f 283//51 626//51 287//51
f 287//51 626//51 625//51
f 287//152 625//152 288//152
f 288//152 625//152 522//152
f 457//137 601//137 458//137
f 458//137 601//137 603//137
f 458//150 603//150 459//150
f 459//150 603//150 605//150
f 459//138 605//138 460//138
f 460//138 605//138 613//138
f 460//139 613//139 461//139
f 461//139 613//139 615//139
f 461//23 615//23 462//23
f 462//23 615//23 617//23
f 462//151 617//151 454//151
f 454//151 617//151 619//151
f 454//142 619//142 455//142
f 455//142 619//142 526//142
f 455//37 526//37 463//37
f 463//37 526//37 607//37
f 463//144 607//144 464//144
f 464//144 607//144 609//144
f 464//145 609//145 465//145
f 465//145 609//145 597//145
f 465//51 597//51 456//51
f 456//51 597//51 596//51
f 456//152 596//152 457//152
f 457//152 596//152 601//152
f 363//137 519//137 364//137
f 364//137 519//137 518//137
f 364//9 518//9 366//9
f 366//9 518//9 649//9
f 366//138 649//138 370//138
f 370//138 649//138 651//138
f 370//139 651//139 372//139
f 372//139 651//139 648//139
f 372//140 648//140 355//140
f 355//140 648//140 646//140
f 355//141 646//141 356//141
f 356//141 646//141 644//141
f 356//142 644//142 358//142
f 358//142 644//142 643//142
f 358//143 643//143 361//143
f 361//143 643//143 642//143
f 361//144 642//144 360//144
f 360//144 642//144 641//144
f 360//145 641//145 359//145
f 359//145 641//145 640//145
f 359//51 640//51 362//51
f 362//51 640//51 639//51
f 362//147 639//147 363//147
f 363//147 639//147 519//147
f 757//136 758//136 759//136
f 759//136 758//136 760//136
f 759//136 760//136 761//136
f 761//136 760//136 762//136
f 761//136 762//136 763//136
f 763//136 762//136 764//136
f 763//136 764//136 765//136
f 765//136 764//136 766//136
f 765//136 766//136 767//136
f 767//136 766//136 768//136
f 767//136 768//136 769//136
f 769//136 768//136 770//136
f 769//136 770//136 771//136
f 771//136 770//136 772//136
f 771//136 772//136 773//136
f 773//136 772//136 774//136
f 773//136 774//136 775//136
f 775//136 774//136 776//136
f 775//136 776//136 777//136
f 777//136 776//136 778//136
f 777//136 778//136 779//136
f 779//136 778//136 780//136
f 779//136 780//136 781//136
f 781//136 780//136 782//136
f 781//136 782//136 783//136
f 783//136 782//136 784//136
f 783//136 784//136 785//136
f 785//136 784//136 786//136
f 785//136 786//136 787//136
f 787//136 786//136 788//136
f 787//136 788//136 789//136
f 789//136 788//136 790//136
f 789//136 790//136 791//136
f 791//136 790//136 792//136
f 791//136 792//136 793//136
f 793//136 792//136 794//136
f 793//136 794//136 795//136
f 795//136 794//136 796//136
f 795//136 796//136 797//136
f 797//136 796//136 798//136
f 797//136 798//136 799//136
f 799//136 798//136 800//136
f 799//136 800//136 801//136
f 801//136 800//136 802//136
f 801//136 802//136 803//136
f 803//136 802//136 804//136
f 803//136 804//136 805//136
f 805//136 804//136 806//136
f 805//136 806//136 807//136
f 807//136 806//136 808//136
f 807//136 808//136 809//136
f 808//136 810//136 809//136
f 809//136 810//136 811//136
f 809//136 811//136 812//136
f 812//136 811//136 813//136
f 812//136 813//136 814//136
f 814//136 813//136 815//136
f 814//136 815//136 816//136
f 816//136 815//136 817//136
f 816//136 817//136 818//136
f 818//136 817//136 819//136
f 818//136 819//136 820//136
f 820//136 819//136 821//136
f 820//136 821//136 822//136
f 822//136 821//136 823//136
f 822//136 823//136 824//136
f 824//136 823//136 825//136
f 824//136 825//136 826//136
f 826//136 825//136 827//136
f 826//136 827//136 828//136
f 828//136 827//136 829//136
f 828//136 829//136 830//136
f 830//136 829//136 831//136
f 830//136 831//136 832//136
f 832//136 831//136 833//136
f 832//136 833//136 834//136
f 834//136 833//136 835//136
f 834//136 835//136 836//136
f 836//136 835//136 837//136
f 836//136 837//136 838//136
f 838//136 837//136 839//136
f 838//136 839//136 840//136
f 840//136 839//136 841//136
f 840//136 841//136 842//136
f 842//136 841//136 843//136
f 842//136 843//136 844//136
f 844//136 843//136 845//136
f 844//136 845//136 846//136
f 846//136 845//136 847//136
f 846//136 847//136 848//136
f 848//136 847//136 849//136
f 848//136 849//136 850//136
f 850//136 849//136 851//136
f 850//136 851//136 852//136
f 852//136 851//136 853//136
f 852//136 853//136 854//136
f 854//136 853//136 855//136
f 854//136 855//136 856//136
f 856//136 855//136 857//136
f 856//136 857//136 858//136
f 858//136 857//136 859//136
f 858//136 859//136 860//136
f 860//136 859//136 861//136
f 860//136 861//136 757//136
f 757//136 861//136 862//136
f 757//136 862//136 758//136
f 863//153 864//153 865//153
f 865//153 864//153 866//153
f 865//154 866//154 867//154
f 867//154 866//154 868//154
f 867//155 868//155 869//155
f 869//155 868//155 870//155
f 869//156 870//156 871//156
f 871//156 870//156 872//156
f 871//157 872//157 873//157
f 873//157 872//157 874//157
f 873//90 874//90 875//90
f 875//90 874//90 876//90
f 875//158 876//158 877//158
f 877//158 876//158 878//158
f 877//159 878//159 879//159
f 879//159 878//159 880//159
f 879//160 880//160 881//160
f 881//160 880//160 882//160
f 881//161 882//161 883//161
f 883//161 882//161 884//161
f 883//162 884//162 885//162
f 885//162 884//162 886//162
f 885//163 886//163 887//163
f 887//163 886//163 888//163
f 887//164 888//164 889//164
f 889//164 888//164 890//164
f 889//165 890//165 891//165
f 891//165 890//165 892//165
f 891//77 892//77 893//77
f 893//77 892//77 894//77
f 893//166 894//166 895//166
f 895//166 894//166 896//166
f 895//167 896//167 897//167
f 897//167 896//167 898//167
f 897//168 898//168 899//168
f 899//168 898//168 900//168
f 899//169 900//169 901//169
f 901//169 900//169 902//169
f 901//170 902//170 903//170
f 903//170 902//170 904//170
f 903//171 904//171 905//171
f 905//171 904//171 906//171
f 905//172 906//172 907//172
f 907//172 906//172 908//172
f 907//173 908//173 909//173
f 909//173 908//173 910//173
f 909//64 910//64 911//64
f 911//64 910//64 912//64
f 911//174 912//174 913//174
f 913//174 912//174 914//174
f 913//175 914//175 915//175
f 915//175 914//175 916//175
f 915//176 916//176 917//176
f 917//176 916//176 918//176
f 917//177 918//177 919//177
f 919//177 918//177 920//177
f 919//178 920//178 921//178
f 921//178 920//178 922//178
f 921//179 922//179 923//179
f 923//179 922//179 924//179
f 923//180 924//180 925//180
f 925//180 924//180 926//180
f 925//181 926//181 927//181
f 927//181 926//181 928//181
f 927//129 928//129 929//129
f 929//129 928//129 930//129
f 929//182 930//182 931//182
f 931//182 930//182 932//182
f 931//183 932//183 933//183
f 933//183 932//183 934//183
f 933//184 934//184 935//184
f 935//184 934//184 936//184
f 935//185 936//185 937//185
f 937//185 936//185 938//185
f 937//186 938//186 939//186
f 939//186 938//186 940//186
f 939//187 940//187 941//187
f 941//187 940//187 942//187
f 941//188 942//188 943//188
f 943//188 942//188 944//188
f 943//189 944//189 945//189
f 945//189 944//189 946//189
f 945//116 946//116 947//116
f 947//116 946//116 948//116
f 947//190 948//190 949//190
f 949//190 948//190 950//190
f 949//191 950//191 951//191
f 951//191 950//191 952//191
f 951//192 952//192 953//192
f 953//192 952//192 954//192
f 953//193 954//193 955//193
f 955//193 954//193 956//193
f 955//194 956//194 957//194
f 957//194 956//194 958//194
f 957//195 958//195 959//195
f 959//195 958//195 960//195
f 959//196 960//196 961//196
f 961//196 960//196 962//196
f 961//197 962//197 963//197
f 963//197 962//197 964//197
f 963//103 964//103 965//103
f 965//103 964//103 966//103
f 965//198 966//198 967//198
f 967//198 966//198 968//198
f 967//199 968//199 969//199
f 969//199 968//199 970//199
f 969//200 970//200 863//200
f 863//200 970//200 864//200
f 722//201 971//202 723//202
f 723//203 971//203 972//203
f 723//203 972//203 717//203
f 717//204 972//204 973//205
f 717//204 973//205 718//205
f 718//206 973//206 974//207
f 718//206 974//207 719//207
f 719//208 974//208 975//209
f 719//208 975//209 610//209
f 610//210 975//210 976//211
f 610//210 976//211 598//211
f 598//212 976//212 977//213
f 598//212 977//213 599//214
f 599//215 977//215 978//216
f 599//215 978//216 600//216
f 600//217 978//217 979//217
f 600//217 979//217 748//217
f 748//218 979//218 980//219
f 748//218 980//219 749//219
f 749//220 980//220 981//221
f 749//220 981//221 750//221
f 750//222 981//222 982//223
f 750//222 982//223 751//223
f 751//224 982//224 983//224
f 751//224 983//224 752//224
f 752//225 983//225 984//226
f 752//225 984//226 753//226
f 753//227 984//227 985//228
f 753//227 985//228 754//228
f 754//229 985//229 986//230
f 754//229 986//230 755//230
f 755//231 986//231 987//231
f 755//231 987//231 756//232
f 756//233 987//233 988//234
f 756//233 988//234 575//235
f 575//236 988//236 989//237
f 575//236 989//237 574//237
f 574//238 989//238 990//239
f 574//238 990//239 573//239
f 573//240 990//240 991//241
f 573//240 991//241 570//242
f 570//243 991//243 992//244
f 570//243 992//244 571//244
f 571//245 992//245 993//246
f 571//245 993//246 739//246
f 739//247 993//247 994//248
f 739//247 994//248 740//248
f 740//249 994//249 995//250
f 740//249 995//250 741//250
f 741//251 995//251 996//252
f 741//251 996//252 742//252
f 742//253 996//253 997//254
f 742//253 997//254 743//254
f 743//255 997//255 998//256
f 743//255 998//256 744//256
f 744//257 998//258 999//259
f 744//257 999//259 745//259
f 745//260 999//260 1000//260
f 745//260 1000//260 746//260
f 746//261 1000//261 1001//262
f 746//261 1001//262 747//262
f 747//263 1001//263 1002//264
f 747//263 1002//264 546//264
f 546//265 1002//265 1003//266
f 546//265 1003//266 547//266
f 547//267 1003//267 1004//268
f 547//267 1004//268 548//268
f 548//269 1004//269 1005//270
f 548//269 1005//270 542//270
f 542//271 1005//271 1006//272
f 542//271 1006//272 724//272
f 724//273 1006//273 1007//274
f 724//273 1007//274 725//274
f 725//275 1007//276 1008//277
f 725//275 1008//277 726//277
f 726//278 1008//278 1009//279
f 726//278 1009//279 736//279
f 736//280 1009//280 1010//280
f 736//280 1010//280 737//280
f 737//281 1010//281 1011//282
f 737//281 1011//282 738//282
f 738//283 1011//283 1012//284
f 738//283 1012//284 727//284
f 727//285 1012//285 1013//286
f 727//285 1013//286 728//286
f 728//287 1013//287 1014//287
f 728//287 1014//287 730//287
f 730//288 1014//289 1015//290
f 730//288 1015//290 731//291
f 731//292 1015//292 1016//293
f 731//292 1016//293 732//293
f 732//294 1016//294 1017//295
f 732//294 1017//295 734//295
f 734//296 1017//296 1018//297
f 734//296 1018//297 735//297
f 735//298 1018//298 1019//298
f 735//298 1019//298 578//298
f 578//299 1019//299 1020//300
f 578//299 1020//300 720//300
f 720//301 1020//301 1021//302
f 720//301 1021//302 715//302
f 715//303 1021//303 1022//304
f 715//303 1022//304 716//304
f 716//305 1022//305 1023//306
f 716//305 1023//306 721//306
f 721//307 1023//307 1024//307
f 721//307 1024//307 722//307
f 722//201 1024//201 971//202
f 1024//308 1025//309 971//309
f 971//310 1025//310 1026//310
f 971//310 1026//310 972//310
f 972//311 1026//311 1027//312
f 972//311 1027//312 973//312
f 973//313 1027//313 1028//313
f 973//313 1028//313 974//313
f 974//314 1028//314 1029//315
f 974//314 1029//315 975//315
f 975//316 1029//317 1030//318
f 975//316 1030//318 976//319
f 976//320 1030//321 1031//322
f 976//320 1031//322 977//323
f 977//324 1031//324 1032//325
f 977//324 1032//325 978//325
f 978//326 1032//326 1033//327
f 978//326 1033//327 979//327
f 979//328 1033//328 1034//329
f 979//328 1034//329 980//329
f 980//330 1034//330 1035//331
f 980//330 1035//331 981//331
f 981//332 1035//332 1036//332
f 981//332 1036//332 982//332
f 982//333 1036//333 1037//334
f 982//333 1037//334 983//334
f 983//335 1037//336 1038//337
f 983//335 1038//337 984//337
f 984//338 1038//338 1039//339
f 984//338 1039//339 985//339
f 985//340 1039//341 1040//342
f 985//340 1040//342 986//343
f 986//344 1040//344 1041//344
f 986//344 1041//344 987//344
f 987//345 1041//346 1042//347
f 987//345 1042//347 988//347
f 988//348 1042//348 1043//349
f 988//348 1043//349 989//349
f 989//350 1043//350 1044//351
f 989//350 1044//351 990//351
f 990//352 1044//352 1045//353
f 990//352 1045//353 991//353
f 991//354 1045//354 1046//355
f 991//354 1046//355 992//355
f 992//356 1046//356 1047//357
f 992//356 1047//357 993//357
f 993//358 1047//358 1048//359
f 993//358 1048//359 994//359
f 994//360 1048//360 1049//361
f 994//360 1049//361 995//361
f 995//362 1049//362 1050//363
f 995//362 1050//363 996//363
f 996//364 1050//364 1051//365
f 996//364 1051//365 997//365
f 997//366 1051//367 1052//368
f 997//366 1052//368 998//369
f 998//370 1052//371 1053//372
f 998//370 1053//372 999//372
f 999//373 1053//373 1054//374
f 999//373 1054//374 1000//374
f 1000//375 1054//375 1055//375
f 1000//375 1055//375 1001//375
f 1001//376 1055//376 1056//377
f 1001//376 1056//377 1002//377
f 1002//378 1056//378 1057//378
f 1002//378 1057//378 1003//378
f 1003//379 1057//379 1058//380
f 1003//379 1058//380 1004//381
f 1004//382 1058//382 1059//383
f 1004//382 1059//383 1005//383
f 1005//384 1059//384 1060//385
f 1005//384 1060//385 1006//385
f 1006//386 1060//386 1061//387
f 1006//386 1061//387 1007//387
f 1007//388 1061//388 1062//389
f 1007//388 1062//389 1008//390
f 1008//391 1062//391 1063//392
f 1008//391 1063//392 1009//392
f 1009//393 1063//393 1064//394
f 1009//393 1064//394 1010//394
f 1010//395 1064//395 1065//396
f 1010//395 1065//396 1011//396
f 1011//397 1065//397 1066//398
f 1011//397 1066//398 1012//398
f 1012//399 1066//400 1067//401
f 1012//399 1067//401 1013//402
f 1013//403 1067//403 1068//404
f 1013//403 1068//404 1014//404
f 1014//405 1068//406 1069//407
f 1014//405 1069//407 1015//407
f 1015//408 1069//408 1070//409
f 1015//408 1070//409 1016//409
f 1016//410 1070//410 1071//411
f 1016//410 1071//411 1017//411
f 1017//412 1071//413 1072//414
f 1017//412 1072//414 1018//414
f 1018//415 1072//416 1073//417
f 1018//415 1073//417 1019//417
f 1019//418 1073//418 1074//419
f 1019//418 1074//419 1020//419
f 1020//420 1074//420 1075//421
f 1020//420 1075//421 1021//421
f 1021//422 1075//423 1076//424
f 1021//422 1076//424 1022//424
f 1022//425 1076//426 1077//427
f 1022//425 1077//427 1023//427
f 1023//428 1077//428 1078//429
f 1023//428 1078//429 1024//429
f 1024//308 1078//430 1025//309
f 1078//431 918//432 1025//433
f 1025//434 918//434 916//435
f 1025//434 916//435 1026//435
f 1026//436 916//436 914//437
f 1026//436 914//437 1027//437
f 1027//438 914//438 912//439
f 1027//438 912//439 1028//439
f 1028//440 912//440 910//440
f 1028//440 910//440 1029//440
f 1029//441 910//441 908//442
f 1029//441 908//442 1030//442
f 1030//443 908//443 906//444
f 1030//443 906//444 1031//444
f 1031//445 906//445 904//446
f 1031//445 904//446 1032//447
f 1032//448 904//448 902//449
f 1032//448 902//449 1033//449
f 1033//450 902//450 900//451
f 1033//450 900//451 1034//451
f 1034//452 900//452 898//453
f 1034//452 898//453 1035//453
f 1035//454 898//454 896//455
f 1035//454 896//455 1036//455
f 1036//456 896//456 894//457
f 1036//456 894//457 1037//457
f 1037//458 894//459 892//460
f 1037//458 892//460 1038//461
f 1038//462 892//462 890//463
f 1038//462 890//463 1039//464
f 1039//465 890//465 888//466
f 1039//465 888//466 1040//466
f 1040//467 888//467 886//468
f 1040//467 886//468 1041//468
f 1041//469 886//469 884//470
f 1041//469 884//470 1042//470
f 1042//471 884//471 882//472
f 1042//471 882//472 1043//472
f 1043//473 882//474 880//475
f 1043//473 880//475 1044//475
f 1044//476 880//476 878//477
f 1044//476 878//477 1045//477
f 1045//478 878//478 876//479
f 1045//478 876//479 1046//480
f 1046//481 876//481 874//482
f 1046//481 874//482 1047//482
f 1047//483 874//483 872//484
f 1047//483 872//484 1048//484
f 1048//485 872//485 870//486
f 1048//485 870//486 1049//486
f 1049//487 870//487 868//488
f 1049//487 868//488 1050//489
f 1050//490 868//491 866//491
f 1050//490 866//491 1051//492
f 1051//493 866//493 864//494
f 1051//493 864//494 1052//494
f 1052//495 864//496 970//497
f 1052//495 970//497 1053//497
f 1053//498 970//498 968//499
f 1053//498 968//499 1054//499
f 1054//500 968//500 966//501
f 1054//500 966//501 1055//501
f 1055//502 966//502 964//502
f 1055//502 964//502 1056//502
f 1056//503 964//503 962//504
f 1056//503 962//504 1057//505
f 1057//506 962//506 960//507
f 1057//506 960//507 1058//507
f 1058//508 960//508 958//509
f 1058//508 958//509 1059//510
f 1059//511 958//511 956//512
f 1059//511 956//512 1060//512
f 1060//513 956//513 954//514
f 1060//513 954//514 1061//514
f 1061//515 954//515 952//516
f 1061//515 952//516 1062//517
f 1062//518 952//518 950//519
f 1062//518 950//519 1063//519
f 1063//520 950//520 948//521
f 1063//520 948//521 1064//521
f 1064//522 948//522 946//523
f 1064//522 946//523 1065//524
f 1065//525 946//525 944//526
f 1065//525 944//526 1066//527
f 1066//528 944//528 942//528
f 1066//528 942//528 1067//528
f 1067//529 942//529 940//530
f 1067//529 940//530 1068//530
f 1068//531 940//531 938//532
f 1068//531 938//532 1069//532
f 1069//533 938//533 936//534
f 1069//533 936//534 1070//534
f 1070//535 936//536 934//537
f 1070//535 934//537 1071//537
f 1071//538 934//539 932//540
f 1071//538 932//540 1072//540
f 1072//541 932//542 930//543
f 1072//541 930//543 1073//543
f 1073//544 930//544 928//545
f 1073//544 928//545 1074//545
f 1074//546 928//546 926//547
f 1074//546 926//547 1075//547
f 1075//548 926//548 924//549
f 1075//548 924//549 1076//549
f 1076//550 924//550 922//551
f 1076//550 922//551 1077//552
f 1077//553 922//554 920//554
f 1077//553 920//554 1078//555
f 1078//431 920//556 918//432
f 839//557 1079//558 841//559
f 841//559 1079//558 1080//559
f 841//560 1080//560 843//560
f 843//560 1080//560 1081//560
f 843//561 1081//561 845//562
f 845//562 1081//561 1082//562
f 845//563 1082//563 847//564
f 847//564 1082//563 1083//565
f 847//566 1083//566 849//567
f 849//567 1083//566 1084//567
f 849//568 1084//569 851//570
f 851//570 1084//569 1085//570
f 851//571 1085//571 853//572
f 853//572 1085//571 1086//572
f 853//573 1086//573 855//574
f 855//574 1086//573 1087//574
f 855//575 1087//576 857//577
f 857//577 1087//576 1088//577
f 857//578 1088//579 859//580
f 859//580 1088//579 1089//580
f 859//581 1089//582 861//583
f 861//583 1089//582 1090//583
f 861//584 1090//585 862//586
f 862//586 1090//585 1091//586
f 862//587 1091//587 758//587
f 758//587 1091//587 1092//588
f 758//589 1092//589 760//589
f 760//589 1092//589 1093//590
f 760//591 1093//591 762//592
f 762//592 1093//591 1094//592
f 762//593 1094//593 764//593
f 764//593 1094//593 1095//593
f 764//594 1095//594 766//595
f 766//595 1095//594 1096//595
f 766//596 1096//596 768//596
f 768//596 1096//596 1097//596
f 768//597 1097//597 770//598
f 770//598 1097//597 1098//599
f 770//600 1098//600 772//601
f 772//601 1098//600 1099//601
f 772//602 1099//603 774//604
f 774//604 1099//603 1100//603
f 774//605 1100//605 776//606
f 776//606 1100//605 1101//606
f 776//607 1101//607 778//608
f 778//608 1101//607 1102//608
f 778//609 1102//609 780//610
f 780//610 1102//609 1103//610
f 780//611 1103//611 782//612
f 782//612 1103//611 1104//613
f 782//614 1104//614 784//615
f 784//615 1104//614 1105//615
f 784//616 1105//616 786//616
f 786//616 1105//616 1106//616
f 786//617 1106//617 788//618
f 788//618 1106//617 1107//619
f 788//620 1107//620 790//621
f 790//621 1107//620 1108//622
f 790//623 1108//623 792//624
f 792//624 1108//623 1109//624
f 792//625 1109//625 794//626
f 794//626 1109//625 1110//626
f 794//627 1110//627 796//628
f 796//628 1110//627 1111//628
f 796//629 1111//630 798//631
f 798//631 1111//630 1112//631
f 798//632 1112//632 800//633
f 800//633 1112//632 1113//633
f 800//634 1113//634 802//635
f 802//635 1113//634 1114//636
f 802//637 1114//638 804//639
f 804//639 1114//638 1115//639
f 804//640 1115//640 806//641
f 806//641 1115//640 1116//641
f 806//642 1116//642 808//643
f 808//643 1116//642 1117//643
f 808//644 1117//644 810//645
f 810//645 1117//644 1118//645
f 810//646 1118//647 811//648
f 811//648 1118//647 1119//649
f 811//650 1119//650 813//650
f 813//650 1119//650 1120//650
f 813//651 1120//652 815//653
f 815//653 1120//652 1121//653
f 815//654 1121//654 817//654
f 817//654 1121//654 1122//654
f 817//655 1122//655 819//655
f 819//655 1122//655 1123//655
f 819//656 1123//656 821//657
f 821//657 1123//656 1124//657
f 821//658 1124//658 823//659
f 823//659 1124//658 1125//660
f 823//661 1125//661 825//662
f 825//662 1125//661 1126//662
f 825//663 1126//663 827//663
f 827//663 1126//663 1127//663
f 827//664 1127//664 829//665
f 829//665 1127//664 1128//666
f 829//667 1128//668 831//669
f 831//669 1128//668 1129//669
f 831//670 1129//670 833//671
f 833//671 1129//670 1130//671
f 833//672 1130//672 835//673
f 835//673 1130//672 1131//674
f 835//675 1131//675 837//676
f 837//676 1131//675 1132//676
f 837//677 1132//677 839//678
f 839//678 1132//677 1079//677
f 1079//679 1133//679 1080//679
f 1080//679 1133//679 1134//679
f 1080//680 1134//680 1081//681
f 1081//681 1134//680 1135//681
f 1081//682 1135//682 1082//682
f 1082//682 1135//682 1136//682
f 1082//683 1136//683 1083//684
f 1083//684 1136//683 1137//684
f 1083//685 1137//686 1084//687
f 1084//687 1137//686 1138//688
f 1084//689 1138//689 1085//689
f 1085//689 1138//689 1139//689
f 1085//690 1139//690 1086//690
f 1086//690 1139//690 1140//690
f 1086//691 1140//691 1087//691
f 1087//691 1140//691 1141//691
f 1087//692 1141//693 1088//694
f 1088//694 1141//693 1142//694
f 1088//695 1142//695 1089//696
f 1089//696 1142//695 1143//696
f 1089//697 1143//697 1090//698
f 1090//698 1143//697 1144//698
f 1090//699 1144//699 1091//700
f 1091//700 1144//699 1145//700
f 1091//701 1145//702 1092//703
f 1092//703 1145//702 1146//703
f 1092//704 1146//704 1093//705
f 1093//705 1146//704 1147//705
f 1093//706 1147//706 1094//707
f 1094//707 1147//706 1148//708
f 1094//709 1148//710 1095//710
f 1095//710 1148//710 1149//710
f 1095//711 1149//711 1096//712
f 1096//712 1149//711 1150//712
f 1096//713 1150//713 1097//713
f 1097//713 1150//713 1151//713
f 1097//714 1151//715 1098//716
f 1098//716 1151//715 1152//716
f 1098//717 1152//718 1099//719
f 1099//719 1152//718 1153//720
f 1099//721 1153//721 1100//722
f 1100//722 1153//721 1154//723
f 1100//724 1154//724 1101//725
f 1101//725 1154//724 1155//726
f 1101//727 1155//728 1102//728
f 1102//728 1155//728 1156//728
f 1102//729 1156//729 1103//730
f 1103//730 1156//729 1157//731
f 1103//732 1157//732 1104//733
f 1104//733 1157//732 1158//733
f 1104//734 1158//735 1105//736
f 1105//736 1158//735 1159//736
f 1105//737 1159//737 1106//737
f 1106//737 1159//737 1160//737
f 1106//738 1160//738 1107//738
f 1107//738 1160//738 1161//738
f 1107//739 1161//739 1108//740
f 1108//740 1161//739 1162//740
f 1108//741 1162//741 1109//741
f 1109//741 1162//741 1163//741
f 1109//742 1163//742 1110//743
f 1110//743 1163//742 1164//744
f 1110//745 1164//745 1111//746
f 1111//746 1164//745 1165//746
f 1111//413 1165//413 1112//747
f 1112//747 1165//413 1166//747
f 1112//748 1166//748 1113//748
f 1113//748 1166//748 1167//748
f 1113//749 1167//749 1114//750
f 1114//750 1167//749 1168//751
f 1114//752 1168//752 1115//753
f 1115//753 1168//752 1169//753
f 1115//754 1169//754 1116//755
f 1116//755 1169//754 1170//755
f 1116//756 1170//756 1117//757
f 1117//757 1170//756 1171//757
f 1117//758 1171//758 1118//759
f 1118//759 1171//758 1172//759
f 1118//760 1172//761 1119//762
f 1119//762 1172//761 1173//762
f 1119//763 1173//763 1120//764
f 1120//764 1173//763 1174//765
f 1120//766 1174//766 1121//766
f 1121//766 1174//766 1175//767
f 1121//768 1175//769 1122//769
f 1122//769 1175//769 1176//769
f 1122//770 1176//770 1123//771
f 1123//771 1176//770 1177//771
f 1123//772 1177//772 1124//772
f 1124//772 1177//772 1178//772
f 1124//773 1178//773 1125//774
f 1125//774 1178//773 1179//774
f 1125//775 1179//776 1126//777
f 1126//777 1179//776 1180//777
f 1126//778 1180//778 1127//779
f 1127//779 1180//778 1181//779
f 1127//780 1181//780 1128//781
f 1128//781 1181//780 1182//781
f 1128//782 1182//782 1129//782
f 1129//782 1182//782 1183//782
f 1129//783 1183//783 1130//784
f 1130//784 1183//783 1184//785
f 1130//786 1184//786 1131//787
f 1131//787 1184//786 1185//788
f 1131//789 1185//789 1132//790
f 1132//790 1185//789 1186//790
f 1132//791 1186//791 1079//791
f 1079//791 1186//791 1133//791
f 1133//792 867//792 1134//793
f 1134//793 867//792 869//793
f 1134//794 869//794 1135//795
f 1135//795 869//794 871//795
f 1135//796 871//796 1136//797
f 1136//797 871//796 873//797
f 1136//798 873//798 1137//799
f 1137//799 873//798 875//799
f 1137//800 875//800 1138//801
f 1138//801 875//800 877//801
f 1138//802 877//803 1139//804
f 1139//804 877//803 879//477
f 1139//805 879//805 1140//806
f 1140//806 879//805 881//806
f 1140//807 881//807 1141//807
f 1141//807 881//807 883//808
f 1141//809 883//809 1142//810
f 1142//810 883//809 885//810
f 1142//811 885//811 1143//812
f 1143//812 885//811 887//813
f 1143//814 887//814 1144//815
f 1144//815 887//814 889//815
f 1144//816 889//816 1145//817
f 1145//817 889//816 891//817
f 1145//818 891//818 1146//819
f 1146//819 891//818 893//820
f 1146//457 893//457 1147//821
f 1147//821 893//457 895//821
f 1147//822 895//822 1148//822
f 1148//822 895//822 897//822
f 1148//823 897//824 1149//825
f 1149//825 897//824 899//825
f 1149//450 899//450 1150//826
f 1150//826 899//450 901//826
f 1150//827 901//827 1151//828
f 1151//828 901//827 903//828
f 1151//829 903//829 1152//830
f 1152//830 903//829 905//830
f 1152//831 905//831 1153//443
f 1153//443 905//831 907//443
f 1153//832 907//832 1154//833
f 1154//833 907//832 909//833
f 1154//834 909//834 1155//834
f 1155//834 909//834 911//834
f 1155//835 911//835 1156//836
f 1156//836 911//835 913//836
f 1156//837 913//837 1157//838
f 1157//838 913//837 915//838
f 1157//839 915//840 1158//841
f 1158//841 915//840 917//842
f 1158//843 917//432 1159//844
f 1159//844 917//432 919//432
f 1159//845 919//845 1160//845
f 1160//845 919//845 921//845
f 1160//846 921//846 1161//847
f 1161//847 921//846 923//847
f 1161//848 923//848 1162//849
f 1162//849 923//848 925//849
f 1162//850 925//850 1163//851
f 1163//851 925//850 927//851
f 1163//852 927//852 1164//853
f 1164//853 927//852 929//854
f 1164//855 929//856 1165//857
f 1165//857 929//856 931//858
f 1165//540 931//859 1166//540
f 1166//540 931//859 933//540
f 1166//860 933//861 1167//862
f 1167//862 933//861 935//862
f 1167//863 935//863 1168//864
f 1168//864 935//863 937//864
f 1168//865 937//865 1169//866
f 1169//866 937//865 939//866
f 1169//867 939//867 1170//868
f 1170//868 939//867 941//868
f 1170//869 941//869 1171//870
f 1171//870 941//869 943//870
f 1171//871 943//871 1172//872
f 1172//872 943//871 945//872
f 1172//873 945//873 1173//522
f 1173//522 945//873 947//524
f 1173//874 947//874 1174//875
f 1174//875 947//874 949//875
f 1174//876 949//877 1175//878
f 1175//878 949//877 951//879
f 1175//880 951//880 1176//881
f 1176//881 951//880 953//881
f 1176//513 953//513 1177//882
f 1177//882 953//513 955//882
f 1177//883 955//883 1178//884
f 1178//884 955//883 957//884
f 1178//885 957//885 1179//886
f 1179//886 957//885 959//886
f 1179//887 959//887 1180//888
f 1180//888 959//887 961//888
f 1180//889 961//889 1181//890
f 1181//890 961//889 963//890
f 1181//891 963//891 1182//891
f 1182//891 963//891 965//891
f 1182//892 965//892 1183//893
f 1183//893 965//892 967//893
f 1183//894 967//894 1184//895
f 1184//895 967//894 969//895
f 1184//896 969//897 1185//896
f 1185//896 969//897 863//898
f 1185//899 863//899 1186//900
f 1186//900 863//899 865//899
f 1186//901 865//901 1133//901
f 1133//901 865//901 867//901
f 4//902 1187//903 6//903
f 6//904 1187//904 1188//905
f 6//904 1188//905 8//905
f 8//906 1188//906 1189//906
f 8//906 1189//906 10//906
f 10//907 1189//907 1190//908
f 10//907 1190//908 12//908
f 12//909 1190//910 1191//910
f 12//909 1191//910 14//910
f 14//911 1191//911 1192//912
f 14//911 1192//912 16//913
f 16//914 1192//915 1193//916
f 16//914 1193//916 18//916
f 18//917 1193//917 1194//917
f 18//917 1194//917 20//918
f 20//919 1194//919 1195//920
f 20//919 1195//920 22//920
f 22//921 1195//922 1196//923
f 22//921 1196//923 24//923
f 24//924 1196//924 1197//925
f 24//924 1197//925 26//925
f 26//926 1197//926 1198//927
f 26//926 1198//927 28//927
f 28//928 1198//928 1199//928
f 28//928 1199//928 30//928
f 30//929 1199//929 1200//930
f 30//929 1200//930 32//930
f 32//931 1200//931 1201//932
f 32//931 1201//932 34//932
f 34//933 1201//933 1202//934
f 34//933 1202//934 36//934
f 36//935 1202//935 1203//936
f 36//935 1203//936 38//937
f 38//938 1203//938 1204//939
f 38//938 1204//939 40//939
f 40//940 1204//940 1205//941
f 40//940 1205//941 42//942
f 42//943 1205//943 1206//944
f 42//943 1206//944 44//943
f 44//945 1206//945 1207//946
f 44//945 1207//946 46//946
f 46//947 1207//947 1208//948
f 46//947 1208//948 48//948
f 48//949 1208//950 1209//951
f 48//949 1209//951 50//951
f 50//952 1209//953 1210//954
f 50//952 1210//954 52//955
f 52//956 1210//957 1211//957
f 52//956 1211//957 54//957
f 54//958 1211//958 1212//959
f 54//958 1212//959 56//959
f 56//960 1212//960 1213//961
f 56//960 1213//961 58//962
f 58//963 1213//964 1214//965
f 58//963 1214//965 60//966
f 60//967 1214//967 1215//967
f 60//967 1215//967 62//967
f 62//968 1215//968 1216//969
f 62//968 1216//969 64//969
f 64//970 1216//971 1217//972
f 64//970 1217//972 66//972
f 66//973 1217//973 1218//974
f 66//973 1218//974 68//975
f 68//976 1218//976 1219//977
f 68//976 1219//977 70//977
f 70//978 1219//978 1220//979
f 70//978 1220//979 72//980
f 72//981 1220//981 1221//982
f 72//981 1221//982 74//982
f 74//983 1221//983 1222//984
f 74//983 1222//984 76//984
f 76//985 1222//985 1223//986
f 76//985 1223//986 78//986
f 78//987 1223//988 1224//988
f 78//987 1224//988 80//988
f 80//989 1224//989 1225//989
f 80//989 1225//989 82//989
f 82//990 1225//991 1226//992
f 82//990 1226//992 84//992
f 84//993 1226//993 1227//994
f 84//993 1227//994 86//994
f 86//995 1227//995 1228//996
f 86//995 1228//996 88//996
f 88//997 1228//997 1229//997
f 88//997 1229//997 90//998
f 90//999 1229//1000 1230//1000
f 90//999 1230//1000 92//1000
f 92//1001 1230//1001 1231//1002
f 92//1001 1231//1002 94//1003
f 94//1004 1231//1005 1232//1006
f 94//1004 1232//1006 96//1006
f 96//1007 1232//1007 1233//1008
f 96//1007 1233//1008 98//1008
f 98//1009 1233//1009 1234//1010
f 98//1009 1234//1010 100//1010
f 100//1011 1234//1011 1235//1012
f 100//1011 1235//1012 102//1013
f 102//1014 1235//1014 1236//1015
f 102//1014 1236//1015 104//1015
f 104//1016 1236//1016 1237//1017
f 104//1016 1237//1017 2//1017
f 2//1018 1237//1018 1238//1019
f 2//1018 1238//1019 4//1019
f 4//902 1238//902 1187//903
f 1238//1020 1239//1021 1187//1021
f 1187//1022 1239//1023 1240//1024
f 1187//1022 1240//1024 1188//1024
f 1188//1025 1240//1025 1241//1025
f 1188//1025 1241//1025 1189//1025
f 1189//1026 1241//1026 1242//1027
f 1189//1026 1242//1027 1190//1028
f 1190//1029 1242//1029 1243//1029
f 1190//1029 1243//1029 1191//1029
f 1191//1030 1243//1030 1244//1031
f 1191//1030 1244//1031 1192//1032
f 1192//1033 1244//1033 1245//1034
f 1192//1033 1245//1034 1193//1034
f 1193//1035 1245//1035 1246//1036
f 1193//1035 1246//1036 1194//1036
f 1194//1037 1246//1037 1247//1038
f 1194//1037 1247//1038 1195//1038
f 1195//1039 1247//1039 1248//1039
f 1195//1039 1248//1039 1196//1039
f 1196//1040 1248//1040 1249//1040
f 1196//1040 1249//1040 1197//1040
f 1197//1041 1249//1041 1250//1042
f 1197//1041 1250//1042 1198//1042
f 1198//1043 1250//1043 1251//1044
f 1198//1043 1251//1044 1199//1044
f 1199//1045 1251//1045 1252//1046
f 1199//1045 1252//1046 1200//1046
f 1200//1047 1252//1047 1253//1048
f 1200//1047 1253//1048 1201//1048
f 1201//1049 1253//1049 1254//1050
f 1201//1049 1254//1050 1202//1050
f 1202//1051 1254//1051 1255//1052
f 1202//1051 1255//1052 1203//1052
f 1203//1053 1255//1054 1256//1055
f 1203//1053 1256//1055 1204//1056
f 1204//1057 1256//1058 1257//1057
f 1204//1057 1257//1057 1205//1057
f 1205//1059 1257//1059 1258//1060
f 1205//1059 1258//1060 1206//1061
f 1206//1062 1258//1062 1259//1063
f 1206//1062 1259//1063 1207//1063
f 1207//1064 1259//1064 1260//1065
f 1207//1064 1260//1065 1208//1065
f 1208//1066 1260//1066 1261//1067
f 1208//1066 1261//1067 1209//1067
f 1209//1068 1261//1069 1262//1070
f 1209//1068 1262//1070 1210//1071
f 1210//1072 1262//1072 1263//1072
f 1210//1072 1263//1072 1211//1072
f 1211//1073 1263//1073 1264//1074
f 1211//1073 1264//1074 1212//1074
f 1212//1075 1264//1075 1265//1076
f 1212//1075 1265//1076 1213//1076
f 1213//1077 1265//1077 1266//1078
f 1213//1077 1266//1078 1214//1078
f 1214//1079 1266//1079 1267//1079
f 1214//1079 1267//1079 1215//1079
f 1215//1080 1267//1080 1268//1081
f 1215//1080 1268//1081 1216//1081
f 1216//1082 1268//1082 1269//1082
f 1216//1082 1269//1082 1217//1082
f 1217//1083 1269//1083 1270//1084
f 1217//1083 1270//1084 1218//1083
f 1218//1085 1270//1085 1271//1086
f 1218//1085 1271//1086 1219//1086
f 1219//1087 1271//1087 1272//1088
f 1219//1087 1272//1088 1220//1089
f 1220//1090 1272//1090 1273//1091
f 1220//1090 1273//1091 1221//1091
f 1221//1092 1273//1092 1274//1093
f 1221//1092 1274//1093 1222//1093
f 1222//1094 1274//1094 1275//1095
f 1222//1094 1275//1095 1223//1096
f 1223//1097 1275//1097 1276//1098
f 1223//1097 1276//1098 1224//1098
f 1224//1099 1276//1100 1277//1101
f 1224//1099 1277//1101 1225//1101
f 1225//1102 1277//1102 1278//1103
f 1225//1102 1278//1103 1226//1103
f 1226//1104 1278//1104 1279//1105
f 1226//1104 1279//1105 1227//1106
f 1227//1107 1279//1107 1280//1108
f 1227//1107 1280//1108 1228//1109
f 1228//1110 1280//1110 1281//1111
f 1228//1110 1281//1111 1229//1111
f 1229//1112 1281//1112 1282//1113
f 1229//1112 1282//1113 1230//1113
f 1230//1114 1282//1115 1283//1116
f 1230//1114 1283//1116 1231//1117
f 1231//1118 1283//1119 1284//1120
f 1231//1118 1284//1120 1232//1120
f 1232//1121 1284//1122 1285//1123
f 1232//1121 1285//1123 1233//1124
f 1233//1125 1285//1125 1286//1126
f 1233//1125 1286//1126 1234//1126
f 1234//1127 1286//1127 1287//1128
f 1234//1127 1287//1128 1235//1128
f 1235//1129 1287//1130 1288//1130
f 1235//1129 1288//1130 1236//1130
f 1236//1131 1288//1131 1289//1132
f 1236//1131 1289//1132 1237//1133
f 1237//1134 1289//1134 1290//1135
f 1237//1134 1290//1135 1238//1135
f 1238//1020 1290//1020 1239//1021
f 1290//1136 838//1137 1239//1137
f 1239//1138 838//1138 840//1139
f 1239//1138 840//1139 1240//1139
f 1240//1140 840//1140 842//1141
f 1240//1140 842//1141 1241//1141
f 1241//1142 842//1142 844//1143
f 1241//1142 844//1143 1242//1143
f 1242//1144 844//1144 846//1145
f 1242//1144 846//1145 1243//1145
f 1243//1146 846//1146 848//1146
f 1243//1146 848//1146 1244//1146
f 1244//1147 848//1147 850//1147
f 1244//1147 850//1147 1245//1147
f 1245//1148 850//1149 852//1150
f 1245//1148 852//1150 1246//1150
f 1246//1151 852//1151 854//1152
f 1246//1151 854//1152 1247//1152
f 1247//1153 854//1153 856//1153
f 1247//1153 856//1153 1248//1153
f 1248//1154 856//1154 858//1154
f 1248//1154 858//1154 1249//1154
f 1249//1155 858//1156 860//1157
f 1249//1155 860//1157 1250//1157
f 1250//1158 860//1158 757//1158
f 1250//1158 757//1158 1251//1158
f 1251//1159 757//1159 759//1160
f 1251//1159 759//1160 1252//1160
f 1252//1161 759//1161 761//1162
f 1252//1161 761//1162 1253//1162
f 1253//1163 761//1163 763//1164
f 1253//1163 763//1164 1254//1164
f 1254//1165 763//1165 765//1166
f 1254//1165 765//1166 1255//1166
f 1255//1167 765//1167 767//1168
f 1255//1167 767//1168 1256//1168
f 1256//1169 767//1169 769//1170
f 1256//1169 769//1170 1257//1170
f 1257//1171 769//1171 771//1172
f 1257//1171 771//1172 1258//1172
f 1258//1173 771//1173 773//1174
f 1258//1173 773//1174 1259//1174
f 1259//1175 773//1176 775//1177
f 1259//1175 775//1177 1260//1177
f 1260//1178 775//1179 777//1180
f 1260//1178 777//1180 1261//1180
f 1261//1181 777//1181 779//1182
f 1261//1181 779//1182 1262//1182
f 1262//1183 779//1183 781//1184
f 1262//1183 781//1184 1263//1184
f 1263//1185 781//1185 783//1186
f 1263//1185 783//1186 1264//1186
f 1264//1187 783//1187 785//1188
f 1264//1187 785//1188 1265//1188
f 1265//1189 785//1189 787//1190
f 1265//1189 787//1190 1266//1190
f 1266//1191 787//1191 789//1191
f 1266//1191 789//1191 1267//1191
f 1267//1192 789//1192 791//1193
f 1267//1192 791//1193 1268//1193
f 1268//1194 791//1194 793//1195
f 1268//1194 793//1195 1269//1195
f 1269//1196 793//1196 795//1196
f 1269//1196 795//1196 1270//1196
f 1270//1197 795//1197 797//1198
f 1270//1197 797//1198 1271//1198
f 1271//1199 797//1199 799//1200
f 1271//1199 799//1200 1272//1200
f 1272//1201 799//1201 801//1202
f 1272//1201 801//1202 1273//1202
f 1273//1203 801//1203 803//1203
f 1273//1203 803//1203 1274//1203
f 1274//1204 803//1204 805//1204
f 1274//1204 805//1204 1275//1204
f 1275//1205 805//1205 807//1206
f 1275//1205 807//1206 1276//1207
f 1276//1208 807//1208 809//1209
f 1276//1208 809//1209 1277//1209
f 1277//1210 809//1210 812//1211
f 1277//1210 812//1211 1278//1211
f 1278//1212 812//1212 814//1213
f 1278//1212 814//1213 1279//1213
f 1279//1214 814//1214 816//1215
f 1279//1214 816//1215 1280//1215
f 1280//1216 816//1216 818//1217
f 1280//1216 818//1217 1281//1217
f 1281//1218 818//1218 820//1219
f 1281//1218 820//1219 1282//1219
f 1282//1220 820//1220 822//1221
f 1282//1220 822//1221 1283//1221
f 1283//1222 822//1222 824//1223
f 1283//1222 824//1223 1284//1223
f 1284//1224 824//1224 826//1225
f 1284//1224 826//1225 1285//1225
f 1285//1226 826//1226 828//1227
f 1285//1226 828//1227 1286//1227
f 1286//1228 828//1229 830//1230
f 1286//1228 830//1230 1287//1230
f 1287//1231 830//1231 832//1231
f 1287//1231 832//1231 1288//1231
f 1288//1232 832//1233 834//1232
f 1288//1232 834//1232 1289//1232
f 1289//1234 834//1234 836//1235
f 1289//1234 836//1235 1290//1235
f 1290//1136 836//1136 838//1137
f 55//1236 1291//1237 53//1236
f 53//1238 1291//1238 1292//1239
f 53//1238 1292//1239 51//1238
f 51//1240 1292//1240 1293//1241
f 51//1240 1293//1241 49//1241
f 49//1242 1293//1242 1294//1243
f 49//1242 1294//1243 47//1244
f 47//1245 1294//1246 1295//1247
f 47//1245 1295//1247 45//1247
f 45//1248 1295//1248 1296//1249
f 45//1248 1296//1249 43//1249
f 43//1250 1296//1250 1297//1250
f 43//1250 1297//1250 41//1250
f 41//1251 1297//1252 1298//1253
f 41//1251 1298//1253 39//1253
f 39//1254 1298//1254 1299//1255
f 39//1254 1299//1255 37//1255
f 37//1256 1299//1257 1300//1258
f 37//1256 1300//1258 35//1258
f 35//1259 1300//1259 1301//1260
f 35//1259 1301//1260 33//1260
f 33//1261 1301//1261 1302//1262
f 33//1261 1302//1262 31//1262
f 31//1263 1302//1263 1303//1264
f 31//1263 1303//1264 29//1265
f 29//1266 1303//1266 1304//1266
f 29//1266 1304//1266 27//1266
f 27//1267 1304//1267 1305//1268
f 27//1267 1305//1268 25//1268
f 25//1269 1305//1269 1306//1270
f 25//1269 1306//1270 23//1270
f 23//1271 1306//1272 1307//1273
f 23//1271 1307//1273 21//1273
f 21//1274 1307//1274 1308//1275
f 21//1274 1308//1275 19//1275
f 19//1276 1308//1276 1309//1277
f 19//1276 1309//1277 17//1277
f 17//1278 1309//1278 1310//1279
f 17//1278 1310//1279 15//1279
f 15//1280 1310//1281 1311//1282
f 15//1280 1311//1282 13//1283
f 13//1284 1311//1284 1312//1285
f 13//1284 1312//1285 11//1284
f 11//1286 1312//1286 1313//1287
f 11//1286 1313//1287 9//1287
f 9//1288 1313//1288 1314//1288
f 9//1288 1314//1288 7//1288
f 7//1289 1314//1289 1315//1290
f 7//1289 1315//1290 5//1290
f 5//1291 1315//1291 1316//1292
f 5//1291 1316//1292 3//1292
f 3//1293 1316//1293 1317//1294
f 3//1293 1317//1294 1//1295
f 1//1296 1317//1296 1318//1297
f 1//1296 1318//1297 103//1297
f 103//1298 1318//1298 1319//1299
f 103//1298 1319//1299 101//1299
f 101//1300 1319//1300 1320//1301
f 101//1300 1320//1301 99//1301
f 99//1302 1320//1303 1321//1304
f 99//1302 1321//1304 97//1304
f 97//1305 1321//1305 1322//1306
f 97//1305 1322//1306 95//1306
f 95//1307 1322//1307 1323//1308
f 95//1307 1323//1308 93//1309
f 93//1310 1323//1311 1324//1312
f 93//1310 1324//1312 91//1312
f 91//1313 1324//1313 1325//1314
f 91//1313 1325//1314 89//1315
f 89//1316 1325//1316 1326//1317
f 89//1316 1326//1317 87//1317
f 87//1318 1326//1318 1327//1319
f 87//1318 1327//1319 85//1319
f 85//1320 1327//1320 1328//1321
f 85//1320 1328//1321 83//1321
f 83//1322 1328//1322 1329//1323
f 83//1322 1329//1323 81//1324
f 81//1325 1329//1325 1330//1325
f 81//1325 1330//1325 79//1325
f 79//1326 1330//1326 1331//1327
f 79//1326 1331//1327 77//1327
f 77//1328 1331//1328 1332//1329
f 77//1328 1332//1329 75//1329
f 75//1330 1332//1330 1333//1331
f 75//1330 1333//1331 73//1331
f 73//1332 1333//1332 1334//1333
f 73//1332 1334//1333 71//1333
f 71//1334 1334//1334 1335//1335
f 71//1334 1335//1335 69//1335
f 69//1336 1335//1336 1336//1336
f 69//1336 1336//1336 67//1336
f 67//1337 1336//1338 1337//1339
f 67//1337 1337//1339 65//1339
f 65//1340 1337//1341 1338//1342
f 65//1340 1338//1342 63//1343
f 63//1344 1338//1344 1339//1345
f 63//1344 1339//1345 61//1345
f 61//1346 1339//1346 1340//1346
f 61//1346 1340//1346 59//1346
f 59//1347 1340//1347 1341//1348
f 59//1347 1341//1348 57//1348
f 57//1349 1341//1350 1342//1351
f 57//1349 1342//1351 55//1351
f 55//1236 1342//1236 1291//1237
f 1342//1352 1343//1353 1291//1353
f 1291//1354 1343//1354 1344//1354
f 1291//1354 1344//1354 1292//1354
f 1292//1355 1344//1356 1345//1357
f 1292//1355 1345//1357 1293//1357
f 1293//1358 1345//1358 1346//1359
f 1293//1358 1346//1359 1294//1360
f 1294//1361 1346//1362 1347//1363
f 1294//1361 1347//1363 1295//1363
f 1295//1364 1347//1364 1348//1364
f 1295//1364 1348//1364 1296//1364
f 1296//1365 1348//1366 1349//1367
f 1296//1365 1349//1367 1297//1367
f 1297//1368 1349//1368 1350//1368
f 1297//1368 1350//1368 1298//1368
f 1298//1369 1350//1370 1351//1371
f 1298//1369 1351//1371 1299//1372
f 1299//1373 1351//1374 1352//1375
f 1299//1373 1352//1375 1300//1375
f 1300//1376 1352//1376 1353//1377
f 1300//1376 1353//1377 1301//1377
f 1301//1378 1353//1378 1354//1379
f 1301//1378 1354//1379 1302//1380
f 1302//1381 1354//1381 1355//1382
f 1302//1381 1355//1382 1303//1382
f 1303//1383 1355//1383 1356//1384
f 1303//1383 1356//1384 1304//1385
f 1304//1386 1356//1386 1357//1387
f 1304//1386 1357//1387 1305//1388
f 1305//1389 1357//1389 1358//1389
f 1305//1389 1358//1389 1306//1389
f 1306//1390 1358//1390 1359//1391
f 1306//1390 1359//1391 1307//1392
f 1307//1393 1359//1393 1360//1394
f 1307//1393 1360//1394 1308//1395
f 1308//1396 1360//1396 1361//1397
f 1308//1396 1361//1397 1309//1398
f 1309//1399 1361//1399 1362//1400
f 1309//1399 1362//1400 1310//1400
f 1310//1401 1362//1401 1363//1402
f 1310//1401 1363//1402 1311//1402
f 1311//1403 1363//1403 1364//1404
f 1311//1403 1364//1404 1312//1405
f 1312//1406 1364//1406 1365//1407
f 1312//1406 1365//1407 1313//1407
f 1313//1408 1365//1408 1366//1409
f 1313//1408 1366//1409 1314//1409
f 1314//1410 1366//1411 1367//1412
f 1314//1410 1367//1412 1315//1412
f 1315//1413 1367//1413 1368//1414
f 1315//1413 1368//1414 1316//1414
f 1316//1415 1368//1415 1369//1416
f 1316//1415 1369//1416 1317//1416
f 1317//1417 1369//1417 1370//1418
f 1317//1417 1370//1418 1318//1419
f 1318//1420 1370//1420 1371//1421
f 1318//1420 1371//1421 1319//1421
f 1319//1422 1371//1422 1372//1423
f 1319//1422 1372//1423 1320//1424
f 1320//1425 1372//1425 1373//1426
f 1320//1425 1373//1426 1321//1425
f 1321//1427 1373//1427 1374//1428
f 1321//1427 1374//1428 1322//1429
f 1322//1430 1374//1430 1375//1431
f 1322//1430 1375//1431 1323//1431
f 1323//1432 1375//1433 1376//1434
f 1323//1432 1376//1434 1324//1434
f 1324//1435 1376//1436 1377//1437
f 1324//1435 1377//1437 1325//1437
f 1325//1438 1377//1438 1378//1439
f 1325//1438 1378//1439 1326//1439
f 1326//1440 1378//1440 1379//1441
f 1326//1440 1379//1441 1327//1442
f 1327//1443 1379//1443 1380//1444
f 1327//1443 1380//1444 1328//1444
f 1328//1445 1380//1445 1381//1445
f 1328//1445 1381//1445 1329//1445
f 1329//1446 1381//1446 1382//1447
f 1329//1446 1382//1447 1330//1447
f 1330//1448 1382//1449 1383//1450
f 1330//1448 1383//1450 1331//1451
f 1331//1452 1383//1452 1384//1452
f 1331//1452 1384//1452 1332//1453
f 1332//1454 1384//1454 1385//1455
f 1332//1454 1385//1455 1333//1456
f 1333//1457 1385//1457 1386//1458
f 1333//1457 1386//1458 1334//1458
f 1334//1459 1386//1460 1387//1461
f 1334//1459 1387//1461 1335//1461
f 1335//1462 1387//1462 1388//1463
f 1335//1462 1388//1463 1336//1463
f 1336//1464 1388//1465 1389//1466
f 1336//1464 1389//1466 1337//1466
f 1337//1467 1389//1467 1390//1468
f 1337//1467 1390//1468 1338//1469
f 1338//1470 1390//1470 1391//1471
f 1338//1470 1391//1471 1339//1471
f 1339//1472 1391//1472 1392//1473
f 1339//1472 1392//1473 1340//1474
f 1340//1475 1392//1476 1393//1477
f 1340//1475 1393//1477 1341//1478
f 1341//1479 1393//1479 1394//1480
f 1341//1479 1394//1480 1342//1480
f 1342//1352 1394//1352 1343//1353
f 1394//1481 399//1482 1343//1482
f 1343//1483 399//1484 398//1485
f 1343//1483 398//1485 1344//1486
f 1344//1487 398//1488 397//1489
f 1344//1487 397//1489 1345//1490
f 1345//1491 397//1492 391//1493
f 1345//1491 391//1493 1346//1493
f 1346//1494 391//1495 390//1496
f 1346//1494 390//1496 1347//1496
f 1347//1497 390//1497 389//1498
f 1347//1497 389//1498 1348//1498
f 1348//1499 389//1499 406//1499
f 1348//1499 406//1499 1349//1500
f 1349//1501 406//1501 404//1501
f 1349//1501 404//1501 1350//1501
f 1350//1502 404//1502 403//1503
f 1350//1502 403//1503 1351//1504
f 1351//1505 403//1506 401//1507
f 1351//1505 401//1507 1352//1507
f 1352//1508 401//1508 400//1509
f 1352//1508 400//1509 1353//1510
f 1353//1511 400//1511 412//1512
f 1353//1511 412//1512 1354//1513
f 1354//1514 412//1515 411//1516
f 1354//1514 411//1516 1355//1517
f 1355//1518 411//1519 410//1518
f 1355//1518 410//1518 1356//1520
f 1356//1521 410//1522 409//1523
f 1356//1521 409//1523 1357//1524
f 1357//1525 409//1526 408//1527
f 1357//1525 408//1527 1358//1527
f 1358//1528 408//1528 407//1529
f 1358//1528 407//1529 1359//1528
f 1359//1530 407//1531 268//1532
f 1359//1530 268//1532 1360//1532
f 1360//1533 268//1534 267//1535
f 1360//1533 267//1535 1361//1535
f 1361//1536 267//1537 414//1536
f 1361//1536 414//1536 1362//1538
f 1362//1539 414//1539 413//1539
f 1362//1539 413//1539 1363//1539
f 1363//1540 413//1540 421//1541
f 1363//1540 421//1541 1364//1541
f 1364//1542 421//1543 420//1544
f 1364//1542 420//1544 1365//1545
f 1365//1546 420//1546 419//1547
f 1365//1546 419//1547 1366//1547
f 1366//1548 419//1548 424//1549
f 1366//1548 424//1549 1367//1549
f 1367//1550 424//1551 423//1552
f 1367//1550 423//1552 1368//1552
f 1368//1553 423//1553 422//1554
f 1368//1553 422//1554 1369//1554
f 1369//1555 422//1556 418//1557
f 1369//1555 418//1557 1370//1558
f 1370//1559 418//1559 417//1560
f 1370//1559 417//1560 1371//1560
f 1371//1561 417//1561 416//1562
f 1371//1561 416//1562 1372//1562
f 1372//1563 416//1564 415//1565
f 1372//1563 415//1565 1373//1565
f 1373//1566 415//1567 446//1566
f 1373//1566 446//1566 1374//1566
f 1374//1568 446//1568 445//1569
f 1374//1568 445//1569 1375//1569
f 1375//1570 445//1570 444//1570
f 1375//1570 444//1570 1376//1570
f 1376//1571 444//1571 443//1572
f 1376//1571 443//1572 1377//1573
f 1377//1574 443//1575 442//1576
f 1377//1574 442//1576 1378//1576
f 1378//1577 442//1577 441//1578
f 1378//1577 441//1578 1379//1579
f 1379//1580 441//1581 440//1582
f 1379//1580 440//1582 1380//1583
f 1380//1584 440//1584 449//1585
f 1380//1584 449//1585 1381//1586
f 1381//1587 449//1588 448//1587
f 1381//1587 448//1587 1382//1587
f 1382//1589 448//1590 447//1591
f 1382//1589 447//1591 1383//1592
f 1383//1593 447//1593 439//1594
f 1383//1593 439//1594 1384//1594
f 1384//1595 439//1596 438//1595
f 1384//1595 438//1595 1385//1595
f 1385//1597 438//1598 437//1599
f 1385//1597 437//1599 1386//1599
f 1386//1600 437//1600 450//1601
f 1386//1600 450//1601 1387//1601
f 1387//1602 450//1602 453//1603
f 1387//1602 453//1603 1388//1604
f 1388//1605 453//1605 452//1605
f 1388//1605 452//1605 1389//1605
f 1389//1606 452//1606 451//1607
f 1389//1606 451//1607 1390//1607
f 1390//1608 451//1609 396//1610
f 1390//1608 396//1610 1391//1611
f 1391//1612 396//1612 395//1613
f 1391//1612 395//1613 1392//1613
f 1392//1614 395//1614 393//1615
f 1392//1614 393//1615 1393//1615
f 1393//1616 393//1616 392//1616
f 1393//1616 392//1616 1394//1616
f 1394//1481 392//1482 399//1482
f 186//1617 1395//1618 188//1618
f 188//1619 1395//1620 1396//1621
f 188//1619 1396//1621 190//1622
f 190//1623 1396//1623 1397//1624
f 190//1623 1397//1624 192//1624
f 192//1625 1397//1625 1398//1626
f 192//1625 1398//1626 194//1626
f 194//1627 1398//1627 1399//1628
f 194//1627 1399//1628 196//1629
f 196//1630 1399//1631 1400//1632
f 196//1630 1400//1632 198//1632
f 198//1633 1400//1633 1401//1634
f 198//1633 1401//1634 200//1634
f 200//1635 1401//1636 1402//1637
f 200//1635 1402//1637 202//1637
f 202//1638 1402//1639 1403//1640
f 202//1638 1403//1640 204//1640
f 204//1641 1403//1641 1404//1642
f 204//1641 1404//1642 206//1643
f 206//1644 1404//1644 1405//1645
f 206//1644 1405//1645 208//1645
f 208//1646 1405//1646 1406//1647
f 208//1646 1406//1647 210//1647
f 210//1648 1406//1648 1407//1649
f 210//1648 1407//1649 212//1650
f 212//1651 1407//1651 1408//1652
f 212//1651 1408//1652 214//1652
f 214//1653 1408//1653 1409//1654
f 214//1653 1409//1654 216//1654
f 216//1655 1409//1655 1410//1656
f 216//1655 1410//1656 218//1656
f 218//1657 1410//1657 1411//1658
f 218//1657 1411//1658 220//1658
f 220//1659 1411//1659 1412//1660
f 220//1659 1412//1660 222//1660
f 222//1661 1412//1661 1413//1662
f 222//1661 1413//1662 224//1663
f 224//523 1413//523 1414//1664
f 224//523 1414//1664 226//1664
f 226//1665 1414//1665 1415//1666
f 226//1665 1415//1666 228//1666
f 228//1667 1415//1667 1416//1668
f 228//1667 1416//1668 230//1668
f 230//1669 1416//1669 1417//1670
f 230//1669 1417//1670 232//1670
f 232//1671 1417//1671 1418//1672
f 232//1671 1418//1672 234//1672
f 234//1673 1418//1673 1419//1674
f 234//1673 1419//1674 236//1674
f 236//1675 1419//1675 1420//1676
f 236//1675 1420//1676 238//1677
f 238//1678 1420//1678 1421//1679
f 238//1678 1421//1679 240//1679
f 240//1680 1421//1680 1422//1681
f 240//1680 1422//1681 242//1681
f 242//1682 1422//1683 1423//1684
f 242//1682 1423//1684 244//1684
f 244//1685 1423//1685 1424//1686
f 244//1685 1424//1686 246//1686
f 246//1687 1424//1687 1425//1688
f 246//1687 1425//1688 248//1689
f 248//1690 1425//1690 1426//1691
f 248//1690 1426//1691 250//1692
f 250//545 1426//1693 1427//1694
f 250//545 1427//1694 252//1694
f 252//1695 1427//1695 1428//1696
f 252//1695 1428//1696 254//1696
f 254//1697 1428//1697 1429//1698
f 254//1697 1429//1698 256//1698
f 256//1699 1429//1700 1430//1701
f 256//1699 1430//1701 258//1701
f 258//1702 1430//1702 1431//1703
f 258//1702 1431//1703 260//1703
f 260//1704 1431//1705 1432//1706
f 260//1704 1432//1706 106//1706
f 106//1707 1432//1707 1433//1708
f 106//1707 1433//1708 108//1709
f 108//1710 1433//1711 1434//1712
f 108//1710 1434//1712 110//1710
f 110//1713 1434//1714 1435//1715
f 110//1713 1435//1715 112//1716
f 112//1717 1435//1717 1436//1718
f 112//1717 1436//1718 114//1718
f 114//1719 1436//1719 1437//1719
f 114//1719 1437//1719 116//1719
f 116//1720 1437//1721 1438//1722
f 116//1720 1438//1722 118//1723
f 118//1724 1438//1725 1439//1726
f 118//1724 1439//1726 120//1727
f 120//1728 1439//1728 1440//1729
f 120//1728 1440//1729 122//1729
f 122//1730 1440//1730 1441//1731
f 122//1730 1441//1731 124//1732
f 124//1733 1441//1734 1442//1735
f 124//1733 1442//1735 126//1736
f 126//1737 1442//1737 1443//1738
f 126//1737 1443//1738 128//1739
f 128//1740 1443//1741 1444//1742
f 128//1740 1444//1742 130//1743
f 130//1744 1444//1744 1445//1745
f 130//1744 1445//1745 132//1745
f 132//1746 1445//1747 1446//1748
f 132//1746 1446//1748 134//1748
f 134//1749 1446//1749 1447//1750
f 134//1749 1447//1750 136//1750
f 136//1751 1447//1751 1448//1752
f 136//1751 1448//1752 138//1752
f 138//1753 1448//1753 1449//1754
f 138//1753 1449//1754 140//1754
f 140//1755 1449//1755 1450//1756
f 140//1755 1450//1756 142//1756
f 142//1757 1450//1758 1451//1759
f 142//1757 1451//1759 144//1759
f 144//1760 1451//1760 1452//1761
f 144//1760 1452//1761 146//1761
f 146//458 1452//458 1453//1762
f 146//458 1453//1762 148//1762
f 148//1763 1453//1763 1454//1764
f 148//1763 1454//1764 150//1764
f 150//1765 1454//1765 1455//1766
f 150//1765 1455//1766 152//1766
f 152//1767 1455//1767 1456//1768
f 152//1767 1456//1768 154//1768
f 154//1769 1456//1769 1457//1770
f 154//1769 1457//1770 156//1770
f 156//1771 1457//1771 1458//1771
f 156//1771 1458//1771 158//1771
f 158//1772 1458//1772 1459//1773
f 158//1772 1459//1773 160//1773
f 160//1774 1459//1774 1460//1775
f 160//1774 1460//1775 162//1775
f 162//1776 1460//1776 1461//1777
f 162//1776 1461//1777 164//1778
f 164//1779 1461//1779 1462//1780
f 164//1779 1462//1780 166//1780
f 166//1781 1462//1781 1463//1782
f 166//1781 1463//1782 168//1782
f 168//1783 1463//1783 1464//1784
f 168//1783 1464//1784 170//1785
f 170//1786 1464//1786 1465//1787
f 170//1786 1465//1787 172//1788
f 172//1789 1465//1789 1466//1790
f 172//1789 1466//1790 174//1791
f 174//1792 1466//1792 1467//1793
f 174//1792 1467//1793 176//1794
f 176//1795 1467//1796 1468//1797
f 176//1795 1468//1797 178//1797
f 178//1798 1468//1798 1469//1799
f 178//1798 1469//1799 180//1799
f 180//1800 1469//1800 1470//1801
f 180//1800 1470//1801 182//1802
f 182//1803 1470//1803 1471//1804
f 182//1803 1471//1804 184//1804
f 184//1805 1471//1805 1472//1806
f 184//1805 1472//1806 186//1807
f 186//1617 1472//1617 1395//1618
f 1472//1808 1473//1809 1395//1810
f 1395//1811 1473//1811 1474//1812
f 1395//1811 1474//1812 1396//1812
f 1396//1813 1474//1813 1475//1814
f 1396//1813 1475//1814 1397//1814
f 1397//1815 1475//1815 1476//1816
f 1397//1815 1476//1816 1398//1816
f 1398//1817 1476//1817 1477//1818
f 1398//1817 1477//1818 1399//1819
f 1399//1820 1477//1821 1478//1822
f 1399//1820 1478//1822 1400//1822
f 1400//1823 1478//1823 1479//1824
f 1400//1823 1479//1824 1401//1824
f 1401//1825 1479//1825 1480//1826
f 1401//1825 1480//1826 1402//1826
f 1402//1827 1480//1827 1481//1828
f 1402//1827 1481//1828 1403//1827
f 1403//1829 1481//1829 1482//1830
f 1403//1829 1482//1830 1404//1830
f 1404//1831 1482//1831 1483//1831
f 1404//1831 1483//1831 1405//1831
f 1405//1832 1483//1832 1484//1833
f 1405//1832 1484//1833 1406//1833
f 1406//1834 1484//1834 1485//1835
f 1406//1834 1485//1835 1407//1835
f 1407//1836 1485//1836 1486//1837
f 1407//1836 1486//1837 1408//1837
f 1408//1838 1486//1838 1487//1839
f 1408//1838 1487//1839 1409//1840
f 1409//1841 1487//1842 1488//1843
f 1409//1841 1488//1843 1410//1844
f 1410//1845 1488//1845 1489//1846
f 1410//1845 1489//1846 1411//1846
f 1411//1847 1489//1847 1490//1848
f 1411//1847 1490//1848 1412//1848
f 1412//1849 1490//1849 1491//1850
f 1412//1849 1491//1850 1413//1851
f 1413//1852 1491//1852 1492//1853
f 1413//1852 1492//1853 1414//1853
f 1414//1854 1492//1854 1493//1855
f 1414//1854 1493//1855 1415//1855
f 1415//1856 1493//1856 1494//1857
f 1415//1856 1494//1857 1416//1857
f 1416//1858 1494//1858 1495//1859
f 1416//1858 1495//1859 1417//1859
f 1417//1860 1495//1860 1496//1861
f 1417//1860 1496//1861 1418//1861
f 1418//1862 1496//1862 1497//1863
f 1418//1862 1497//1863 1419//1863
f 1419//1864 1497//1864 1498//1865
f 1419//1864 1498//1865 1420//1865
f 1420//1866 1498//1866 1499//1867
f 1420//1866 1499//1867 1421//1867
f 1421//1868 1499//1868 1500//1869
f 1421//1868 1500//1869 1422//1869
f 1422//1870 1500//1870 1501//1871
f 1422//1870 1501//1871 1423//1871
f 1423//1872 1501//1872 1502//1873
f 1423//1872 1502//1873 1424//1873
f 1424//1874 1502//1874 1503//1875
f 1424//1874 1503//1875 1425//1875
f 1425//1876 1503//1876 1504//1877
f 1425//1876 1504//1877 1426//1877
f 1426//1878 1504//1878 1505//1879
f 1426//1878 1505//1879 1427//1879
f 1427//1880 1505//1880 1506//1881
f 1427//1880 1506//1881 1428//1881
f 1428//1882 1506//1882 1507//1882
f 1428//1882 1507//1882 1429//1882
f 1429//1883 1507//1883 1508//1884
f 1429//1883 1508//1884 1430//1884
f 1430//1885 1508//1885 1509//1886
f 1430//1885 1509//1886 1431//1886
f 1431//1887 1509//1887 1510//1888
f 1431//1887 1510//1888 1432//1889
f 1432//1890 1510//1891 1511//1892
f 1432//1890 1511//1892 1433//1892
f 1433//1893 1511//1893 1512//1894
f 1433//1893 1512//1894 1434//1894
f 1434//1895 1512//1895 1513//1896
f 1434//1895 1513//1896 1435//1896
f 1435//1897 1513//1897 1514//1898
f 1435//1897 1514//1898 1436//1898
f 1436//1899 1514//1899 1515//1900
f 1436//1899 1515//1900 1437//1900
f 1437//1901 1515//1902 1516//1902
f 1437//1901 1516//1902 1438//1903
f 1438//1904 1516//1905 1517//1904
f 1438//1904 1517//1904 1439//1904
f 1439//1906 1517//1906 1518//315
f 1439//1906 1518//315 1440//315
f 1440//1907 1518//1907 1519//1908
f 1440//1907 1519//1908 1441//1908
f 1441//1909 1519//1909 1520//1909
f 1441//1909 1520//1909 1442//1909
f 1442//1910 1520//1910 1521//1911
f 1442//1910 1521//1911 1443//1911
f 1443//1912 1521//1913 1522//1913
f 1443//1912 1522//1913 1444//1913
f 1444//1914 1522//1915 1523//1916
f 1444//1914 1523//1916 1445//1916
f 1445//1917 1523//1918 1524//1919
f 1445//1917 1524//1919 1446//1919
f 1446//1920 1524//1920 1525//1921
f 1446//1920 1525//1921 1447//1921
f 1447//1922 1525//1922 1526//1923
f 1447//1922 1526//1923 1448//1924
f 1448//1925 1526//1925 1527//1926
f 1448//1925 1527//1926 1449//1926
f 1449//1927 1527//1927 1528//1928
f 1449//1927 1528//1928 1450//1928
f 1450//1929 1528//1929 1529//1930
f 1450//1929 1529//1930 1451//1930
f 1451//1931 1529//1931 1530//1932
f 1451//1931 1530//1932 1452//1932
f 1452//1933 1530//1933 1531//1933
f 1452//1933 1531//1933 1453//1933
f 1453//1934 1531//1934 1532//1935
f 1453//1934 1532//1935 1454//1935
f 1454//1936 1532//1936 1533//1937
f 1454//1936 1533//1937 1455//1937
f 1455//1938 1533//1938 1534//1939
f 1455//1938 1534//1939 1456//1939
f 1456//1940 1534//1940 1535//1941
f 1456//1940 1535//1941 1457//1941
f 1457//1942 1535//1942 1536//1943
f 1457//1942 1536//1943 1458//1943
f 1458//1944 1536//1944 1537//1945
f 1458//1944 1537//1945 1459//1945
f 1459//1946 1537//1946 1538//1947
f 1459//1946 1538//1947 1460//1947
f 1460//1948 1538//1948 1539//1949
f 1460//1948 1539//1949 1461//1949
f 1461//1950 1539//1950 1540//1951
f 1461//1950 1540//1951 1462//1951
f 1462//1952 1540//1953 1541//1954
f 1462//1952 1541//1954 1463//1954
f 1463//1955 1541//1955 1542//1956
f 1463//1955 1542//1956 1464//1956
f 1464//1957 1542//1957 1543//1958
f 1464//1957 1543//1958 1465//1958
f 1465//1959 1543//1959 1544//1960
f 1465//1959 1544//1960 1466//1960
f 1466//1961 1544//1961 1545//1962
f 1466//1961 1545//1962 1467//1962
f 1467//1963 1545//1964 1546//1965
f 1467//1963 1546//1965 1468//1966
f 1468//1967 1546//1967 1547//1968
f 1468//1967 1547//1968 1469//1968
f 1469//1969 1547//1969 1548//1970
f 1469//1969 1548//1970 1470//1971
f 1470//1972 1548//1973 1549//1974
f 1470//1972 1549//1974 1471//1974
f 1471//1975 1549//1976 1550//1977
f 1471//1975 1550//1977 1472//1976
f 1472//1808 1550//1978 1473//1809
f 1550//1979 635//1980 1473//1980
f 1473//1981 635//1981 633//1982
f 1473//1981 633//1982 1474//1982
f 1474//1983 633//1983 632//1983
f 1474//1983 632//1983 1475//1983
f 1475//1984 632//1984 608//1985
f 1475//1984 608//1985 1476//1985
f 1476//1986 608//1986 525//1987
f 1476//1986 525//1987 1477//1987
f 1477//1988 525//1988 524//1989
f 1477//1988 524//1989 1478//1989
f 1478//1990 524//1990 621//1990
f 1478//1990 621//1990 1479//1990
f 1479//1991 621//1991 620//1992
f 1479//1991 620//1992 1480//1992
f 1480//1993 620//1993 618//1994
f 1480//1993 618//1994 1481//1994
f 1481//1995 618//1995 616//1996
f 1481//1995 616//1996 1482//1996
f 1482//1997 616//1997 614//1997
f 1482//1997 614//1997 1483//1997
f 1483//1998 614//1998 612//1998
f 1483//1998 612//1998 1484//1998
f 1484//1999 612//1999 611//1999
f 1484//1999 611//1999 1485//1999
f 1485//2000 611//2000 606//2001
f 1485//2000 606//2001 1486//2001
f 1486//2002 606//2002 604//2002
f 1486//2002 604//2002 1487//2002
f 1487//2003 604//2003 645//2004
f 1487//2003 645//2004 1488//2004
f 1488//2005 645//2005 647//2005
f 1488//2005 647//2005 1489//2005
f 1489//2006 647//2006 653//2007
f 1489//2006 653//2007 1490//2007
f 1490//2008 653//2008 652//2009
f 1490//2008 652//2009 1491//2009
f 1491//2010 652//2010 650//2010
f 1491//2010 650//2010 1492//2010
f 1492//2011 650//2011 656//2011
f 1492//2011 656//2011 1493//2011
f 1493//2012 656//2012 655//2012
f 1493//2012 655//2012 1494//2012
f 1494//2013 655//2014 654//2015
f 1494//2013 654//2015 1495//2015
f 1495//2016 654//2016 520//2016
f 1495//2016 520//2016 1496//2016
f 1496//2017 520//2017 563//2018
f 1496//2017 563//2018 1497//2018
f 1497//2019 563//2019 564//2020
f 1497//2019 564//2020 1498//2020
f 1498//2021 564//2021 569//2022
f 1498//2021 569//2022 1499//2022
f 1499//2023 569//2023 568//2024
f 1499//2023 568//2024 1500//2024
f 1500//2025 568//2025 566//2026
f 1500//2025 566//2026 1501//2026
f 1501//2027 566//2028 657//2029
f 1501//2027 657//2029 1502//2029
f 1502//2030 657//2030 658//2031
f 1502//2030 658//2031 1503//2031
f 1503//2032 658//2032 659//2032
f 1503//2032 659//2032 1504//2032
f 1504//2033 659//2033 660//2034
f 1504//2033 660//2034 1505//2034
f 1505//2035 660//2035 679//2036
f 1505//2035 679//2036 1506//2036
f 1506//2037 679//2037 678//2038
f 1506//2037 678//2038 1507//2038
f 1507//2039 678//2039 677//2040
f 1507//2039 677//2040 1508//2040
f 1508//2041 677//2041 675//2042
f 1508//2041 675//2042 1509//2042
f 1509//2043 675//2043 674//2043
f 1509//2043 674//2043 1510//2043
f 1510//2044 674//2044 517//2045
f 1510//2044 517//2045 1511//2045
f 1511//2046 517//2046 661//2046
f 1511//2046 661//2046 1512//2046
f 1512//2047 661//2047 663//2048
f 1512//2047 663//2048 1513//2048
f 1513//2049 663//2049 665//2050
f 1513//2049 665//2050 1514//2050
f 1514//2051 665//2051 667//2052
f 1514//2051 667//2052 1515//2052
f 1515//2053 667//2053 683//2054
f 1515//2053 683//2054 1516//2055
f 1516//2056 683//2056 682//2057
f 1516//2056 682//2057 1517//2057
f 1517//2058 682//2058 681//2058
f 1517//2058 681//2058 1518//2058
f 1518//2059 681//2059 680//2060
f 1518//2059 680//2060 1519//2060
f 1519//2061 680//2061 685//2062
f 1519//2061 685//2062 1520//2062
f 1520//2063 685//2063 684//2064
f 1520//2063 684//2064 1521//2064
f 1521//2065 684//2065 686//2065
f 1521//2065 686//2065 1522//2065
f 1522//2066 686//2066 690//2067
f 1522//2066 690//2067 1523//2067
f 1523//2068 690//2068 689//2069
f 1523//2068 689//2069 1524//2069
f 1524//2070 689//2070 688//2071
f 1524//2070 688//2071 1525//2071
f 1525//2072 688//2072 687//2073
f 1525//2072 687//2073 1526//2073
f 1526//2074 687//2074 693//2074
f 1526//2074 693//2074 1527//2074
f 1527//2075 693//2075 695//2075
f 1527//2075 695//2075 1528//2075
f 1528//2076 695//2076 697//2077
f 1528//2076 697//2077 1529//2077
f 1529//2078 697//2078 704//2079
f 1529//2078 704//2079 1530//2079
f 1530//2080 704//2080 703//2080
f 1530//2080 703//2080 1531//2080
f 1531//2081 703//2082 701//2081
f 1531//2081 701//2081 1532//2081
f 1532//2083 701//2083 699//2083
f 1532//2083 699//2083 1533//2083
f 1533//2084 699//2085 707//2086
f 1533//2084 707//2086 1534//2086
f 1534//2087 707//2087 513//2087
f 1534//2087 513//2087 1535//2087
f 1535//2088 513//2088 512//2089
f 1535//2088 512//2089 1536//2089
f 1536//2090 512//2090 714//2091
f 1536//2090 714//2091 1537//2091
f 1537//2092 714//2092 713//2093
f 1537//2092 713//2093 1538//2093
f 1538//2094 713//2094 712//2095
f 1538//2094 712//2095 1539//2095
f 1539//2096 712//2096 711//2096
f 1539//2096 711//2096 1540//2096
f 1540//2097 711//2097 589//2097
f 1540//2097 589//2097 1541//2097
f 1541//2098 589//2098 587//2099
f 1541//2098 587//2099 1542//2099
f 1542//2100 587//2100 585//2100
f 1542//2100 585//2100 1543//2100
f 1543//2101 585//2101 584//2101
f 1543//2101 584//2101 1544//2101
f 1544//2102 584//2102 583//2103
f 1544//2102 583//2103 1545//2103
f 1545//2104 583//2104 581//2104
f 1545//2104 581//2104 1546//2104
f 1546//2105 581//2105 628//2106
f 1546//2105 628//2106 1547//2106
f 1547//2107 628//2107 630//2107
f 1547//2107 630//2107 1548//2107
f 1548//2108 630//2109 638//2108
f 1548//2108 638//2108 1549//2108
f 1549//2110 638//2110 637//2111
f 1549//2110 637//2111 1550//2111
f 1550//1979 637//1979 635//1980
f 281//2112 1551//2113 296//2113
f 296//2114 1551//2115 1552//2116
f 296//2114 1552//2116 295//2116
f 295//2117 1552//2118 1553//2119
f 295//2117 1553//2119 293//2117
f 293//2120 1553//2120 1554//2121
f 293//2120 1554//2121 291//2122
f 291//2123 1554//2123 1555//2123
f 291//2123 1555//2123 388//2123
f 388//2124 1555//2124 1556//2125
f 388//2124 1556//2125 386//2125
f 386//2126 1556//2127 1557//2126
f 386//2126 1557//2126 387//2126
f 387//2128 1557//2128 1558//2129
f 387//2128 1558//2129 376//2130
f 376//2131 1558//2131 1559//2132
f 376//2131 1559//2132 377//2132
f 377//2133 1559//2133 1560//2133
f 377//2133 1560//2133 379//2133
f 379//2134 1560//2134 1561//2135
f 379//2134 1561//2135 381//2135
f 381//2136 1561//2136 1562//2137
f 381//2136 1562//2137 382//2137
f 382//2138 1562//2139 1563//2139
f 382//2138 1563//2139 383//2139
f 383//2140 1563//2140 1564//2140
f 383//2140 1564//2140 384//2140
f 384//2141 1564//2141 1565//2142
f 384//2141 1565//2142 375//2142
f 375//2143 1565//2143 1566//2144
f 375//2143 1566//2144 374//2144
f 374//2145 1566//2146 1567//2145
f 374//2145 1567//2145 373//2145
f 373//2147 1567//2147 1568//2148
f 373//2147 1568//2148 371//2148
f 371//2149 1568//2150 1569//2149
f 371//2149 1569//2149 369//2149
f 369//2151 1569//2151 1570//2152
f 369//2151 1570//2152 368//2152
f 368//2153 1570//2153 1571//2153
f 368//2153 1571//2153 367//2154
f 367//2155 1571//2155 1572//2156
f 367//2155 1572//2156 365//2156
f 365//2157 1572//2157 1573//2158
f 365//2157 1573//2158 347//2159
f 347//2160 1573//2160 1574//2161
f 347//2160 1574//2161 348//2161
f 348//2162 1574//2162 1575//2163
f 348//2162 1575//2163 350//2164
f 350//2165 1575//2165 1576//2166
f 350//2165 1576//2166 351//2167
f 351//2168 1576//2169 1577//2170
f 351//2168 1577//2170 352//2171
f 352//2172 1577//2172 1578//2172
f 352//2172 1578//2172 353//2172
f 353//2173 1578//2173 1579//2174
f 353//2173 1579//2174 354//2174
f 354//2175 1579//2175 1580//2176
f 354//2175 1580//2176 345//2176
f 345//2177 1580//2177 1581//2177
f 345//2177 1581//2177 346//2177
f 346//2178 1581//2179 1582//2180
f 346//2178 1582//2180 270//2178
f 270//2181 1582//2181 1583//2181
f 270//2181 1583//2181 271//2181
f 271//2182 1583//2183 1584//2184
f 271//2182 1584//2184 342//2184
f 342//2185 1584//2185 1585//2186
f 342//2185 1585//2186 334//2186
f 334//2187 1585//2188 1586//2189
f 334//2187 1586//2189 335//2190
f 335//2191 1586//2191 1587//2192
f 335//2191 1587//2192 337//2192
f 337//2193 1587//2194 1588//2195
f 337//2193 1588//2195 338//2196
f 338//2197 1588//2197 1589//2198
f 338//2197 1589//2198 339//2198
f 339//2199 1589//2200 1590//2199
f 339//2199 1590//2199 340//2201
f 340//2202 1590//2202 1591//2202
f 340//2202 1591//2202 341//2202
f 341//2203 1591//2203 1592//2204
f 341//2203 1592//2204 275//2204
f 275//2205 1592//2205 1593//2206
f 275//2205 1593//2206 273//2206
f 273//2207 1593//2207 1594//2208
f 273//2207 1594//2208 328//2208
f 328//2209 1594//2209 1595//2210
f 328//2209 1595//2210 329//2210
f 329//2211 1595//2211 1596//2211
f 329//2211 1596//2211 333//2211
f 333//2212 1596//2212 1597//2213
f 333//2212 1597//2213 332//2214
f 332//2215 1597//2215 1598//2216
f 332//2215 1598//2216 330//2216
f 330//2217 1598//2217 1599//2218
f 330//2217 1599//2218 320//2218
f 320//2219 1599//2219 1600//2219
f 320//2219 1600//2219 321//2219
f 321//2220 1600//2220 1601//2220
f 321//2220 1601//2220 323//2220
f 323//2221 1601//2221 1602//2222
f 323//2221 1602//2222 324//2222
f 324//2223 1602//2223 1603//2224
f 324//2223 1603//2224 325//2224
f 325//2225 1603//2225 1604//2226
f 325//2225 1604//2226 326//2227
f 326//2228 1604//2228 1605//2228
f 326//2228 1605//2228 315//2228
f 315//2229 1605//2229 1606//2229
f 315//2229 1606//2229 316//2229
f 316//2230 1606//2230 1607//2231
f 316//2230 1607//2231 317//2231
f 317//2232 1607//2233 1608//2234
f 317//2232 1608//2234 318//2234
f 318//2235 1608//2235 1609//2236
f 318//2235 1609//2236 319//2236
f 319//2237 1609//2237 1610//2237
f 319//2237 1610//2237 310//2238
f 310//2239 1610//2239 1611//2240
f 310//2239 1611//2240 311//2240
f 311//2241 1611//2242 1612//2243
f 311//2241 1612//2243 313//2244
f 313//2245 1612//2245 1613//2246
f 313//2245 1613//2246 309//2246
f 309//2247 1613//2248 1614//2249
f 309//2247 1614//2249 305//2250
f 305//2251 1614//2251 1615//2251
f 305//2251 1615//2251 306//2251
f 306//2252 1615//2252 1616//2253
f 306//2252 1616//2253 308//2254
f 308//2255 1616//2255 1617//2256
f 308//2255 1617//2256 297//2256
f 297//2257 1617//2257 1618//2257
f 297//2257 1618//2257 298//2257
f 298//2258 1618//2258 1619//2259
f 298//2258 1619//2259 300//2259
f 300//2260 1619//2260 1620//2260
f 300//2260 1620//2260 301//2260
f 301//2261 1620//2262 1621//2263
f 301//2261 1621//2263 302//2263
f 302//2264 1621//2264 1622//2264
f 302//2264 1622//2264 303//2264
f 303//2265 1622//2266 1623//2267
f 303//2265 1623//2267 304//2268
f 304//2269 1623//2269 1624//2269
f 304//2269 1624//2269 285//2269
f 285//2270 1624//2271 1625//2271
f 285//2270 1625//2271 286//2271
f 286//2272 1625//2272 1626//2273
f 286//2272 1626//2273 277//2273
f 277//2274 1626//2275 1627//2276
f 277//2274 1627//2276 279//2276
f 279//2277 1627//2277 1628//2278
f 279//2277 1628//2278 281//2278
f 281//2112 1628//2279 1551//2113
f 1628//2280 1629//2281 1551//2282
f 1551//2283 1629//2284 1630//2285
f 1551//2283 1630//2285 1552//2285
f 1552//2286 1630//2286 1631//2287
f 1552//2286 1631//2287 1553//2287
f 1553//2288 1631//2289 1632//2290
f 1553//2288 1632//2290 1554//2290
f 1554//2291 1632//2291 1633//2292
f 1554//2291 1633//2292 1555//2293
f 1555//2294 1633//2294 1634//2295
f 1555//2294 1634//2295 1556//2296
f 1556//2297 1634//2297 1635//2298
f 1556//2297 1635//2298 1557//2299
f 1557//2300 1635//2301 1636//2302
f 1557//2300 1636//2302 1558//2302
f 1558//2303 1636//2304 1637//2305
f 1558//2303 1637//2305 1559//2305
f 1559//2306 1637//2306 1638//2307
f 1559//2306 1638//2307 1560//2307
f 1560//2308 1638//2308 1639//2308
f 1560//2308 1639//2308 1561//2308
f 1561//2309 1639//2309 1640//2310
f 1561//2309 1640//2310 1562//2310
f 1562//2311 1640//2311 1641//2312
f 1562//2311 1641//2312 1563//2312
f 1563//2313 1641//2313 1642//2314
f 1563//2313 1642//2314 1564//2315
f 1564//2316 1642//2317 1643//2318
f 1564//2316 1643//2318 1565//2318
f 1565//2319 1643//2319 1644//2320
f 1565//2319 1644//2320 1566//2320
f 1566//2321 1644//2322 1645//2323
f 1566//2321 1645//2323 1567//2323
f 1567//2324 1645//2325 1646//2326
f 1567//2324 1646//2326 1568//2326
f 1568//2327 1646//2327 1647//2328
f 1568//2327 1647//2328 1569//2328
f 1569//2329 1647//2329 1648//2330
f 1569//2329 1648//2330 1570//2330
f 1570//2331 1648//2331 1649//2332
f 1570//2331 1649//2332 1571//2333
f 1571//2334 1649//2334 1650//2335
f 1571//2334 1650//2335 1572//2335
f 1572//2336 1650//2337 1651//2338
f 1572//2336 1651//2338 1573//2338
f 1573//2339 1651//2339 1652//2340
f 1573//2339 1652//2340 1574//2340
f 1574//2341 1652//2341 1653//2342
f 1574//2341 1653//2342 1575//2342
f 1575//2343 1653//2343 1654//2344
f 1575//2343 1654//2344 1576//2344
f 1576//2345 1654//2345 1655//2346
f 1576//2345 1655//2346 1577//2346
f 1577//2347 1655//2347 1656//2348
f 1577//2347 1656//2348 1578//2349
f 1578//2350 1656//2350 1657//2351
f 1578//2350 1657//2351 1579//2352
f 1579//2353 1657//2353 1658//2354
f 1579//2353 1658//2354 1580//2354
f 1580//2355 1658//2355 1659//2356
f 1580//2355 1659//2356 1581//2356
f 1581//2357 1659//2358 1660//2359
f 1581//2357 1660//2359 1582//2360
f 1582//2361 1660//2361 1661//2361
f 1582//2361 1661//2361 1583//2361
f 1583//2362 1661//2362 1662//2363
f 1583//2362 1662//2363 1584//2363
f 1584//2364 1662//2364 1663//2364
f 1584//2364 1663//2364 1585//2365
f 1585//2366 1663//2366 1664//2367
f 1585//2366 1664//2367 1586//2367
f 1586//2368 1664//2368 1665//2369
f 1586//2368 1665//2369 1587//2369
f 1587//2370 1665//2370 1666//2371
f 1587//2370 1666//2371 1588//2371
f 1588//2372 1666//2373 1667//2374
f 1588//2372 1667//2374 1589//2373
f 1589//2375 1667//2376 1668//2377
f 1589//2375 1668//2377 1590//2377
f 1590//2378 1668//2378 1669//2379
f 1590//2378 1669//2379 1591//2379
f 1591//2380 1669//2380 1670//2381
f 1591//2380 1670//2381 1592//2381
f 1592//2382 1670//2382 1671//2382
f 1592//2382 1671//2382 1593//2383
f 1593//2384 1671//2385 1672//2385
f 1593//2384 1672//2385 1594//2386
f 1594//2387 1672//2387 1673//2388
f 1594//2387 1673//2388 1595//2388
f 1595//2389 1673//2390 1674//2391
f 1595//2389 1674//2391 1596//2391
f 1596//2392 1674//2393 1675//2394
f 1596//2392 1675//2394 1597//2394
f 1597//2395 1675//2395 1676//2396
f 1597//2395 1676//2396 1598//2397
f 1598//2398 1676//2399 1677//2400
f 1598//2398 1677//2400 1599//2400
f 1599//2401 1677//2401 1678//2401
f 1599//2401 1678//2401 1600//2401
f 1600//2402 1678//2402 1679//2402
f 1600//2402 1679//2402 1601//2402
f 1601//2403 1679//2403 1680//2404
f 1601//2403 1680//2404 1602//2405
f 1602//2406 1680//2406 1681//2407
f 1602//2406 1681//2407 1603//2407
f 1603//2408 1681//2409 1682//2410
f 1603//2408 1682//2410 1604//2410
f 1604//2411 1682//2411 1683//2412
f 1604//2411 1683//2412 1605//2412
f 1605//2413 1683//2413 1684//2414
f 1605//2413 1684//2414 1606//2414
f 1606//2415 1684//2416 1685//2417
f 1606//2415 1685//2417 1607//2417
f 1607//2418 1685//2418 1686//2419
f 1607//2418 1686//2419 1608//2419
f 1608//2420 1686//2420 1687//2420
f 1608//2420 1687//2420 1609//2420
f 1609//2421 1687//2421 1688//2422
f 1609//2421 1688//2422 1610//2422
f 1610//2423 1688//2424 1689//2425
f 1610//2423 1689//2425 1611//2425
f 1611//2426 1689//2426 1690//2427
f 1611//2426 1690//2427 1612//2427
f 1612//2428 1690//2429 1691//2430
f 1612//2428 1691//2430 1613//2430
f 1613//2431 1691//2431 1692//2432
f 1613//2431 1692//2432 1614//2432
f 1614//2433 1692//2433 1693//2434
f 1614//2433 1693//2434 1615//2434
f 1615//2435 1693//2436 1694//2437
f 1615//2435 1694//2437 1616//2437
f 1616//2438 1694//2438 1695//2439
f 1616//2438 1695//2439 1617//2439
f 1617//2440 1695//2440 1696//2441
f 1617//2440 1696//2441 1618//2441
f 1618//2442 1696//2442 1697//2443
f 1618//2442 1697//2443 1619//2444
f 1619//2445 1697//2445 1698//2446
f 1619//2445 1698//2446 1620//2446
f 1620//2447 1698//2448 1699//2449
f 1620//2447 1699//2449 1621//2449
f 1621//2450 1699//2450 1700//2450
f 1621//2450 1700//2450 1622//2451
f 1622//2452 1700//2452 1701//2453
f 1622//2452 1701//2453 1623//2453
f 1623//2454 1701//2454 1702//2455
f 1623//2454 1702//2455 1624//2455
f 1624//2456 1702//2456 1703//2457
f 1624//2456 1703//2457 1625//2458
f 1625//2459 1703//2459 1704//2460
f 1625//2459 1704//2460 1626//2460
f 1626//2461 1704//2462 1705//2463
f 1626//2461 1705//2463 1627//2463
f 1627//2464 1705//2464 1706//2465
f 1627//2464 1706//2465 1628//2465
f 1628//2280 1706//2280 1629//2281
f 1706//2466 187//2466 1629//2467
f 1629//2468 187//2468 189//2469
f 1629//2468 189//2469 1630//2469
f 1630//2470 189//2471 191//2472
f 1630//2470 191//2472 1631//2472
f 1631//2473 191//2473 193//2474
f 1631//2473 193//2474 1632//2474
f 1632//2475 193//2475 195//2476
f 1632//2475 195//2476 1633//2475
f 1633//2477 195//2478 197//2479
f 1633//2477 197//2479 1634//2480
f 1634//2481 197//2481 199//2482
f 1634//2481 199//2482 1635//2483
f 1635//2484 199//2484 201//2485
f 1635//2484 201//2485 1636//2486
f 1636//2487 201//2488 203//2489
f 1636//2487 203//2489 1637//2489
f 1637//2490 203//2490 205//2491
f 1637//2490 205//2491 1638//2491
f 1638//2492 205//2492 207//2493
f 1638//2492 207//2493 1639//2494
f 1639//2495 207//2495 209//2496
f 1639//2495 209//2496 1640//2496
f 1640//2497 209//2497 211//2498
f 1640//2497 211//2498 1641//2498
f 1641//2499 211//2499 213//2500
f 1641//2499 213//2500 1642//2500
f 1642//2501 213//2501 215//2502
f 1642//2501 215//2502 1643//2502
f 1643//2503 215//2503 217//2504
f 1643//2503 217//2504 1644//2504
f 1644//2505 217//2505 219//2506
f 1644//2505 219//2506 1645//2506
f 1645//2507 219//2507 221//2508
f 1645//2507 221//2508 1646//2508
f 1646//2509 221//2509 223//2510
f 1646//2509 223//2510 1647//2511
f 1647//2512 223//2512 225//2513
f 1647//2512 225//2513 1648//2514
f 1648//2515 225//2515 227//2516
f 1648//2515 227//2516 1649//2516
f 1649//2517 227//2517 229//2518
f 1649//2517 229//2518 1650//2518
f 1650//2519 229//2519 231//2519
f 1650//2519 231//2519 1651//2520
f 1651//2521 231//2521 233//2522
f 1651//2521 233//2522 1652//2522
f 1652//2523 233//2523 235//2524
f 1652//2523 235//2524 1653//2524
f 1653//2525 235//2525 237//2526
f 1653//2525 237//2526 1654//2527
f 1654//2528 237//2528 239//2529
f 1654//2528 239//2529 1655//2529
f 1655//2530 239//2530 241//2531
f 1655//2530 241//2531 1656//2531
f 1656//2532 241//2533 243//2534
f 1656//2532 243//2534 1657//2534
f 1657//2535 243//2535 245//2536
f 1657//2535 245//2536 1658//2536
f 1658//2537 245//2537 247//2538
f 1658//2537 247//2538 1659//2537
f 1659//2539 247//2539 249//2540
f 1659//2539 249//2540 1660//2541
f 1660//2542 249//2542 251//2543
f 1660//2542 251//2543 1661//2543
f 1661//2544 251//2545 253//2546
f 1661//2544 253//2546 1662//2546
f 1662//2547 253//2548 255//2549
f 1662//2547 255//2549 1663//2550
f 1663//2551 255//2551 257//2552
f 1663//2551 257//2552 1664//2552
f 1664//2553 257//2553 259//2554
f 1664//2553 259//2554 1665//2555
f 1665//2556 259//2557 105//2558
f 1665//2556 105//2558 1666//2557
f 1666//2559 105//2559 107//2560
f 1666//2559 107//2560 1667//2561
f 1667//2562 107//2562 109//2563
f 1667//2562 109//2563 1668//2563
f 1668//2564 109//2565 111//2565
f 1668//2564 111//2565 1669//2566
f 1669//2567 111//2568 113//2569
f 1669//2567 113//2569 1670//2569
f 1670//2570 113//2570 115//2570
f 1670//2570 115//2570 1671//2570
f 1671//2571 115//2572 117//2573
f 1671//2571 117//2573 1672//2574
f 1672//2575 117//2576 119//2577
f 1672//2575 119//2577 1673//2577
f 1673//2578 119//2578 121//2579
f 1673//2578 121//2579 1674//2579
f 1674//2580 121//2580 123//2581
f 1674//2580 123//2581 1675//2581
f 1675//2582 123//2583 125//2584
f 1675//2582 125//2584 1676//2585
f 1676//2586 125//2586 127//2587
f 1676//2586 127//2587 1677//2587
f 1677//2588 127//2589 129//2590
f 1677//2588 129//2590 1678//2590
f 1678//2591 129//2591 131//2592
f 1678//2591 131//2592 1679//2592
f 1679//2593 131//2593 133//2594
f 1679//2593 133//2594 1680//2594
f 1680//2595 133//2595 135//2596
f 1680//2595 135//2596 1681//2596
f 1681//2597 135//2597 137//2598
f 1681//2597 137//2598 1682//2598
f 1682//2599 137//2599 139//2600
f 1682//2599 139//2600 1683//2600
f 1683//2601 139//2601 141//2602
f 1683//2601 141//2602 1684//2602
f 1684//2603 141//2603 143//2604
f 1684//2603 143//2604 1685//2604
f 1685//2605 143//2605 145//2606
f 1685//2605 145//2606 1686//2606
f 1686//2607 145//2607 147//2608
f 1686//2607 147//2608 1687//2608
f 1687//2609 147//2609 149//2610
f 1687//2609 149//2610 1688//2610
f 1688//2611 149//2611 151//2612
f 1688//2611 151//2612 1689//2612
f 1689//2613 151//2613 153//2613
f 1689//2613 153//2613 1690//2613
f 1690//2614 153//2614 155//2615
f 1690//2614 155//2615 1691//2615
f 1691//2616 155//2616 157//2616
f 1691//2616 157//2616 1692//2616
f 1692//2617 157//2618 159//2619
f 1692//2617 159//2619 1693//2619
f 1693//2620 159//2621 161//2622
f 1693//2620 161//2622 1694//2622
f 1694//2623 161//2623 163//2623
f 1694//2623 163//2623 1695//2624
f 1695//2625 163//2625 165//2626
f 1695//2625 165//2626 1696//2626
f 1696//2627 165//2627 167//2628
f 1696//2627 167//2628 1697//2628
f 1697//2629 167//2629 169//2630
f 1697//2629 169//2630 1698//2630
f 1698//2631 169//2632 171//2633
f 1698//2631 171//2633 1699//2634
f 1699//2635 171//2636 173//2637
f 1699//2635 173//2637 1700//2637
f 1700//2638 173//2639 175//2640
f 1700//2638 175//2640 1701//2641
f 1701//2642 175//2643 177//2644
f 1701//2642 177//2644 1702//2645
f 1702//2646 177//2646 179//2647
f 1702//2646 179//2647 1703//2647
f 1703//2648 179//2648 181//2649
f 1703//2648 181//2649 1704//2650
f 1704//2651 181//2652 183//2653
f 1704//2651 183//2653 1705//2653
f 1705//2654 183//2654 185//2655
f 1705//2654 185//2655 1706//2655
f 1706//2466 185//2466 187//2466
f 1707//2656 1708//2656 1709//2656
f 1709//2656 1710//2656 1711//2656
f 1712//2656 1713//2656 1714//2657
f 1714//2657 1713//2656 1715//2658
f 1710//2656 1716//2656 1711//2656
f 1711//2656 1716//2656 1713//2656
f 1711//2656 1713//2656 1717//2656
f 1717//2656 1713//2656 1712//2656
f 1718//2656 1719//2656 1707//2656
f 1707//2656 1719//2656 1720//2659
f 1707//2656 1720//2659 1721//2659
f 1711//2656 1722//2660 1709//2656
f 1709//2656 1722//2660 1723//2656
f 1709//2656 1723//2656 1707//2656
f 1707//2656 1723//2656 1724//2656
f 1707//2656 1724//2656 1725//2656
f 1725//2656 1726//2656 1707//2656
f 1707//2656 1726//2656 1727//2656
f 1707//2656 1727//2656 1718//2656
f 1728//2661 1729//2661 1730//2661
f 1730//2661 1729//2661 1731//2661
f 1732//2656 1733//2656 1734//2656
f 1734//2656 1733//2656 1735//2656
f 1736//2662 1737//2662 1738//2662
f 1738//2662 1737//2662 1739//2662
f 1740//2663 1741//2663 1742//2663
f 1742//2663 1741//2663 1743//2663
f 1744//135 1730//135 1745//135
f 1745//135 1730//135 1731//135
f 1745//135 1731//135 1746//135
f 1746//135 1731//135 1747//135
f 1746//135 1747//135 1748//135
f 1748//135 1747//135 1749//135
f 1748//135 1749//135 1750//135
f 1750//135 1749//135 1734//135
f 1750//135 1734//135 1751//135
f 1751//135 1734//135 1735//135
f 1751//135 1735//135 1752//135
f 1752//135 1735//135 1753//135
f 1752//135 1753//135 1754//135
f 1754//135 1753//135 1755//135
f 1754//135 1755//135 1756//135
f 1756//135 1755//135 1737//135
f 1756//135 1737//135 1757//135
f 1757//135 1737//135 1736//135
f 1757//135 1736//135 1758//135
f 1758//135 1736//135 1759//135
f 1758//135 1759//135 1760//135
f 1760//135 1759//135 1761//135
f 1760//135 1761//135 1762//135
f 1762//135 1761//135 1742//135
f 1762//135 1742//135 1763//135
f 1763//135 1742//135 1743//135
f 1763//135 1743//135 1764//135
f 1764//135 1743//135 1765//135
f 1764//135 1765//135 1766//135
f 1766//135 1765//135 1767//135
f 1766//135 1767//135 1744//135
f 1744//135 1767//135 1730//135
f 1768//136 1769//136 1770//136
f 1768//136 1770//136 1771//136
f 1771//136 1770//136 1772//136
f 1771//136 1772//136 1773//136
f 1774//136 1775//136 1776//2664
f 1776//2664 1775//136 1777//2665
f 1776//2664 1777//2665 1778//136
f 1779//136 1780//136 1781//136
f 1781//136 1780//136 1782//136
f 1781//136 1782//136 1783//136
f 1783//136 1782//136 1732//136
f 1784//136 1785//136 1786//136
f 1786//136 1785//136 1787//136
f 1786//136 1787//136 1788//136
f 1769//136 1768//136 1789//136
f 1789//136 1768//136 1790//136
f 1789//136 1790//136 1791//136
f 1791//136 1790//136 1792//136
f 1791//136 1792//136 1793//136
f 1793//136 1792//136 1794//136
f 1793//136 1794//136 1795//2664
f 1795//2664 1794//136 1733//136
f 1795//2664 1733//136 1707//2664
f 1778//136 1777//2665 1740//2665
f 1740//2665 1777//2665 1796//2665
f 1740//2665 1796//2665 1741//136
f 1782//136 1713//136 1732//136
f 1732//136 1713//136 1716//2665
f 1732//136 1716//2665 1733//136
f 1733//136 1716//2665 1708//136
f 1733//136 1708//136 1707//2664
f 1773//136 1772//136 1739//136
f 1739//136 1772//136 1797//136
f 1739//136 1797//136 1738//136
f 1796//2665 1798//136 1741//136
f 1741//136 1798//136 1799//2664
f 1741//136 1799//2664 1800//136
f 1800//136 1799//2664 1801//2664
f 1800//136 1801//2664 1802//136
f 1802//136 1801//2664 1803//2666
f 1802//136 1803//2666 1804//2664
f 1804//2664 1803//2666 1805//136
f 1804//2664 1805//136 1784//136
f 1784//136 1805//136 1806//136
f 1784//136 1806//136 1785//136
f 1788//136 1787//136 1728//136
f 1728//136 1787//136 1807//136
f 1728//136 1807//136 1729//136
f 1797//136 1808//136 1738//136
f 1738//136 1808//136 1809//136
f 1738//136 1809//136 1810//136
f 1810//136 1809//136 1811//136
f 1810//136 1811//136 1812//136
f 1812//136 1811//136 1813//136
f 1812//136 1813//136 1814//136
f 1814//136 1813//136 1815//136
f 1814//136 1815//136 1774//136
f 1774//136 1815//136 1816//136
f 1774//136 1816//136 1775//136
f 1807//136 1817//136 1729//136
f 1729//136 1817//136 1818//136
f 1729//136 1818//136 1819//136
f 1819//136 1818//136 1820//136
f 1819//136 1820//136 1821//136
f 1821//136 1820//136 1822//136
f 1821//136 1822//136 1823//136
f 1823//136 1822//136 1824//136
f 1823//136 1824//136 1779//136
f 1779//136 1824//136 1825//136
f 1779//136 1825//136 1780//136
f 1738//2667 1810//2667 1736//2667
f 1736//2668 1810//2668 1812//2668
f 1736//2669 1812//2669 1759//2669
f 1812//2670 1814//2670 1759//2670
f 1759//2671 1814//2671 1774//2671
f 1759//2672 1774//2672 1761//2672
f 1740//2673 1742//2673 1778//2673
f 1778//2674 1742//2674 1761//2674
f 1778//2675 1761//2675 1776//2675
f 1776//2676 1761//2676 1774//2676
f 1741//2677 1800//2677 1743//2677
f 1743//2678 1800//2678 1802//2678
f 1743//2679 1802//2679 1765//2679
f 1802//2680 1804//2680 1765//2680
f 1765//2681 1804//2681 1784//2681
f 1765//2682 1784//2682 1767//2682
f 1728//2683 1730//2683 1788//2683
f 1788//2684 1730//2684 1767//2684
f 1788//2685 1767//2685 1786//2685
f 1786//2686 1767//2686 1784//2686
f 1729//2687 1819//2687 1731//2687
f 1731//2688 1819//2688 1821//2688
f 1731//2689 1821//2689 1747//2689
f 1821//2690 1823//2690 1747//2690
f 1747//2691 1823//2691 1779//2691
f 1747//2692 1779//2692 1749//2692
f 1732//2693 1734//2693 1783//2693
f 1783//2694 1734//2694 1749//2694
f 1783//2695 1749//2695 1781//2695
f 1781//2696 1749//2696 1779//2696
f 1733//2697 1794//2697 1735//2697
f 1735//2698 1794//2698 1792//2698
f 1735//2699 1792//2699 1753//2699
f 1792//2700 1790//2700 1753//2700
f 1753//2701 1790//2701 1768//2701
f 1753//2702 1768//2702 1755//2702
f 1739//2703 1737//2703 1773//2703
f 1773//2704 1737//2704 1755//2704
f 1773//2705 1755//2705 1771//2705
f 1771//2706 1755//2706 1768//2706
f 1826//2707 1827//2707 1828//2707
f 1828//2708 1827//2708 1829//2708
f 1828//2708 1829//2708 1830//2708
f 1830//2709 1829//2709 1831//2709
f 1830//2709 1831//2709 1832//2709
f 1832//2710 1831//2710 1833//2710
f 1832//2710 1833//2710 1834//2710
f 1834//2711 1833//2711 1835//2711
f 1834//2711 1835//2711 1836//2711
f 1836//2712 1835//2712 1837//2712
f 1836//2712 1837//2712 1838//2712
f 1838//2713 1837//2713 1839//2713
f 1838//2713 1839//2713 1840//2713
f 1840//2714 1839//2714 1841//2714
f 1840//2714 1841//2714 1842//2714
f 1842//2715 1841//2715 1843//2715
f 1842//2715 1843//2715 1844//2715
f 1844//2716 1843//2716 1845//2716
f 1844//2716 1845//2716 1846//2716
f 1846//2717 1845//2717 1847//2717
f 1846//2717 1847//2717 1848//2717
f 1848//2718 1847//2718 1849//2718
f 1848//2718 1849//2718 1826//2718
f 1826//2707 1849//2707 1827//2707
f 1850//136 1843//136 1851//136
f 1851//136 1843//136 1841//136
f 1851//136 1841//136 1852//136
f 1852//136 1841//136 1839//136
f 1852//136 1839//136 1853//136
f 1853//136 1839//136 1837//136
f 1853//136 1837//136 1854//136
f 1854//136 1837//136 1835//136
f 1854//136 1835//136 1855//136
f 1855//136 1835//136 1833//136
f 1855//136 1833//136 1856//136
f 1856//136 1833//136 1831//136
f 1856//136 1831//136 1857//136
f 1857//136 1831//136 1829//136
f 1857//136 1829//136 1858//136
f 1858//136 1829//136 1827//136
f 1858//136 1827//136 1859//136
f 1859//136 1827//136 1849//136
f 1859//136 1849//136 1860//136
f 1860//136 1849//136 1847//136
f 1860//136 1847//136 1861//136
f 1861//136 1847//136 1845//136
f 1861//136 1845//136 1850//136
f 1850//136 1845//136 1843//136
f 1862//2718 1853//2718 1863//2718
f 1863//2718 1853//2718 1854//2718
f 1863//2717 1854//2717 1864//2717
f 1864//2717 1854//2717 1855//2717
f 1864//2716 1855//2716 1865//2716
f 1865//2716 1855//2716 1856//2716
f 1865//2715 1856//2715 1866//2715
f 1866//2715 1856//2715 1857//2715
f 1866//2714 1857//2714 1867//2714
f 1867//2714 1857//2714 1858//2714
f 1867//2713 1858//2713 1868//2713
f 1868//2713 1858//2713 1859//2713
f 1868//2712 1859//2712 1869//2712
f 1869//2712 1859//2712 1860//2712
f 1869//2711 1860//2711 1870//2711
f 1870//2711 1860//2711 1861//2711
f 1870//2710 1861//2710 1871//2710
f 1871//2710 1861//2710 1850//2710
f 1871//2709 1850//2709 1872//2709
f 1872//2709 1850//2709 1851//2709
f 1872//2708 1851//2708 1873//2708
f 1873//2708 1851//2708 1852//2708
f 1873//2707 1852//2707 1862//2707
f 1862//2707 1852//2707 1853//2707
f 1872//136 1873//136 1874//136
f 1874//136 1873//136 1862//136
f 1874//136 1862//136 1863//136
f 1869//136 1870//136 1874//136
f 1874//136 1870//136 1871//136
f 1874//136 1871//136 1872//136
f 1866//136 1867//136 1874//136
f 1874//136 1867//136 1868//136
f 1874//136 1868//136 1869//136
f 1863//136 1864//136 1874//136
f 1874//136 1864//136 1865//136
f 1874//136 1865//136 1866//136
f 1875//2719 1876//2719 1877//2719
f 1877//2720 1876//2720 1878//2720
f 1876//2720 1879//2720 1878//2720
f 1878//2721 1879//2721 1880//2721
f 1878//2721 1880//2721 1881//2721
f 1881//2722 1880//2722 1882//2722
f 1881//2722 1882//2722 1883//2722
f 1883//2723 1882//2723 1884//2723
f 1883//2723 1884//2723 1885//2723
f 1885//2724 1884//2724 1886//2724
f 1885//2724 1886//2724 1887//2724
f 1887//2725 1886//2725 1888//2725
f 1887//2725 1888//2725 1889//2725
f 1889//2726 1888//2726 1890//2726
f 1889//2726 1890//2726 1891//2726
f 1891//2727 1890//2727 1892//2727
f 1891//2727 1892//2727 1893//2727
f 1893//2728 1892//2728 1894//2728
f 1893//2728 1894//2728 1895//2728
f 1895//2729 1894//2729 1896//2729
f 1895//2729 1896//2729 1897//2729
f 1897//2730 1896//2730 1898//2730
f 1897//2730 1898//2730 1899//2730
f 1899//2731 1898//2731 1900//2731
f 1899//2731 1900//2731 1901//2731
f 1901//2732 1900//2732 1875//2732
f 1901//2732 1875//2732 1902//2732
f 1902//2719 1875//2719 1877//2719
f 1879//136 1876//136 1838//136
f 1838//136 1876//136 1875//136
f 1838//136 1875//136 1836//136
f 1836//136 1875//136 1900//136
f 1836//136 1900//136 1834//136
f 1834//136 1900//136 1898//136
f 1834//136 1898//136 1832//136
f 1832//136 1898//136 1896//136
f 1832//136 1896//136 1830//136
f 1830//136 1896//136 1894//136
f 1830//136 1894//136 1828//136
f 1828//136 1894//136 1892//136
f 1828//136 1892//136 1826//136
f 1826//136 1892//136 1890//136
f 1826//136 1890//136 1848//136
f 1848//136 1890//136 1888//136
f 1848//136 1888//136 1846//136
f 1846//136 1888//136 1886//136
f 1846//136 1886//136 1844//136
f 1844//136 1886//136 1884//136
f 1844//136 1884//136 1842//136
f 1842//136 1884//136 1882//136
f 1842//136 1882//136 1840//136
f 1840//136 1882//136 1880//136
f 1840//136 1880//136 1838//136
f 1838//136 1880//136 1879//136
f 1903//2733 1904//2733 1905//2733
f 1906//2734 1907//2734 1908//2734
f 1908//2735 1907//2735 1909//2735
f 1908//2736 1909//2736 1903//2736
f 1903//2737 1905//2737 1908//2737
f 1908//2738 1905//2738 1910//2738
f 1908//2739 1910//2740 1911//2741
f 1911//2741 1910//2740 1912//2742
f 1911//2743 1912//2743 1913//2743
f 1906//2744 1908//2744 1914//2744
f 1914//2745 1908//2745 1911//2745
f 1914//2746 1911//2746 1915//2746
f 1915//2747 1911//2747 1913//2747
f 1915//2748 1913//2748 1916//2748
f 1913//2749 1912//2749 1917//2749
f 1918//2661 1919//2750 1920//2751
f 1920//2752 1919//2752 1921//2752
f 1920//2753 1921//2753 1917//2753
f 1917//2754 1921//2754 1916//2754
f 1917//2755 1916//2755 1913//2755
f 1922//2756 1923//2756 1924//2756
f 1925//2757 1926//2757 1927//2757
f 1928//2758 1929//2758 1930//2758
f 1930//2759 1929//2760 1931//2761
f 1932//2762 1933//2762 1934//2762
f 1934//2763 1933//2763 1935//2763
f 1934//2764 1935//2764 1936//2764
f 1936//2765 1935//2766 1937//2767
f 1936//2765 1937//2767 1922//2768
f 1938//2769 1939//2770 1940//2771
f 1940//2771 1939//2770 1941//2772
f 1940//2773 1941//2773 1942//2773
f 1942//2774 1941//2774 1932//2774
f 1942//2775 1932//2775 1943//2775
f 1922//2776 1924//2776 1936//2776
f 1936//2777 1924//2777 1930//2777
f 1936//2778 1930//2778 1925//2778
f 1925//2779 1930//2759 1931//2761
f 1925//2780 1931//2780 1926//2780
f 1932//2781 1934//2781 1943//2781
f 1943//2782 1934//2782 1936//2782
f 1943//2783 1936//2783 1944//2783
f 1944//2784 1936//2784 1925//2784
f 1944//2785 1925//2785 1945//2785
f 1945//2786 1925//2786 1927//2786
f 1945//2787 1927//2787 1946//2787
f 1947//2788 1948//2788 1949//2788
f 1949//2789 1950//2789 1947//2789
f 1947//2790 1950//2790 1951//2790
f 1947//2791 1951//2791 1952//2791
f 1952//2792 1951//2793 1953//2794
f 1952//2792 1953//2794 1954//2795
f 1955//2796 1956//2796 1949//2796
f 1949//2797 1956//2797 1957//2797
f 1949//2798 1957//2798 1950//2798
f 1958//2799 1959//2799 1960//2799
f 1960//2800 1959//2800 1961//2800
f 1962//2801 1963//2801 1958//2801
f 1958//2802 1960//2802 1962//2802
f 1962//2803 1960//2803 1964//2803
f 1962//2804 1964//2805 1965//2806
f 1948//2807 1965//2807 1949//2807
f 1949//2808 1965//2806 1964//2805
f 1949//2809 1964//2809 1955//2809
f 1955//2810 1964//2810 1960//2810
f 1955//2811 1960//2811 1966//2811
f 1966//2812 1960//2812 1961//2812
f 1966//2813 1961//2814 1967//2815
f 1967//2815 1961//2814 1968//2816
f 1969//2817 1970//2817 1971//2817
f 1972//2818 1973//2818 1974//2818
f 1975//2819 1976//2819 1977//2819
f 1977//2820 1976//2821 1978//2822
f 1979//2823 1980//2823 1981//2823
f 1981//2824 1980//2824 1982//2824
f 1981//2825 1982//2825 1983//2825
f 1983//2826 1982//2827 1984//2828
f 1983//2826 1984//2828 1969//2829
f 1985//2830 1986//2831 1987//2832
f 1987//2832 1986//2831 1988//2833
f 1987//2834 1988//2834 1989//2834
f 1989//2835 1988//2835 1979//2835
f 1989//2836 1979//2836 1990//2836
f 1969//2837 1971//2837 1983//2837
f 1983//2838 1971//2838 1977//2838
f 1983//2839 1977//2839 1972//2839
f 1972//2840 1977//2820 1978//2822
f 1972//2841 1978//2841 1973//2841
f 1979//2842 1981//2842 1990//2842
f 1990//2843 1981//2843 1983//2843
f 1990//2844 1983//2844 1991//2844
f 1991//2845 1983//2845 1972//2845
f 1991//2846 1972//2846 1992//2846
f 1992//2847 1972//2847 1974//2847
f 1992//2848 1974//2848 1993//2848
f 1994//2849 1995//2849 1996//2849
f 1996//2850 1997//2850 1994//2850
f 1994//2851 1997//2851 1998//2851
f 1994//2852 1998//2852 1999//2852
f 1999//2853 1998//2854 2000//2855
f 1999//2853 2000//2855 2001//2856
f 2002//2857 2003//2857 1996//2857
f 1996//2858 2003//2858 2004//2858
f 1996//2859 2004//2859 1997//2859
f 2005//2860 2006//2860 2007//2860
f 2007//2861 2006//2861 2008//2861
f 2009//2862 2010//2862 2005//2862
f 2005//2863 2007//2863 2009//2863
f 2009//2864 2007//2864 2011//2864
f 2009//2865 2011//2866 2012//2867
f 1995//2868 2012//2868 1996//2868
f 1996//2869 2012//2867 2011//2866
f 1996//2870 2011//2870 2002//2870
f 2002//2871 2011//2871 2007//2871
f 2002//2872 2007//2872 2013//2872
f 2013//2873 2007//2873 2008//2873
f 2013//2874 2008//2875 2014//2876
f 2014//2876 2008//2875 2015//2877
f 2016//2878 2017//2878 2018//2878
f 2019//2879 2020//2879 2021//2879
f 2022//2880 2023//2880 2024//2880
f 2024//2881 2023//2882 2025//2883
f 2026//2884 2027//2884 2028//2884
f 2028//2885 2027//2885 2029//2885
f 2028//2886 2029//2886 2030//2886
f 2030//2887 2029//2888 2031//2889
f 2030//2887 2031//2889 2016//2890
f 2032//2891 2033//2892 2034//2893
f 2034//2893 2033//2892 2035//2894
f 2034//2895 2035//2895 2036//2895
f 2036//2896 2035//2896 2026//2896
f 2036//2897 2026//2897 2037//2897
f 2016//2898 2018//2898 2030//2898
f 2030//2899 2018//2899 2024//2899
f 2030//2900 2024//2900 2019//2900
f 2019//2901 2024//2881 2025//2883
f 2019//2902 2025//2902 2020//2902
f 2026//2903 2028//2903 2037//2903
f 2037//2904 2028//2904 2030//2904
f 2037//2905 2030//2905 2038//2905
f 2038//2906 2030//2906 2019//2906
f 2038//2907 2019//2907 2039//2907
f 2039//2908 2019//2908 2021//2908
f 2039//2909 2021//2909 2040//2909
f 2041//2910 2042//2910 2043//2910
f 2044//2911 2045//2911 2046//2911
f 2046//2912 2045//2912 2047//2912
f 2046//2913 2047//2913 2041//2913
f 2041//2914 2043//2914 2046//2914
f 2046//2915 2043//2915 2048//2915
f 2046//2916 2048//2917 2049//2918
f 2049//2918 2048//2917 2050//2919
f 2049//2920 2050//2920 2051//2920
f 2044//2921 2046//2921 2052//2921
f 2052//2922 2046//2922 2049//2922
f 2052//2923 2049//2923 2053//2923
f 2053//2924 2049//2924 2051//2924
f 2053//2925 2051//2925 2054//2925
f 2051//2926 2050//2926 2055//2926
f 2056//2927 2057//2928 2058//2928
f 2058//2929 2057//2929 2059//2929
f 2058//2930 2059//2930 2055//2930
f 2055//2931 2059//2931 2054//2931
f 2055//2932 2054//2932 2051//2932
f 2060//2933 2061//2933 2062//2933
f 2062//2934 2063//2934 2060//2934
f 2060//2935 2063//2935 2064//2935
f 2060//2936 2064//2936 2065//2936
f 2065//2937 2064//2938 2066//2939
f 2065//2937 2066//2939 2067//2940
f 2068//2941 2069//2941 2062//2941
f 2062//2942 2069//2942 2070//2942
f 2062//2943 2070//2943 2063//2943
f 2071//2944 2072//2944 2073//2944
f 2073//2945 2072//2945 2074//2945
f 2075//2946 2076//2946 2071//2946
f 2071//2947 2073//2947 2075//2947
f 2075//2948 2073//2948 2077//2948
f 2075//2949 2077//2950 2078//2951
f 2061//2952 2078//2952 2062//2952
f 2062//2953 2078//2951 2077//2950
f 2062//2954 2077//2954 2068//2954
f 2068//2955 2077//2955 2073//2955
f 2068//2956 2073//2956 2079//2956
f 2079//2957 2073//2957 2074//2957
f 2079//2958 2074//2959 2080//2960
f 2080//2960 2074//2959 2081//2961
f 1724//2962 1723//2962 2082//2962
f 2083//2963 2084//2963 2085//2963
f 2086//2964 2087//2964 2088//2964
f 2088//2965 2087//2966 2089//2967
f 1718//2968 1727//2968 2090//2968
f 2090//2969 1727//2969 1726//2969
f 2090//2970 1726//2970 2091//2970
f 2091//2971 1726//2972 1725//2973
f 2091//2971 1725//2973 1724//2974
f 1721//2975 1720//2976 2092//2977
f 2092//2977 1720//2976 1719//2978
f 2092//2979 1719//2979 2093//2979
f 2093//2980 1719//2980 1718//2980
f 2093//2981 1718//2981 2094//2981
f 1724//2982 2082//2982 2091//2982
f 2091//2983 2082//2983 2088//2983
f 2091//2984 2088//2984 2083//2984
f 2083//2985 2088//2965 2089//2967
f 2083//2986 2089//2986 2084//2986
f 1718//2987 2090//2987 2094//2987
f 2094//2988 2090//2988 2091//2988
f 2094//2989 2091//2989 2095//2989
f 2095//2990 2091//2990 2083//2990
f 2095//2991 2083//2991 2096//2991
f 2096//2992 2083//2992 2085//2992
f 2096//2993 2085//2993 2097//2993
f 2098//2994 2099//2994 2100//2994
f 2100//2995 1717//2995 2098//2995
f 2098//2996 1717//2996 1712//2996
f 2098//2997 1712//2997 2101//2997
f 2101//2998 1712//2999 1714//3000
f 2101//2998 1714//3000 1715//3001
f 2102//3002 1722//3002 2100//3002
f 2100//3003 1722//3003 1711//3003
f 2100//3004 1711//3004 1717//3004
f 2103//3005 2104//3005 2105//3005
f 2105//3006 2104//3006 2106//3006
f 2107//3007 2108//3007 2103//3007
f 2103//3008 2105//3008 2107//3008
f 2107//3009 2105//3009 2109//3009
f 2107//3010 2109//3011 2110//3012
f 2099//3013 2110//3013 2100//3013
f 2100//3014 2110//3012 2109//3011
f 2100//3015 2109//3015 2102//3015
f 2102//3016 2109//3016 2105//3016
f 2102//3017 2105//3017 2111//3017
f 2111//3018 2105//3018 2106//3018
f 2111//3019 2106//3020 2112//3021
f 2112//3021 2106//3020 2113//3022
f 2114//2749 2115//2749 2116//2749
f 1918//2661 2117//3023 2118//2750
f 2118//2750 2117//3023 2114//2661
f 2118//3024 2114//3025 2119//3026
f 2119//3027 2114//3027 2116//3027
f 2119//3028 2116//3028 2120//3028
f 2121//3029 2122//3029 2123//3029
f 2124//2758 2125//2758 2126//2758
f 2126//2759 2125//2760 2127//3030
f 2116//3031 2115//3031 2128//3031
f 2120//3032 2116//3032 2129//3032
f 2116//3033 2128//3033 2129//3033
f 2129//3034 2128//3034 2130//3034
f 2129//3035 2130//3035 2131//3035
f 2131//3036 2130//3036 2126//3036
f 2131//3037 2126//3037 2121//3037
f 2121//3038 2126//2759 2127//3030
f 2121//2780 2127//2780 2122//2780
f 2120//3039 2129//3039 2132//3039
f 2132//3040 2129//3040 2131//3040
f 2132//3041 2131//3041 2133//3041
f 2133//3042 2131//3042 2121//3042
f 2133//3043 2121//3043 2134//3043
f 2134//3044 2121//3044 2123//3044
f 2134//3045 2123//3045 2135//3045
f 2136//2926 2137//2926 2138//2926
f 2056//2927 2139//2662 2140//2928
f 2140//2928 2139//2662 2136//2662
f 2140//3046 2136//3047 2141//3048
f 2141//3049 2136//3049 2138//3049
f 2141//3050 2138//3050 2142//3050
f 2143//3051 2144//3051 2145//3051
f 2145//3052 2144//3052 2146//3052
f 2147//2880 2148//2880 2149//2880
f 2149//2881 2148//2882 2150//3053
f 2138//3054 2137//3054 2151//3054
f 2142//3055 2138//3055 2152//3055
f 2138//3056 2151//3056 2152//3056
f 2152//3057 2151//3057 2153//3057
f 2152//3058 2153//3058 2154//3058
f 2154//3059 2153//3059 2149//3059
f 2154//3060 2149//3060 2145//3060
f 2145//3061 2149//2881 2150//3053
f 2145//3062 2150//3062 2143//3062
f 2142//3063 2152//3063 2155//3063
f 2155//3064 2152//3064 2154//3064
f 2155//3065 2154//3065 2156//3065
f 2156//3066 2154//3066 2145//3066
f 2156//3067 2145//3067 2157//3067
f 2157//3068 2145//3068 2146//3068
f 2157//3069 2146//3069 2158//3069
f 2157//3070 2158//3070 2159//3070
f 2142//3071 2054//3071 2141//3071
f 2141//3071 2054//3071 2059//3071
f 2141//3048 2059//3072 2140//3046
f 2140//3046 2059//3072 2057//3073
f 2140//2928 2057//2928 2056//2927
f 2044//3074 2052//3074 2160//3074
f 2160//3075 2052//3075 2053//3075
f 2157//3076 2159//3076 2156//3076
f 2053//3077 2054//3077 2160//3077
f 2160//3078 2054//3078 2142//3078
f 2160//3078 2142//3078 2159//3078
f 2159//3079 2142//3079 2155//3079
f 2159//3080 2155//3080 2156//3080
f 2119//3081 2120//3081 1921//3081
f 1921//3081 2120//3081 1916//3081
f 2119//3026 1921//3082 2118//3024
f 2118//3024 1921//3082 1919//3082
f 2118//2750 1919//2750 1918//2661
f 2161//3083 1906//3083 1914//3083
f 2132//3084 2133//3084 2162//3084
f 2162//3085 2133//3085 2134//3085
f 2162//3086 2134//3086 2135//3086
f 1914//3087 1915//3087 2161//3087
f 2161//3088 1915//3088 1916//3088
f 2161//3089 1916//3089 2162//3089
f 2162//3089 1916//3089 2120//3089
f 2162//3090 2120//3090 2132//3090
f 2069//3091 2068//3091 2137//3092
f 2137//3092 2068//3091 2079//3091
f 2137//3092 2079//3091 2151//3093
f 2080//3091 2149//3094 2079//3091
f 2079//3091 2149//3094 2153//3091
f 2079//3091 2153//3091 2151//3093
f 2080//3091 2081//3091 2163//3091
f 2080//3091 2163//3091 2149//3094
f 2149//3094 2163//3091 2164//3091
f 2149//3094 2164//3091 2147//3091
f 2002//3095 1977//3096 2003//3095
f 2003//3095 1977//3096 1971//3096
f 2003//3095 1971//3096 1970//3095
f 2015//3095 1975//3096 2014//3096
f 2014//3096 1975//3096 1977//3096
f 2014//3096 1977//3096 2013//3096
f 2013//3096 1977//3096 2002//3095
f 2102//3097 2088//3097 1722//3097
f 1722//3097 2088//3097 2082//3098
f 1722//3097 2082//3098 1723//3098
f 2113//3097 2086//3097 2112//3097
f 2112//3097 2086//3097 2088//3097
f 2112//3097 2088//3097 2111//3097
f 2111//3097 2088//3097 2102//3097
f 1956//3099 1955//3099 2115//3100
f 2115//3100 1955//3099 1966//3099
f 2115//3100 1966//3099 2128//3100
f 2165//3099 2124//3099 2126//3101
f 1968//3099 2165//3099 1967//3099
f 1967//3099 2165//3099 2126//3101
f 1967//3099 2126//3101 1966//3099
f 1966//3099 2126//3101 2130//3099
f 1966//3099 2130//3099 2128//3100
f 2166//3102 2167//3102 2168//3102
f 2168//3103 2167//3103 2169//3103
f 2168//3103 2169//3103 2170//3103
f 2170//3104 2169//3104 2171//3104
f 2170//3104 2171//3104 2172//3104
f 2172//3105 2171//3105 2173//3105
f 2172//3105 2173//3105 2174//3105
f 2174//3106 2173//3106 2175//3106
f 2174//3106 2175//3106 2176//3106
f 2176//3107 2175//3107 2177//3107
f 2176//3107 2177//3107 2178//3107
f 2178//3108 2177//3108 2179//3108
f 2178//3108 2179//3108 2180//3108
f 2180//3109 2179//3109 2181//3109
f 2180//3109 2181//3109 2182//3109
f 2182//3110 2181//3110 2183//3110
f 2182//3110 2183//3110 2184//3111
f 2184//3112 2183//3113 2185//3112
f 2184//3112 2185//3112 2186//3112
f 2186//3114 2185//3114 2187//3114
f 2186//3114 2187//3114 2188//3114
f 2188//3115 2187//3115 2189//3115
f 2188//3115 2189//3115 2190//3115
f 2190//3116 2189//3116 2191//3116
f 2190//3116 2191//3116 2192//3116
f 2192//3117 2191//3118 2193//3117
f 2192//3117 2193//3117 2194//3117
f 2194//3119 2193//3119 2195//3119
f 2194//3119 2195//3119 2196//3119
f 2196//3120 2195//3120 2197//3120
f 2196//3120 2197//3120 2198//3120
f 2198//3121 2197//3121 2199//3121
f 2198//3121 2199//3121 2200//3121
f 2200//3122 2199//3122 2201//3122
f 2200//3122 2201//3122 2202//3122
f 2202//3123 2201//3123 2203//3123
f 2202//3123 2203//3123 2204//3123
f 2204//3124 2203//3124 2205//3124
f 2204//3124 2205//3124 2206//3124
f 2206//3125 2205//3125 2207//3125
f 2206//3125 2207//3125 2208//3125
f 2208//3126 2207//3126 2166//3126
f 2208//3127 2166//3127 2168//3127
f 2209//136 2210//136 2211//136
f 2212//136 2213//136 2214//136
f 2215//136 2210//136 2216//136
f 2216//136 2210//136 2209//136
f 2216//136 2209//136 2217//136
f 2217//136 2209//136 2218//136
f 2217//136 2218//136 2219//136
f 2219//136 2218//136 2220//136
f 2219//136 2220//136 2221//136
f 2221//136 2220//136 2097//136
f 2221//136 2097//136 2222//136
f 2223//136 2224//136 2225//136
f 2225//136 2224//136 2226//136
f 2225//136 2226//136 2227//136
f 2227//136 2226//136 2228//136
f 2227//136 2228//136 2222//136
f 2223//136 2074//136 2229//136
f 2229//136 2074//136 2072//136
f 2229//136 2072//136 2230//136
f 2230//136 2072//136 2071//136
f 2231//136 2232//136 2233//136
f 2233//136 2232//136 2108//136
f 2234//136 2235//136 2236//136
f 2237//136 1926//136 2238//136
f 2238//136 1926//136 1931//136
f 2238//136 1931//136 1929//136
f 2233//136 2239//136 2231//136
f 2231//136 2239//136 2240//136
f 2231//136 2240//136 2241//136
f 2241//136 2240//136 2242//136
f 2241//136 2242//136 2243//136
f 2243//136 2242//136 2244//136
f 2243//136 2244//136 2245//136
f 2245//136 2244//136 1946//136
f 2245//136 1946//136 2237//136
f 2237//136 1946//136 1927//136
f 2237//136 1927//136 1926//136
f 1929//136 1928//136 2238//136
f 2238//136 1928//136 2246//136
f 2238//136 2246//136 2247//136
f 2225//136 2180//136 2248//136
f 2248//136 2180//136 2182//136
f 2248//136 2182//136 2184//136
f 2186//136 2188//136 2249//136
f 2249//136 2188//136 2190//136
f 2249//136 2190//136 2192//136
f 2213//136 2234//136 2214//136
f 2214//136 2234//136 2236//136
f 2214//136 2236//136 2200//136
f 2192//136 2194//136 2249//136
f 2249//136 2194//136 2196//136
f 2249//136 2196//136 2236//136
f 2236//136 2196//136 2198//136
f 2236//136 2198//136 2200//136
f 2200//136 2202//136 2214//136
f 2214//136 2202//136 2204//136
f 2214//136 2204//136 2206//136
f 2172//136 2174//136 2227//136
f 2227//136 2174//136 2176//136
f 2227//136 2176//136 2225//136
f 2225//136 2176//136 2178//136
f 2225//136 2178//136 2180//136
f 2206//136 2208//136 2214//136
f 2214//136 2208//136 2168//136
f 2214//136 2168//136 2227//136
f 2227//136 2168//136 2170//136
f 2227//136 2170//136 2172//136
f 2160//136 2159//136 2044//136
f 2044//136 2159//136 2158//136
f 2044//136 2158//136 2045//136
f 2045//136 2158//136 2146//136
f 2146//136 2144//136 2250//136
f 2250//136 2144//136 2143//136
f 2250//136 2143//136 2251//136
f 2251//136 2143//136 2150//136
f 2251//136 2150//136 2148//136
f 2148//136 2147//136 2251//136
f 2251//136 2147//136 2164//136
f 2251//136 2164//136 2252//136
f 2253//136 2248//136 2254//136
f 2254//136 2248//136 2255//136
f 2254//136 2255//136 2256//136
f 2257//136 2258//136 2255//136
f 2255//136 2258//136 2259//136
f 2255//136 2259//136 2256//136
f 2250//136 2260//136 2146//136
f 2146//136 2260//136 2261//136
f 2146//136 2261//136 2045//136
f 2045//136 2261//136 2262//136
f 2045//136 2262//136 2047//136
f 2047//136 2262//136 2263//136
f 2047//136 2263//136 2041//136
f 2041//136 2263//136 2258//136
f 2041//136 2258//136 2042//136
f 2042//136 2258//136 2257//136
f 2264//136 2265//136 2040//136
f 2040//136 2265//136 2266//136
f 2040//136 2021//136 2264//136
f 2264//136 2021//136 2020//136
f 2264//136 2020//136 2267//136
f 2267//136 2020//136 2025//136
f 2267//136 2025//136 2023//136
f 2268//136 2269//136 2005//136
f 2005//136 2269//136 2255//136
f 2005//136 2255//136 2006//136
f 2269//136 2270//136 2255//136
f 2255//136 2270//136 2271//136
f 2255//136 2271//136 2257//136
f 2257//136 2271//136 2267//136
f 2257//136 2267//136 2022//136
f 2022//136 2267//136 2023//136
f 2266//136 2272//136 2273//136
f 2268//136 2005//136 2274//136
f 2274//136 2005//136 2010//136
f 2274//136 2010//136 2275//136
f 2275//136 2010//136 2276//136
f 2275//136 2276//136 2277//136
f 2277//136 2276//136 2278//136
f 2277//136 2278//136 2272//136
f 2272//136 2278//136 2279//136
f 2272//136 2279//136 2273//136
f 2266//136 2273//136 2040//136
f 2040//136 2273//136 2280//136
f 2040//136 2280//136 2281//136
f 2282//136 1978//136 1976//136
f 1975//136 2015//136 2255//136
f 2255//136 2015//136 2008//136
f 2255//136 2008//136 2006//136
f 2283//136 1974//136 2282//136
f 2282//136 1974//136 1973//136
f 2282//136 1973//136 1978//136
f 2165//136 2284//136 2282//136
f 2282//136 2284//136 2285//136
f 2282//136 2285//136 2283//136
f 2286//136 2287//136 2288//136
f 2288//136 2287//136 2289//136
f 2288//136 2289//136 2290//136
f 2290//136 2289//136 2291//136
f 2290//136 2291//136 2292//136
f 2292//136 2291//136 1993//136
f 2292//136 1993//136 2293//136
f 2293//136 1993//136 1974//136
f 2293//136 1974//136 2294//136
f 2294//136 1974//136 2283//136
f 2295//136 1958//136 2296//136
f 2296//136 1958//136 1963//136
f 2296//136 1963//136 2297//136
f 2297//136 1963//136 2298//136
f 2297//136 2298//136 2286//136
f 2286//136 2298//136 2299//136
f 2286//136 2299//136 2287//136
f 2165//136 1968//136 2284//136
f 2284//136 1968//136 1961//136
f 2284//136 1961//136 2295//136
f 2295//136 1961//136 1959//136
f 2295//136 1959//136 1958//136
f 2300//136 2301//136 2249//136
f 2302//136 2303//136 1907//136
f 2300//136 1903//136 2303//136
f 2303//136 1903//136 1909//136
f 2303//136 1909//136 1907//136
f 1907//136 1906//136 2302//136
f 2302//136 1906//136 2161//136
f 2302//136 2161//136 2304//136
f 2304//136 2161//136 2162//136
f 2304//136 2162//136 2305//136
f 2305//136 2162//136 2135//136
f 2305//136 2135//136 2306//136
f 2301//136 2307//136 2249//136
f 2249//136 2307//136 2308//136
f 2249//136 2308//136 2282//136
f 2135//136 2123//136 2306//136
f 2306//136 2123//136 2122//136
f 2306//136 2122//136 2309//136
f 2309//136 2122//136 2127//136
f 2309//136 2127//136 2125//136
f 2308//136 2310//136 2282//136
f 2282//136 2310//136 2311//136
f 2282//136 2311//136 2165//136
f 2165//136 2311//136 2309//136
f 2165//136 2309//136 2124//136
f 2124//136 2309//136 2125//136
f 2235//136 2247//136 2236//136
f 2236//136 2247//136 2246//136
f 2236//136 2246//136 2249//136
f 2249//136 2246//136 2312//136
f 2249//136 2312//136 2300//136
f 2300//136 2312//136 1904//136
f 2300//136 1904//136 1903//136
f 2084//136 2089//136 2227//136
f 2227//136 2089//136 2087//136
f 2232//136 2212//136 2108//136
f 2108//136 2212//136 2214//136
f 2108//136 2214//136 2103//136
f 2103//136 2214//136 2104//136
f 2222//136 2097//136 2227//136
f 2227//136 2097//136 2085//136
f 2227//136 2085//136 2084//136
f 2087//136 2086//136 2227//136
f 2227//136 2086//136 2113//136
f 2227//136 2113//136 2214//136
f 2214//136 2113//136 2106//136
f 2214//136 2106//136 2104//136
f 2313//136 2211//136 2076//136
f 2076//136 2211//136 2210//136
f 2076//136 2210//136 2071//136
f 2071//136 2210//136 2215//136
f 2071//136 2215//136 2230//136
f 2253//136 2252//136 2248//136
f 2248//136 2252//136 2164//136
f 2248//136 2164//136 2225//136
f 2225//136 2164//136 2163//136
f 2225//136 2163//136 2223//136
f 2223//136 2163//136 2081//136
f 2223//136 2081//136 2074//136
f 2184//136 2186//136 2248//136
f 2248//136 2186//136 2249//136
f 2248//136 2249//136 2255//136
f 2255//136 2249//136 2282//136
f 2255//136 2282//136 1975//136
f 1975//136 2282//136 1976//136
f 1924//3128 1923//3128 1912//3099
f 1924//3128 1912//3099 1930//3099
f 1930//3099 1912//3099 1910//3099
f 1930//3099 1910//3099 1905//3099
f 1905//3099 1904//3099 2312//3099
f 1905//3099 2312//3099 1930//3099
f 1930//3099 2312//3099 2246//3099
f 1930//3099 2246//3099 1928//3099
f 2257//3091 2022//3091 2024//3091
f 2017//3093 2050//3091 2018//3093
f 2018//3093 2050//3091 2024//3091
f 2050//3091 2048//3091 2024//3091
f 2024//3091 2048//3091 2043//3091
f 2024//3091 2043//3091 2257//3091
f 2257//3091 2043//3091 2042//3091
f 1881//136 2169//136 1878//136
f 1878//136 2169//136 2167//136
f 1878//136 2167//136 1877//136
f 1877//136 2167//136 2166//136
f 1877//136 2166//136 1902//136
f 1883//136 2173//136 1881//136
f 1881//136 2173//136 2171//136
f 1881//136 2171//136 2169//136
f 1887//136 2179//136 1885//136
f 1885//136 2179//136 2177//136
f 1885//136 2177//136 1883//136
f 1883//136 2177//136 2175//136
f 1883//136 2175//136 2173//136
f 1891//136 2185//136 1889//136
f 1889//136 2185//136 2183//136
f 1889//136 2183//136 1887//136
f 1887//136 2183//136 2181//136
f 1887//136 2181//136 2179//136
f 1901//136 2201//136 1899//136
f 1899//136 2201//136 2199//136
f 1899//136 2199//136 1897//136
f 1893//136 2189//136 1891//136
f 1891//136 2189//136 2187//136
f 1891//136 2187//136 2185//136
f 2199//136 2197//136 1897//136
f 1897//136 2197//136 2195//136
f 1897//136 2195//136 1895//136
f 1895//136 2195//136 2193//136
f 1895//136 2193//136 1893//136
f 1893//136 2193//136 2191//136
f 1893//136 2191//136 2189//136
f 2166//136 2207//136 1902//136
f 1902//136 2207//136 2205//136
f 1902//136 2205//136 1901//136
f 1901//136 2205//136 2203//136
f 1901//136 2203//136 2201//136
f 2314//2718 2284//2718 2315//2718
f 2315//2718 2284//2718 2295//2718
f 2315//2717 2295//2717 2316//2717
f 2316//2717 2295//2717 2296//2717
f 2316//2716 2296//2716 2317//2716
f 2317//2716 2296//2716 2297//2716
f 2317//2715 2297//2715 2318//2715
f 2318//2715 2297//2715 2286//2715
f 2318//2714 2286//2714 2319//2714
f 2319//2714 2286//2714 2288//2714
f 2319//2713 2288//2713 2320//2713
f 2320//2713 2288//2713 2290//2713
f 2320//3129 2290//3129 2321//3129
f 2321//3129 2290//3129 2292//3129
f 2321//2711 2292//2711 2322//2711
f 2322//2711 2292//2711 2293//2711
f 2322//2710 2293//2710 2323//2710
f 2323//2710 2293//2710 2294//2710
f 2323//2709 2294//2709 2324//2709
f 2324//2709 2294//2709 2283//2709
f 2324//2708 2283//2708 2325//2708
f 2325//2708 2283//2708 2285//2708
f 2325//3130 2285//3130 2314//3130
f 2314//3130 2285//3130 2284//3130
f 2326//3131 2267//3131 2327//3131
f 2327//3131 2267//3131 2271//3131
f 2327//2717 2271//2717 2328//2717
f 2328//2717 2271//2717 2270//2717
f 2328//2716 2270//2716 2329//2716
f 2329//2716 2270//2716 2269//2716
f 2329//2715 2269//2715 2330//2715
f 2330//2715 2269//2715 2268//2715
f 2330//2714 2268//2714 2331//2714
f 2331//2714 2268//2714 2274//2714
f 2331//3132 2274//3132 2332//3132
f 2332//3132 2274//3132 2275//3132
f 2332//2712 2275//2712 2333//2712
f 2333//2712 2275//2712 2277//2712
f 2333//2711 2277//2711 2334//2711
f 2334//2711 2277//2711 2272//2711
f 2334//2710 2272//2710 2335//2710
f 2335//2710 2272//2710 2266//2710
f 2335//2709 2266//2709 2336//2709
f 2336//2709 2266//2709 2265//2709
f 2336//2708 2265//2708 2337//2708
f 2337//2708 2265//2708 2264//2708
f 2337//2707 2264//2707 2326//2707
f 2326//2707 2264//2707 2267//2707
f 2096//3133 2097//3133 2220//3133
f 2067//3134 2211//3134 2065//3134
f 2065//3135 2211//3135 2313//3135
f 2076//3136 2075//3136 2313//3136
f 2313//3137 2075//3137 2078//3137
f 2078//3138 2061//3138 2313//3138
f 2313//3139 2061//3139 2060//3139
f 2313//3140 2060//3140 2065//3140
f 2096//3141 2220//3141 2095//3141
f 2218//3142 1791//3142 1793//3142
f 2218//3143 1793//3143 1721//3143
f 1721//3144 1793//3144 1795//3144
f 1721//3145 1795//3145 1707//3145
f 1721//3146 2092//3146 2218//3146
f 2218//3147 2092//3147 2093//3147
f 2218//3148 2093//3148 2220//3148
f 2220//3149 2093//3149 2094//3149
f 2220//3150 2094//3150 2095//3150
f 1791//3151 2218//3151 1789//3151
f 1789//3152 2218//3152 2209//3152
f 1789//3153 2209//3153 1769//3153
f 1769//3154 2209//3154 1770//3154
f 1770//3155 2209//3155 2211//3155
f 1770//3156 2211//3156 1772//3156
f 1772//3157 2211//3157 2067//3157
f 1772//3157 2067//3157 1797//3157
f 1945//3158 1946//3158 2244//3158
f 1715//3159 2239//3159 2101//3159
f 2101//3160 2239//3160 2233//3160
f 2108//3161 2107//3161 2233//3161
f 2233//3162 2107//3162 2110//3162
f 2110//3163 2099//3163 2233//3163
f 2233//3164 2099//3164 2098//3164
f 2233//3165 2098//3165 2101//3165
f 1945//3166 2244//3166 1944//3166
f 2242//3167 1822//3167 1820//3167
f 2242//3168 1820//3168 1938//3168
f 1938//3169 1820//3169 1818//3169
f 1938//3170 1818//3170 1817//3170
f 1938//3171 1940//3171 2242//3171
f 2242//3172 1940//3172 1942//3172
f 2242//3173 1942//3173 2244//3173
f 2244//3174 1942//3174 1943//3174
f 2244//3175 1943//3175 1944//3175
f 1822//3176 2242//3176 1824//3176
f 1824//3177 2242//3177 2240//3177
f 1824//3178 2240//3178 1825//3178
f 1825//3179 2240//3179 1780//3179
f 1780//3180 2240//3180 2239//3180
f 1780//3181 2239//3181 1782//3181
f 1782//3182 2239//3182 1715//3182
f 1782//3182 1715//3182 1713//3182
f 1992//3183 1993//3183 2291//3183
f 1954//3184 2299//3184 1952//3184
f 1952//3185 2299//3185 2298//3185
f 1963//3186 1962//3186 2298//3186
f 2298//3187 1962//3187 1965//3187
f 1965//3188 1948//3188 2298//3188
f 2298//3189 1948//3189 1947//3189
f 2298//3190 1947//3190 1952//3190
f 1992//3191 2291//3191 1991//3191
f 2289//3192 1803//3192 1801//3192
f 2289//3193 1801//3193 1985//3193
f 1985//3194 1801//3194 1799//3194
f 1985//3195 1799//3195 1798//3195
f 1985//3196 1987//3196 2289//3196
f 2289//3197 1987//3197 1989//3197
f 2289//3198 1989//3198 2291//3198
f 2291//3199 1989//3199 1990//3199
f 2291//3200 1990//3200 1991//3200
f 1803//3201 2289//3201 1805//3201
f 1805//3202 2289//3202 2287//3202
f 1805//3203 2287//3203 1806//3203
f 1806//3204 2287//3204 1785//3204
f 1785//3205 2287//3205 2299//3205
f 1785//3206 2299//3206 1787//3206
f 1787//3207 2299//3207 1954//3207
f 1787//3207 1954//3207 1807//3207
f 2039//3208 2040//3208 2281//3208
f 2001//3209 2278//3209 1999//3209
f 1999//3210 2278//3210 2276//3210
f 2010//3211 2009//3211 2276//3211
f 2276//3212 2009//3212 2012//3212
f 2012//3213 1995//3213 2276//3213
f 2276//3214 1995//3214 1994//3214
f 2276//3215 1994//3215 1999//3215
f 2039//3216 2281//3216 2038//3216
f 2280//3217 1813//3217 1811//3217
f 2280//3218 1811//3218 2032//3218
f 2032//3219 1811//3219 1809//3219
f 2032//3220 1809//3220 1808//3220
f 2032//3221 2034//3221 2280//3221
f 2280//3222 2034//3222 2036//3222
f 2280//3223 2036//3223 2281//3223
f 2281//3224 2036//3224 2037//3224
f 2281//3225 2037//3225 2038//3225
f 1813//3226 2280//3226 1815//3226
f 1815//3227 2280//3227 2273//3227
f 1815//3228 2273//3228 1816//3228
f 1816//3229 2273//3229 2279//3229
f 1816//3230 2279//3230 1775//3230
f 1775//3231 2279//3231 2278//3231
f 1775//3232 2278//3232 1777//3232
f 1777//3233 2278//3233 2001//3233
f 1777//3233 2001//3233 1796//3233
f 2001//2663 2000//2663 1796//2663
f 1796//2663 2000//2663 1998//2663
f 1796//2663 1998//2663 1997//2663
f 1997//2663 2004//2663 1796//2663
f 1796//2663 2004//2663 2003//2663
f 1796//2663 2003//2663 1798//2663
f 1979//3234 1988//3235 1798//2663
f 1798//2663 1988//3235 1986//3236
f 1798//2663 1986//3236 1985//3237
f 2003//2663 1970//2663 1798//2663
f 1798//2663 1970//2663 1969//2663
f 1798//2663 1969//2663 1984//2663
f 1984//2663 1982//2663 1798//2663
f 1798//2663 1982//2663 1980//2663
f 1798//2663 1980//2663 1979//3234
f 1797//2662 2067//2662 2066//2662
f 2066//2662 2064//2662 1797//2662
f 1797//2662 2064//2662 2063//2662
f 1797//2662 2063//2662 2070//2662
f 2026//2662 2035//2662 1808//2662
f 1808//2662 2035//2662 2033//2662
f 1808//2662 2033//2662 2032//2662
f 2070//2662 2069//2662 1797//2662
f 1797//2662 2069//2662 2137//2662
f 1797//2662 2137//2662 1808//2662
f 2031//2662 2029//2662 1808//2662
f 1808//2662 2029//2662 2027//2662
f 1808//2662 2027//2662 2026//2662
f 2050//2662 2017//2662 1808//2662
f 1808//2662 2017//2662 2016//2662
f 1808//2662 2016//2662 2031//2662
f 2137//2662 2136//2662 1808//2662
f 1808//2662 2136//2662 2139//2662
f 1808//2662 2139//2662 2056//2927
f 2056//2927 2058//2928 1808//2662
f 1808//2662 2058//2928 2055//2662
f 1808//2662 2055//2662 2050//2662
f 1807//2661 1954//2661 1953//2661
f 1953//2661 1951//2661 1807//2661
f 1807//2661 1951//2661 1950//2661
f 1807//2661 1950//2661 1957//2661
f 1932//2661 1941//2661 1817//2661
f 1817//2661 1941//2661 1939//2661
f 1817//2661 1939//2661 1938//2661
f 1817//2661 1922//2661 1937//2661
f 1957//2661 1956//2661 1807//2661
f 1807//2661 1956//2661 2115//2661
f 1807//2661 2115//2661 2114//2661
f 1937//2661 1935//2661 1817//2661
f 1817//2661 1935//2661 1933//2661
f 1817//2661 1933//2661 1932//2661
f 1917//2661 1912//2661 1817//2661
f 1817//2661 1912//2661 1923//2661
f 1817//2661 1923//2661 1922//2661
f 2114//2661 2117//3023 1807//2661
f 1807//2661 2117//3023 1918//2661
f 1807//2661 1918//2661 1817//2661
f 1817//2661 1918//2661 1920//2751
f 1817//2661 1920//2751 1917//2661
f 2338//2718 2232//2718 2339//2718
f 2339//2718 2232//2718 2231//2718
f 2339//2717 2231//2717 2340//2717
f 2340//2717 2231//2717 2241//2717
f 2340//2716 2241//2716 2341//2716
f 2341//2716 2241//2716 2243//2716
f 2341//2715 2243//2715 2342//2715
f 2342//2715 2243//2715 2245//2715
f 2342//2714 2245//2714 2343//2714
f 2343//2714 2245//2714 2237//2714
f 2343//2713 2237//2713 2344//2713
f 2344//2713 2237//2713 2238//2713
f 2344//2712 2238//2712 2345//2712
f 2345//2712 2238//2712 2247//2712
f 2345//2711 2247//2711 2346//2711
f 2346//2711 2247//2711 2235//2711
f 2346//2710 2235//2710 2347//2710
f 2347//2710 2235//2710 2234//2710
f 2347//2709 2234//2709 2348//2709
f 2348//2709 2234//2709 2213//2709
f 2348//2708 2213//2708 2349//2708
f 2349//2708 2213//2708 2212//2708
f 2349//2707 2212//2707 2338//2707
f 2338//2707 2212//2707 2232//2707
f 2350//2718 2219//2718 2351//2718
f 2351//2718 2219//2718 2221//2718
f 2351//2717 2221//2717 2352//2717
f 2352//2717 2221//2717 2222//2717
f 2352//2716 2222//2716 2353//2716
f 2353//2716 2222//2716 2228//2716
f 2353//2715 2228//2715 2354//2715
f 2354//2715 2228//2715 2226//2715
f 2354//2714 2226//2714 2355//2714
f 2355//2714 2226//2714 2224//2714
f 2355//2713 2224//2713 2356//2713
f 2356//2713 2224//2713 2223//2713
f 2356//2712 2223//2712 2357//2712
f 2357//2712 2223//2712 2229//2712
f 2357//2711 2229//2711 2358//2711
f 2358//2711 2229//2711 2230//2711
f 2358//2710 2230//2710 2359//2710
f 2359//2710 2230//2710 2215//2710
f 2359//2709 2215//2709 2360//2709
f 2360//2709 2215//2709 2216//2709
f 2360//2708 2216//2708 2361//2708
f 2361//2708 2216//2708 2217//2708
f 2361//2707 2217//2707 2350//2707
f 2350//2707 2217//2707 2219//2707
f 2362//2718 2251//2718 2363//2718
f 2363//2718 2251//2718 2252//2718
f 2363//2717 2252//2717 2364//2717
f 2364//2717 2252//2717 2253//2717
f 2364//2716 2253//2716 2365//2716
f 2365//2716 2253//2716 2254//2716
f 2365//2715 2254//2715 2366//2715
f 2366//2715 2254//2715 2256//2715
f 2366//2714 2256//2714 2367//2714
f 2367//2714 2256//2714 2259//2714
f 2367//2713 2259//2713 2368//2713
f 2368//2713 2259//2713 2258//2713
f 2368//2712 2258//2712 2369//2712
f 2369//2712 2258//2712 2263//2712
f 2369//2711 2263//2711 2370//2711
f 2370//2711 2263//2711 2262//2711
f 2370//2710 2262//2710 2371//2710
f 2371//2710 2262//2710 2261//2710
f 2371//2709 2261//2709 2372//2709
f 2372//2709 2261//2709 2260//2709
f 2372//2708 2260//2708 2373//2708
f 2373//2708 2260//2708 2250//2708
f 2373//2707 2250//2707 2362//2707
f 2362//2707 2250//2707 2251//2707
f 2374//2718 2300//2718 2375//2718
f 2375//2718 2300//2718 2303//2718
f 2375//2717 2303//2717 2376//2717
f 2376//2717 2303//2717 2302//2717
f 2376//2716 2302//2716 2377//2716
f 2377//2716 2302//2716 2304//2716
f 2377//2715 2304//2715 2378//2715
f 2378//2715 2304//2715 2305//2715
f 2378//2714 2305//2714 2379//2714
f 2379//2714 2305//2714 2306//2714
f 2379//2713 2306//2713 2380//2713
f 2380//2713 2306//2713 2309//2713
f 2380//2712 2309//2712 2381//2712
f 2381//2712 2309//2712 2311//2712
f 2381//2711 2311//2711 2382//2711
f 2382//2711 2311//2711 2310//2711
f 2382//2710 2310//2710 2383//2710
f 2383//2710 2310//2710 2308//2710
f 2383//2709 2308//2709 2384//2709
f 2384//2709 2308//2709 2307//2709
f 2384//2708 2307//2708 2385//2708
f 2385//2708 2307//2708 2301//2708
f 2385//2707 2301//2707 2374//2707
f 2374//2707 2301//2707 2300//2707
f 2318//136 2319//136 2386//136
f 2386//136 2319//136 2320//136
f 2386//136 2320//136 2321//136
f 2315//136 2316//136 2386//136
f 2386//136 2316//136 2317//136
f 2386//136 2317//136 2318//136
f 2324//136 2325//136 2386//136
f 2386//136 2325//136 2314//136
f 2386//136 2314//136 2315//136
f 2321//136 2322//136 2386//136
f 2386//136 2322//136 2323//136
f 2386//136 2323//136 2324//136
f 2330//136 2331//136 2387//136
f 2387//136 2331//136 2332//136
f 2387//136 2332//136 2333//136
f 2327//136 2328//136 2387//136
f 2387//136 2328//136 2329//136
f 2387//136 2329//136 2330//136
f 2336//136 2337//136 2387//136
f 2387//136 2337//136 2326//136
f 2387//136 2326//136 2327//136
f 2333//136 2334//136 2387//136
f 2387//136 2334//136 2335//136
f 2387//136 2335//136 2336//136
f 2342//136 2343//136 2388//136
f 2388//136 2343//136 2344//136
f 2388//136 2344//136 2345//136
f 2339//136 2340//136 2388//136
f 2388//136 2340//136 2341//136
f 2388//136 2341//136 2342//136
f 2348//136 2349//136 2388//136
f 2388//136 2349//136 2338//136
f 2388//136 2338//136 2339//136
f 2345//136 2346//136 2388//136
f 2388//136 2346//136 2347//136
f 2388//136 2347//136 2348//136
f 2354//136 2355//136 2389//136
f 2389//136 2355//136 2356//136
f 2389//136 2356//136 2357//136
f 2351//136 2352//136 2389//136
f 2389//136 2352//136 2353//136
f 2389//136 2353//136 2354//136
f 2360//136 2361//136 2389//136
f 2389//136 2361//136 2350//136
f 2389//136 2350//136 2351//136
f 2357//136 2358//136 2389//136
f 2389//136 2358//136 2359//136
f 2389//136 2359//136 2360//136
f 2366//136 2367//136 2390//136
f 2390//136 2367//136 2368//136
f 2390//136 2368//136 2369//136
f 2363//136 2364//136 2390//136
f 2390//136 2364//136 2365//136
f 2390//136 2365//136 2366//136
f 2372//136 2373//136 2390//136
f 2390//136 2373//136 2362//136
f 2390//136 2362//136 2363//136
f 2369//136 2370//136 2390//136
f 2390//136 2370//136 2371//136
f 2390//136 2371//136 2372//136
f 2378//136 2379//136 2391//136
f 2391//136 2379//136 2380//136
f 2391//136 2380//136 2381//136
f 2375//136 2376//136 2391//136
f 2391//136 2376//136 2377//136
f 2391//136 2377//136 2378//136
f 2384//136 2385//136 2391//136
f 2391//136 2385//136 2374//136
f 2391//136 2374//136 2375//136
f 2381//136 2382//136 2391//136
f 2391//136 2382//136 2383//136
f 2391//136 2383//136 2384//136
f 2392//135 2393//135 2394//135
f 2394//135 2393//135 2395//135
f 2394//135 2395//135 2396//135
f 2397//135 2398//135 2394//135
f 2394//135 2398//135 2399//135
f 2394//135 2399//135 2392//135
f 2400//135 2401//135 2394//135
f 2394//135 2401//135 2402//135
f 2394//135 2402//135 2397//135
f 2396//135 2403//135 2394//135
f 2394//135 2403//135 2404//135
f 2394//135 2404//135 2400//135
f 2395//2713 2405//2713 2396//2713
f 2396//2713 2405//2713 2406//2713
f 2396//2714 2406//2714 2403//2714
f 2403//2714 2406//2714 2407//2714
f 2403//2715 2407//2715 2404//2715
f 2404//2715 2407//2715 2408//2715
f 2404//2716 2408//2716 2400//2716
f 2400//2716 2408//2716 2409//2716
f 2400//2717 2409//2717 2401//2717
f 2401//2717 2409//2717 2410//2717
f 2401//2718 2410//2718 2402//2718
f 2402//2718 2410//2718 2411//2718
f 2402//2707 2411//2707 2397//2707
f 2397//2707 2411//2707 2412//2707
f 2397//2708 2412//2708 2398//2708
f 2398//2708 2412//2708 2413//2708
f 2398//2709 2413//2709 2399//2709
f 2399//2709 2413//2709 2414//2709
f 2399//2710 2414//2710 2392//2710
f 2392//2710 2414//2710 2415//2710
f 2392//2711 2415//2711 2393//2711
f 2393//2711 2415//2711 2416//2711
f 2393//2712 2416//2712 2395//2712
f 2395//2712 2416//2712 2405//2712
f 2405//135 2417//135 2418//135
f 2419//135 2420//135 2421//135
f 2422//135 2410//135 2409//135
f 2423//135 2424//135 2425//135
f 2425//135 2424//135 2426//135
f 2425//135 2426//135 2427//135
f 2427//135 2426//135 2428//135
f 2427//135 2428//135 2429//135
f 2429//135 2428//135 2430//135
f 2431//135 2432//135 2433//135
f 2433//135 2432//135 2434//135
f 2433//135 2434//135 2430//135
f 2430//135 2434//135 2435//135
f 2430//135 2435//135 2429//135
f 2429//135 2435//135 2436//135
f 2429//135 2437//135 2438//135
f 2438//135 2437//135 2439//135
f 2429//135 2440//135 2437//135
f 2437//135 2440//135 2441//135
f 2437//135 2441//135 2442//135
f 2442//135 2441//135 2443//135
f 2442//135 2443//135 2444//135
f 2444//135 2443//135 2445//135
f 2444//135 2445//135 2446//135
f 2447//135 2448//135 2449//135
f 2449//135 2448//135 2450//135
f 2449//135 2450//135 2436//135
f 2436//135 2450//135 2451//135
f 2436//135 2451//135 2429//135
f 2429//135 2451//135 2452//135
f 2429//135 2452//135 2440//135
f 2440//135 2452//135 2453//135
f 2440//135 2453//135 2454//135
f 2454//135 2453//135 2455//135
f 2454//135 2455//135 2456//135
f 2457//135 2458//135 2459//135
f 2459//135 2458//135 2460//135
f 2459//135 2460//135 2461//135
f 2461//135 2460//135 2462//135
f 2461//135 2462//135 2463//135
f 2463//135 2462//135 2464//135
f 2465//135 2466//135 2467//135
f 2467//135 2466//135 2468//135
f 2467//135 2468//135 2418//135
f 2418//135 2468//135 2405//135
f 2405//135 2468//135 2469//135
f 2405//135 2469//135 2470//135
f 2471//135 2472//135 2473//135
f 2473//135 2472//135 2474//135
f 2473//135 2474//135 2475//135
f 2475//135 2474//135 2476//135
f 2475//135 2476//135 2477//135
f 2476//135 2478//135 2477//135
f 2477//135 2478//135 2479//135
f 2477//135 2479//135 2480//135
f 2480//135 2479//135 2481//135
f 2480//135 2481//135 2482//135
f 2483//135 2484//135 2419//135
f 2419//135 2484//135 2463//135
f 2419//135 2463//135 2420//135
f 2406//135 2485//135 2407//135
f 2407//135 2485//135 2486//135
f 2407//135 2486//135 2408//135
f 2487//135 2488//135 2489//135
f 2489//135 2488//135 2490//135
f 2489//135 2490//135 2486//135
f 2486//135 2490//135 2491//135
f 2486//135 2491//135 2408//135
f 2408//135 2491//135 2475//135
f 2408//135 2475//135 2409//135
f 2409//135 2475//135 2477//135
f 2409//135 2477//135 2422//135
f 2492//135 2493//135 2494//135
f 2494//135 2493//135 2495//135
f 2494//135 2495//135 2464//135
f 2464//135 2495//135 2496//135
f 2464//135 2496//135 2463//135
f 2463//135 2496//135 2497//135
f 2463//135 2497//135 2420//135
f 2498//135 2499//135 2500//135
f 2500//135 2499//135 2501//135
f 2500//135 2501//135 2470//135
f 2470//135 2501//135 2485//135
f 2470//135 2485//135 2405//135
f 2405//135 2485//135 2406//135
f 2502//135 2414//135 2503//135
f 2503//135 2414//135 2413//135
f 2503//135 2413//135 2504//135
f 2502//135 2437//135 2414//135
f 2414//135 2437//135 2442//135
f 2414//135 2442//135 2415//135
f 2415//135 2442//135 2505//135
f 2415//135 2505//135 2416//135
f 2506//135 2507//135 2508//135
f 2508//135 2507//135 2509//135
f 2508//135 2509//135 2497//135
f 2497//135 2509//135 2510//135
f 2497//135 2510//135 2420//135
f 2420//135 2510//135 2511//135
f 2420//135 2511//135 2512//135
f 2512//135 2511//135 2513//135
f 2512//135 2513//135 2514//135
f 2514//135 2513//135 2515//135
f 2413//135 2412//135 2504//135
f 2504//135 2412//135 2411//135
f 2504//135 2411//135 2410//135
f 2516//135 2517//135 2518//135
f 2518//135 2517//135 2519//135
f 2518//135 2519//135 2421//135
f 2421//135 2519//135 2504//135
f 2421//135 2504//135 2419//135
f 2419//135 2504//135 2410//135
f 2419//135 2410//135 2520//135
f 2520//135 2410//135 2422//135
f 2521//135 2522//135 2523//135
f 2523//135 2522//135 2524//135
f 2523//135 2524//135 2505//135
f 2505//135 2524//135 2417//135
f 2505//135 2417//135 2416//135
f 2416//135 2417//135 2405//135
f 2514//3238 2525//3239 2512//3238
f 2512//3238 2525//3239 2526//3239
f 2512//3240 2526//3240 2420//3240
f 2420//3240 2526//3240 2527//3240
f 2421//3241 2420//3242 2528//3242
f 2528//3242 2420//3242 2527//3242
f 2518//3243 2421//3243 2529//3243
f 2529//3243 2421//3243 2528//3243
f 2516//3244 2518//3244 2530//3244
f 2530//3244 2518//3244 2529//3244
f 2530//3245 2531//3245 2516//3245
f 2516//3245 2531//3245 2517//3245
f 2517//3246 2531//3246 2519//3246
f 2519//3246 2531//3246 2532//3246
f 2519//3247 2532//3247 2504//3247
f 2504//3247 2532//3247 2533//3247
f 2503//3248 2504//3248 2534//3248
f 2534//3248 2504//3248 2533//3248
f 2502//3249 2503//3249 2535//3249
f 2535//3249 2503//3249 2534//3249
f 2437//3250 2502//3250 2536//3250
f 2536//3250 2502//3250 2535//3250
f 2536//3251 2537//3251 2437//3251
f 2437//3251 2537//3251 2439//3251
f 2439//3252 2537//3252 2438//3252
f 2438//3252 2537//3252 2538//3252
f 2438//3253 2538//3253 2429//3253
f 2429//3253 2538//3253 2539//3253
f 2427//3254 2429//3254 2540//3254
f 2540//3254 2429//3254 2539//3254
f 2425//3255 2427//3256 2541//3257
f 2541//3257 2427//3256 2540//3257
f 2423//3258 2425//3258 2542//3258
f 2542//3258 2425//3258 2541//3258
f 2542//3259 2543//3259 2423//3259
f 2423//3259 2543//3259 2424//3259
f 2424//3260 2543//3260 2426//3260
f 2426//3260 2543//3260 2544//3260
f 2426//3261 2544//3261 2428//3261
f 2428//3261 2544//3261 2545//3261
f 2430//3262 2428//3262 2546//3262
f 2546//3262 2428//3262 2545//3262
f 2433//3263 2430//3263 2547//3263
f 2547//3263 2430//3263 2546//3263
f 2431//3264 2433//3264 2548//3265
f 2548//3265 2433//3264 2547//3266
f 2548//2662 2549//2662 2431//2662
f 2431//2662 2549//2662 2432//2662
f 2432//3267 2549//3268 2434//3267
f 2434//3267 2549//3268 2550//3269
f 2434//3270 2550//3270 2435//3270
f 2435//3270 2550//3270 2551//3270
f 2436//3271 2435//3271 2552//3271
f 2552//3271 2435//3271 2551//3271
f 2449//3272 2436//3272 2553//3272
f 2553//3272 2436//3272 2552//3272
f 2447//3273 2449//3273 2554//3273
f 2554//3273 2449//3273 2553//3273
f 2554//3274 2555//3274 2447//3274
f 2447//3274 2555//3274 2448//3274
f 2448//3275 2555//3275 2450//3275
f 2450//3275 2555//3275 2556//3275
f 2450//3276 2556//3277 2451//3278
f 2451//3278 2556//3277 2557//3278
f 2452//3279 2451//3279 2558//3279
f 2558//3279 2451//3279 2557//3279
f 2453//3280 2452//3280 2559//3280
f 2559//3280 2452//3280 2558//3280
f 2455//3281 2453//3281 2560//3282
f 2560//3282 2453//3281 2559//3282
f 2560//3283 2561//3283 2455//3283
f 2455//3283 2561//3283 2456//3283
f 2456//3284 2561//3284 2454//3284
f 2454//3284 2561//3284 2562//3284
f 2454//3285 2562//3285 2440//3285
f 2440//3285 2562//3285 2563//3285
f 2441//3286 2440//3286 2564//3286
f 2564//3286 2440//3286 2563//3286
f 2443//3287 2441//3287 2565//3287
f 2565//3287 2441//3287 2564//3287
f 2445//3288 2443//3288 2566//3288
f 2566//3288 2443//3288 2565//3288
f 2566//3289 2567//3289 2445//3289
f 2445//3289 2567//3289 2446//3289
f 2446//3290 2567//3290 2444//3290
f 2444//3290 2567//3290 2568//3290
f 2444//3291 2568//3291 2442//3291
f 2442//3291 2568//3291 2569//3291
f 2505//3292 2442//3292 2570//3292
f 2570//3292 2442//3292 2569//3292
f 2523//3293 2505//3293 2571//3293
f 2571//3293 2505//3293 2570//3293
f 2521//3294 2523//3294 2572//3294
f 2572//3294 2523//3294 2571//3294
f 2572//3295 2573//3295 2521//3296
f 2521//3296 2573//3295 2522//3296
f 2522//3297 2573//3297 2524//3297
f 2524//3297 2573//3297 2574//3297
f 2524//3298 2574//3298 2417//3298
f 2417//3298 2574//3298 2575//3298
f 2418//2663 2417//2663 2576//2663
f 2576//2663 2417//2663 2575//2663
f 2467//3299 2418//3299 2577//3299
f 2577//3299 2418//3299 2576//3299
f 2465//3300 2467//3300 2578//3300
f 2578//3300 2467//3300 2577//3300
f 2578//3301 2579//3301 2465//3302
f 2465//3302 2579//3301 2466//3302
f 2466//3303 2579//3303 2468//3303
f 2468//3303 2579//3303 2580//3303
f 2468//3304 2580//3304 2469//3304
f 2469//3304 2580//3304 2581//3304
f 2470//3305 2469//3305 2582//3305
f 2582//3305 2469//3305 2581//3305
f 2500//3306 2470//3306 2583//3306
f 2583//3306 2470//3306 2582//3306
f 2498//3307 2500//3307 2584//3307
f 2584//3307 2500//3307 2583//3307
f 2584//3308 2585//3308 2498//3308
f 2498//3308 2585//3308 2499//3308
f 2499//3309 2585//3309 2501//3309
f 2501//3309 2585//3309 2586//3309
f 2501//3310 2586//3310 2485//3310
f 2485//3310 2586//3310 2587//3310
f 2486//3311 2485//3311 2588//3311
f 2588//3311 2485//3311 2587//3311
f 2489//3312 2486//3312 2589//3312
f 2589//3312 2486//3312 2588//3312
f 2487//3313 2489//3313 2590//3313
f 2590//3313 2489//3313 2589//3313
f 2590//3314 2591//3314 2487//3314
f 2487//3314 2591//3314 2488//3314
f 2488//3315 2591//3316 2490//3315
f 2490//3315 2591//3316 2592//3316
f 2490//3317 2592//3317 2491//3317
f 2491//3317 2592//3317 2593//3317
f 2475//3318 2491//3318 2594//3318
f 2594//3318 2491//3318 2593//3318
f 2473//3319 2475//3320 2595//3321
f 2595//3321 2475//3320 2594//3320
f 2471//3322 2473//3322 2596//3322
f 2596//3322 2473//3322 2595//3322
f 2596//3323 2597//3323 2471//3323
f 2471//3323 2597//3323 2472//3323
f 2472//3324 2597//3324 2474//3324
f 2474//3324 2597//3324 2598//3324
f 2474//3325 2598//3325 2476//3325
f 2476//3325 2598//3325 2599//3325
f 2478//3326 2476//3326 2600//3326
f 2600//3326 2476//3326 2599//3326
f 2479//3327 2478//3327 2601//3327
f 2601//3327 2478//3327 2600//3327
f 2481//3328 2479//3328 2602//3329
f 2602//3329 2479//3328 2601//3330
f 2602//2661 2603//2661 2481//2661
f 2481//2661 2603//2661 2482//2661
f 2482//3331 2603//3332 2480//3331
f 2480//3331 2603//3332 2604//3333
f 2480//3334 2604//3334 2477//3334
f 2477//3334 2604//3334 2605//3334
f 2422//3335 2477//3335 2606//3335
f 2606//3335 2477//3335 2605//3335
f 2520//3336 2422//3336 2607//3336
f 2607//3336 2422//3336 2606//3336
f 2419//3337 2520//3337 2608//3337
f 2608//3337 2520//3337 2607//3337
f 2608//3338 2609//3338 2419//3338
f 2419//3338 2609//3338 2483//3338
f 2483//3339 2609//3339 2484//3339
f 2484//3339 2609//3339 2610//3339
f 2484//3340 2610//3341 2463//3342
f 2463//3342 2610//3341 2611//3341
f 2461//3343 2463//3343 2612//3343
f 2612//3343 2463//3343 2611//3343
f 2459//3344 2461//3344 2613//3344
f 2613//3344 2461//3344 2612//3344
f 2457//3345 2459//3345 2614//3345
f 2614//3345 2459//3345 2613//3345
f 2614//3346 2615//3346 2457//3346
f 2457//3346 2615//3346 2458//3346
f 2458//3347 2615//3347 2460//3347
f 2460//3347 2615//3347 2616//3347
f 2460//3348 2616//3348 2462//3348
f 2462//3348 2616//3348 2617//3348
f 2464//3349 2462//3349 2618//3349
f 2618//3349 2462//3349 2617//3349
f 2494//3350 2464//3350 2619//3350
f 2619//3350 2464//3350 2618//3350
f 2492//3351 2494//3351 2620//3351
f 2620//3351 2494//3351 2619//3351
f 2620//3352 2621//3352 2492//3352
f 2492//3352 2621//3352 2493//3352
f 2493//3353 2621//3353 2495//3353
f 2495//3353 2621//3353 2622//3353
f 2495//3354 2622//3354 2496//3354
f 2496//3354 2622//3354 2623//3354
f 2497//3355 2496//3355 2624//3356
f 2624//3356 2496//3355 2623//3356
f 2508//3357 2497//3357 2625//3357
f 2625//3357 2497//3357 2624//3357
f 2506//3358 2508//3358 2626//3359
f 2626//3359 2508//3358 2625//3359
f 2626//3360 2627//3360 2506//3361
f 2506//3361 2627//3360 2507//3361
f 2507//3362 2627//3362 2509//3362
f 2509//3362 2627//3362 2628//3362
f 2509//3363 2628//3363 2510//3363
f 2510//3363 2628//3363 2629//3363
f 2511//2656 2510//2656 2630//2656
f 2630//2656 2510//2656 2629//2656
f 2513//3364 2511//3364 2631//3364
f 2631//3364 2511//3364 2630//3364
f 2515//3365 2513//3365 2632//3365
f 2632//3365 2513//3365 2631//3365
f 2632//3366 2525//3366 2515//3367
f 2515//3367 2525//3366 2514//3367
f 2633//135 2634//135 2635//135
f 2635//135 2634//135 2636//135
f 2635//135 2636//135 2637//135
f 2638//135 2639//135 2635//135
f 2635//135 2639//135 2640//135
f 2635//135 2640//135 2633//135
f 2641//135 2642//135 2635//135
f 2635//135 2642//135 2643//135
f 2635//135 2643//135 2638//135
f 2637//135 2644//135 2635//135
f 2635//135 2644//135 2645//135
f 2635//135 2645//135 2641//135
f 2646//135 2647//135 2648//135
f 2648//135 2647//135 2649//135
f 2648//135 2649//135 2650//135
f 2651//135 2652//135 2648//135
f 2648//135 2652//135 2653//135
f 2648//135 2653//135 2646//135
f 2654//135 2655//135 2648//135
f 2648//135 2655//135 2656//135
f 2648//135 2656//135 2651//135
f 2650//135 2657//135 2648//135
f 2648//135 2657//135 2658//135
f 2648//135 2658//135 2654//135
f 2604//135 2603//135 2659//135
f 2602//135 2601//135 2597//135
f 2659//135 2603//135 2660//135
f 2661//135 2591//135 2662//135
f 2662//135 2591//135 2590//135
f 2662//135 2590//135 2663//135
f 2663//135 2590//135 2664//135
f 2665//135 2666//135 2549//135
f 2548//135 2547//135 2543//135
f 2600//135 2599//135 2601//135
f 2601//135 2599//135 2598//135
f 2601//135 2598//135 2597//135
f 2595//135 2594//135 2593//135
f 2664//135 2579//135 2667//135
f 2667//135 2579//135 2578//135
f 2667//135 2578//135 2668//135
f 2668//135 2578//135 2669//135
f 2553//135 2552//135 2551//135
f 2546//135 2545//135 2547//135
f 2547//135 2545//135 2544//135
f 2547//135 2544//135 2543//135
f 2603//135 2602//135 2660//135
f 2660//135 2602//135 2597//135
f 2660//135 2597//135 2661//135
f 2661//135 2597//135 2596//135
f 2661//135 2596//135 2591//135
f 2591//135 2596//135 2595//135
f 2591//135 2595//135 2592//135
f 2592//135 2595//135 2593//135
f 2583//135 2582//135 2581//135
f 2566//135 2565//135 2561//135
f 2526//135 2525//135 2670//135
f 2613//135 2612//135 2611//135
f 2606//135 2605//135 2607//135
f 2607//135 2605//135 2604//135
f 2607//135 2604//135 2608//135
f 2608//135 2604//135 2659//135
f 2608//135 2659//135 2609//135
f 2609//135 2659//135 2671//135
f 2588//135 2587//135 2589//135
f 2589//135 2587//135 2586//135
f 2589//135 2586//135 2590//135
f 2590//135 2586//135 2585//135
f 2590//135 2585//135 2664//135
f 2664//135 2585//135 2584//135
f 2664//135 2584//135 2579//135
f 2579//135 2584//135 2583//135
f 2579//135 2583//135 2580//135
f 2580//135 2583//135 2581//135
f 2564//135 2563//135 2565//135
f 2565//135 2563//135 2562//135
f 2565//135 2562//135 2561//135
f 2669//135 2567//135 2672//135
f 2672//135 2567//135 2566//135
f 2672//135 2566//135 2673//135
f 2673//135 2566//135 2561//135
f 2673//135 2561//135 2674//135
f 2674//135 2561//135 2560//135
f 2551//135 2550//135 2553//135
f 2553//135 2550//135 2549//135
f 2553//135 2549//135 2554//135
f 2554//135 2549//135 2666//135
f 2554//135 2666//135 2555//135
f 2555//135 2666//135 2675//135
f 2530//135 2676//135 2531//135
f 2531//135 2676//135 2677//135
f 2531//135 2677//135 2532//135
f 2678//135 2615//135 2671//135
f 2671//135 2615//135 2614//135
f 2671//135 2614//135 2609//135
f 2609//135 2614//135 2613//135
f 2609//135 2613//135 2610//135
f 2610//135 2613//135 2611//135
f 2576//135 2575//135 2577//135
f 2577//135 2575//135 2574//135
f 2577//135 2574//135 2573//135
f 2571//135 2570//135 2569//135
f 2559//135 2558//135 2557//135
f 2670//135 2525//135 2679//135
f 2679//135 2525//135 2632//135
f 2679//135 2632//135 2680//135
f 2619//135 2618//135 2617//135
f 2569//135 2568//135 2571//135
f 2571//135 2568//135 2567//135
f 2571//135 2567//135 2572//135
f 2572//135 2567//135 2669//135
f 2572//135 2669//135 2573//135
f 2573//135 2669//135 2578//135
f 2573//135 2578//135 2577//135
f 2557//135 2556//135 2559//135
f 2559//135 2556//135 2555//135
f 2559//135 2555//135 2560//135
f 2560//135 2555//135 2675//135
f 2560//135 2675//135 2674//135
f 2528//135 2527//135 2529//135
f 2529//135 2527//135 2526//135
f 2529//135 2526//135 2530//135
f 2530//135 2526//135 2670//135
f 2530//135 2670//135 2676//135
f 2680//135 2621//135 2678//135
f 2678//135 2621//135 2620//135
f 2678//135 2620//135 2615//135
f 2615//135 2620//135 2619//135
f 2615//135 2619//135 2616//135
f 2616//135 2619//135 2617//135
f 2540//135 2539//135 2541//135
f 2541//135 2539//135 2538//135
f 2541//135 2538//135 2542//135
f 2542//135 2538//135 2677//135
f 2542//135 2677//135 2543//135
f 2543//135 2677//135 2665//135
f 2543//135 2665//135 2548//135
f 2548//135 2665//135 2549//135
f 2625//135 2624//135 2623//135
f 2534//135 2533//135 2535//135
f 2535//135 2533//135 2532//135
f 2535//135 2532//135 2536//135
f 2536//135 2532//135 2677//135
f 2536//135 2677//135 2537//135
f 2537//135 2677//135 2538//135
f 2630//135 2629//135 2631//135
f 2631//135 2629//135 2628//135
f 2631//135 2628//135 2632//135
f 2632//135 2628//135 2627//135
f 2632//135 2627//135 2680//135
f 2680//135 2627//135 2626//135
f 2680//135 2626//135 2621//135
f 2621//135 2626//135 2625//135
f 2621//135 2625//135 2622//135
f 2622//135 2625//135 2623//135
f 2681//135 2682//135 2683//135
f 2683//135 2682//135 2684//135
f 2683//135 2684//135 2685//135
f 2686//135 2687//135 2683//135
f 2683//135 2687//135 2688//135
f 2683//135 2688//135 2681//135
f 2689//135 2690//135 2683//135
f 2683//135 2690//135 2691//135
f 2683//135 2691//135 2686//135
f 2685//135 2692//135 2683//135
f 2683//135 2692//135 2693//135
f 2683//135 2693//135 2689//135
f 2636//2713 2694//2713 2637//2713
f 2637//2713 2694//2713 2695//2713
f 2637//2714 2695//2714 2644//2714
f 2644//2714 2695//2714 2696//2714
f 2644//2715 2696//2715 2645//2715
f 2645//2715 2696//2715 2697//2715
f 2645//2716 2697//2716 2641//2716
f 2641//2716 2697//2716 2698//2716
f 2641//2717 2698//2717 2642//2717
f 2642//2717 2698//2717 2699//2717
f 2642//2718 2699//2718 2643//2718
f 2643//2718 2699//2718 2700//2718
f 2643//3130 2700//3130 2638//3130
f 2638//3130 2700//3130 2701//3130
f 2638//2708 2701//2708 2639//2708
f 2639//2708 2701//2708 2702//2708
f 2639//2709 2702//2709 2640//2709
f 2640//2709 2702//2709 2703//2709
f 2640//2710 2703//2710 2633//2710
f 2633//2710 2703//2710 2704//2710
f 2633//2711 2704//2711 2634//2711
f 2634//2711 2704//2711 2705//2711
f 2634//2712 2705//2712 2636//2712
f 2636//2712 2705//2712 2694//2712
f 2649//2713 2706//2713 2650//2713
f 2650//2713 2706//2713 2707//2713
f 2650//2714 2707//2714 2657//2714
f 2657//2714 2707//2714 2708//2714
f 2657//2715 2708//2715 2658//2715
f 2658//2715 2708//2715 2709//2715
f 2658//2716 2709//2716 2654//2716
f 2654//2716 2709//2716 2710//2716
f 2654//2717 2710//2717 2655//2717
f 2655//2717 2710//2717 2711//2717
f 2655//3131 2711//3131 2656//3131
f 2656//3131 2711//3131 2712//3131
f 2656//2707 2712//2707 2651//2707
f 2651//2707 2712//2707 2713//2707
f 2651//2708 2713//2708 2652//2708
f 2652//2708 2713//2708 2714//2708
f 2652//2709 2714//2709 2653//2709
f 2653//2709 2714//2709 2715//2709
f 2653//2710 2715//2710 2646//2710
f 2646//2710 2715//2710 2716//2710
f 2646//2711 2716//2711 2647//2711
f 2647//2711 2716//2711 2717//2711
f 2647//2712 2717//2712 2649//2712
f 2649//2712 2717//2712 2706//2712
f 2667//3368 2668//3368 2718//3368
f 2718//3369 2668//3369 2719//3369
f 2668//3369 2669//3369 2719//3369
f 2719//3370 2669//3370 2672//3370
f 2719//3370 2672//3370 2720//3370
f 2720//3371 2672//3371 2673//3371
f 2720//3371 2673//3371 2721//3371
f 2721//3372 2673//3372 2674//3372
f 2721//3372 2674//3372 2722//3372
f 2722//3373 2674//3373 2675//3373
f 2722//3373 2675//3373 2723//3373
f 2723//3374 2675//3374 2666//3374
f 2723//3374 2666//3374 2724//3374
f 2724//3375 2666//3375 2665//3375
f 2724//3375 2665//3375 2725//3375
f 2725//3376 2665//3376 2677//3376
f 2725//3376 2677//3376 2726//3376
f 2726//3377 2677//3377 2676//3377
f 2726//3377 2676//3377 2727//3378
f 2727//3379 2676//3380 2670//3379
f 2727//3379 2670//3379 2728//3379
f 2728//3381 2670//3381 2679//3381
f 2728//3381 2679//3381 2729//3381
f 2729//3382 2679//3382 2680//3382
f 2729//3382 2680//3382 2730//3382
f 2730//3383 2680//3383 2678//3383
f 2730//3383 2678//3383 2731//3383
f 2731//3384 2678//3385 2671//3384
f 2731//3384 2671//3384 2732//3384
f 2732//3386 2671//3386 2659//3386
f 2732//3386 2659//3386 2733//3386
f 2733//3387 2659//3387 2660//3387
f 2733//3387 2660//3387 2734//3387
f 2734//3388 2660//3388 2661//3388
f 2734//3388 2661//3388 2735//3388
f 2735//3389 2661//3389 2662//3389
f 2735//3389 2662//3389 2736//3389
f 2736//3390 2662//3390 2663//3390
f 2736//3390 2663//3390 2737//3390
f 2737//3391 2663//3391 2664//3391
f 2737//3391 2664//3391 2738//3391
f 2738//3392 2664//3392 2667//3392
f 2738//3392 2667//3392 2739//3392
f 2739//3368 2667//3368 2718//3368
f 2684//2713 2740//2713 2685//2713
f 2685//2713 2740//2713 2741//2713
f 2685//2714 2741//2714 2692//2714
f 2692//2714 2741//2714 2742//2714
f 2692//2715 2742//2715 2693//2715
f 2693//2715 2742//2715 2743//2715
f 2693//2716 2743//2716 2689//2716
f 2689//2716 2743//2716 2744//2716
f 2689//2717 2744//2717 2690//2717
f 2690//2717 2744//2717 2745//2717
f 2690//2718 2745//2718 2691//2718
f 2691//2718 2745//2718 2746//2718
f 2691//2707 2746//2707 2686//2707
f 2686//2707 2746//2707 2747//2707
f 2686//2708 2747//2708 2687//2708
f 2687//2708 2747//2708 2748//2708
f 2687//2709 2748//2709 2688//2709
f 2688//2709 2748//2709 2749//2709
f 2688//2710 2749//2710 2681//2710
f 2681//2710 2749//2710 2750//2710
f 2681//2711 2750//2711 2682//2711
f 2682//2711 2750//2711 2751//2711
f 2682//2712 2751//2712 2684//2712
f 2684//2712 2751//2712 2740//2712
f 2752//3393 2753//3393 2754//3393
f 2755//3394 2756//3394 2757//3394
f 2757//3395 2756//3395 2758//3395
f 2757//3396 2758//3396 2752//3396
f 2752//3397 2754//3397 2757//3397
f 2757//3398 2754//3398 2759//3398
f 2757//3399 2759//3400 2760//3401
f 2760//3401 2759//3400 2761//3402
f 2760//3403 2761//3403 2762//3403
f 2755//3404 2757//3404 2763//3404
f 2763//3405 2757//3405 2760//3405
f 2763//3406 2760//3406 2764//3406
f 2764//3407 2760//3407 2762//3407
f 2764//3408 2762//3408 2765//3408
f 2766//3409 2767//3409 2768//3409
f 2768//3409 2767//3409 2765//3409
f 2766//3410 2768//3411 2769//3412
f 2769//3412 2768//3411 2770//3411
f 2769//3413 2770//3413 2771//2661
f 2772//3414 2755//3414 2763//3414
f 2773//3415 2774//3415 2775//3415
f 2775//3416 2774//3416 2776//3416
f 2775//3417 2776//3417 2777//3417
f 2763//3418 2764//3418 2772//3418
f 2772//3419 2764//3419 2765//3419
f 2772//3420 2765//3420 2775//3420
f 2775//3420 2765//3420 2767//3420
f 2775//3421 2767//3421 2773//3421
f 2778//3422 2779//3422 2780//3422
f 2781//3423 2782//3423 2783//3423
f 2783//3424 2782//3425 2784//3426
f 2785//3427 2786//3427 2787//3427
f 2767//3428 2785//3428 2788//3428
f 2785//3429 2787//3429 2788//3429
f 2788//3430 2787//3430 2789//3430
f 2788//3431 2789//3431 2790//3431
f 2790//3432 2789//3432 2783//3432
f 2790//3433 2783//3433 2778//3433
f 2778//3434 2783//3424 2784//3426
f 2778//3435 2784//3435 2779//3435
f 2767//3436 2788//3436 2773//3436
f 2773//3437 2788//3437 2790//3437
f 2773//3438 2790//3438 2774//3438
f 2774//3439 2790//3439 2778//3439
f 2774//3440 2778//3440 2776//3440
f 2776//3441 2778//3441 2780//3441
f 2776//3442 2780//3442 2777//3442
f 2791//3443 2792//3443 2793//3443
f 2794//3444 2795//3444 2796//3444
f 2796//3445 2795//3445 2797//3445
f 2796//3446 2797//3446 2791//3446
f 2791//3447 2793//3447 2796//3447
f 2796//3448 2793//3448 2798//3448
f 2796//3449 2798//3450 2799//3451
f 2799//3451 2798//3450 2800//3452
f 2799//3453 2800//3453 2801//3453
f 2794//3454 2796//3454 2802//3454
f 2802//3455 2796//3455 2799//3455
f 2802//3456 2799//3456 2803//3456
f 2803//3457 2799//3457 2801//3457
f 2803//3458 2801//3458 2804//3458
f 2805//3459 2806//3459 2807//3459
f 2808//3460 2809//3460 2806//3460
f 2805//3461 2810//3461 2806//3461
f 2806//3462 2810//3462 2811//3462
f 2806//3463 2811//3463 2808//3463
f 2812//3464 2804//3464 2813//3464
f 2812//3465 2813//3466 2814//3467
f 2814//3467 2813//3466 2815//3466
f 2814//3468 2815//3468 2816//2662
f 2807//3469 2794//3469 2802//3469
f 2812//3464 2805//3464 2804//3464
f 2804//3459 2805//3459 2807//3459
f 2804//3470 2807//3470 2803//3470
f 2803//3471 2807//3471 2802//3471
f 2817//3472 2818//3472 2819//3472
f 2820//3473 2821//3473 2822//3473
f 2822//3474 2821//3475 2823//3476
f 2824//3477 2825//3477 2826//3477
f 2805//3478 2824//3478 2827//3478
f 2824//3479 2826//3479 2827//3479
f 2827//3480 2826//3480 2828//3480
f 2827//3481 2828//3481 2829//3481
f 2829//3482 2828//3482 2822//3482
f 2829//3483 2822//3483 2817//3483
f 2817//3484 2822//3474 2823//3476
f 2817//3485 2823//3485 2818//3485
f 2805//3486 2827//3486 2810//3486
f 2810//3487 2827//3487 2829//3487
f 2810//3488 2829//3488 2811//3488
f 2811//3489 2829//3489 2817//3489
f 2811//3490 2817//3490 2808//3490
f 2808//3491 2817//3491 2819//3491
f 2808//3492 2819//3492 2809//3492
f 2751//135 2750//135 2830//135
f 2830//135 2750//135 2749//135
f 2830//135 2749//135 2718//135
f 2718//135 2749//135 2748//135
f 2820//135 2831//135 2832//135
f 2744//135 2735//135 2745//135
f 2745//135 2735//135 2736//135
f 2745//135 2736//135 2737//135
f 2830//135 2833//135 2751//135
f 2751//135 2833//135 2834//135
f 2751//135 2834//135 2740//135
f 2740//135 2834//135 2835//135
f 2740//135 2835//135 2741//135
f 2741//135 2835//135 2836//135
f 2741//135 2836//135 2742//135
f 2742//135 2836//135 2837//135
f 2742//135 2837//135 2743//135
f 2743//135 2837//135 2744//135
f 2699//135 2779//135 2700//135
f 2700//135 2779//135 2784//135
f 2696//135 2772//135 2697//135
f 2697//135 2772//135 2775//135
f 2697//135 2775//135 2698//135
f 2698//135 2775//135 2777//135
f 2698//135 2777//135 2699//135
f 2699//135 2777//135 2780//135
f 2699//135 2780//135 2779//135
f 2717//135 2818//135 2706//135
f 2706//135 2818//135 2823//135
f 2706//135 2823//135 2821//135
f 2714//135 2807//135 2715//135
f 2715//135 2807//135 2806//135
f 2715//135 2806//135 2716//135
f 2716//135 2806//135 2809//135
f 2716//135 2809//135 2717//135
f 2717//135 2809//135 2819//135
f 2717//135 2819//135 2818//135
f 2705//135 2704//135 2837//135
f 2837//135 2704//135 2703//135
f 2695//135 2756//135 2696//135
f 2696//135 2756//135 2755//135
f 2696//135 2755//135 2772//135
f 2838//135 2839//135 2830//135
f 2830//135 2839//135 2840//135
f 2830//135 2840//135 2841//135
f 2842//135 2843//135 2781//135
f 2781//135 2843//135 2700//135
f 2781//135 2700//135 2782//135
f 2782//135 2700//135 2784//135
f 2844//135 2753//135 2694//135
f 2694//135 2753//135 2752//135
f 2694//135 2752//135 2695//135
f 2695//135 2752//135 2758//135
f 2695//135 2758//135 2756//135
f 2748//135 2747//135 2718//135
f 2718//135 2747//135 2746//135
f 2718//135 2746//135 2739//135
f 2739//135 2746//135 2745//135
f 2739//135 2745//135 2738//135
f 2738//135 2745//135 2737//135
f 2821//135 2820//135 2706//135
f 2706//135 2820//135 2832//135
f 2706//135 2832//135 2707//135
f 2707//135 2832//135 2838//135
f 2707//135 2838//135 2708//135
f 2708//135 2838//135 2830//135
f 2708//135 2830//135 2709//135
f 2709//135 2830//135 2718//135
f 2713//135 2795//135 2714//135
f 2714//135 2795//135 2794//135
f 2714//135 2794//135 2807//135
f 2837//135 2845//135 2846//135
f 2847//135 2792//135 2712//135
f 2712//135 2792//135 2791//135
f 2712//135 2791//135 2713//135
f 2713//135 2791//135 2797//135
f 2713//135 2797//135 2795//135
f 2846//135 2848//135 2837//135
f 2837//135 2848//135 2849//135
f 2837//135 2849//135 2705//135
f 2705//135 2849//135 2850//135
f 2705//135 2850//135 2694//135
f 2694//135 2850//135 2851//135
f 2694//135 2851//135 2844//135
f 2730//135 2731//135 2852//135
f 2852//135 2731//135 2732//135
f 2852//135 2732//135 2843//135
f 2843//135 2732//135 2733//135
f 2843//135 2733//135 2734//135
f 2744//135 2837//135 2735//135
f 2735//135 2837//135 2703//135
f 2735//135 2703//135 2734//135
f 2734//135 2703//135 2702//135
f 2734//135 2702//135 2843//135
f 2843//135 2702//135 2701//135
f 2843//135 2701//135 2700//135
f 2852//135 2853//135 2730//135
f 2730//135 2853//135 2854//135
f 2730//135 2854//135 2729//135
f 2729//135 2854//135 2855//135
f 2729//135 2855//135 2856//135
f 2856//135 2855//135 2857//135
f 2856//135 2857//135 2858//135
f 2859//135 2725//135 2860//135
f 2860//135 2725//135 2726//135
f 2860//135 2726//135 2861//135
f 2861//135 2726//135 2727//135
f 2861//135 2727//135 2856//135
f 2856//135 2727//135 2728//135
f 2856//135 2728//135 2729//135
f 2720//135 2721//135 2712//135
f 2712//135 2721//135 2722//135
f 2712//135 2722//135 2723//135
f 2847//135 2712//135 2862//135
f 2862//135 2712//135 2723//135
f 2862//135 2723//135 2859//135
f 2859//135 2723//135 2724//135
f 2859//135 2724//135 2725//135
f 2720//135 2712//135 2719//135
f 2719//135 2712//135 2711//135
f 2719//135 2711//135 2718//135
f 2718//135 2711//135 2710//135
f 2718//135 2710//135 2709//135
f 2837//3493 2836//3493 2863//3493
f 2863//3494 2836//3494 2864//3494
f 2864//3495 2836//3495 2865//3495
f 2865//3496 2836//3496 2835//3496
f 2865//3497 2835//3497 2866//3497
f 2834//2663 2867//2663 2835//2663
f 2835//3498 2867//3498 2868//3498
f 2868//3499 2869//3499 2835//3499
f 2835//3500 2869//3500 2870//3500
f 2835//3501 2870//3501 2866//3501
f 2830//3502 2871//3502 2833//3502
f 2833//3503 2871//3503 2872//3503
f 2833//3504 2872//3504 2834//3504
f 2834//3505 2872//3505 2873//3505
f 2834//3506 2873//3506 2867//3506
f 2874//2656 2843//2656 2875//2656
f 2875//2656 2843//2656 2842//2656
f 2876//3507 2877//3507 2878//3507
f 2857//3508 2855//3508 2879//3508
f 2879//3509 2855//3509 2876//3509
f 2879//3510 2876//3510 2880//3510
f 2880//3511 2876//3511 2878//3511
f 2881//3512 2882//3512 2877//3512
f 2877//3513 2882//3513 2883//3513
f 2877//3514 2883//3514 2878//3514
f 2843//3515 2874//3515 2852//3515
f 2852//3515 2874//3515 2884//3515
f 2852//3516 2884//3517 2853//3516
f 2853//3516 2884//3517 2885//3517
f 2853//3518 2885//3518 2854//3518
f 2854//3518 2885//3518 2886//3518
f 2854//3519 2886//3519 2855//3519
f 2855//3519 2886//3519 2887//3519
f 2855//3509 2887//3509 2876//3509
f 2862//2656 2888//2656 2847//2656
f 2847//2656 2888//2656 2889//2656
f 2890//3520 2891//3520 2892//3520
f 2892//3521 2891//3521 2893//3521
f 2894//3522 2895//3522 2896//3522
f 2896//3523 2895//3523 2897//3523
f 2896//3524 2897//3524 2891//3524
f 2891//3525 2897//3525 2898//3525
f 2891//3526 2898//3526 2893//3526
f 2888//3527 2862//3527 2899//3527
f 2899//3527 2862//3527 2859//3527
f 2899//3528 2859//3529 2900//3528
f 2900//3528 2859//3529 2860//3529
f 2900//3530 2860//3530 2901//3530
f 2901//3530 2860//3530 2861//3530
f 2901//3531 2861//3531 2894//3531
f 2894//3531 2861//3531 2856//3531
f 2894//3522 2856//3522 2895//3522
f 2895//3532 2856//3532 2858//3532
f 2902//2663 2832//2663 2903//2663
f 2903//2663 2832//2663 2831//2663
f 2904//2714 2905//2714 2906//2714
f 2907//3533 2908//3533 2905//3533
f 2905//3534 2908//3534 2909//3534
f 2905//2700 2909//2700 2906//2700
f 2906//3535 2910//3535 2904//3535
f 2904//2706 2910//2706 2841//2706
f 2904//2715 2841//2715 2911//2715
f 2911//2715 2841//2715 2840//2715
f 2911//2716 2840//2716 2912//2716
f 2912//2716 2840//2716 2839//2716
f 2912//2717 2839//2717 2913//2717
f 2913//2717 2839//2717 2838//2717
f 2913//2718 2838//2718 2902//2718
f 2902//2718 2838//2718 2832//2718
f 2851//2663 2914//2663 2844//2663
f 2844//2663 2914//2663 2915//2663
f 2916//3536 2917//3536 2918//3536
f 2918//3537 2917//3537 2919//3537
f 2920//3538 2921//3538 2922//3538
f 2922//3539 2921//3539 2923//3539
f 2922//3540 2923//3540 2917//3540
f 2917//3541 2923//3541 2924//3541
f 2917//3542 2924//3542 2919//3542
f 2914//3543 2851//3543 2925//3543
f 2925//3543 2851//3543 2850//3543
f 2925//3544 2850//3544 2926//3544
f 2926//3544 2850//3544 2849//3544
f 2926//3545 2849//3545 2927//3545
f 2927//3545 2849//3545 2848//3545
f 2927//3546 2848//3546 2920//3546
f 2920//3546 2848//3546 2846//3546
f 2920//3538 2846//3538 2921//3538
f 2921//3547 2846//3547 2845//3547
f 2753//3548 2844//3548 2754//3548
f 2754//3548 2844//3548 2915//3548
f 2754//3548 2915//3548 2759//3548
f 2759//3548 2915//3548 2761//3548
f 2762//3549 2761//3549 2928//3549
f 2771//2661 2770//3413 2929//2661
f 2929//3550 2770//3550 2768//3550
f 2929//3551 2768//3551 2928//3551
f 2928//3552 2768//3552 2765//3552
f 2928//3553 2765//3553 2762//3553
f 2930//3549 2786//3549 2785//3549
f 2771//2661 2931//2661 2769//3413
f 2769//3413 2931//2661 2930//2661
f 2769//3412 2930//3554 2766//3410
f 2766//3555 2930//3555 2785//3555
f 2766//3556 2785//3556 2767//3556
f 2787//3557 2786//3558 2875//3548
f 2787//3557 2875//3548 2789//3548
f 2842//3548 2781//3548 2875//3548
f 2875//3548 2781//3548 2783//3559
f 2875//3548 2783//3559 2789//3548
f 2890//3560 2892//3561 2881//3560
f 2881//3560 2892//3561 2893//3562
f 2881//3560 2893//3562 2882//3561
f 2882//3561 2893//3562 2883//3562
f 2883//3562 2893//3562 2878//3563
f 2878//3563 2893//3562 2898//3563
f 2878//3563 2898//3563 2897//3563
f 2858//3563 2857//3563 2895//3563
f 2895//3563 2857//3563 2879//3563
f 2895//3563 2879//3563 2897//3563
f 2897//3563 2879//3563 2880//3563
f 2897//3563 2880//3563 2878//3563
f 2792//3564 2847//3564 2793//3564
f 2793//3564 2847//3564 2889//3564
f 2793//3564 2889//3564 2798//3564
f 2798//3564 2889//3564 2800//3564
f 2801//3565 2800//3565 2932//3565
f 2816//2662 2815//3468 2933//3468
f 2933//3566 2815//3566 2813//3566
f 2933//3567 2813//3567 2932//3567
f 2932//3568 2813//3568 2804//3568
f 2932//3569 2804//3569 2801//3569
f 2934//3565 2825//3565 2824//3565
f 2816//2662 2935//2662 2814//3468
f 2814//3468 2935//2662 2934//2662
f 2814//3467 2934//3570 2812//3465
f 2812//3571 2934//3571 2824//3571
f 2812//3572 2824//3572 2805//3572
f 2826//3573 2825//3574 2903//3564
f 2826//3573 2903//3564 2828//3564
f 2831//3564 2820//3564 2903//3564
f 2903//3564 2820//3564 2822//3575
f 2903//3564 2822//3575 2828//3564
f 2868//3576 2909//3577 2869//3578
f 2869//3578 2909//3577 2908//3579
f 2869//3578 2908//3579 2907//3580
f 2830//3577 2841//3577 2871//3577
f 2871//3577 2841//3577 2910//3577
f 2871//3577 2910//3577 2872//3577
f 2872//3577 2910//3577 2906//3577
f 2872//3577 2906//3577 2873//3577
f 2873//3577 2906//3577 2909//3577
f 2873//3577 2909//3577 2867//3577
f 2867//3577 2909//3577 2868//3576
f 2919//3581 2869//3576 2918//3582
f 2918//3582 2869//3576 2916//3583
f 2923//3577 2865//3577 2924//3577
f 2924//3577 2865//3577 2866//3577
f 2924//3577 2866//3577 2919//3581
f 2919//3581 2866//3577 2870//3582
f 2919//3581 2870//3582 2869//3576
f 2845//3577 2837//3577 2921//3577
f 2921//3577 2837//3577 2863//3577
f 2921//3577 2863//3577 2923//3577
f 2923//3577 2863//3577 2864//3577
f 2923//3577 2864//3577 2865//3577
f 2936//2718 2937//2718 2938//2718
f 2938//2718 2937//2718 2939//2718
f 2938//2717 2939//2717 2940//2717
f 2940//2717 2939//2717 2941//2717
f 2940//2716 2941//2716 2942//2716
f 2942//2716 2941//2716 2943//2716
f 2942//2715 2943//2715 2944//2715
f 2944//2715 2943//2715 2945//2715
f 2944//2714 2945//2714 2946//2714
f 2946//2714 2945//2714 2947//2714
f 2946//2713 2947//2713 2948//2713
f 2948//2713 2947//2713 2949//2713
f 2948//2712 2949//2712 2950//2712
f 2950//2712 2949//2712 2951//2712
f 2950//2711 2951//2711 2952//2711
f 2952//2711 2951//2711 2953//2711
f 2952//2710 2953//2710 2954//2710
f 2954//2710 2953//2710 2955//2710
f 2954//2709 2955//2709 2956//2709
f 2956//2709 2955//2709 2957//2709
f 2956//2708 2957//2708 2958//2708
f 2958//2708 2957//2708 2959//2708
f 2958//2707 2959//2707 2936//2707
f 2936//2707 2959//2707 2937//2707
f 2954//135 2886//135 2952//135
f 2952//135 2886//135 2885//135
f 2952//135 2885//135 2950//135
f 2950//135 2885//135 2884//135
f 2950//135 2884//135 2948//135
f 2948//135 2884//135 2874//135
f 2948//135 2874//135 2946//135
f 2946//135 2874//135 2875//135
f 2946//135 2875//135 2944//135
f 2944//135 2875//135 2942//135
f 2942//135 2875//135 2960//135
f 2942//135 2960//135 2940//135
f 2940//135 2960//135 2961//135
f 2940//135 2961//135 2938//135
f 2938//135 2961//135 2962//135
f 2938//135 2962//135 2936//135
f 2936//135 2962//135 2881//135
f 2936//135 2881//135 2958//135
f 2958//135 2881//135 2877//135
f 2958//135 2877//135 2956//135
f 2956//135 2877//135 2876//135
f 2956//135 2876//135 2954//135
f 2954//135 2876//135 2887//135
f 2954//135 2887//135 2886//135
f 2963//2718 2964//2718 2965//2718
f 2965//2718 2964//2718 2966//2718
f 2965//2717 2966//2717 2967//2717
f 2967//2717 2966//2717 2968//2717
f 2967//2716 2968//2716 2969//2716
f 2969//2716 2968//2716 2970//2716
f 2969//2715 2970//2715 2971//2715
f 2971//2715 2970//2715 2972//2715
f 2971//2714 2972//2714 2973//2714
f 2973//2714 2972//2714 2974//2714
f 2973//2713 2974//2713 2975//2713
f 2975//2713 2974//2713 2976//2713
f 2975//2712 2976//2712 2977//2712
f 2977//2712 2976//2712 2978//2712
f 2977//2711 2978//2711 2979//2711
f 2979//2711 2978//2711 2980//2711
f 2979//2710 2980//2710 2981//2710
f 2981//2710 2980//2710 2982//2710
f 2981//2709 2982//2709 2983//2709
f 2983//2709 2982//2709 2984//2709
f 2983//2708 2984//2708 2985//2708
f 2985//2708 2984//2708 2986//2708
f 2985//2707 2986//2707 2963//2707
f 2963//2707 2986//2707 2964//2707
f 2889//135 2888//135 2975//135
f 2975//135 2888//135 2973//135
f 2973//135 2888//135 2899//135
f 2973//135 2899//135 2971//135
f 2971//135 2899//135 2900//135
f 2971//135 2900//135 2969//135
f 2975//135 2977//135 2889//135
f 2889//135 2977//135 2979//135
f 2889//135 2979//135 2987//135
f 2987//135 2979//135 2981//135
f 2987//135 2981//135 2988//135
f 2988//135 2981//135 2983//135
f 2988//135 2983//135 2989//135
f 2989//135 2983//135 2985//135
f 2989//135 2985//135 2890//135
f 2890//135 2985//135 2963//135
f 2890//135 2963//135 2891//135
f 2891//135 2963//135 2965//135
f 2891//135 2965//135 2896//135
f 2896//135 2965//135 2967//135
f 2896//135 2967//135 2894//135
f 2894//135 2967//135 2969//135
f 2894//135 2969//135 2901//135
f 2901//135 2969//135 2900//135
f 2960//2710 1745//2710 1746//2710
f 2960//2710 1746//2710 2961//2710
f 2961//2711 1746//2711 1748//2711
f 2961//2711 1748//2711 2962//2711
f 2962//2712 1748//2712 1750//2712
f 2962//2712 1750//2712 2881//2712
f 2890//2713 1751//2713 1752//2713
f 2890//2713 1752//2713 2989//2713
f 2989//2714 1752//2714 1754//2714
f 2989//2714 1754//2714 2988//2714
f 2988//2715 1754//2715 1756//2715
f 2988//2715 1756//2715 2987//2715
f 2990//2716 1757//2716 1758//2716
f 2990//2716 1758//2716 2991//2716
f 2991//2717 1758//2717 1760//2717
f 2991//2717 1760//2717 2992//2717
f 2992//2718 1760//2718 1762//2718
f 2992//2718 1762//2718 2907//2718
f 2916//2707 1763//2707 1764//2707
f 2916//2707 1764//2707 2993//2707
f 2993//2708 1764//2708 1766//2708
f 2993//2708 1766//2708 2994//2708
f 2994//2709 1766//2709 1744//2709
f 2994//2709 1744//2709 2995//2709
f 2907//2663 1762//2663 2869//2663
f 2869//2663 1762//2663 1763//2663
f 2869//2663 1763//2663 2916//2663
f 2825//2662 1757//2662 2903//2662
f 2903//2662 1757//2662 2990//2662
f 2825//2662 2934//2662 1757//2662
f 1757//2662 2934//2662 2935//2662
f 1757//2662 2935//2662 1756//2662
f 2935//2662 2816//2662 1756//2662
f 1756//2662 2816//2662 2933//3468
f 1756//2662 2933//3468 2932//2662
f 2932//2662 2800//2662 1756//2662
f 1756//2662 2800//2662 2889//2662
f 1756//2662 2889//2662 2987//2662
f 2890//2656 2881//2656 1751//2656
f 1751//2656 2881//2656 1750//2656
f 2930//2661 2931//2661 1744//2661
f 1745//2661 2960//2661 2875//2661
f 1745//2661 2875//2661 1744//2661
f 1744//2661 2875//2661 2786//2661
f 1744//2661 2786//2661 2930//2661
f 2931//2661 2771//2661 1744//2661
f 1744//2661 2771//2661 2929//2661
f 1744//2661 2929//2661 2928//2661
f 2928//2661 2761//2661 1744//2661
f 1744//2661 2761//2661 2915//2661
f 1744//2661 2915//2661 2995//2661
f 2915//135 2914//135 2996//135
f 2996//135 2914//135 2997//135
f 2997//135 2914//135 2925//135
f 2997//135 2925//135 2998//135
f 2998//135 2925//135 2926//135
f 2998//135 2926//135 2999//135
f 2996//135 3000//135 2915//135
f 2915//135 3000//135 3001//135
f 2915//135 3001//135 2995//135
f 2995//135 3001//135 3002//135
f 2995//135 3002//135 2994//135
f 2994//135 3002//135 3003//135
f 2994//135 3003//135 2993//135
f 2993//135 3003//135 3004//135
f 2993//135 3004//135 2916//135
f 2916//135 3004//135 3005//135
f 2916//135 3005//135 2917//135
f 2917//135 3005//135 3006//135
f 2917//135 3006//135 2922//135
f 2922//135 3006//135 3007//135
f 2922//135 3007//135 2920//135
f 2920//135 3007//135 2999//135
f 2920//135 2999//135 2927//135
f 2927//135 2999//135 2926//135
f 2996//2718 3008//2718 3000//2718
f 3000//2718 3008//2718 3009//2718
f 3000//2717 3009//2717 3001//2717
f 3001//2717 3009//2717 3010//2717
f 3001//2716 3010//2716 3002//2716
f 3002//2716 3010//2716 3011//2716
f 3002//2715 3011//2715 3003//2715
f 3003//2715 3011//2715 3012//2715
f 3003//2714 3012//2714 3004//2714
f 3004//2714 3012//2714 3013//2714
f 3004//2713 3013//2713 3005//2713
f 3005//2713 3013//2713 3014//2713
f 3005//3129 3014//3129 3006//3129
f 3006//3129 3014//3129 3015//3129
f 3006//2711 3015//2711 3007//2711
f 3007//2711 3015//2711 3016//2711
f 3007//2710 3016//2710 2999//2710
f 2999//2710 3016//2710 3017//2710
f 2999//2709 3017//2709 2998//2709
f 2998//2709 3017//2709 3018//2709
f 2998//2708 3018//2708 2997//2708
f 2997//2708 3018//2708 3019//2708
f 2997//3130 3019//3130 2996//3130
f 2996//3130 3019//3130 3008//3130
f 3020//135 3021//135 2903//135
f 2903//135 3021//135 3022//135
f 2903//135 3022//135 2902//135
f 2902//135 3022//135 3023//135
f 2902//135 3023//135 2913//135
f 2913//135 3023//135 3024//135
f 2913//135 3024//135 2912//135
f 2912//135 3024//135 3025//135
f 2912//135 3025//135 2911//135
f 2911//135 3025//135 3026//135
f 2911//135 3026//135 2904//135
f 2904//135 3026//135 3027//135
f 2904//135 3027//135 2905//135
f 2905//135 3027//135 3028//135
f 2905//135 3028//135 2907//135
f 2907//135 3028//135 3029//135
f 2907//135 3029//135 2992//135
f 2992//135 3029//135 3030//135
f 2992//135 3030//135 2991//135
f 2991//135 3030//135 3031//135
f 2991//135 3031//135 2990//135
f 2990//135 3031//135 3020//135
f 2990//135 3020//135 2903//135
f 3023//3131 3032//3131 3024//3131
f 3024//3131 3032//3131 3033//3131
f 3024//2717 3033//2717 3025//2717
f 3025//2717 3033//2717 3034//2717
f 3025//2716 3034//2716 3026//2716
f 3026//2716 3034//2716 3035//2716
f 3026//2715 3035//2715 3027//2715
f 3027//2715 3035//2715 3036//2715
f 3027//2714 3036//2714 3028//2714
f 3028//2714 3036//2714 3037//2714
f 3028//3132 3037//3132 3029//3132
f 3029//3132 3037//3132 3038//3132
f 3029//2712 3038//2712 3030//2712
f 3030//2712 3038//2712 3039//2712
f 3030//2711 3039//2711 3031//2711
f 3031//2711 3039//2711 3040//2711
f 3031//2710 3040//2710 3020//2710
f 3020//2710 3040//2710 3041//2710
f 3020//2709 3041//2709 3021//2709
f 3021//2709 3041//2709 3042//2709
f 3021//2708 3042//2708 3022//2708
f 3022//2708 3042//2708 3043//2708
f 3022//2707 3043//2707 3023//2707
f 3023//2707 3043//2707 3032//2707
f 3040//135 3039//135 3044//135
f 3044//135 3039//135 3038//135
f 3044//135 3038//135 3037//135
f 3043//135 3042//135 3044//135
f 3044//135 3042//135 3041//135
f 3044//135 3041//135 3040//135
f 3034//135 3033//135 3044//135
f 3044//135 3033//135 3032//135
f 3044//135 3032//135 3043//135
f 3037//135 3036//135 3044//135
f 3044//135 3036//135 3035//135
f 3044//135 3035//135 3034//135
f 2953//135 2951//135 3045//135
f 3045//135 2951//135 2949//135
f 3045//135 2949//135 2947//135
f 2959//135 2957//135 3045//135
f 3045//135 2957//135 2955//135
f 3045//135 2955//135 2953//135
f 2941//135 2939//135 3045//135
f 3045//135 2939//135 2937//135
f 3045//135 2937//135 2959//135
f 2947//135 2945//135 3045//135
f 3045//135 2945//135 2943//135
f 3045//135 2943//135 2941//135
f 2980//135 2978//135 3046//135
f 3046//135 2978//135 2976//135
f 3046//135 2976//135 2974//135
f 2986//135 2984//135 3046//135
f 3046//135 2984//135 2982//135
f 3046//135 2982//135 2980//135
f 2968//135 2966//135 3046//135
f 3046//135 2966//135 2964//135
f 3046//135 2964//135 2986//135
f 2974//135 2972//135 3046//135
f 3046//135 2972//135 2970//135
f 3046//135 2970//135 2968//135
f 3016//135 3015//135 3047//135
f 3047//135 3015//135 3014//135
f 3047//135 3014//135 3013//135
f 3019//135 3018//135 3047//135
f 3047//135 3018//135 3017//135
f 3047//135 3017//135 3016//135
f 3010//135 3009//135 3047//135
f 3047//135 3009//135 3008//135
f 3047//135 3008//135 3019//135
f 3013//135 3012//135 3047//135
f 3047//135 3012//135 3011//135
f 3047//135 3011//135 3010//135
f 3048//3584 3049//3584 1708//3584
f 1708//3584 3049//3584 1709//3584
f 3050//3585 3048//3585 1716//3585
f 1716//3585 3048//3585 1708//3585
f 3051//3586 3050//3586 1710//3586
f 1710//3586 3050//3586 1716//3586
f 3049//3587 3051//3587 1709//3587
f 1709//3587 3051//3587 1710//3587
f 3050//2656 3051//2656 3048//2656
f 3048//2656 3051//2656 3049//2656
f 3052//135 3053//135 3054//135
f 3054//135 3053//135 3055//135
f 3054//135 3055//135 3056//135
f 3057//135 3058//135 3054//135
f 3054//135 3058//135 3059//135
f 3054//135 3059//135 3052//135
f 3060//135 3061//135 3054//135
f 3054//135 3061//135 3062//135
f 3054//135 3062//135 3057//135
f 3056//135 3063//135 3054//135
f 3054//135 3063//135 3064//135
f 3054//135 3064//135 3060//135
f 3065//2718 3062//2718 3066//2718
f 3066//2718 3062//2718 3061//2718
f 3066//2717 3061//2717 3067//2717
f 3067//2717 3061//2717 3060//2717
f 3067//2716 3060//2716 3068//2716
f 3068//2716 3060//2716 3064//2716
f 3068//2715 3064//2715 3069//2715
f 3069//2715 3064//2715 3063//2715
f 3069//2714 3063//2714 3070//2714
f 3070//2714 3063//2714 3056//2714
f 3070//2713 3056//2713 3071//2713
f 3071//2713 3056//2713 3055//2713
f 3071//2712 3055//2712 3072//2712
f 3072//2712 3055//2712 3053//2712
f 3072//2711 3053//2711 3073//2711
f 3073//2711 3053//2711 3052//2711
f 3073//2710 3052//2710 3074//2710
f 3074//2710 3052//2710 3059//2710
f 3074//2709 3059//2709 3075//2709
f 3075//2709 3059//2709 3058//2709
f 3075//2708 3058//2708 3076//2708
f 3076//2708 3058//2708 3057//2708
f 3076//2707 3057//2707 3065//2707
f 3065//2707 3057//2707 3062//2707
f 3069//136 3070//136 3077//136
f 3077//136 3070//136 3071//136
f 3077//136 3071//136 3072//136
f 3066//136 3067//136 3077//136
f 3077//136 3067//136 3068//136
f 3077//136 3068//136 3069//136
f 3075//136 3076//136 3077//136
f 3077//136 3076//136 3065//136
f 3077//136 3065//136 3066//136
f 3072//136 3073//136 3077//136
f 3077//136 3073//136 3074//136
f 3077//136 3074//136 3075//136
f 3078//135 3079//135 3080//135
f 3080//135 3079//135 3081//135
f 3080//135 3081//135 3082//135
f 3083//135 3084//135 3080//135
f 3080//135 3084//135 3085//135
f 3080//135 3085//135 3078//135
f 3086//135 3087//135 3080//135
f 3080//135 3087//135 3088//135
f 3080//135 3088//135 3083//135
f 3082//135 3089//135 3080//135
f 3080//135 3089//135 3090//135
f 3080//135 3090//135 3086//135
f 3091//136 3092//136 3093//136
f 3093//136 3092//136 3094//136
f 3093//136 3094//136 3095//136
f 3096//136 3097//136 3093//136
f 3093//136 3097//136 3098//136
f 3093//136 3098//136 3091//136
f 3099//136 3100//136 3093//136
f 3093//136 3100//136 3101//136
f 3093//136 3101//136 3096//136
f 3095//136 3102//136 3093//136
f 3093//136 3102//136 3103//136
f 3093//136 3103//136 3099//136
f 3101//2718 3088//2718 3096//2718
f 3096//2718 3088//2718 3087//2718
f 3096//2717 3087//2717 3097//2717
f 3097//2717 3087//2717 3086//2717
f 3097//2716 3086//2716 3098//2716
f 3098//2716 3086//2716 3090//2716
f 3098//2715 3090//2715 3091//2715
f 3091//2715 3090//2715 3089//2715
f 3091//2714 3089//2714 3092//2714
f 3092//2714 3089//2714 3082//2714
f 3092//2713 3082//2713 3094//2713
f 3094//2713 3082//2713 3081//2713
f 3094//2712 3081//2712 3095//2712
f 3095//2712 3081//2712 3079//2712
f 3095//2711 3079//2711 3102//2711
f 3102//2711 3079//2711 3078//2711
f 3102//2710 3078//2710 3103//2710
f 3103//2710 3078//2710 3085//2710
f 3103//2709 3085//2709 3099//2709
f 3099//2709 3085//2709 3084//2709
f 3099//2708 3084//2708 3100//2708
f 3100//2708 3084//2708 3083//2708
f 3100//2707 3083//2707 3101//2707
f 3101//2707 3083//2707 3088//2707
f 3104//136 3105//136 3106//136
f 3106//136 3105//136 3107//136
f 3108//136 3109//136 3110//136
f 3110//136 3109//136 3111//136
f 3110//136 3111//136 3112//136
f 3112//136 3111//136 3113//136
f 3112//136 3113//136 3114//136
f 3115//136 3116//136 3117//136
f 3117//136 3116//136 3118//136
f 3117//136 3118//136 3108//136
f 3108//136 3118//136 3119//136
f 3108//136 3119//136 3109//136
f 3117//136 3120//136 3115//136
f 3115//136 3120//136 3121//136
f 3115//136 3121//136 3106//136
f 3106//136 3121//136 3122//136
f 3106//136 3122//136 3104//136
f 3105//136 3123//136 3107//136
f 3107//136 3123//136 3124//136
f 3107//136 3124//136 3125//136
f 3125//136 3124//136 3114//136
f 3125//136 3114//136 3126//136
f 3126//136 3114//136 3113//136
f 3127//136 3115//136 3128//136
f 3128//136 3115//136 3129//136
f 3127//136 3130//136 3115//136
f 3115//136 3130//136 3131//136
f 3115//136 3131//136 3116//136
f 3132//136 3133//136 3134//136
f 3134//136 3133//136 3135//136
f 3129//136 3134//136 3136//136
f 3136//136 3134//136 3135//136
f 3136//136 3135//136 3137//136
f 3137//136 3135//136 3138//136
f 3137//136 3138//136 3139//136
f 3140//136 3141//136 3142//136
f 3142//136 3141//136 3143//136
f 3142//136 3143//136 3144//136
f 3144//136 3143//136 3145//136
f 3144//136 3145//136 3146//136
f 3146//136 3145//136 3147//136
f 3146//136 3147//136 3148//136
f 3148//136 3147//136 3149//136
f 3148//136 3149//136 3150//136
f 3150//136 3149//136 3151//136
f 3150//136 3151//136 3134//136
f 3134//136 3151//136 3152//136
f 3134//136 3152//136 3132//136
f 3140//136 3153//136 3141//136
f 3141//136 3153//136 3154//136
f 3141//136 3154//136 3155//136
f 3155//136 3154//136 3156//136
f 3155//136 3156//136 3138//136
f 3138//136 3156//136 3157//136
f 3138//136 3157//136 3139//136
f 3158//136 3159//136 3160//136
f 3160//136 3159//136 3161//136
f 3160//136 3161//136 3106//136
f 3106//136 3161//136 3162//136
f 3163//136 3164//136 3160//136
f 3160//136 3164//136 3165//136
f 3160//136 3165//136 3158//136
f 3166//136 3115//136 3167//136
f 3167//136 3115//136 3106//136
f 3167//136 3106//136 3168//136
f 3168//136 3106//136 3162//136
f 3166//136 3169//136 3115//136
f 3115//136 3169//136 3170//136
f 3115//136 3170//136 3163//136
f 3163//136 3170//136 3171//136
f 3163//136 3171//136 3164//136
f 3172//136 3173//136 3174//136
f 3174//136 3173//136 3175//136
f 3176//136 3115//136 3177//136
f 3177//136 3115//136 3163//136
f 3177//136 3163//136 3178//136
f 3178//136 3163//136 3179//136
f 3179//136 3163//136 3180//136
f 3180//136 3163//136 3174//136
f 3180//136 3174//136 3181//136
f 3181//136 3174//136 3175//136
f 3181//136 3175//136 3182//136
f 3183//136 3184//136 3134//136
f 3134//136 3184//136 3185//136
f 3134//136 3185//136 3174//136
f 3174//136 3185//136 3186//136
f 3174//136 3186//136 3172//136
f 3187//136 3188//136 3175//136
f 3175//136 3188//136 3189//136
f 3175//136 3189//136 3182//136
f 3176//136 3190//136 3115//136
f 3115//136 3190//136 3191//136
f 3115//136 3191//136 3129//136
f 3129//136 3191//136 3192//136
f 3129//136 3192//136 3188//136
f 3187//136 3193//136 3188//136
f 3188//136 3193//136 3194//136
f 3188//136 3194//136 3129//136
f 3129//136 3194//136 3195//136
f 3129//136 3195//136 3134//136
f 3134//136 3195//136 3196//136
f 3134//136 3196//136 3183//136
f 3197//135 3198//135 3199//135
f 3200//135 3201//135 3202//135
f 3202//135 3201//135 3203//135
f 3202//135 3203//135 3204//135
f 3204//135 3203//135 3205//135
f 3204//135 3205//135 3206//135
f 3207//135 3208//135 3200//135
f 3200//135 3208//135 3209//135
f 3200//135 3209//135 3201//135
f 3210//135 3211//135 3212//135
f 3212//135 3211//135 3213//135
f 3214//135 3215//135 3199//135
f 3199//135 3215//135 3216//135
f 3199//135 3216//135 3217//135
f 3216//135 3218//135 3217//135
f 3217//135 3218//135 3219//135
f 3217//135 3219//135 3220//135
f 3220//135 3219//135 3206//135
f 3220//135 3206//135 3221//135
f 3221//135 3206//135 3205//135
f 3212//135 3222//135 3210//135
f 3210//135 3222//135 3223//135
f 3210//135 3223//135 3207//135
f 3207//135 3223//135 3224//135
f 3207//135 3224//135 3208//135
f 3225//135 3226//135 3227//135
f 3227//135 3228//135 3225//135
f 3225//135 3228//135 3229//135
f 3225//135 3229//135 3230//135
f 3231//135 3232//135 3233//135
f 3233//135 3232//135 3234//135
f 3233//135 3234//135 3225//135
f 3234//135 3235//135 3225//135
f 3225//135 3235//135 3236//135
f 3225//135 3236//135 3226//135
f 3226//135 3236//135 3237//135
f 3226//135 3237//135 3238//135
f 3238//135 3237//135 3239//135
f 3238//135 3239//135 3240//135
f 3231//135 3233//135 3241//135
f 3241//135 3233//135 3242//135
f 3241//135 3242//135 3243//135
f 3243//135 3242//135 3244//135
f 3243//135 3244//135 3245//135
f 3245//135 3244//135 3246//135
f 3245//135 3246//135 3247//135
f 3247//135 3246//135 3248//135
f 3247//135 3248//135 3249//135
f 3249//135 3248//135 3250//135
f 3249//135 3250//135 3239//135
f 3239//135 3250//135 3251//135
f 3239//135 3251//135 3240//135
f 3233//135 3252//135 3253//135
f 3254//135 3255//135 3256//135
f 3256//135 3255//135 3233//135
f 3256//135 3233//135 3257//135
f 3257//135 3233//135 3253//135
f 3252//135 3233//135 3258//135
f 3258//135 3233//135 3225//135
f 3258//135 3225//135 3259//135
f 3254//135 3260//135 3255//135
f 3255//135 3260//135 3261//135
f 3255//135 3261//135 3262//135
f 3261//135 3263//135 3262//135
f 3262//135 3263//135 3264//135
f 3262//135 3264//135 3225//135
f 3225//135 3264//135 3265//135
f 3225//135 3265//135 3259//135
f 3266//135 3267//135 3268//135
f 3211//135 3214//135 3213//135
f 3213//135 3214//135 3199//135
f 3213//135 3199//135 3269//135
f 3269//135 3199//135 3198//135
f 3269//135 3198//135 3270//135
f 3230//135 3269//135 3225//135
f 3225//135 3269//135 3271//135
f 3225//135 3271//135 3272//135
f 3272//135 3273//135 3225//135
f 3225//135 3273//135 3274//135
f 3225//135 3274//135 3262//135
f 3268//135 3275//135 3266//135
f 3266//135 3275//135 3276//135
f 3266//135 3276//135 3270//135
f 3270//135 3276//135 3277//135
f 3270//135 3277//135 3269//135
f 3269//135 3277//135 3278//135
f 3269//135 3278//135 3271//135
f 3279//135 3280//135 3281//135
f 3281//135 3280//135 3282//135
f 3281//135 3282//135 3199//135
f 3199//135 3282//135 3283//135
f 3199//135 3283//135 3197//135
f 3274//135 3284//135 3262//135
f 3262//135 3284//135 3285//135
f 3262//135 3285//135 3267//135
f 3266//135 3286//135 3267//135
f 3267//135 3286//135 3287//135
f 3267//135 3287//135 3262//135
f 3262//135 3287//135 3288//135
f 3262//135 3288//135 3281//135
f 3281//135 3288//135 3289//135
f 3281//135 3289//135 3279//135
f 3290//2656 3291//2656 3203//2656
f 3203//2656 3291//2656 3205//2656
f 3292//136 3293//136 3294//136
f 3294//136 3293//136 3295//136
f 3296//136 3297//136 3298//136
f 3298//136 3297//136 3299//136
f 3298//136 3299//136 3300//136
f 3300//136 3299//136 3301//136
f 3300//136 3301//136 3302//136
f 3303//136 3304//136 3305//136
f 3305//136 3304//136 3306//136
f 3305//136 3306//136 3296//136
f 3296//136 3306//136 3307//136
f 3296//136 3307//136 3297//136
f 3305//136 3308//136 3303//136
f 3303//136 3308//136 3309//136
f 3303//136 3309//136 3294//136
f 3294//136 3309//136 3310//136
f 3294//136 3310//136 3292//136
f 3293//136 3311//136 3295//136
f 3295//136 3311//136 3312//136
f 3295//136 3312//136 3313//136
f 3313//136 3312//136 3302//136
f 3313//136 3302//136 3314//136
f 3314//136 3302//136 3301//136
f 3315//136 3303//136 3316//136
f 3316//136 3303//136 3317//136
f 3315//136 3318//136 3303//136
f 3303//136 3318//136 3319//136
f 3303//136 3319//136 3304//136
f 3320//136 3321//136 3322//136
f 3322//136 3321//136 3323//136
f 3324//136 3325//136 3290//136
f 3290//136 3325//136 3326//136
f 3290//136 3326//136 3291//136
f 3291//136 3326//136 3327//136
f 3291//136 3327//136 3328//136
f 3328//136 3327//136 3329//136
f 3328//136 3329//136 3330//136
f 3330//136 3329//136 3331//136
f 3330//136 3331//136 3332//136
f 3332//136 3331//136 3333//136
f 3332//136 3333//136 3322//136
f 3322//136 3333//136 3334//136
f 3322//136 3334//136 3320//136
f 3324//136 3335//136 3325//136
f 3325//136 3335//136 3336//136
f 3325//136 3336//136 3337//136
f 3337//136 3336//136 3338//136
f 3337//136 3338//136 3339//136
f 3339//136 3338//136 3340//136
f 3341//136 3342//136 3343//136
f 3343//136 3342//136 3344//136
f 3343//136 3344//136 3345//136
f 3346//136 3294//136 3347//136
f 3347//136 3294//136 3343//136
f 3347//136 3343//136 3348//136
f 3348//136 3343//136 3345//136
f 3349//136 3303//136 3350//136
f 3350//136 3303//136 3294//136
f 3350//136 3294//136 3351//136
f 3351//136 3294//136 3346//136
f 3352//136 3353//136 3341//136
f 3341//136 3353//136 3354//136
f 3341//136 3354//136 3342//136
f 3355//136 3356//136 3341//136
f 3357//136 3358//136 3359//136
f 3359//136 3358//136 3322//136
f 3360//136 3341//136 3361//136
f 3361//136 3341//136 3358//136
f 3361//136 3358//136 3362//136
f 3362//136 3358//136 3357//136
f 3363//136 3360//136 3364//136
f 3360//136 3363//136 3341//136
f 3341//136 3363//136 3365//136
f 3341//136 3365//136 3355//136
f 3366//136 3367//136 3322//136
f 3356//136 3368//136 3341//136
f 3341//136 3368//136 3303//136
f 3341//136 3303//136 3352//136
f 3352//136 3303//136 3349//136
f 3367//136 3369//136 3322//136
f 3322//136 3369//136 3370//136
f 3322//136 3370//136 3359//136
f 3368//136 3371//136 3303//136
f 3303//136 3371//136 3372//136
f 3303//136 3372//136 3317//136
f 3373//136 3366//136 3317//136
f 3317//136 3366//136 3322//136
f 3317//136 3322//136 3374//136
f 3374//136 3322//136 3323//136
f 3374//136 3323//136 3375//136
f 3375//136 3323//136 3339//136
f 3375//136 3339//136 3376//136
f 3376//136 3339//136 3340//136
f 3372//136 3377//136 3317//136
f 3317//136 3377//136 3378//136
f 3317//136 3378//136 3373//136
f 3373//136 3378//136 3379//136
f 3373//136 3379//136 3380//136
f 3380//136 3379//136 3381//136
f 3380//136 3381//136 3364//136
f 3364//136 3381//136 3382//136
f 3364//136 3382//136 3363//136
f 3383//135 3384//135 3385//135
f 3386//135 3387//135 3388//135
f 3388//135 3387//135 3389//135
f 3388//135 3389//135 3390//135
f 3383//135 3391//135 3384//135
f 3384//135 3391//135 3392//135
f 3384//135 3392//135 3393//135
f 3393//135 3392//135 3394//135
f 3393//135 3394//135 3395//135
f 3395//135 3394//135 3396//135
f 3395//135 3396//135 3397//135
f 3398//135 3399//135 3400//135
f 3400//135 3399//135 3401//135
f 3389//135 3402//135 3390//135
f 3390//135 3402//135 3403//135
f 3390//135 3403//135 3404//135
f 3404//135 3403//135 3397//135
f 3404//135 3397//135 3405//135
f 3405//135 3397//135 3396//135
f 3400//135 3406//135 3398//135
f 3398//135 3406//135 3407//135
f 3398//135 3407//135 3385//135
f 3385//135 3407//135 3408//135
f 3385//135 3408//135 3383//135
f 3409//135 3410//135 3411//135
f 3411//135 3410//135 3412//135
f 3412//135 3413//135 3411//135
f 3411//135 3413//135 3414//135
f 3411//135 3414//135 3415//135
f 3416//135 3417//135 3418//135
f 3418//135 3417//135 3419//135
f 3418//135 3419//135 3411//135
f 3419//135 3420//135 3411//135
f 3411//135 3420//135 3421//135
f 3411//135 3421//135 3409//135
f 3409//135 3421//135 3422//135
f 3409//135 3422//135 3423//135
f 3423//135 3422//135 3424//135
f 3423//135 3424//135 3425//135
f 3416//135 3418//135 3426//135
f 3426//135 3418//135 3427//135
f 3426//135 3427//135 3428//135
f 3428//135 3427//135 3429//135
f 3428//135 3429//135 3430//135
f 3430//135 3429//135 3431//135
f 3430//135 3431//135 3432//135
f 3432//135 3431//135 3433//135
f 3432//135 3433//135 3434//135
f 3434//135 3433//135 3435//135
f 3434//135 3435//135 3424//135
f 3424//135 3435//135 3436//135
f 3424//135 3436//135 3425//135
f 3437//135 3438//135 3439//135
f 3439//135 3438//135 3418//135
f 3439//135 3418//135 3440//135
f 3440//135 3418//135 3441//135
f 3442//135 3443//135 3411//135
f 3411//135 3443//135 3444//135
f 3411//135 3444//135 3418//135
f 3418//135 3444//135 3445//135
f 3418//135 3445//135 3441//135
f 3437//135 3446//135 3438//135
f 3438//135 3446//135 3447//135
f 3438//135 3447//135 3448//135
f 3448//135 3447//135 3449//135
f 3448//135 3449//135 3450//135
f 3451//135 3452//135 3388//135
f 3453//135 3454//135 3415//135
f 3399//135 3386//135 3401//135
f 3401//135 3386//135 3388//135
f 3401//135 3388//135 3415//135
f 3415//135 3388//135 3452//135
f 3415//135 3452//135 3453//135
f 3415//135 3455//135 3411//135
f 3411//135 3455//135 3456//135
f 3411//135 3456//135 3457//135
f 3457//135 3458//135 3411//135
f 3411//135 3458//135 3448//135
f 3411//135 3448//135 3442//135
f 3442//135 3448//135 3450//135
f 3459//135 3460//135 3461//135
f 3461//135 3460//135 3462//135
f 3461//135 3462//135 3388//135
f 3388//135 3462//135 3463//135
f 3388//135 3463//135 3451//135
f 3458//135 3464//135 3448//135
f 3448//135 3464//135 3465//135
f 3448//135 3465//135 3466//135
f 3467//135 3468//135 3469//135
f 3469//135 3468//135 3470//135
f 3469//135 3470//135 3471//135
f 3471//135 3470//135 3472//135
f 3471//135 3472//135 3454//135
f 3454//135 3472//135 3473//135
f 3454//135 3473//135 3415//135
f 3415//135 3473//135 3474//135
f 3415//135 3474//135 3455//135
f 3466//135 3468//135 3448//135
f 3448//135 3468//135 3467//135
f 3448//135 3467//135 3461//135
f 3461//135 3467//135 3475//135
f 3461//135 3475//135 3459//135
f 3142//2656 3144//2656 3394//2656
f 3394//2656 3144//2656 3396//2656
f 3476//2663 3477//2663 3478//2663
f 3479//2663 3480//2663 3481//2663
f 3482//2663 3483//2663 3484//2663
f 3485//2663 3486//2663 3487//2663
f 3488//2663 3489//2663 3490//2663
f 3490//2663 3491//2663 3488//2663
f 3488//2663 3491//2663 3492//2663
f 3488//2663 3492//2663 3493//2663
f 3485//2663 3487//2663 3494//2663
f 3494//2663 3487//2663 3495//2663
f 3494//2663 3495//2663 3496//2663
f 3497//2663 3498//2663 3499//2663
f 3499//2663 3500//2663 3497//2663
f 3497//2663 3500//2663 3501//2663
f 3497//2663 3501//2663 3489//2663
f 3489//2663 3501//2663 3502//2663
f 3489//2663 3502//2663 3490//2663
f 3481//2663 3503//2663 3504//2663
f 3504//2663 3503//2663 3505//2663
f 3504//2663 3505//2663 3506//2663
f 3507//2663 3508//2663 3509//2663
f 3509//2663 3508//2663 3510//2663
f 3509//2663 3510//2663 3511//2663
f 3510//2663 3512//2663 3511//2663
f 3511//2663 3512//2663 3513//2663
f 3511//2663 3513//2663 3476//2663
f 3513//2663 3514//2663 3476//2663
f 3476//2663 3514//2663 3515//2663
f 3476//2663 3515//2663 3480//2663
f 3480//2663 3515//2663 3516//2663
f 3480//2663 3516//2663 3481//2663
f 3481//2663 3516//2663 3517//2663
f 3481//2663 3517//2663 3503//2663
f 3518//2663 3519//2663 3520//2663
f 3520//2663 3519//2663 3521//2663
f 3521//2663 3522//2663 3523//2663
f 3523//2663 3522//2663 3524//2663
f 3523//2663 3524//2663 3525//2663
f 3525//2663 3526//2663 3527//2663
f 3527//2663 3526//2663 3528//2663
f 3527//2663 3528//2663 3529//2663
f 3530//2663 3531//2663 3532//2663
f 3528//2663 3533//2663 3529//2663
f 3529//2663 3533//2663 3534//2663
f 3529//2663 3534//2663 3531//2663
f 3531//2663 3534//2663 3535//2663
f 3531//2663 3535//2663 3532//2663
f 3523//2663 3536//2663 3537//2663
f 3521//2663 3523//2663 3520//2663
f 3520//2663 3523//2663 3537//2663
f 3520//2663 3537//2663 3538//2663
f 3538//2663 3539//2663 3520//2663
f 3520//2663 3539//2663 3540//2663
f 3520//2663 3540//2663 3541//2663
f 3541//2663 3540//2663 3542//2663
f 3541//2663 3542//2663 3543//2663
f 3544//2663 3545//2663 3546//2663
f 3546//2663 3545//2663 3547//2663
f 3536//2663 3523//2663 3548//2663
f 3548//2663 3523//2663 3549//2663
f 3548//2663 3549//2663 3547//2663
f 3550//2663 3551//2663 3552//2663
f 3552//2663 3553//2663 3550//2663
f 3550//2663 3553//2663 3554//2663
f 3550//2663 3554//2663 3555//2663
f 3555//2663 3556//2663 3557//2663
f 3557//2663 3556//2663 3558//2663
f 3559//2663 3560//2663 3561//2663
f 3561//2663 3560//2663 3562//2663
f 3560//2663 3563//2663 3562//2663
f 3562//2663 3563//2663 3564//2663
f 3562//2663 3564//2663 3551//2663
f 3551//2663 3564//2663 3565//2663
f 3551//2663 3565//2663 3552//2663
f 3566//2663 3557//2663 3567//2663
f 3567//2663 3557//2663 3558//2663
f 3567//2663 3558//2663 3568//2663
f 3569//2663 3570//2663 3571//2663
f 3570//2663 3572//2663 3571//2663
f 3571//2663 3572//2663 3573//2663
f 3571//2663 3573//2663 3567//2663
f 3567//2663 3573//2663 3574//2663
f 3567//2663 3574//2663 3566//2663
f 3566//2663 3575//2663 3557//2663
f 3557//2663 3575//2663 3576//2663
f 3557//2663 3576//2663 3577//2663
f 3577//2663 3576//2663 3578//2663
f 3577//2663 3578//2663 3579//2663
f 3498//2663 3580//2663 3581//2663
f 3581//2663 3580//2663 3582//2663
f 3581//2663 3582//2663 3583//2663
f 3581//2663 3584//2663 3585//2663
f 3585//2663 3586//2663 3581//2663
f 3581//2663 3586//2663 3487//2663
f 3581//2663 3487//2663 3498//2663
f 3498//2663 3487//2663 3486//2663
f 3498//2663 3486//2663 3499//2663
f 3587//2663 3588//2663 3589//2663
f 3589//2663 3588//2663 3590//2663
f 3586//2663 3591//2663 3487//2663
f 3487//2663 3591//2663 3592//2663
f 3487//2663 3592//2663 3495//2663
f 3495//2663 3592//2663 3593//2663
f 3593//2663 3594//2663 3495//2663
f 3495//2663 3594//2663 3595//2663
f 3495//2663 3595//2663 3596//2663
f 3597//2663 3598//2663 3583//2663
f 3582//2663 3599//2663 3600//2663
f 3601//2663 3602//2663 3504//2663
f 3504//2663 3602//2663 3603//2663
f 3504//2663 3603//2663 3481//2663
f 3481//2663 3603//2663 3604//2663
f 3481//2663 3604//2663 3605//2663
f 3580//2663 3479//2663 3582//2663
f 3582//2663 3479//2663 3481//2663
f 3582//2663 3481//2663 3599//2663
f 3599//2663 3481//2663 3605//2663
f 3600//2663 3606//2663 3582//2663
f 3582//2663 3606//2663 3607//2663
f 3582//2663 3607//2663 3583//2663
f 3583//2663 3607//2663 3608//2663
f 3583//2663 3608//2663 3597//2663
f 3547//2663 3549//2663 3546//2663
f 3546//2663 3549//2663 3495//2663
f 3546//2663 3495//2663 3588//2663
f 3588//2663 3495//2663 3596//2663
f 3588//2663 3596//2663 3590//2663
f 3609//2663 3610//2663 3611//2663
f 3612//2663 3613//2663 3583//2663
f 3583//2663 3613//2663 3614//2663
f 3615//2663 3616//2663 3588//2663
f 3588//2663 3616//2663 3617//2663
f 3588//2663 3617//2663 3618//2663
f 3546//2663 3619//2663 3620//2663
f 3611//2663 3621//2663 3609//2663
f 3609//2663 3621//2663 3622//2663
f 3609//2663 3622//2663 3583//2663
f 3583//2663 3622//2663 3623//2663
f 3583//2663 3623//2663 3612//2663
f 3614//2663 3615//2663 3583//2663
f 3583//2663 3615//2663 3588//2663
f 3583//2663 3588//2663 3581//2663
f 3581//2663 3588//2663 3587//2663
f 3581//2663 3587//2663 3584//2663
f 3618//2663 3624//2663 3588//2663
f 3588//2663 3624//2663 3625//2663
f 3588//2663 3625//2663 3546//2663
f 3546//2663 3625//2663 3626//2663
f 3546//2663 3626//2663 3619//2663
f 3620//2663 3627//2663 3546//2663
f 3546//2663 3627//2663 3628//2663
f 3546//2663 3628//2663 3609//2663
f 3609//2663 3628//2663 3629//2663
f 3609//2663 3629//2663 3610//2663
f 3579//2663 3609//2663 3577//2663
f 3577//2663 3609//2663 3583//2663
f 3577//2663 3583//2663 3504//2663
f 3504//2663 3583//2663 3598//2663
f 3504//2663 3598//2663 3601//2663
f 3525//2663 3527//2663 3523//2663
f 3523//2663 3527//2663 3630//2663
f 3523//2663 3630//2663 3549//2663
f 3549//2663 3630//2663 3488//2663
f 3549//2663 3488//2663 3495//2663
f 3495//2663 3488//2663 3493//2663
f 3495//2663 3493//2663 3496//2663
f 3579//2663 3482//2663 3609//2663
f 3609//2663 3482//2663 3484//2663
f 3609//2663 3484//2663 3546//2663
f 3546//2663 3484//2663 3631//2663
f 3546//2663 3631//2663 3544//2663
f 3544//2663 3631//2663 3632//2663
f 3555//2663 3557//2663 3550//2663
f 3550//2663 3557//2663 3577//2663
f 3550//2663 3577//2663 3633//2663
f 3633//2663 3577//2663 3504//2663
f 3633//2663 3504//2663 3509//2663
f 3509//2663 3504//2663 3506//2663
f 3509//2663 3506//2663 3507//2663
f 3483//2663 3569//2663 3484//2663
f 3484//2663 3569//2663 3571//2663
f 3484//2663 3571//2663 3631//2663
f 3631//2663 3571//2663 3541//2663
f 3631//2663 3541//2663 3632//2663
f 3632//2663 3541//2663 3543//2663
f 3568//2663 3559//2663 3567//2663
f 3567//2663 3559//2663 3561//2663
f 3567//2663 3561//2663 3571//2663
f 3571//2663 3561//2663 3634//2663
f 3571//2663 3634//2663 3541//2663
f 3541//2663 3634//2663 3635//2663
f 3541//2663 3635//2663 3520//2663
f 3520//2663 3635//2663 3530//2663
f 3520//2663 3530//2663 3518//2663
f 3518//2663 3530//2663 3532//2663
f 3476//2663 3478//2663 3511//2663
f 3511//2663 3478//2663 3636//2663
f 3511//2663 3636//2663 3509//2663
f 3509//2663 3636//2663 3637//2663
f 3509//2663 3637//2663 3633//2663
f 3633//2663 3637//2663 3638//2663
f 3633//2663 3638//2663 3550//2663
f 3550//2663 3638//2663 3639//2663
f 3550//2663 3639//2663 3551//2663
f 3551//2663 3639//2663 3640//2663
f 3551//2663 3640//2663 3562//2663
f 3301//2656 3299//2656 3248//2656
f 3248//2656 3299//2656 3250//2656
f 3641//2656 3642//2656 3643//2656
f 3644//2656 3645//2656 3646//2656
f 3647//2656 3648//2656 3649//2656
f 3650//2656 3651//2656 3652//2656
f 3653//2656 3654//2656 3655//2656
f 3655//2656 3654//2656 3656//2656
f 3655//2656 3656//2656 3657//2656
f 3657//2656 3656//2656 3658//2656
f 3657//2656 3658//2656 3659//2656
f 3660//2656 3661//2656 3662//2656
f 3663//2656 3641//2656 3664//2656
f 3662//2656 3665//2656 3660//2656
f 3660//2656 3665//2656 3666//2656
f 3660//2656 3666//2656 3667//2656
f 3667//2656 3666//2656 3668//2656
f 3667//2656 3668//2656 3641//2656
f 3641//2656 3668//2656 3669//2656
f 3641//2656 3669//2656 3664//2656
f 3670//2656 3671//2656 3672//2656
f 3672//2656 3673//2656 3670//2656
f 3670//2656 3673//2656 3674//2656
f 3670//2656 3674//2656 3675//2656
f 3650//2656 3652//2656 3676//2656
f 3676//2656 3652//2656 3677//2656
f 3676//2656 3677//2656 3678//2656
f 3679//2656 3644//2656 3680//2656
f 3680//2656 3681//2656 3679//2656
f 3679//2656 3681//2656 3682//2656
f 3679//2656 3682//2656 3671//2656
f 3671//2656 3682//2656 3683//2656
f 3671//2656 3683//2656 3672//2656
f 3684//2656 3685//2656 3686//2656
f 3686//2656 3687//2656 3684//2656
f 3684//2656 3687//2656 3688//2656
f 3684//2656 3688//2656 3689//2656
f 3689//2656 3690//2656 3691//2656
f 3691//2656 3690//2656 3692//2656
f 3693//2656 3694//2656 3695//2656
f 3695//2656 3694//2656 3696//2656
f 3694//2656 3697//2656 3696//2656
f 3696//2656 3697//2656 3698//2656
f 3696//2656 3698//2656 3685//2656
f 3685//2656 3698//2656 3699//2656
f 3685//2656 3699//2656 3686//2656
f 3700//2656 3701//2656 3702//2656
f 3703//2656 3691//2656 3704//2656
f 3704//2656 3691//2656 3692//2656
f 3704//2656 3692//2656 3705//2656
f 3701//2656 3706//2656 3702//2656
f 3702//2656 3706//2656 3707//2656
f 3702//2656 3707//2656 3704//2656
f 3704//2656 3707//2656 3708//2656
f 3704//2656 3708//2656 3703//2656
f 3703//2656 3709//2656 3691//2656
f 3691//2656 3709//2656 3710//2656
f 3691//2656 3710//2656 3711//2656
f 3711//2656 3710//2656 3712//2656
f 3711//2656 3712//2656 3713//2656
f 3714//2656 3715//2656 3716//2656
f 3716//2656 3715//2656 3717//2656
f 3718//2656 3719//2656 3720//2656
f 3717//2656 3721//2656 3722//2656
f 3722//2656 3721//2656 3723//2656
f 3722//2656 3723//2656 3719//2656
f 3724//2656 3725//2656 3726//2656
f 3720//2656 3727//2656 3718//2656
f 3718//2656 3727//2656 3728//2656
f 3718//2656 3728//2656 3729//2656
f 3729//2656 3728//2656 3730//2656
f 3729//2656 3730//2656 3725//2656
f 3725//2656 3730//2656 3731//2656
f 3725//2656 3731//2656 3726//2656
f 3722//2656 3732//2656 3733//2656
f 3717//2656 3722//2656 3716//2656
f 3716//2656 3722//2656 3733//2656
f 3716//2656 3733//2656 3734//2656
f 3734//2656 3735//2656 3716//2656
f 3716//2656 3735//2656 3736//2656
f 3716//2656 3736//2656 3737//2656
f 3737//2656 3736//2656 3738//2656
f 3737//2656 3738//2656 3739//2656
f 3740//2656 3741//2656 3742//2656
f 3740//2656 3742//2656 3743//2656
f 3732//2656 3722//2656 3744//2656
f 3744//2656 3722//2656 3745//2656
f 3744//2656 3745//2656 3741//2656
f 3664//2656 3653//2656 3663//2656
f 3663//2656 3653//2656 3655//2656
f 3663//2656 3655//2656 3746//2656
f 3746//2656 3655//2656 3747//2656
f 3746//2656 3747//2656 3645//2656
f 3748//2656 3677//2656 3749//2656
f 3749//2656 3677//2656 3652//2656
f 3749//2656 3652//2656 3750//2656
f 3750//2656 3652//2656 3751//2656
f 3752//2656 3751//2656 3646//2656
f 3646//2656 3751//2656 3652//2656
f 3646//2656 3652//2656 3644//2656
f 3644//2656 3652//2656 3651//2656
f 3644//2656 3651//2656 3680//2656
f 3753//2656 3754//2656 3755//2656
f 3755//2656 3754//2656 3756//2656
f 3755//2656 3756//2656 3646//2656
f 3646//2656 3756//2656 3757//2656
f 3646//2656 3757//2656 3752//2656
f 3748//2656 3758//2656 3677//2656
f 3677//2656 3758//2656 3759//2656
f 3677//2656 3759//2656 3760//2656
f 3761//2656 3762//2656 3657//2656
f 3657//2656 3762//2656 3763//2656
f 3657//2656 3763//2656 3655//2656
f 3655//2656 3763//2656 3764//2656
f 3765//2656 3766//2656 3767//2656
f 3764//2656 3768//2656 3655//2656
f 3655//2656 3768//2656 3769//2656
f 3655//2656 3769//2656 3747//2656
f 3747//2656 3769//2656 3770//2656
f 3770//2656 3771//2656 3747//2656
f 3747//2656 3771//2656 3772//2656
f 3747//2656 3772//2656 3767//2656
f 3767//2656 3772//2656 3773//2656
f 3767//2656 3773//2656 3765//2656
f 3741//2656 3745//2656 3742//2656
f 3742//2656 3745//2656 3677//2656
f 3742//2656 3677//2656 3755//2656
f 3755//2656 3677//2656 3760//2656
f 3755//2656 3760//2656 3753//2656
f 3742//2656 3774//2656 3775//2656
f 3776//2656 3777//2656 3778//2656
f 3779//2656 3780//2656 3767//2656
f 3767//2656 3780//2656 3781//2656
f 3767//2656 3781//2656 3782//2656
f 3783//2656 3784//2656 3755//2656
f 3755//2656 3784//2656 3785//2656
f 3785//2656 3786//2656 3755//2656
f 3755//2656 3786//2656 3787//2656
f 3755//2656 3787//2656 3742//2656
f 3742//2656 3787//2656 3788//2656
f 3742//2656 3788//2656 3774//2656
f 3775//2656 3789//2656 3742//2656
f 3742//2656 3789//2656 3790//2656
f 3742//2656 3790//2656 3776//2656
f 3776//2656 3790//2656 3791//2656
f 3776//2656 3791//2656 3777//2656
f 3778//2656 3792//2656 3776//2656
f 3776//2656 3792//2656 3793//2656
f 3776//2656 3793//2656 3767//2656
f 3767//2656 3793//2656 3794//2656
f 3767//2656 3794//2656 3779//2656
f 3645//2656 3747//2656 3646//2656
f 3646//2656 3747//2656 3767//2656
f 3646//2656 3767//2656 3755//2656
f 3755//2656 3767//2656 3782//2656
f 3755//2656 3782//2656 3783//2656
f 3713//2656 3776//2656 3711//2656
f 3711//2656 3776//2656 3767//2656
f 3711//2656 3767//2656 3657//2656
f 3657//2656 3767//2656 3766//2656
f 3657//2656 3766//2656 3761//2656
f 3719//2656 3718//2656 3722//2656
f 3722//2656 3718//2656 3795//2656
f 3722//2656 3795//2656 3745//2656
f 3745//2656 3795//2656 3670//2656
f 3745//2656 3670//2656 3677//2656
f 3677//2656 3670//2656 3675//2656
f 3677//2656 3675//2656 3678//2656
f 3713//2656 3647//2656 3776//2656
f 3776//2656 3647//2656 3649//2656
f 3776//2656 3649//2656 3742//2656
f 3742//2656 3649//2656 3796//2656
f 3742//2656 3796//2656 3743//2656
f 3743//2656 3796//2656 3797//2656
f 3689//2656 3691//2656 3684//2656
f 3684//2656 3691//2656 3711//2656
f 3684//2656 3711//2656 3798//2656
f 3798//2656 3711//2656 3657//2656
f 3798//2656 3657//2656 3660//2656
f 3660//2656 3657//2656 3659//2656
f 3660//2656 3659//2656 3661//2656
f 3648//2656 3700//2656 3649//2656
f 3649//2656 3700//2656 3702//2656
f 3649//2656 3702//2656 3796//2656
f 3796//2656 3702//2656 3737//2656
f 3796//2656 3737//2656 3797//2656
f 3797//2656 3737//2656 3739//2656
f 3705//2656 3693//2656 3704//2656
f 3704//2656 3693//2656 3695//2656
f 3704//2656 3695//2656 3702//2656
f 3702//2656 3695//2656 3799//2656
f 3702//2656 3799//2656 3737//2656
f 3737//2656 3799//2656 3800//2656
f 3737//2656 3800//2656 3716//2656
f 3716//2656 3800//2656 3724//2656
f 3716//2656 3724//2656 3714//2656
f 3714//2656 3724//2656 3726//2656
f 3641//2656 3643//2656 3667//2656
f 3667//2656 3643//2656 3801//2656
f 3667//2656 3801//2656 3660//2656
f 3660//2656 3801//2656 3802//2656
f 3660//2656 3802//2656 3798//2656
f 3798//2656 3802//2656 3803//2656
f 3798//2656 3803//2656 3684//2656
f 3684//2656 3803//2656 3804//2656
f 3684//2656 3804//2656 3685//2656
f 3685//2656 3804//2656 3805//2656
f 3685//2656 3805//2656 3696//2656
f 3113//2656 3111//2656 3433//2656
f 3433//2656 3111//2656 3435//2656
f 3805//2662 3806//2662 3531//2662
f 3217//2662 3332//2662 3199//2662
f 3199//2662 3332//2662 3322//2662
f 3199//2662 3322//2662 3281//2662
f 3281//2662 3322//2662 3358//2662
f 3281//2662 3358//2662 3807//2662
f 3808//2662 3531//2662 3809//2662
f 3809//2662 3531//2662 3806//2662
f 3809//2662 3806//2662 3174//2662
f 3390//2662 3150//2662 3388//2662
f 3388//2662 3150//2662 3134//2662
f 3388//2662 3134//2662 3461//2662
f 3461//2662 3134//2662 3174//2662
f 3461//2662 3174//2662 3810//2662
f 3810//2662 3174//2662 3806//2662
f 3811//2662 3281//2662 3812//2662
f 3812//2662 3281//2662 3807//2662
f 3812//2662 3807//2662 3640//2662
f 3640//2662 3807//2662 3813//2662
f 3640//2662 3813//2662 3562//2662
f 3562//2662 3813//2662 3725//2662
f 3562//2662 3725//2662 3561//2662
f 3561//2662 3725//2662 3724//2662
f 3561//2662 3724//2662 3634//2662
f 3634//2662 3724//2662 3800//2662
f 3634//2662 3800//2662 3635//2662
f 3635//2662 3800//2662 3799//2662
f 3635//2662 3799//2662 3530//2662
f 3530//2662 3799//2662 3695//2662
f 3530//2662 3695//2662 3531//2662
f 3531//2662 3695//2662 3696//2662
f 3531//2662 3696//2662 3805//2662
f 3814//2661 3815//2661 3477//2661
f 3816//2661 3160//2661 3817//2661
f 3817//2661 3160//2661 3818//2661
f 3817//2661 3818//2661 3497//2661
f 3497//2661 3818//2661 3819//2661
f 3107//2661 3427//2661 3106//2661
f 3106//2661 3427//2661 3418//2661
f 3106//2661 3418//2661 3160//2661
f 3160//2661 3418//2661 3438//2661
f 3160//2661 3438//2661 3818//2661
f 3295//2661 3242//2661 3294//2661
f 3294//2661 3242//2661 3233//2661
f 3294//2661 3233//2661 3343//2661
f 3343//2661 3233//2661 3255//2661
f 3343//2661 3255//2661 3820//2661
f 3820//2661 3255//2661 3821//2661
f 3255//2661 3814//2661 3821//2661
f 3821//2661 3814//2661 3477//2661
f 3821//2661 3477//2661 3679//2661
f 3679//2661 3477//2661 3476//2661
f 3679//2661 3476//2661 3644//2661
f 3644//2661 3476//2661 3480//2661
f 3644//2661 3480//2661 3645//2661
f 3645//2661 3480//2661 3479//2661
f 3645//2661 3479//2661 3746//2661
f 3746//2661 3479//2661 3580//2661
f 3746//2661 3580//2661 3663//2661
f 3663//2661 3580//2661 3498//2661
f 3663//2661 3498//2661 3641//2661
f 3641//2661 3498//2661 3497//2661
f 3641//2661 3497//2661 3642//2661
f 3642//2661 3497//2661 3819//2661
f 3383//2661 3408//2661 3154//2661
f 3154//2661 3408//2661 3156//2661
f 3118//2662 3116//2662 3423//2662
f 3423//2662 3116//2662 3409//2662
f 3156//3588 3408//3588 3157//3588
f 3157//3588 3408//3588 3407//3588
f 3157//3589 3407//3589 3139//3589
f 3139//3589 3407//3589 3406//3589
f 3139//2711 3406//2711 3137//2711
f 3137//2711 3406//2711 3400//2711
f 3137//3590 3400//3590 3136//3590
f 3136//3590 3400//3590 3401//3590
f 3136//3591 3401//3591 3129//3591
f 3129//3591 3401//3591 3415//3591
f 3129//3592 3415//3592 3128//3592
f 3128//3592 3415//3592 3414//3592
f 3128//3593 3414//3593 3127//3593
f 3127//3593 3414//3593 3413//3593
f 3127//2714 3413//2714 3130//2714
f 3130//2714 3413//2714 3412//2714
f 3130//3594 3412//3594 3131//3594
f 3131//3594 3412//3594 3410//3594
f 3131//3595 3410//3595 3116//3595
f 3116//3595 3410//3595 3409//3595
f 3145//2707 3395//2707 3147//2707
f 3147//2707 3395//2707 3397//2707
f 3147//2708 3397//2708 3149//2708
f 3149//2708 3397//2708 3403//2708
f 3149//2709 3403//2709 3151//2709
f 3151//2709 3403//2709 3402//2709
f 3151//2710 3402//2710 3152//2710
f 3152//2710 3402//2710 3389//2710
f 3152//2711 3389//2711 3132//2711
f 3132//2711 3389//2711 3387//2711
f 3132//2712 3387//2712 3133//2712
f 3133//2712 3387//2712 3386//2712
f 3133//2713 3386//2713 3135//2713
f 3135//2713 3386//2713 3399//2713
f 3135//2714 3399//2714 3138//2714
f 3138//2714 3399//2714 3398//2714
f 3138//2715 3398//2715 3155//2715
f 3155//2715 3398//2715 3385//2715
f 3155//2716 3385//2716 3141//2716
f 3141//2716 3385//2716 3384//2716
f 3141//2717 3384//2717 3143//2717
f 3143//2717 3384//2717 3393//2717
f 3143//2718 3393//2718 3145//2718
f 3145//2718 3393//2718 3395//2718
f 3112//2707 3432//2707 3110//2707
f 3110//2707 3432//2707 3434//2707
f 3110//2708 3434//2708 3108//2708
f 3108//2708 3434//2708 3424//2708
f 3108//2709 3424//2709 3117//2709
f 3117//2709 3424//2709 3422//2709
f 3117//2710 3422//2710 3120//2710
f 3120//2710 3422//2710 3421//2710
f 3120//2711 3421//2711 3121//2711
f 3121//2711 3421//2711 3420//2711
f 3121//2712 3420//2712 3122//2712
f 3122//2712 3420//2712 3419//2712
f 3122//2713 3419//2713 3104//2713
f 3104//2713 3419//2713 3417//2713
f 3104//2714 3417//2714 3105//2714
f 3105//2714 3417//2714 3416//2714
f 3105//2715 3416//2715 3123//2715
f 3123//2715 3416//2715 3426//2715
f 3123//2716 3426//2716 3124//2716
f 3124//2716 3426//2716 3428//2716
f 3124//2717 3428//2717 3114//2717
f 3114//2717 3428//2717 3430//2717
f 3114//2718 3430//2718 3112//2718
f 3112//2718 3430//2718 3432//2718
f 3167//2707 3445//2707 3166//2707
f 3166//2707 3445//2707 3444//2707
f 3166//2708 3444//2708 3169//2708
f 3169//2708 3444//2708 3443//2708
f 3169//2709 3443//2709 3170//2709
f 3170//2709 3443//2709 3442//2709
f 3170//2710 3442//2710 3171//2710
f 3171//2710 3442//2710 3450//2710
f 3171//2711 3450//2711 3164//2711
f 3164//2711 3450//2711 3449//2711
f 3164//2712 3449//2712 3165//2712
f 3165//2712 3449//2712 3447//2712
f 3165//2713 3447//2713 3158//2713
f 3158//2713 3447//2713 3446//2713
f 3158//2714 3446//2714 3159//2714
f 3159//2714 3446//2714 3437//2714
f 3159//2715 3437//2715 3161//2715
f 3161//2715 3437//2715 3439//2715
f 3161//2716 3439//2716 3162//2716
f 3162//2716 3439//2716 3440//2716
f 3162//2717 3440//2717 3168//2717
f 3168//2717 3440//2717 3441//2717
f 3168//2718 3441//2718 3167//2718
f 3167//2718 3441//2718 3445//2718
f 3192//2707 3455//2707 3188//2707
f 3188//2707 3455//2707 3474//2707
f 3188//2708 3474//2708 3189//2708
f 3189//2708 3474//2708 3473//2708
f 3189//2709 3473//2709 3182//2709
f 3182//2709 3473//2709 3472//2709
f 3182//2710 3472//2710 3181//2710
f 3181//2710 3472//2710 3470//2710
f 3181//2711 3470//2711 3180//2711
f 3180//2711 3470//2711 3468//2711
f 3180//2712 3468//2712 3179//2712
f 3179//2712 3468//2712 3466//2712
f 3179//2713 3466//2713 3178//2713
f 3178//2713 3466//2713 3465//2713
f 3178//2714 3465//2714 3177//2714
f 3177//2714 3465//2714 3464//2714
f 3177//2715 3464//2715 3176//2715
f 3176//2715 3464//2715 3458//2715
f 3176//2716 3458//2716 3190//2716
f 3190//2716 3458//2716 3457//2716
f 3190//2717 3457//2717 3191//2717
f 3191//2717 3457//2717 3456//2717
f 3191//2718 3456//2718 3192//2718
f 3192//2718 3456//2718 3455//2718
f 3196//2707 3452//2707 3183//2707
f 3183//2707 3452//2707 3451//2707
f 3183//2708 3451//2708 3184//2708
f 3184//2708 3451//2708 3463//2708
f 3184//2709 3463//2709 3185//2709
f 3185//2709 3463//2709 3462//2709
f 3185//2710 3462//2710 3186//2710
f 3186//2710 3462//2710 3460//2710
f 3186//2711 3460//2711 3172//2711
f 3172//2711 3460//2711 3459//2711
f 3172//2712 3459//2712 3173//2712
f 3173//2712 3459//2712 3475//2712
f 3173//2713 3475//2713 3175//2713
f 3175//2713 3475//2713 3467//2713
f 3175//2714 3467//2714 3187//2714
f 3187//2714 3467//2714 3469//2714
f 3187//2715 3469//2715 3193//2715
f 3193//2715 3469//2715 3471//2715
f 3193//2716 3471//2716 3194//2716
f 3194//2716 3471//2716 3454//2716
f 3194//2717 3454//2717 3195//2717
f 3195//2717 3454//2717 3453//2717
f 3195//2718 3453//2718 3196//2718
f 3196//2718 3453//2718 3452//2718
f 3327//2707 3204//2707 3329//2707
f 3329//2707 3204//2707 3206//2707
f 3329//2708 3206//2708 3331//2708
f 3331//2708 3206//2708 3219//2708
f 3331//2709 3219//2709 3333//2709
f 3333//2709 3219//2709 3218//2709
f 3333//2710 3218//2710 3334//2710
f 3334//2710 3218//2710 3216//2710
f 3334//2711 3216//2711 3320//2711
f 3320//2711 3216//2711 3215//2711
f 3320//2712 3215//2712 3321//2712
f 3321//2712 3215//2712 3214//2712
f 3321//2713 3214//2713 3323//2713
f 3323//2713 3214//2713 3211//2713
f 3323//2714 3211//2714 3339//2714
f 3339//2714 3211//2714 3210//2714
f 3339//2715 3210//2715 3337//2715
f 3337//2715 3210//2715 3207//2715
f 3337//2716 3207//2716 3325//2716
f 3325//2716 3207//2716 3200//2716
f 3325//2717 3200//2717 3326//2717
f 3326//2717 3200//2717 3202//2717
f 3326//2718 3202//2718 3327//2718
f 3327//2718 3202//2718 3204//2718
f 3338//3588 3224//3588 3340//3588
f 3340//3588 3224//3588 3223//3588
f 3340//3589 3223//3589 3376//3589
f 3376//3589 3223//3589 3222//3589
f 3376//2711 3222//2711 3375//2711
f 3375//2711 3222//2711 3212//2711
f 3375//3590 3212//3590 3374//3590
f 3374//3590 3212//3590 3213//3590
f 3374//3591 3213//3591 3317//3591
f 3317//3591 3213//3591 3269//3591
f 3317//3592 3269//3592 3316//3592
f 3316//3592 3269//3592 3230//3592
f 3316//3593 3230//3593 3315//3593
f 3315//3593 3230//3593 3229//3593
f 3315//2714 3229//2714 3318//2714
f 3318//2714 3229//2714 3228//2714
f 3318//3594 3228//3594 3319//3594
f 3319//3594 3228//3594 3227//3594
f 3319//3595 3227//3595 3304//3595
f 3304//3595 3227//3595 3226//3595
f 3306//2662 3304//2662 3238//2662
f 3238//2662 3304//2662 3226//2662
f 3208//2661 3224//2661 3336//2661
f 3336//2661 3224//2661 3338//2661
f 3300//2707 3247//2707 3298//2707
f 3298//2707 3247//2707 3249//2707
f 3298//2708 3249//2708 3296//2708
f 3296//2708 3249//2708 3239//2708
f 3296//2709 3239//2709 3305//2709
f 3305//2709 3239//2709 3237//2709
f 3305//2710 3237//2710 3308//2710
f 3308//2710 3237//2710 3236//2710
f 3308//2711 3236//2711 3309//2711
f 3309//2711 3236//2711 3235//2711
f 3309//2712 3235//2712 3310//2712
f 3310//2712 3235//2712 3234//2712
f 3310//2713 3234//2713 3292//2713
f 3292//2713 3234//2713 3232//2713
f 3292//2714 3232//2714 3293//2714
f 3293//2714 3232//2714 3231//2714
f 3293//2715 3231//2715 3311//2715
f 3311//2715 3231//2715 3241//2715
f 3311//2716 3241//2716 3312//2716
f 3312//2716 3241//2716 3243//2716
f 3312//2717 3243//2717 3302//2717
f 3302//2717 3243//2717 3245//2717
f 3302//2718 3245//2718 3300//2718
f 3300//2718 3245//2718 3247//2718
f 3350//2707 3252//2707 3349//2707
f 3349//2707 3252//2707 3258//2707
f 3349//2708 3258//2708 3352//2708
f 3352//2708 3258//2708 3259//2708
f 3352//2709 3259//2709 3353//2709
f 3353//2709 3259//2709 3265//2709
f 3353//2710 3265//2710 3354//2710
f 3354//2710 3265//2710 3264//2710
f 3354//2711 3264//2711 3342//2711
f 3342//2711 3264//2711 3263//2711
f 3342//2712 3263//2712 3344//2712
f 3344//2712 3263//2712 3261//2712
f 3344//2713 3261//2713 3345//2713
f 3345//2713 3261//2713 3260//2713
f 3345//2714 3260//2714 3348//2714
f 3348//2714 3260//2714 3254//2714
f 3348//2715 3254//2715 3347//2715
f 3347//2715 3254//2715 3256//2715
f 3347//2716 3256//2716 3346//2716
f 3346//2716 3256//2716 3257//2716
f 3346//2717 3257//2717 3351//2717
f 3351//2717 3257//2717 3253//2717
f 3351//2718 3253//2718 3350//2718
f 3350//2718 3253//2718 3252//2718
f 3377//2707 3271//2707 3378//2707
f 3378//2707 3271//2707 3278//2707
f 3378//2708 3278//2708 3379//2708
f 3379//2708 3278//2708 3277//2708
f 3379//2709 3277//2709 3381//2709
f 3381//2709 3277//2709 3276//2709
f 3381//2710 3276//2710 3382//2710
f 3382//2710 3276//2710 3275//2710
f 3382//2711 3275//2711 3363//2711
f 3363//2711 3275//2711 3268//2711
f 3363//2712 3268//2712 3365//2712
f 3365//2712 3268//2712 3267//2712
f 3365//2713 3267//2713 3355//2713
f 3355//2713 3267//2713 3285//2713
f 3355//2714 3285//2714 3356//2714
f 3356//2714 3285//2714 3284//2714
f 3356//2715 3284//2715 3368//2715
f 3368//2715 3284//2715 3274//2715
f 3368//2716 3274//2716 3371//2716
f 3371//2716 3274//2716 3273//2716
f 3371//2717 3273//2717 3372//2717
f 3372//2717 3273//2717 3272//2717
f 3372//2718 3272//2718 3377//2718
f 3377//2718 3272//2718 3271//2718
f 3367//2707 3198//2707 3369//2707
f 3369//2707 3198//2707 3197//2707
f 3369//2708 3197//2708 3370//2708
f 3370//2708 3197//2708 3283//2708
f 3370//2709 3283//2709 3359//2709
f 3359//2709 3283//2709 3282//2709
f 3359//2710 3282//2710 3357//2710
f 3357//2710 3282//2710 3280//2710
f 3357//2711 3280//2711 3362//2711
f 3362//2711 3280//2711 3279//2711
f 3362//2712 3279//2712 3361//2712
f 3361//2712 3279//2712 3289//2712
f 3361//2713 3289//2713 3360//2713
f 3360//2713 3289//2713 3288//2713
f 3360//2714 3288//2714 3364//2714
f 3364//2714 3288//2714 3287//2714
f 3364//2715 3287//2715 3380//2715
f 3380//2715 3287//2715 3286//2715
f 3380//2716 3286//2716 3373//2716
f 3373//2716 3286//2716 3266//2716
f 3373//2717 3266//2717 3366//2717
f 3366//2717 3266//2717 3270//2717
f 3366//2718 3270//2718 3367//2718
f 3367//2718 3270//2718 3198//2718
f 3787//3596 3822//3596 3788//3596
f 3788//3596 3822//3596 3621//3596
f 3788//3597 3621//3597 3774//3597
f 3774//3597 3621//3597 3611//3597
f 3774//3598 3611//3598 3775//3598
f 3775//3598 3611//3598 3610//3598
f 3775//3599 3610//3599 3789//3599
f 3789//3599 3610//3599 3629//3599
f 3789//3600 3629//3600 3823//3600
f 3823//3600 3629//3600 3824//3600
f 3823//3601 3824//3601 3791//3601
f 3791//3601 3824//3601 3627//3601
f 3791//3602 3627//3602 3777//3602
f 3777//3602 3627//3602 3620//3602
f 3777//3603 3620//3603 3778//3603
f 3778//3603 3620//3603 3619//3603
f 3778//3604 3619//3604 3792//3604
f 3792//3604 3619//3604 3626//3604
f 3792//3605 3626//3605 3793//3605
f 3793//3605 3626//3605 3825//3605
f 3793//3606 3825//3606 3794//3606
f 3794//3606 3825//3606 3624//3606
f 3794//3607 3624//3607 3779//3607
f 3779//3607 3624//3607 3618//3607
f 3779//3608 3618//3608 3780//3608
f 3780//3608 3618//3608 3617//3608
f 3780//3609 3617//3609 3781//3609
f 3781//3609 3617//3609 3616//3609
f 3781//3610 3616//3610 3826//3610
f 3826//3610 3616//3610 3827//3610
f 3826//3611 3827//3611 3783//3611
f 3783//3611 3827//3611 3614//3611
f 3783//3612 3614//3612 3784//3612
f 3784//3612 3614//3612 3613//3612
f 3784//3613 3613//3613 3785//3613
f 3785//3613 3613//3613 3612//3613
f 3785//3614 3612//3614 3786//3614
f 3786//3614 3612//3614 3623//3614
f 3786//3615 3623//3615 3787//3615
f 3787//3615 3623//3615 3822//3615
f 3656//3616 3485//3617 3658//3616
f 3658//3616 3485//3617 3494//3617
f 3658//3598 3494//3598 3659//3598
f 3659//3598 3494//3598 3496//3598
f 3659//3618 3496//3618 3661//3618
f 3661//3618 3496//3618 3493//3618
f 3661//3619 3493//3619 3662//3619
f 3662//3619 3493//3619 3492//3619
f 3662//3603 3492//3603 3665//3603
f 3665//3603 3492//3603 3491//3603
f 3665//3620 3491//3620 3666//3620
f 3666//3620 3491//3620 3490//3620
f 3666//3621 3490//3621 3668//3621
f 3668//3621 3490//3621 3502//3621
f 3668//3608 3502//3608 3669//3608
f 3669//3608 3502//3608 3501//3608
f 3669//3622 3501//3622 3664//3622
f 3664//3622 3501//3622 3500//3622
f 3664//3623 3500//3623 3653//3623
f 3653//3623 3500//3623 3499//3623
f 3653//3613 3499//3613 3654//3613
f 3654//3613 3499//3613 3486//3613
f 3654//3624 3486//3624 3656//3624
f 3656//3624 3486//3624 3485//3624
f 3672//3616 3512//3616 3673//3616
f 3673//3616 3512//3616 3510//3616
f 3673//3598 3510//3598 3674//3598
f 3674//3598 3510//3598 3508//3598
f 3674//3618 3508//3618 3675//3618
f 3675//3618 3508//3618 3507//3618
f 3675//3619 3507//3619 3678//3619
f 3678//3619 3507//3619 3506//3619
f 3678//3603 3506//3603 3676//3603
f 3676//3603 3506//3603 3505//3603
f 3676//3625 3505//3620 3650//3625
f 3650//3625 3505//3620 3503//3620
f 3650//3626 3503//3626 3651//3626
f 3651//3626 3503//3626 3517//3626
f 3651//3608 3517//3608 3680//3608
f 3680//3608 3517//3608 3516//3608
f 3680//3622 3516//3622 3681//3622
f 3681//3622 3516//3622 3515//3622
f 3681//3623 3515//3623 3682//3623
f 3682//3623 3515//3623 3514//3623
f 3682//3613 3514//3613 3683//3613
f 3683//3613 3514//3613 3513//3613
f 3683//3627 3513//3627 3672//3627
f 3672//3627 3513//3627 3512//3627
f 3705//3617 3521//3617 3693//3617
f 3693//3617 3521//3617 3519//3617
f 3693//3598 3519//3598 3694//3598
f 3694//3598 3519//3598 3518//3598
f 3694//3618 3518//3618 3697//3618
f 3697//3618 3518//3618 3532//3618
f 3697//3619 3532//3619 3698//3619
f 3698//3619 3532//3619 3535//3619
f 3698//3603 3535//3603 3699//3603
f 3699//3603 3535//3603 3534//3603
f 3699//3620 3534//3620 3686//3620
f 3686//3620 3534//3620 3533//3620
f 3686//3621 3533//3621 3687//3621
f 3687//3621 3533//3621 3528//3621
f 3687//3608 3528//3608 3688//3608
f 3688//3608 3528//3608 3526//3608
f 3688//3622 3526//3622 3689//3622
f 3689//3622 3526//3622 3525//3622
f 3689//3623 3525//3623 3690//3623
f 3690//3623 3525//3623 3524//3623
f 3690//3613 3524//3613 3692//3613
f 3692//3613 3524//3613 3522//3613
f 3692//3624 3522//3627 3705//3624
f 3705//3624 3522//3627 3521//3627
f 3700//3617 3632//3616 3701//3617
f 3701//3617 3632//3616 3543//3616
f 3701//3598 3543//3598 3706//3598
f 3706//3598 3543//3598 3542//3598
f 3706//3618 3542//3618 3707//3618
f 3707//3618 3542//3618 3540//3618
f 3707//3619 3540//3619 3708//3619
f 3708//3619 3540//3619 3539//3619
f 3708//3603 3539//3603 3703//3603
f 3703//3603 3539//3603 3538//3603
f 3703//3620 3538//3625 3709//3620
f 3709//3620 3538//3625 3537//3625
f 3709//3626 3537//3626 3710//3626
f 3710//3626 3537//3626 3536//3621
f 3710//3608 3536//3608 3712//3608
f 3712//3608 3536//3608 3548//3608
f 3712//3622 3548//3622 3713//3622
f 3713//3622 3548//3622 3547//3622
f 3713//3623 3547//3623 3647//3623
f 3647//3623 3547//3623 3545//3623
f 3647//3613 3545//3613 3648//3613
f 3648//3613 3545//3613 3544//3613
f 3648//3627 3544//3624 3700//3624
f 3700//3624 3544//3624 3632//3624
f 3772//3617 3587//3616 3773//3617
f 3773//3617 3587//3616 3589//3616
f 3773//3598 3589//3598 3765//3598
f 3765//3598 3589//3598 3590//3598
f 3765//3618 3590//3618 3766//3618
f 3766//3618 3590//3618 3596//3618
f 3766//3619 3596//3619 3761//3619
f 3761//3619 3596//3619 3595//3619
f 3761//3603 3595//3603 3762//3603
f 3762//3603 3595//3603 3594//3603
f 3762//3620 3594//3625 3763//3625
f 3763//3625 3594//3625 3593//3625
f 3763//3626 3593//3621 3764//3626
f 3764//3626 3593//3621 3592//3621
f 3764//3608 3592//3608 3768//3608
f 3768//3608 3592//3608 3591//3608
f 3768//3622 3591//3622 3769//3622
f 3769//3622 3591//3622 3586//3622
f 3769//3623 3586//3623 3770//3623
f 3770//3623 3586//3623 3585//3623
f 3770//3613 3585//3613 3771//3613
f 3771//3613 3585//3613 3584//3613
f 3771//3627 3584//3624 3772//3627
f 3772//3627 3584//3624 3587//3624
f 3748//3617 3603//3616 3758//3617
f 3758//3617 3603//3616 3602//3616
f 3758//3598 3602//3598 3759//3598
f 3759//3598 3602//3598 3601//3598
f 3759//3618 3601//3618 3760//3618
f 3760//3618 3601//3618 3598//3618
f 3760//3619 3598//3619 3753//3619
f 3753//3619 3598//3619 3597//3619
f 3753//3603 3597//3603 3754//3603
f 3754//3603 3597//3603 3608//3603
f 3754//3620 3608//3625 3756//3625
f 3756//3625 3608//3625 3607//3625
f 3756//3626 3607//3621 3757//3626
f 3757//3626 3607//3621 3606//3621
f 3757//3608 3606//3608 3752//3608
f 3752//3608 3606//3608 3600//3608
f 3752//3622 3600//3622 3751//3622
f 3751//3622 3600//3622 3599//3622
f 3751//3623 3599//3623 3750//3623
f 3750//3623 3599//3623 3605//3623
f 3750//3613 3605//3613 3749//3613
f 3749//3613 3605//3613 3604//3613
f 3749//3627 3604//3624 3748//3627
f 3748//3627 3604//3624 3603//3624
f 3728//3616 3552//3616 3730//3616
f 3730//3616 3552//3616 3565//3616
f 3730//3598 3565//3598 3731//3598
f 3731//3598 3565//3598 3564//3598
f 3731//3618 3564//3618 3726//3618
f 3726//3618 3564//3618 3563//3618
f 3726//3619 3563//3619 3714//3619
f 3714//3619 3563//3619 3560//3619
f 3714//3603 3560//3603 3715//3603
f 3715//3603 3560//3603 3559//3603
f 3715//3625 3559//3625 3717//3625
f 3717//3625 3559//3625 3568//3625
f 3717//3621 3568//3626 3721//3621
f 3721//3621 3568//3626 3558//3626
f 3721//3608 3558//3608 3723//3608
f 3723//3608 3558//3608 3556//3608
f 3723//3622 3556//3622 3719//3622
f 3719//3622 3556//3622 3555//3622
f 3719//3623 3555//3623 3720//3623
f 3720//3623 3555//3623 3554//3623
f 3720//3613 3554//3613 3727//3613
f 3727//3613 3554//3613 3553//3613
f 3727//3627 3553//3627 3728//3627
f 3728//3627 3553//3627 3552//3627
f 3733//3617 3575//3616 3734//3617
f 3734//3617 3575//3616 3566//3616
f 3734//3598 3566//3598 3735//3598
f 3735//3598 3566//3598 3574//3598
f 3735//3618 3574//3618 3736//3618
f 3736//3618 3574//3618 3573//3618
f 3736//3619 3573//3619 3738//3619
f 3738//3619 3573//3619 3572//3619
f 3738//3603 3572//3603 3739//3603
f 3739//3603 3572//3603 3570//3603
f 3739//3620 3570//3625 3797//3620
f 3797//3620 3570//3625 3569//3625
f 3797//3626 3569//3626 3743//3626
f 3743//3626 3569//3626 3483//3621
f 3743//3608 3483//3608 3740//3608
f 3740//3608 3483//3608 3482//3608
f 3740//3622 3482//3622 3741//3622
f 3741//3622 3482//3622 3579//3622
f 3741//3623 3579//3623 3744//3623
f 3744//3623 3579//3623 3578//3623
f 3744//3613 3578//3613 3732//3613
f 3732//3613 3578//3613 3576//3613
f 3732//3627 3576//3624 3733//3624
f 3733//3624 3576//3624 3575//3624
f 3643//3628 3642//3628 3819//3628
f 3448//3629 3461//3629 3810//3629
f 3438//3629 3448//3629 3818//3629
f 3818//3629 3448//3629 3810//3629
f 3818//3630 3810//3630 3819//3630
f 3819//3630 3810//3630 3806//3630
f 3806//3628 3805//3628 3804//3628
f 3804//3628 3803//3628 3806//3628
f 3806//3628 3803//3628 3802//3628
f 3806//3628 3802//3628 3819//3628
f 3819//3628 3802//3628 3801//3628
f 3819//3628 3801//3628 3643//3628
f 3341//3631 3343//3631 3820//3631
f 3679//3632 3671//3632 3821//3632
f 3821//3632 3671//3632 3670//3632
f 3795//3632 3718//3632 3813//3632
f 3813//3632 3718//3632 3729//3632
f 3813//3632 3729//3632 3725//3632
f 3670//3632 3795//3632 3821//3632
f 3821//3632 3795//3632 3813//3632
f 3821//3633 3813//3633 3820//3633
f 3820//3633 3813//3633 3807//3633
f 3820//3631 3807//3631 3341//3631
f 3341//3631 3807//3631 3358//3631
f 3242//2710 3295//2710 3313//2710
f 3242//2710 3313//2710 3244//2710
f 3244//2711 3313//2711 3314//2711
f 3244//2711 3314//2711 3246//2711
f 3246//2712 3314//2712 3301//2712
f 3246//2712 3301//2712 3248//2712
f 3306//2715 3238//2715 3240//2715
f 3306//2715 3240//2715 3307//2715
f 3307//2714 3240//2714 3251//2714
f 3307//2714 3251//2714 3297//2714
f 3297//2713 3251//2713 3250//2713
f 3297//2713 3250//2713 3299//2713
f 3208//2710 3336//2710 3335//2710
f 3208//2710 3335//2710 3209//2710
f 3209//2711 3335//2711 3324//2711
f 3209//2711 3324//2711 3201//2711
f 3201//2712 3324//2712 3290//2712
f 3201//2712 3290//2712 3203//2712
f 3332//2715 3217//2715 3220//2715
f 3332//2715 3220//2715 3330//2715
f 3330//2714 3220//2714 3221//2714
f 3330//2714 3221//2714 3328//2714
f 3328//2713 3221//2713 3205//2713
f 3328//2713 3205//2713 3291//2713
f 3427//2710 3107//2710 3125//2710
f 3427//2710 3125//2710 3429//2710
f 3429//2711 3125//2711 3126//2711
f 3429//2711 3126//2711 3431//2711
f 3431//2712 3126//2712 3113//2712
f 3431//2712 3113//2712 3433//2712
f 3118//2715 3423//2715 3425//2715
f 3118//2715 3425//2715 3119//2715
f 3119//2714 3425//2714 3436//2714
f 3119//2714 3436//2714 3109//2714
f 3109//2713 3436//2713 3435//2713
f 3109//2713 3435//2713 3111//2713
f 3383//2710 3154//2710 3153//2710
f 3383//2710 3153//2710 3391//2710
f 3391//2711 3153//2711 3140//2711
f 3391//2711 3140//2711 3392//2711
f 3392//2712 3140//2712 3142//2712
f 3392//2712 3142//2712 3394//2712
f 3150//2715 3390//2715 3404//2715
f 3150//2715 3404//2715 3148//2715
f 3148//2714 3404//2714 3405//2714
f 3148//2714 3405//2714 3146//2714
f 3146//2713 3405//2713 3396//2713
f 3146//2713 3396//2713 3144//2713
f 3529//3634 3531//3634 3808//3634
f 3163//3635 3160//3635 3816//3635
f 3809//3635 3174//3635 3163//3635
f 3163//3635 3816//3635 3809//3635
f 3809//3636 3816//3636 3817//3636
f 3809//3636 3817//3636 3808//3636
f 3817//3634 3497//3634 3489//3634
f 3489//3634 3488//3634 3817//3634
f 3817//3634 3488//3634 3630//3634
f 3817//3634 3630//3634 3808//3634
f 3808//3634 3630//3634 3527//3634
f 3808//3634 3527//3634 3529//3634
f 3640//3637 3639//3637 3812//3637
f 3812//3637 3639//3637 3638//3637
f 3812//3637 3638//3637 3637//3637
f 3637//3637 3636//3637 3815//3637
f 3815//3637 3636//3637 3478//3637
f 3815//3637 3478//3637 3477//3637
f 3814//3638 3255//3638 3262//3638
f 3637//3637 3815//3637 3812//3637
f 3812//3639 3815//3639 3814//3639
f 3812//3639 3814//3639 3811//3639
f 3811//3638 3814//3638 3262//3638
f 3811//3638 3262//3638 3281//3638
f 3828//3640 3829//3640 3830//3640
f 3830//3640 3829//3640 3831//3640
f 3832//2707 3833//2707 3834//2707
f 3834//2707 3833//2707 3835//2707
f 3836//3641 3837//3641 3838//3642
f 3838//3642 3837//3641 3839//3641
f 3840//3643 3841//3644 3842//3643
f 3842//3643 3841//3644 3843//3644
f 3844//2717 3845//2717 3846//2717
f 3846//2717 3845//2717 3847//2717
f 3848//3645 3849//3646 3850//3645
f 3850//3645 3849//3646 3851//3646
f 3852//3647 3853//3647 3854//3647
f 3854//3647 3853//3647 3855//3647
f 3856//2715 3857//2715 3858//2715
f 3858//2715 3857//2715 3859//2715
f 3860//3648 3861//3648 3862//3648
f 3862//3648 3861//3648 3863//3648
f 3864//3649 3865//3649 3866//3649
f 3866//3649 3865//3649 3867//3649
f 3868//2713 3869//2713 3870//2713
f 3870//2713 3869//2713 3871//2713
f 3872//3650 3873//3650 3874//3650
f 3874//3650 3873//3650 3875//3650
f 3876//3651 3877//3651 3878//3651
f 3878//3651 3877//3651 3879//3651
f 3880//2711 3881//2711 3882//2711
f 3882//2711 3881//2711 3883//2711
f 3884//3652 3885//3652 3886//3652
f 3886//3652 3885//3652 3887//3652
f 3888//3653 3889//3653 3890//3653
f 3890//3653 3889//3653 3891//3653
f 3892//2709 3893//2709 3894//2709
f 3894//2709 3893//2709 3895//2709
f 3896//3654 3897//3654 3898//3654
f 3898//3654 3897//3654 3899//3654
f 3900//136 3901//136 3902//136
f 3903//136 3904//136 3905//136
f 3906//136 3907//136 3908//136
f 3909//136 3910//136 3911//136
f 3912//136 3913//136 3914//136
f 3915//136 3916//136 3917//136
f 3917//136 3916//136 3918//136
f 3917//136 3918//136 3919//136
f 3920//136 3921//136 3922//136
f 3922//136 3921//136 3923//136
f 3922//136 3923//136 3924//136
f 3924//136 3923//136 3925//136
f 3924//136 3925//136 3912//136
f 3912//136 3925//136 3926//136
f 3912//136 3926//136 3913//136
f 3905//136 3927//136 3928//136
f 3928//136 3929//136 3905//136
f 3905//136 3929//136 3930//136
f 3905//136 3930//136 3922//136
f 3922//136 3930//136 3931//136
f 3922//136 3931//136 3920//136
f 3932//136 3933//136 3934//136
f 3935//136 3905//136 3936//136
f 3936//136 3905//136 3937//136
f 3936//136 3937//136 3938//136
f 3932//136 3934//136 3939//136
f 3933//136 3940//136 3934//136
f 3934//136 3940//136 3941//136
f 3934//136 3941//136 3937//136
f 3937//136 3941//136 3942//136
f 3937//136 3942//136 3938//136
f 3935//136 3943//136 3905//136
f 3905//136 3943//136 3944//136
f 3905//136 3944//136 3927//136
f 3927//136 3944//136 3945//136
f 3927//136 3945//136 3946//136
f 3946//136 3945//136 3939//136
f 3946//136 3939//136 3947//136
f 3947//136 3939//136 3934//136
f 3947//136 3934//136 3948//136
f 3948//136 3934//136 3949//136
f 3950//136 3951//136 3952//136
f 3952//136 3953//136 3950//136
f 3950//136 3953//136 3954//136
f 3950//136 3954//136 3934//136
f 3934//136 3954//136 3955//136
f 3934//136 3955//136 3949//136
f 3951//136 3950//136 3956//136
f 3956//136 3950//136 3957//136
f 3956//136 3957//136 3958//136
f 3958//136 3957//136 3959//136
f 3958//136 3959//136 3960//136
f 3961//136 3962//136 3963//136
f 3963//136 3962//136 3964//136
f 3963//136 3964//136 3965//136
f 3966//136 3967//136 3959//136
f 3959//136 3967//136 3968//136
f 3959//136 3968//136 3960//136
f 3969//136 3970//136 3971//136
f 3971//136 3970//136 3972//136
f 3971//136 3972//136 3973//136
f 3974//136 3975//136 3976//136
f 3976//136 3975//136 3977//136
f 3976//136 3977//136 3978//136
f 3972//136 3979//136 3973//136
f 3973//136 3979//136 3980//136
f 3973//136 3980//136 3981//136
f 3981//136 3980//136 3982//136
f 3981//136 3982//136 3983//136
f 3983//136 3982//136 3984//136
f 3983//136 3984//136 3985//136
f 3985//136 3984//136 3986//136
f 3985//136 3986//136 3974//136
f 3974//136 3986//136 3987//136
f 3974//136 3987//136 3975//136
f 3910//136 3909//136 3988//136
f 3988//136 3909//136 3989//136
f 3988//136 3989//136 3990//136
f 3911//136 3910//136 3991//136
f 3991//136 3910//136 3992//136
f 3991//136 3992//136 3993//136
f 3994//136 3995//136 3996//136
f 3997//136 3998//136 3999//136
f 3994//136 3996//136 4000//136
f 3998//136 4001//136 3999//136
f 3999//136 4001//136 4002//136
f 3999//136 4002//136 4003//136
f 4002//136 4004//136 4003//136
f 4003//136 4004//136 4005//136
f 4003//136 4005//136 4006//136
f 4006//136 4005//136 4007//136
f 4006//136 4007//136 4008//136
f 4008//136 4007//136 4009//136
f 4008//136 4009//136 4010//136
f 4010//136 4009//136 4011//136
f 4012//136 3996//136 4013//136
f 4013//136 3996//136 3902//136
f 4013//136 3902//136 4014//136
f 4011//136 4000//136 4010//136
f 4010//136 4000//136 3996//136
f 4010//136 3996//136 4015//136
f 4015//136 3996//136 4012//136
f 3957//136 4016//136 4014//136
f 4017//136 4018//136 4019//136
f 4019//136 4018//136 4020//136
f 4019//136 4020//136 4021//136
f 4022//136 4023//136 4024//136
f 4024//136 4023//136 3934//136
f 4024//136 3934//136 4025//136
f 4025//136 3934//136 3937//136
f 4025//136 3937//136 4026//136
f 4027//136 4028//136 4029//136
f 4029//136 4028//136 4030//136
f 4029//136 4030//136 3905//136
f 3905//136 4030//136 4031//136
f 3905//136 4031//136 3937//136
f 3937//136 4031//136 4032//136
f 3937//136 4032//136 4026//136
f 3907//136 3922//136 3908//136
f 3908//136 3922//136 3924//136
f 3908//136 3924//136 4033//136
f 4033//136 3924//136 4034//136
f 4035//136 4036//136 4037//136
f 4037//136 4036//136 3971//136
f 4037//136 3971//136 4038//136
f 4038//136 3971//136 3973//136
f 3905//136 3904//136 4029//136
f 4029//136 3904//136 4039//136
f 4029//136 4039//136 4040//136
f 3906//136 4027//136 3907//136
f 3907//136 4027//136 4029//136
f 3907//136 4029//136 4041//136
f 4041//136 4029//136 4040//136
f 4041//136 4042//136 3907//136
f 3907//136 4042//136 4043//136
f 3907//136 4043//136 3922//136
f 3922//136 4043//136 4044//136
f 3922//136 4044//136 4045//136
f 4045//136 4046//136 3922//136
f 3922//136 4046//136 4047//136
f 3922//136 4047//136 3905//136
f 3905//136 4047//136 4048//136
f 3905//136 4048//136 3903//136
f 3924//136 4049//136 4050//136
f 4036//136 4051//136 4052//136
f 4053//136 4054//136 3971//136
f 4035//136 4034//136 4036//136
f 4036//136 4034//136 3924//136
f 4036//136 3924//136 4051//136
f 4051//136 3924//136 4050//136
f 3971//136 4054//136 3912//136
f 4052//136 4055//136 4036//136
f 4036//136 4055//136 4056//136
f 4036//136 4056//136 3971//136
f 3971//136 4056//136 4057//136
f 3971//136 4057//136 4053//136
f 4054//136 4058//136 3912//136
f 3912//136 4058//136 4059//136
f 3912//136 4059//136 3924//136
f 3924//136 4059//136 4060//136
f 3924//136 4060//136 4049//136
f 3914//136 3915//136 3912//136
f 3912//136 3915//136 3917//136
f 3912//136 3917//136 3971//136
f 3971//136 3917//136 3976//136
f 3971//136 3976//136 3969//136
f 3969//136 3976//136 3978//136
f 4061//136 4062//136 4019//136
f 4022//136 4017//136 4023//136
f 4023//136 4017//136 4019//136
f 4023//136 4019//136 4063//136
f 4063//136 4019//136 4062//136
f 4063//136 4064//136 4023//136
f 4023//136 4064//136 4065//136
f 4023//136 4065//136 3934//136
f 3934//136 4065//136 4066//136
f 3934//136 4066//136 4067//136
f 3950//136 4068//136 4069//136
f 4067//136 4070//136 3934//136
f 3934//136 4070//136 4071//136
f 3934//136 4071//136 3950//136
f 3950//136 4071//136 4072//136
f 3950//136 4072//136 4068//136
f 4016//136 3957//136 4021//136
f 4021//136 3957//136 3950//136
f 4021//136 3950//136 4019//136
f 4019//136 3950//136 4069//136
f 4019//136 4069//136 4061//136
f 3919//136 4073//136 3917//136
f 3917//136 4073//136 4074//136
f 3917//136 4074//136 3976//136
f 3976//136 4074//136 3988//136
f 3976//136 3988//136 3974//136
f 3974//136 3988//136 3990//136
f 4075//136 3992//136 4076//136
f 4076//136 3992//136 4077//136
f 4077//136 3992//136 4078//136
f 4078//136 3992//136 3910//136
f 4078//136 3910//136 4079//136
f 4074//136 4080//136 4081//136
f 4074//136 4081//136 3988//136
f 3988//136 4081//136 4082//136
f 3988//136 4082//136 4083//136
f 4083//136 4084//136 3988//136
f 3988//136 4084//136 4085//136
f 3988//136 4085//136 3910//136
f 3910//136 4085//136 4086//136
f 3910//136 4086//136 4079//136
f 4003//136 3993//136 3999//136
f 3999//136 3993//136 3992//136
f 3999//136 3992//136 4074//136
f 4074//136 3992//136 4075//136
f 4074//136 4075//136 4080//136
f 4073//136 3961//136 4074//136
f 4074//136 3961//136 3963//136
f 4074//136 3963//136 3999//136
f 3999//136 3963//136 3996//136
f 3999//136 3996//136 3997//136
f 3997//136 3996//136 3995//136
f 4087//136 4088//136 3996//136
f 4014//136 3902//136 3957//136
f 3957//136 3902//136 3901//136
f 3957//136 3901//136 4089//136
f 3965//136 3966//136 3963//136
f 3963//136 3966//136 3959//136
f 3963//136 3959//136 3996//136
f 3996//136 3959//136 4090//136
f 3996//136 4090//136 4087//136
f 4088//136 4091//136 3996//136
f 3996//136 4091//136 4092//136
f 3996//136 4092//136 3902//136
f 3902//136 4092//136 4093//136
f 3902//136 4093//136 3900//136
f 4089//136 4094//136 3957//136
f 3957//136 4094//136 4095//136
f 3957//136 4095//136 3959//136
f 3959//136 4095//136 4096//136
f 3959//136 4096//136 4090//136
f 4097//3655 4098//3655 4099//3655
f 4099//3655 4098//3655 4100//3655
f 4099//3656 4100//3656 4101//3656
f 4101//3656 4100//3656 4102//3656
f 4101//3657 4102//3657 4103//3657
f 4103//3657 4102//3657 4104//3657
f 4103//3658 4104//3658 4105//3658
f 4105//3658 4104//3658 4106//3658
f 4105//3659 4106//3659 4107//3659
f 4107//3659 4106//3659 4108//3659
f 4107//3660 4108//3660 4109//3660
f 4109//3660 4108//3660 4110//3660
f 4109//2708 4110//2708 4111//2708
f 4111//2708 4110//2708 4112//2708
f 4111//3661 4112//3661 4113//3661
f 4113//3661 4112//3661 4114//3661
f 4113//3662 4114//3662 4115//3662
f 4115//3662 4114//3662 4116//3662
f 4115//3663 4116//3664 4117//3664
f 4117//3664 4116//3664 4118//3664
f 4117//3665 4118//3665 4119//3665
f 4119//3665 4118//3665 4120//3666
f 4119//3667 4120//3667 4121//3667
f 4121//3667 4120//3667 4122//3667
f 4121//3668 4122//3668 4097//3668
f 4097//3668 4122//3668 4098//3668
f 4123//3669 4124//3669 3983//3669
f 3983//3670 4124//3670 3981//3670
f 4124//3670 4125//3670 3981//3670
f 3981//3671 4125//3671 4126//3671
f 3981//3671 4126//3671 3973//3671
f 3973//3672 4126//3672 4127//3672
f 3973//3672 4127//3672 4038//3672
f 4038//3673 4127//3673 4128//3673
f 4038//3673 4128//3673 4037//3673
f 4037//3674 4128//3674 4129//3674
f 4037//3674 4129//3674 4035//3674
f 4035//3675 4129//3675 4130//3675
f 4035//3675 4130//3675 4034//3675
f 4034//3676 4130//3676 4131//3676
f 4034//3676 4131//3676 4033//3676
f 4033//3677 4131//3677 4132//3677
f 4033//3677 4132//3677 3908//3677
f 3908//3678 4132//3678 4133//3678
f 3908//3678 4133//3678 3906//3678
f 3906//3679 4133//3679 4134//3679
f 3906//3679 4134//3679 4027//3679
f 4027//3680 4134//3680 4135//3680
f 4027//3680 4135//3680 4028//3680
f 4028//3681 4135//3681 4136//3681
f 4028//3681 4136//3681 4030//3681
f 4030//3682 4136//3682 4137//3682
f 4030//3682 4137//3682 4031//3682
f 4031//2710 4137//2710 4138//2710
f 4031//2710 4138//2710 4032//2710
f 4032//3683 4138//3683 4139//3683
f 4032//3683 4139//3683 4026//3683
f 4026//3684 4139//3684 4140//3684
f 4026//3684 4140//3684 4025//3684
f 4025//3685 4140//3685 4141//3685
f 4025//3685 4141//3685 4024//3685
f 4024//3686 4141//3686 4142//3686
f 4024//3686 4142//3686 4022//3686
f 4022//3687 4142//3687 4143//3687
f 4022//3687 4143//3687 4017//3687
f 4017//3688 4143//3688 4144//3688
f 4017//3688 4144//3688 4018//3688
f 4018//3689 4144//3689 4145//3689
f 4018//3689 4145//3689 4020//3689
f 4020//3690 4145//3690 4146//3690
f 4020//3690 4146//3690 4021//3690
f 4021//3691 4146//3691 4147//3691
f 4021//3691 4147//3691 4016//3691
f 4016//3692 4147//3692 4148//3692
f 4016//3692 4148//3692 4014//3692
f 4014//3693 4148//3693 4149//3693
f 4014//3693 4149//3693 4013//3693
f 4013//3694 4149//3694 4150//3694
f 4013//3694 4150//3694 4012//3694
f 4012//2718 4150//2718 4151//2718
f 4012//2718 4151//2718 4015//2718
f 4015//3695 4151//3695 4152//3695
f 4015//3695 4152//3695 4010//3695
f 4010//3696 4152//3696 4153//3696
f 4010//3696 4153//3696 4008//3696
f 4008//3697 4153//3697 4154//3697
f 4008//3697 4154//3697 4006//3697
f 4006//3698 4154//3698 4155//3698
f 4006//3698 4155//3698 4003//3698
f 4003//3699 4155//3699 4156//3699
f 4003//3699 4156//3699 3993//3699
f 3993//3700 4156//3700 4157//3700
f 3993//3700 4157//3700 3991//3700
f 3991//3701 4157//3701 4158//3701
f 3991//3701 4158//3701 3911//3701
f 3911//3702 4158//3702 4159//3702
f 3911//3702 4159//3702 3909//3702
f 3909//3703 4159//3703 4160//3703
f 3909//3703 4160//3703 3989//3703
f 3989//3704 4160//3704 4161//3704
f 3989//3704 4161//3704 3990//3704
f 3990//3705 4161//3705 4162//3705
f 3990//3705 4162//3705 3974//3705
f 3974//3706 4162//3706 4123//3706
f 3974//3706 4123//3706 3985//3706
f 3985//3669 4123//3669 3983//3669
f 4163//135 4164//135 4165//135
f 4166//135 4167//135 4168//135
f 4169//135 4170//135 4171//135
f 4172//135 4173//135 4174//135
f 4160//135 4159//135 4175//135
f 4145//135 4176//135 4146//135
f 4135//135 4177//135 4136//135
f 4132//135 4178//135 4133//135
f 4129//135 4179//135 4130//135
f 4127//135 4126//135 4180//135
f 4181//135 4182//135 4180//135
f 4180//135 4182//135 4183//135
f 4184//135 4185//135 4166//135
f 4166//135 4185//135 4186//135
f 4166//135 4186//135 4187//135
f 4181//135 4180//135 4188//135
f 4188//135 4180//135 4126//135
f 4188//135 4126//135 4189//135
f 4189//135 4126//135 4125//135
f 4189//135 4125//135 4190//135
f 4190//135 4125//135 4124//135
f 4190//135 4124//135 4191//135
f 4191//135 4124//135 4123//135
f 4191//135 4123//135 4192//135
f 4192//135 4123//135 4162//135
f 4192//135 4162//135 4187//135
f 4179//135 4129//135 4180//135
f 4180//135 4129//135 4128//135
f 4180//135 4128//135 4127//135
f 4177//135 4135//135 4178//135
f 4178//135 4135//135 4134//135
f 4178//135 4134//135 4133//135
f 4136//135 4177//135 4137//135
f 4137//135 4177//135 4171//135
f 4137//135 4171//135 4138//135
f 4144//135 4143//135 4193//135
f 4193//135 4143//135 4142//135
f 4193//135 4142//135 4194//135
f 4142//135 4141//135 4194//135
f 4194//135 4141//135 4140//135
f 4194//135 4140//135 4195//135
f 4195//135 4140//135 4139//135
f 4176//135 4196//135 4146//135
f 4146//135 4196//135 4197//135
f 4146//135 4197//135 4147//135
f 4147//135 4197//135 4198//135
f 4147//135 4198//135 4148//135
f 4152//135 4151//135 4199//135
f 4199//135 4151//135 4150//135
f 4199//135 4150//135 4198//135
f 4198//135 4150//135 4149//135
f 4198//135 4149//135 4148//135
f 4200//135 4199//135 4201//135
f 4201//135 4199//135 4202//135
f 4201//135 4202//135 4203//135
f 4203//135 4202//135 4204//135
f 4200//135 4205//135 4199//135
f 4199//135 4205//135 4206//135
f 4199//135 4206//135 4152//135
f 4152//135 4206//135 4207//135
f 4152//135 4207//135 4153//135
f 4153//135 4207//135 4208//135
f 4153//135 4208//135 4154//135
f 4154//135 4208//135 4209//135
f 4154//135 4209//135 4155//135
f 4155//135 4209//135 4210//135
f 4155//135 4210//135 4156//135
f 4156//135 4210//135 4211//135
f 4156//135 4211//135 4212//135
f 4159//135 4158//135 4175//135
f 4175//135 4158//135 4157//135
f 4175//135 4157//135 4213//135
f 4213//135 4157//135 4156//135
f 4213//135 4156//135 4202//135
f 4202//135 4156//135 4212//135
f 4202//135 4212//135 4204//135
f 4187//135 4162//135 4166//135
f 4166//135 4162//135 4161//135
f 4166//135 4161//135 4167//135
f 4214//135 4215//135 4216//135
f 4216//135 4215//135 4217//135
f 4216//135 4217//135 4218//135
f 4219//135 4220//135 4221//135
f 4222//135 4223//135 4224//135
f 4224//135 4223//135 4174//135
f 4224//135 4174//135 4225//135
f 4225//135 4174//135 4173//135
f 4226//135 4227//135 4196//135
f 4228//135 4229//135 4195//135
f 4230//135 4171//135 4231//135
f 4231//135 4171//135 4232//135
f 4139//135 4138//135 4195//135
f 4195//135 4138//135 4171//135
f 4195//135 4171//135 4228//135
f 4228//135 4171//135 4230//135
f 4194//135 4233//135 4234//135
f 4229//135 4235//135 4195//135
f 4195//135 4235//135 4236//135
f 4195//135 4236//135 4194//135
f 4194//135 4236//135 4237//135
f 4194//135 4237//135 4233//135
f 4226//135 4196//135 4238//135
f 4238//135 4196//135 4194//135
f 4238//135 4194//135 4239//135
f 4239//135 4194//135 4234//135
f 4239//135 4234//135 4240//135
f 4232//135 4171//135 4241//135
f 4241//135 4171//135 4170//135
f 4241//135 4170//135 4240//135
f 4240//135 4170//135 4242//135
f 4240//135 4242//135 4239//135
f 4165//135 4243//135 4171//135
f 4171//135 4243//135 4244//135
f 4171//135 4244//135 4169//135
f 4220//135 4245//135 4221//135
f 4221//135 4245//135 4246//135
f 4221//135 4246//135 4247//135
f 4247//135 4246//135 4248//135
f 4247//135 4248//135 4165//135
f 4165//135 4248//135 4249//135
f 4165//135 4249//135 4243//135
f 4167//135 4250//135 4251//135
f 4168//135 4252//135 4253//135
f 4254//135 4255//135 4213//135
f 4213//135 4255//135 4256//135
f 4213//135 4256//135 4175//135
f 4175//135 4256//135 4257//135
f 4175//135 4257//135 4258//135
f 4161//135 4160//135 4167//135
f 4167//135 4160//135 4175//135
f 4167//135 4175//135 4250//135
f 4250//135 4175//135 4258//135
f 4251//135 4259//135 4167//135
f 4167//135 4259//135 4260//135
f 4167//135 4260//135 4168//135
f 4168//135 4260//135 4261//135
f 4168//135 4261//135 4252//135
f 4262//135 4263//135 4199//135
f 4263//135 4174//135 4199//135
f 4199//135 4174//135 4223//135
f 4199//135 4223//135 4202//135
f 4202//135 4223//135 4168//135
f 4202//135 4168//135 4213//135
f 4213//135 4168//135 4253//135
f 4213//135 4253//135 4254//135
f 4264//135 4265//135 4197//135
f 4263//135 4266//135 4174//135
f 4174//135 4266//135 4267//135
f 4174//135 4267//135 4268//135
f 4262//135 4199//135 4269//135
f 4269//135 4199//135 4198//135
f 4269//135 4198//135 4270//135
f 4227//135 4271//135 4196//135
f 4196//135 4271//135 4172//135
f 4196//135 4172//135 4197//135
f 4197//135 4172//135 4174//135
f 4197//135 4174//135 4264//135
f 4264//135 4174//135 4268//135
f 4265//135 4272//135 4197//135
f 4197//135 4272//135 4273//135
f 4197//135 4273//135 4198//135
f 4198//135 4273//135 4274//135
f 4198//135 4274//135 4270//135
f 4183//135 4184//135 4180//135
f 4180//135 4184//135 4166//135
f 4180//135 4166//135 4216//135
f 4216//135 4166//135 4168//135
f 4216//135 4168//135 4214//135
f 4214//135 4168//135 4223//135
f 4214//135 4223//135 4275//135
f 4275//135 4223//135 4222//135
f 4276//135 4277//135 4194//135
f 4278//135 4279//135 4193//135
f 4193//135 4279//135 4176//135
f 4193//135 4176//135 4144//135
f 4144//135 4176//135 4145//135
f 4194//135 4277//135 4193//135
f 4193//135 4277//135 4280//135
f 4193//135 4280//135 4278//135
f 4281//135 4282//135 4196//135
f 4196//135 4282//135 4283//135
f 4196//135 4283//135 4194//135
f 4194//135 4283//135 4284//135
f 4194//135 4284//135 4276//135
f 4279//135 4285//135 4176//135
f 4176//135 4285//135 4286//135
f 4176//135 4286//135 4196//135
f 4196//135 4286//135 4287//135
f 4196//135 4287//135 4281//135
f 4247//135 4288//135 4289//135
f 4290//135 4291//135 4221//135
f 4131//135 4130//135 4247//135
f 4247//135 4130//135 4179//135
f 4247//135 4179//135 4288//135
f 4288//135 4179//135 4292//135
f 4289//135 4293//135 4247//135
f 4247//135 4293//135 4294//135
f 4247//135 4294//135 4221//135
f 4221//135 4294//135 4295//135
f 4221//135 4295//135 4290//135
f 4218//135 4219//135 4216//135
f 4216//135 4219//135 4221//135
f 4216//135 4221//135 4180//135
f 4180//135 4221//135 4291//135
f 4180//135 4291//135 4296//135
f 4296//135 4297//135 4180//135
f 4180//135 4297//135 4298//135
f 4180//135 4298//135 4179//135
f 4179//135 4298//135 4299//135
f 4179//135 4299//135 4292//135
f 4131//135 4247//135 4132//135
f 4132//135 4247//135 4165//135
f 4132//135 4165//135 4178//135
f 4178//135 4165//135 4164//135
f 4178//135 4164//135 4300//135
f 4177//135 4301//135 4171//135
f 4171//135 4301//135 4302//135
f 4171//135 4302//135 4303//135
f 4300//135 4304//135 4178//135
f 4178//135 4304//135 4305//135
f 4178//135 4305//135 4177//135
f 4177//135 4305//135 4306//135
f 4177//135 4306//135 4301//135
f 4303//135 4307//135 4171//135
f 4171//135 4307//135 4308//135
f 4171//135 4308//135 4165//135
f 4165//135 4308//135 4309//135
f 4165//135 4309//135 4163//135
f 4310//3707 4311//3707 4219//3707
f 4219//3708 4311//3708 4220//3708
f 4311//3708 4312//3708 4220//3708
f 4220//3709 4312//3710 4313//3709
f 4220//3709 4313//3709 4245//3709
f 4245//3711 4313//3711 4314//3711
f 4245//3711 4314//3711 4246//3711
f 4246//3712 4314//3712 4315//3712
f 4246//3712 4315//3712 4248//3712
f 4248//3713 4315//3713 4316//3713
f 4248//3713 4316//3713 4249//3713
f 4249//3590 4316//3590 4317//3590
f 4249//3590 4317//3590 4243//3590
f 4243//3714 4317//3714 4318//3714
f 4243//3714 4318//3714 4244//3714
f 4244//3715 4318//3715 4319//3715
f 4244//3715 4319//3715 4169//3715
f 4169//3716 4319//3716 4320//3716
f 4169//3716 4320//3716 4170//3716
f 4170//3717 4320//3717 4321//3717
f 4170//3717 4321//3717 4242//3717
f 4242//3718 4321//3718 4322//3718
f 4242//3718 4322//3718 4239//3718
f 4239//3719 4322//3719 4323//3719
f 4239//3719 4323//3719 4238//3719
f 4238//3720 4323//3720 4324//3720
f 4238//3720 4324//3720 4226//3720
f 4226//3721 4324//3721 4325//3721
f 4226//3721 4325//3721 4227//3722
f 4227//3723 4325//3723 4326//3723
f 4227//3723 4326//3723 4271//3723
f 4271//3724 4326//3724 4327//3724
f 4271//3724 4327//3724 4172//3724
f 4172//3725 4327//3725 4328//3725
f 4172//3725 4328//3725 4173//3725
f 4173//3726 4328//3726 4329//3726
f 4173//3726 4329//3726 4225//3726
f 4225//3727 4329//3727 4330//3727
f 4225//3727 4330//3727 4224//3727
f 4224//3728 4330//3728 4331//3728
f 4224//3728 4331//3728 4222//3728
f 4222//3729 4331//3729 4332//3729
f 4222//3729 4332//3729 4275//3729
f 4275//3730 4332//3730 4333//3730
f 4275//3730 4333//3730 4214//3730
f 4214//3731 4333//3731 4334//3731
f 4214//3731 4334//3731 4215//3731
f 4215//3732 4334//3732 4335//3732
f 4215//3732 4335//3732 4217//3732
f 4217//3733 4335//3733 4310//3733
f 4217//3733 4310//3733 4218//3733
f 4218//3707 4310//3707 4219//3707
f 4311//135 4109//135 4111//135
f 4113//135 4313//135 4111//135
f 4111//135 4313//135 4312//135
f 4111//135 4312//135 4311//135
f 4319//135 4117//135 4119//135
f 4097//135 4099//135 4325//135
f 4115//135 4315//135 4113//135
f 4113//135 4315//135 4314//135
f 4113//135 4314//135 4313//135
f 4319//135 4318//135 4117//135
f 4117//135 4318//135 4317//135
f 4117//135 4317//135 4115//135
f 4115//135 4317//135 4316//135
f 4115//135 4316//135 4315//135
f 4121//135 4321//135 4119//135
f 4119//135 4321//135 4320//135
f 4119//135 4320//135 4319//135
f 4325//135 4324//135 4097//135
f 4097//135 4324//135 4323//135
f 4097//135 4323//135 4121//135
f 4121//135 4323//135 4322//135
f 4121//135 4322//135 4321//135
f 4101//135 4327//135 4099//135
f 4099//135 4327//135 4326//135
f 4099//135 4326//135 4325//135
f 4103//135 4329//135 4101//135
f 4101//135 4329//135 4328//135
f 4101//135 4328//135 4327//135
f 4105//135 4331//135 4103//135
f 4103//135 4331//135 4330//135
f 4103//135 4330//135 4329//135
f 4107//135 4333//135 4105//135
f 4105//135 4333//135 4332//135
f 4105//135 4332//135 4331//135
f 4311//135 4310//135 4109//135
f 4109//135 4310//135 4335//135
f 4109//135 4335//135 4107//135
f 4107//135 4335//135 4334//135
f 4107//135 4334//135 4333//135
f 4236//3245 3941//3245 4237//3245
f 4237//3245 3941//3245 3940//3245
f 4237//2656 3940//2656 4233//2656
f 4233//2656 3940//2656 3933//2656
f 4233//3352 3933//3352 4234//3352
f 4234//3352 3933//3352 3932//3352
f 4234//3343 3932//3343 4240//3343
f 4240//3343 3932//3343 3939//3343
f 4240//2661 3939//2661 4241//2661
f 4241//2661 3939//2661 3945//2661
f 4241//3318 3945//3318 4232//3318
f 4232//3318 3945//3318 3944//3318
f 4232//3308 3944//3308 4231//3308
f 4231//3308 3944//3308 3943//3308
f 4231//2663 3943//2663 4230//2663
f 4230//2663 3943//2663 3935//2663
f 4230//3289 3935//3289 4228//3289
f 4228//3289 3935//3289 3936//3289
f 4228//3279 3936//3279 4229//3279
f 4229//3279 3936//3279 3938//3279
f 4229//2662 3938//2662 4235//2662
f 4235//2662 3938//2662 3942//2662
f 4235//3254 3942//3254 4236//3254
f 4236//3254 3942//3254 3941//3254
f 4279//3245 4063//3245 4285//3245
f 4285//3245 4063//3245 4062//3245
f 4285//2656 4062//2656 4286//2656
f 4286//2656 4062//2656 4061//2656
f 4286//3352 4061//3352 4287//3352
f 4287//3352 4061//3352 4069//3352
f 4287//3343 4069//3343 4281//3343
f 4281//3343 4069//3343 4068//3343
f 4281//2661 4068//2661 4282//2661
f 4282//2661 4068//2661 4072//2661
f 4282//3318 4072//3318 4283//3318
f 4283//3318 4072//3318 4071//3318
f 4283//3308 4071//3308 4284//3308
f 4284//3308 4071//3308 4070//3308
f 4284//2663 4070//2663 4276//2663
f 4276//2663 4070//2663 4067//2663
f 4276//3289 4067//3289 4277//3289
f 4277//3289 4067//3289 4066//3289
f 4277//3279 4066//3279 4280//3279
f 4280//3279 4066//3279 4065//3279
f 4280//2662 4065//2662 4278//2662
f 4278//2662 4065//2662 4064//2662
f 4278//3254 4064//3254 4279//3254
f 4279//3254 4064//3254 4063//3254
f 4273//3245 3901//3245 4274//3245
f 4274//3245 3901//3245 3900//3245
f 4274//2656 3900//2656 4270//2656
f 4270//2656 3900//2656 4093//2656
f 4270//3352 4093//3352 4269//3352
f 4269//3352 4093//3352 4092//3352
f 4269//3343 4092//3343 4262//3343
f 4262//3343 4092//3343 4091//3343
f 4262//2661 4091//2661 4263//2661
f 4263//2661 4091//2661 4088//2661
f 4263//3318 4088//3318 4266//3318
f 4266//3318 4088//3318 4087//3318
f 4266//3308 4087//3308 4267//3308
f 4267//3308 4087//3308 4090//3308
f 4267//2663 4090//2663 4268//2663
f 4268//2663 4090//2663 4096//2663
f 4268//3289 4096//3289 4264//3289
f 4264//3289 4096//3289 4095//3289
f 4264//3279 4095//3279 4265//3279
f 4265//3279 4095//3279 4094//3279
f 4265//2662 4094//2662 4272//2662
f 4272//2662 4094//2662 4089//2662
f 4272//3254 4089//3254 4273//3254
f 4273//3254 4089//3254 3901//3254
f 4302//3245 3904//3245 4303//3245
f 4303//3245 3904//3245 3903//3245
f 4303//2656 3903//2656 4307//2656
f 4307//2656 3903//2656 4048//2656
f 4307//3352 4048//3352 4308//3352
f 4308//3352 4048//3352 4047//3352
f 4308//3343 4047//3343 4309//3343
f 4309//3343 4047//3343 4046//3343
f 4309//2661 4046//2661 4163//2661
f 4163//2661 4046//2661 4045//2661
f 4163//3318 4045//3318 4164//3318
f 4164//3318 4045//3318 4044//3318
f 4164//3308 4044//3308 4300//3308
f 4300//3308 4044//3308 4043//3308
f 4300//2663 4043//2663 4304//2663
f 4304//2663 4043//2663 4042//2663
f 4304//3289 4042//3289 4305//3289
f 4305//3289 4042//3289 4041//3289
f 4305//3279 4041//3279 4306//3279
f 4306//3279 4041//3279 4040//3279
f 4306//2662 4040//2662 4301//2662
f 4301//2662 4040//2662 4039//2662
f 4301//3254 4039//3254 4302//3254
f 4302//3254 4039//3254 3904//3254
f 4294//3245 4060//3245 4295//3245
f 4295//3245 4060//3245 4059//3245
f 4295//2656 4059//2656 4290//2656
f 4290//2656 4059//2656 4058//2656
f 4290//3352 4058//3352 4291//3352
f 4291//3352 4058//3352 4054//3352
f 4291//3343 4054//3343 4296//3343
f 4296//3343 4054//3343 4053//3343
f 4296//2661 4053//2661 4297//2661
f 4297//2661 4053//2661 4057//2661
f 4297//3318 4057//3318 4298//3318
f 4298//3318 4057//3318 4056//3318
f 4298//3308 4056//3308 4299//3308
f 4299//3308 4056//3308 4055//3308
f 4299//2663 4055//2663 4292//2663
f 4292//2663 4055//2663 4052//2663
f 4292//3289 4052//3289 4288//3289
f 4288//3289 4052//3289 4051//3289
f 4288//3279 4051//3279 4289//3279
f 4289//3279 4051//3279 4050//3279
f 4289//2662 4050//2662 4293//2662
f 4293//2662 4050//2662 4049//2662
f 4293//3254 4049//3254 4294//3254
f 4294//3254 4049//3254 4060//3254
f 4184//3245 3969//3245 4185//3245
f 4185//3245 3969//3245 3978//3245
f 4185//2656 3978//2656 4186//2656
f 4186//2656 3978//2656 3977//2656
f 4186//3352 3977//3352 4187//3352
f 4187//3352 3977//3352 3975//3352
f 4187//3343 3975//3343 4192//3343
f 4192//3343 3975//3343 3987//3343
f 4192//2661 3987//2661 4191//2661
f 4191//2661 3987//2661 3986//2661
f 4191//3318 3986//3318 4190//3318
f 4190//3318 3986//3318 3984//3318
f 4190//3308 3984//3308 4189//3308
f 4189//3308 3984//3308 3982//3308
f 4189//2663 3982//2663 4188//2663
f 4188//2663 3982//2663 3980//2663
f 4188//3289 3980//3289 4181//3289
f 4181//3289 3980//3289 3979//3289
f 4181//3279 3979//3279 4182//3279
f 4182//3279 3979//3279 3972//3279
f 4182//2662 3972//2662 4183//2662
f 4183//2662 3972//2662 3970//2662
f 4183//3254 3970//3254 4184//3254
f 4184//3254 3970//3254 3969//3254
f 4253//3245 4075//3245 4254//3245
f 4254//3245 4075//3245 4076//3245
f 4254//2656 4076//2656 4255//2656
f 4255//2656 4076//2656 4077//2656
f 4255//3352 4077//3352 4256//3352
f 4256//3352 4077//3352 4078//3352
f 4256//3343 4078//3343 4257//3343
f 4257//3343 4078//3343 4079//3343
f 4257//2661 4079//2661 4258//2661
f 4258//2661 4079//2661 4086//2661
f 4258//3318 4086//3318 4250//3318
f 4250//3318 4086//3318 4085//3318
f 4250//3308 4085//3308 4251//3308
f 4251//3308 4085//3308 4084//3308
f 4251//2663 4084//2663 4259//2663
f 4259//2663 4084//2663 4083//2663
f 4259//3289 4083//3289 4260//3289
f 4260//3289 4083//3289 4082//3289
f 4260//3279 4082//3279 4261//3279
f 4261//3279 4082//3279 4081//3279
f 4261//2662 4081//2662 4252//2662
f 4252//2662 4081//2662 4080//2662
f 4252//3254 4080//3254 4253//3254
f 4253//3254 4080//3254 4075//3254
f 4206//3245 4000//3245 4207//3245
f 4207//3245 4000//3245 4011//3245
f 4207//2656 4011//2656 4208//2656
f 4208//2656 4011//2656 4009//2656
f 4208//3352 4009//3352 4209//3352
f 4209//3352 4009//3352 4007//3352
f 4209//3343 4007//3343 4210//3343
f 4210//3343 4007//3343 4005//3343
f 4210//2661 4005//2661 4211//2661
f 4211//2661 4005//2661 4004//2661
f 4211//3318 4004//3318 4212//3318
f 4212//3318 4004//3318 4002//3318
f 4212//3308 4002//3308 4204//3308
f 4204//3308 4002//3308 4001//3308
f 4204//2663 4001//2663 4203//2663
f 4203//2663 4001//2663 3998//2663
f 4203//3289 3998//3289 4201//3289
f 4201//3289 3998//3289 3997//3289
f 4201//3279 3997//3279 4200//3279
f 4200//3279 3997//3279 3995//3279
f 4200//2662 3995//2662 4205//2662
f 4205//2662 3995//2662 3994//2662
f 4205//3254 3994//3254 4206//3254
f 4206//3254 3994//3254 4000//3254
f 4336//136 3892//136 3894//136
f 4098//136 3864//136 4100//136
f 4100//136 3864//136 4102//136
f 4116//136 4114//136 3848//136
f 4337//136 4338//136 4336//136
f 4336//136 4338//136 3880//136
f 4336//136 3880//136 3892//136
f 4339//136 4340//136 4341//136
f 4341//136 4340//136 4342//136
f 4341//136 4342//136 3894//136
f 3894//136 4342//136 3896//136
f 3894//136 3896//136 4336//136
f 4336//136 3896//136 3898//136
f 4343//136 4344//136 4345//136
f 4345//136 4344//136 4346//136
f 4345//136 4346//136 3898//136
f 3898//136 4346//136 3828//136
f 3898//136 3828//136 4336//136
f 4347//136 4348//136 4349//136
f 3832//136 3830//136 4350//136
f 3840//136 3838//136 4351//136
f 4112//136 3844//136 4114//136
f 4114//136 3844//136 3846//136
f 4114//136 3846//136 3848//136
f 3848//136 3846//136 4352//136
f 3848//136 4352//136 4353//136
f 4353//136 4352//136 4354//136
f 4353//136 4354//136 4355//136
f 3852//136 3850//136 4356//136
f 4120//136 4118//136 3860//136
f 4357//136 4358//136 4359//136
f 4359//136 4358//136 4360//136
f 4359//136 4360//136 3882//136
f 3882//136 4360//136 3884//136
f 3882//136 3884//136 3880//136
f 3880//136 3884//136 3886//136
f 4102//136 3864//136 4104//136
f 4104//136 3864//136 3866//136
f 4104//136 3866//136 3868//136
f 3868//136 3866//136 4361//136
f 3868//136 4361//136 4362//136
f 4362//136 4361//136 4363//136
f 4362//136 4363//136 4364//136
f 3832//136 4350//136 4365//136
f 4365//136 4350//136 4366//136
f 4365//136 4366//136 4367//136
f 4110//136 3836//136 4112//136
f 4112//136 3836//136 3838//136
f 3840//136 4351//136 4368//136
f 4368//136 4351//136 4369//136
f 4368//136 4369//136 4370//136
f 3838//136 3840//136 4112//136
f 4112//136 3840//136 3842//136
f 4112//136 3842//136 3844//136
f 3844//136 3842//136 4371//136
f 3844//136 4371//136 4372//136
f 4372//136 4371//136 4373//136
f 4372//136 4373//136 4374//136
f 3852//136 4356//136 4375//136
f 4375//136 4356//136 4376//136
f 4375//136 4376//136 4377//136
f 4349//136 3864//136 4347//136
f 4347//136 3864//136 4098//136
f 4347//136 4098//136 4378//136
f 4378//136 4098//136 3862//136
f 4379//136 4380//136 4381//136
f 4381//136 4380//136 4382//136
f 4381//136 4382//136 3886//136
f 3886//136 4382//136 3888//136
f 3886//136 3888//136 3880//136
f 3880//136 3888//136 3890//136
f 3880//136 3890//136 3892//136
f 3892//136 3890//136 4383//136
f 3892//136 4383//136 4384//136
f 4384//136 4383//136 4385//136
f 4384//136 4385//136 4386//136
f 3856//136 3854//136 4387//136
f 3862//136 4098//136 3860//136
f 3860//136 4098//136 4122//136
f 3860//136 4122//136 4120//136
f 4388//136 4389//136 4390//136
f 4390//136 4389//136 4391//136
f 4390//136 4391//136 3870//136
f 3870//136 4391//136 3872//136
f 3870//136 3872//136 3868//136
f 4108//136 3878//136 3828//136
f 3828//136 3878//136 4392//136
f 3828//136 4392//136 4336//136
f 3848//136 3850//136 4116//136
f 4116//136 3850//136 3852//136
f 4116//136 3852//136 4118//136
f 4118//136 3852//136 3854//136
f 3856//136 4387//136 4393//136
f 4393//136 4387//136 4394//136
f 4393//136 4394//136 4395//136
f 3854//136 3856//136 4118//136
f 4118//136 3856//136 3858//136
f 4118//136 3858//136 3860//136
f 3860//136 3858//136 4396//136
f 3860//136 4396//136 4397//136
f 4397//136 4396//136 4398//136
f 4397//136 4398//136 4399//136
f 4400//136 4401//136 4402//136
f 4402//136 4401//136 4403//136
f 4402//136 4403//136 3874//136
f 3874//136 4403//136 3876//136
f 3828//136 3830//136 4108//136
f 4108//136 3830//136 3832//136
f 4108//136 3832//136 4110//136
f 4110//136 3832//136 3834//136
f 4110//136 3834//136 3836//136
f 3836//136 3834//136 4404//136
f 3836//136 4404//136 4405//136
f 4405//136 4404//136 4406//136
f 4405//136 4406//136 4407//136
f 3872//136 3874//136 3868//136
f 3868//136 3874//136 3876//136
f 3868//136 3876//136 4104//136
f 4104//136 3876//136 3878//136
f 4104//136 3878//136 4106//136
f 4106//136 3878//136 4108//136
f 4343//3734 4345//3734 3916//3734
f 3916//3734 4345//3734 4408//3734
f 4345//3735 3898//3735 4408//3736
f 4408//3736 3898//3735 3899//3736
f 3829//3737 3828//3738 4409//3739
f 4409//3739 3828//3738 4346//3738
f 4409//3644 4346//3644 3915//3644
f 3915//3644 4346//3644 4344//3644
f 4343//2708 3916//2708 4344//2708
f 4344//2708 3916//2708 3915//2708
f 4339//3740 4341//3740 3919//3741
f 3919//3741 4341//3740 4410//3741
f 4341//3742 3894//3742 4410//3742
f 4410//3742 3894//3742 3895//3743
f 3897//2718 3896//3131 4411//2718
f 4411//2718 3896//3131 4342//3131
f 4411//3642 4342//3641 3918//3642
f 3918//3642 4342//3641 4340//3641
f 4339//3744 3919//3744 4340//3744
f 4340//3744 3919//3744 3918//3744
f 4385//3651 4383//3651 3961//3651
f 3961//3651 4383//3651 4412//3651
f 4383//2712 3890//2712 4412//3745
f 4412//3745 3890//2712 3891//3745
f 3893//3746 3892//3747 4413//3746
f 4413//3746 3892//3747 4384//3747
f 4413//2707 4384//2707 4073//2707
f 4073//2707 4384//2707 4386//2707
f 4385//3748 3961//3748 4386//3748
f 4386//3748 3961//3748 4073//3748
f 4379//3650 4381//3650 3964//3650
f 3964//3650 4381//3650 4414//3650
f 4381//3749 3886//3749 4414//3749
f 4414//3749 3886//3749 3887//3749
f 3889//3750 3888//3751 4415//3750
f 4415//3750 3888//3751 4382//3751
f 4415//3752 4382//3752 3962//3752
f 3962//3752 4382//3752 4380//3752
f 4379//2710 3964//2710 4380//2710
f 4380//2710 3964//2710 3962//2710
f 4357//3132 4359//3132 3966//3132
f 3966//3132 4359//3132 4416//3132
f 4359//3753 3882//3754 4416//3754
f 4416//3754 3882//3754 3883//3755
f 3885//2708 3884//2708 4417//2708
f 4417//2708 3884//2708 4360//2708
f 4417//3654 4360//3654 3965//3654
f 3965//3654 4360//3654 4358//3654
f 4357//3736 3966//3736 4358//3736
f 4358//3736 3966//3736 3965//3736
f 4336//3756 4392//3756 3968//3756
f 3968//3756 4392//3756 4418//3756
f 4392//2714 3878//2714 4418//2714
f 4418//2714 3878//2714 3879//2714
f 3881//3744 3880//3744 4419//3744
f 4419//3744 3880//3744 4338//3744
f 4419//2709 4338//2709 3967//2709
f 3967//2709 4338//2709 4337//2709
f 4336//3742 3968//3742 4337//3742
f 4337//3742 3968//3742 3967//3742
f 4400//3648 4402//3648 3958//3648
f 3958//3648 4402//3648 4420//3648
f 4402//3757 3874//3757 4420//3757
f 4420//3757 3874//3757 3875//3757
f 3877//3748 3876//3748 4421//3748
f 4421//3748 3876//3748 4403//3748
f 4421//3758 4403//3653 3960//3758
f 3960//3758 4403//3653 4401//3653
f 4400//2712 3958//2712 4401//2712
f 4401//2712 3958//2712 3960//2712
f 4388//2715 4390//2715 3951//2715
f 3951//2715 4390//2715 4422//2715
f 4390//3759 3870//3759 4422//3759
f 4422//3759 3870//3759 3871//3759
f 3873//3760 3872//3760 4423//3760
f 4423//3760 3872//3760 4391//3760
f 4423//3734 4391//3761 3956//3734
f 3956//3734 4391//3761 4389//3734
f 4388//3762 3951//3762 4389//3762
f 4389//3762 3951//3762 3956//3762
f 4363//3763 4361//3763 3953//3763
f 3953//3763 4361//3763 4424//3763
f 4361//2716 3866//2716 4424//2716
f 4424//2716 3866//2716 3867//2716
f 3869//3764 3868//3764 4425//3764
f 4425//3764 3868//3764 4362//3764
f 4425//2711 4362//2711 3952//2711
f 3952//2711 4362//2711 4364//2711
f 4363//3765 3953//3754 4364//3765
f 4364//3765 3953//3754 3952//3754
f 4347//3646 4378//3646 3955//3646
f 3955//3646 4378//3646 4426//3646
f 4378//3766 3862//3766 4426//3766
f 4426//3766 3862//3766 3863//3766
f 3865//3767 3864//3768 4427//3768
f 4427//3768 3864//3768 4349//3768
f 4427//3651 4349//3651 3954//3651
f 3954//3651 4349//3651 4348//3651
f 4347//2714 3955//2714 4348//2714
f 4348//2714 3955//2714 3954//2714
f 4398//2717 4396//2717 3948//2717
f 3948//2717 4396//2717 4428//2717
f 4396//3739 3858//3739 4428//3739
f 4428//3739 3858//3739 3859//3739
f 3861//3129 3860//3129 4429//3129
f 4429//3129 3860//3129 4397//3129
f 4429//3650 4397//3650 3949//3650
f 3949//3650 4397//3650 4399//3769
f 4398//3757 3948//3757 4399//3757
f 4399//3757 3948//3757 3949//3757
f 4394//3643 4387//3643 3946//3643
f 3946//3643 4387//3643 4430//3643
f 4387//3131 3854//3131 4430//2718
f 4430//2718 3854//3131 3855//2718
f 3857//3762 3856//3762 4431//3762
f 4431//3762 3856//3762 4393//3762
f 4431//2713 4393//2713 3947//2713
f 3947//2713 4393//2713 4395//2713
f 4394//3770 3946//3770 4395//3770
f 4395//3770 3946//3770 3947//3770
f 4376//3641 4356//3642 3928//3771
f 3928//3771 4356//3642 4432//3641
f 4356//3747 3850//3747 4432//3747
f 4432//3747 3850//3747 3851//3747
f 3853//3765 3852//3754 4433//3765
f 4433//3765 3852//3754 4375//3754
f 4433//3649 4375//3772 3927//3649
f 3927//3649 4375//3772 4377//3772
f 4376//2716 3928//2716 4377//2716
f 4377//2716 3928//2716 3927//2716
f 4354//2707 4352//2707 3930//2707
f 3930//2707 4352//2707 4434//2707
f 4352//3751 3846//3751 4434//3773
f 4434//3773 3846//3751 3847//3774
f 3849//2714 3848//2714 4435//2714
f 4435//2714 3848//2714 4353//2714
f 4435//3775 4353//3776 3929//3775
f 3929//3775 4353//3776 4355//3777
f 4354//3778 3930//3778 4355//3778
f 4355//3778 3930//3778 3929//3778
f 4373//3752 4371//3752 3920//3752
f 3920//3752 4371//3752 4436//3779
f 4371//2708 3842//2708 4436//2708
f 4436//2708 3842//2708 3843//2708
f 3845//3757 3844//3757 4437//3757
f 4437//3757 3844//3757 4372//3757
f 4437//2715 4372//2715 3931//2715
f 3931//2715 4372//2715 4374//2715
f 4373//3739 3920//3739 4374//3739
f 4374//3739 3920//3739 3931//3739
f 4369//3654 4351//3654 3923//3780
f 3923//3780 4351//3654 4438//3780
f 4351//3744 3838//3744 4438//3744
f 4438//3744 3838//3744 3839//3744
f 3841//3770 3840//3770 4439//3770
f 4439//3770 3840//3770 4368//3770
f 4439//3763 4368//3647 3921//3763
f 3921//3763 4368//3647 4370//3647
f 4369//2718 3923//2718 4370//2718
f 4370//2718 3923//2718 3921//2718
f 4406//2709 4404//2709 3926//2709
f 3926//2709 4404//2709 4440//2709
f 4404//3781 3834//3781 4440//3781
f 4440//3781 3834//3781 3835//3781
f 3837//2716 3836//3782 4441//2716
f 4441//2716 3836//3782 4405//3782
f 4441//3646 4405//3646 3925//3646
f 3925//3646 4405//3646 4407//3646
f 4406//3747 3926//3747 4407//3747
f 4407//3747 3926//3747 3925//3747
f 4366//3653 4350//3653 3914//3758
f 3914//3758 4350//3653 4442//3758
f 4350//3783 3830//3783 4442//2710
f 4442//2710 3830//3783 3831//2710
f 3833//3784 3832//3766 4443//3784
f 4443//3784 3832//3766 4365//3766
f 4443//2717 4365//2717 3913//2717
f 3913//2717 4365//2717 4367//2717
f 4366//3750 3914//3751 4367//3750
f 4367//3750 3914//3751 3913//3751
f 3913//3785 3926//3785 4440//3786
f 3835//3787 3833//3787 4440//3786
f 4440//3786 3833//3787 4443//3788
f 4440//3786 4443//3788 3913//3785
f 3831//3789 3829//3789 4442//3790
f 4442//3790 3829//3789 4409//3791
f 4442//3790 4409//3791 3914//3792
f 3914//3792 4409//3791 3915//3793
f 3925//3794 3923//3795 4438//3796
f 3839//3797 3837//3797 4438//3796
f 4438//3796 3837//3797 4441//3798
f 4438//3796 4441//3798 3925//3794
f 3921//3799 3920//3799 4436//3800
f 3843//3801 3841//3801 4436//3800
f 4436//3800 3841//3801 4439//3802
f 4436//3800 4439//3802 3921//3799
f 3847//3803 3845//3804 4434//3805
f 4434//3805 3845//3804 4437//3806
f 4434//3805 4437//3806 3930//3807
f 3930//3807 4437//3806 3931//3807
f 3851//3808 3849//3808 4432//3809
f 4432//3809 3849//3808 4435//3810
f 4432//3809 4435//3810 3928//3811
f 3928//3811 4435//3810 3929//3812
f 3927//3813 3946//3813 4430//3814
f 3855//3815 3853//3816 4430//3814
f 4430//3814 3853//3816 4433//3817
f 4430//3814 4433//3817 3927//3813
f 3859//3818 3857//3819 4428//3820
f 4428//3820 3857//3819 4431//3821
f 4428//3820 4431//3821 3948//3822
f 3948//3822 4431//3821 3947//3823
f 3863//3824 3861//3825 4426//3826
f 4426//3826 3861//3825 4429//3827
f 4426//3826 4429//3827 3955//3828
f 3955//3828 4429//3827 3949//3828
f 3954//3829 3953//3829 4424//3830
f 3867//3831 3865//3832 4424//3830
f 4424//3830 3865//3832 4427//3833
f 4424//3830 4427//3833 3954//3829
f 3952//3834 3951//3835 4422//3836
f 3871//3837 3869//3838 4422//3836
f 4422//3836 3869//3838 4425//3839
f 4422//3836 4425//3839 3952//3834
f 3875//3840 3873//3841 4420//3842
f 4420//3842 3873//3841 4423//3843
f 4420//3842 4423//3843 3958//3844
f 3958//3844 4423//3843 3956//3844
f 3960//3845 3968//3845 4418//3846
f 3879//3847 3877//3847 4418//3846
f 4418//3846 3877//3847 4421//3846
f 4418//3846 4421//3846 3960//3845
f 3967//3848 3966//3848 4416//3849
f 3883//3850 3881//3850 4416//3849
f 4416//3849 3881//3850 4419//3851
f 4416//3849 4419//3851 3967//3848
f 3965//3852 3964//3852 4414//3853
f 3887//3854 3885//3854 4414//3853
f 4414//3853 3885//3854 4417//3855
f 4414//3853 4417//3855 3965//3852
f 3962//3856 3961//3856 4412//3857
f 3891//3858 3889//3859 4412//3857
f 4412//3857 3889//3859 4415//3860
f 4412//3857 4415//3860 3962//3856
f 4073//3861 3919//3861 4410//3862
f 3895//3863 3893//3864 4410//3862
f 4410//3862 3893//3864 4413//3865
f 4410//3862 4413//3865 4073//3861
f 3918//3866 3916//3866 4408//3867
f 3899//3868 3897//3869 4408//3867
f 4408//3867 3897//3869 4411//3870
f 4408//3867 4411//3870 3918//3866
